scientific_name,state_code,source,observation_count
Dromaius novaehollandiae,AL,eBird,NA
Dendrocygna eytoni,AL,eBird,NA
Dendrocygna viduata,AL,eBird,NA
Dendrocygna autumnalis,AL,eBird,NA
Dendrocygna arborea,AL,eBird,NA
Dendrocygna bicolor,AL,eBird,NA
Anser caerulescens,AL,eBird,NA
Anser rossii,AL,eBird,NA
Anser anser,AL,eBird,NA
Anser cygnoides,AL,eBird,NA
Anser albifrons,AL,eBird,NA
Branta bernicla,AL,eBird,NA
Branta leucopsis,AL,eBird,NA
Branta hutchinsii,AL,eBird,NA
Branta canadensis,AL,eBird,NA
Cygnus olor,AL,eBird,NA
Cygnus atratus,AL,eBird,NA
Cygnus buccinator,AL,eBird,NA
Cygnus columbianus,AL,eBird,NA
Alopochen aegyptiaca,AL,eBird,NA
Tadorna ferruginea,AL,eBird,NA
Cairina moschata,AL,eBird,NA
Callonetta leucophrys,AL,eBird,NA
Aix sponsa,AL,eBird,NA
Aix galericulata,AL,eBird,NA
Spatula querquedula,AL,eBird,NA
Spatula discors,AL,eBird,NA
Spatula cyanoptera,AL,eBird,NA
Spatula clypeata,AL,eBird,NA
Mareca strepera,AL,eBird,NA
Mareca penelope,AL,eBird,NA
Mareca americana,AL,eBird,NA
Anas platyrhynchos,AL,eBird,NA
Anas rubripes,AL,eBird,NA
Anas fulvigula,AL,eBird,NA
Anas bahamensis,AL,eBird,NA
Anas acuta,AL,eBird,NA
Anas crecca,AL,eBird,NA
Netta rufina,AL,eBird,NA
Netta peposaca,AL,eBird,NA
Aythya valisineria,AL,eBird,NA
Aythya americana,AL,eBird,NA
Aythya collaris,AL,eBird,NA
Aythya marila,AL,eBird,NA
Aythya affinis,AL,eBird,NA
Histrionicus histrionicus,AL,eBird,NA
Melanitta perspicillata,AL,eBird,NA
Melanitta deglandi,AL,eBird,NA
Melanitta americana,AL,eBird,NA
Clangula hyemalis,AL,eBird,NA
Bucephala albeola,AL,eBird,NA
Bucephala clangula,AL,eBird,NA
Lophodytes cucullatus,AL,eBird,NA
Mergus merganser,AL,eBird,NA
Mergus serrator,AL,eBird,NA
Oxyura jamaicensis,AL,eBird,NA
Numida meleagris,AL,eBird,NA
Colinus virginianus,AL,eBird,NA
Callipepla californica,AL,eBird,NA
Meleagris gallopavo,AL,eBird,NA
Bonasa umbellus,AL,eBird,NA
Phasianus colchicus,AL,eBird,NA
Pavo cristatus,AL,eBird,NA
Gallus gallus,AL,eBird,NA
Alectoris chukar,AL,eBird,NA
Columba livia,AL,eBird,NA
Patagioenas leucocephala,AL,eBird,NA
Patagioenas fasciata,AL,eBird,NA
Ectopistes migratorius,AL,eBird,NA
Streptopelia decaocto,AL,eBird,NA
Streptopelia roseogrisea,AL,eBird,NA
Columbina inca,AL,eBird,NA
Columbina passerina,AL,eBird,NA
Zenaida asiatica,AL,eBird,NA
Zenaida macroura,AL,eBird,NA
Crotophaga sulcirostris,AL,eBird,NA
Coccyzus americanus,AL,eBird,NA
Coccyzus minor,AL,eBird,NA
Coccyzus erythropthalmus,AL,eBird,NA
Chordeiles acutipennis,AL,eBird,NA
Chordeiles minor,AL,eBird,NA
Antrostomus carolinensis,AL,eBird,NA
Antrostomus vociferus,AL,eBird,NA
Cypseloides niger,AL,eBird,NA
Chaetura pelagica,AL,eBird,NA
Chaetura vauxi,AL,eBird,NA
Colibri thalassinus,AL,eBird,NA
Eugenes fulgens,AL,eBird,NA
Lampornis clemenciae,AL,eBird,NA
Archilochus colubris,AL,eBird,NA
Archilochus alexandri,AL,eBird,NA
Calypte anna,AL,eBird,NA
Calypte costae,AL,eBird,NA
Selasphorus calliope,AL,eBird,NA
Selasphorus rufus,AL,eBird,NA
Selasphorus sasin,AL,eBird,NA
Selasphorus platycercus,AL,eBird,NA
Cynanthus latirostris,AL,eBird,NA
Basilinna leucotis,AL,eBird,NA
Amazilia yucatanensis,AL,eBird,NA
Rallus elegans,AL,eBird,NA
Rallus crepitans,AL,eBird,NA
Rallus limicola,AL,eBird,NA
Porzana carolina,AL,eBird,NA
Gallinula galeata,AL,eBird,NA
Fulica americana,AL,eBird,NA
Porphyrio martinica,AL,eBird,NA
Coturnicops noveboracensis,AL,eBird,NA
Laterallus jamaicensis,AL,eBird,NA
Aramus guarauna,AL,eBird,NA
Antigone canadensis,AL,eBird,NA
Grus americana,AL,eBird,NA
Himantopus mexicanus,AL,eBird,NA
Recurvirostra americana,AL,eBird,NA
Haematopus palliatus,AL,eBird,NA
Pluvialis squatarola,AL,eBird,NA
Pluvialis dominica,AL,eBird,NA
Charadrius vociferus,AL,eBird,NA
Charadrius semipalmatus,AL,eBird,NA
Charadrius melodus,AL,eBird,NA
Anarhynchus wilsonia,AL,eBird,NA
Anarhynchus montanus,AL,eBird,NA
Anarhynchus nivosus,AL,eBird,NA
Bartramia longicauda,AL,eBird,NA
Numenius hudsonicus,AL,eBird,NA
Numenius americanus,AL,eBird,NA
Limosa haemastica,AL,eBird,NA
Limosa fedoa,AL,eBird,NA
Limnodromus griseus,AL,eBird,NA
Limnodromus scolopaceus,AL,eBird,NA
Scolopax minor,AL,eBird,NA
Gallinago delicata,AL,eBird,NA
Phalaropus tricolor,AL,eBird,NA
Phalaropus fulicarius,AL,eBird,NA
Phalaropus lobatus,AL,eBird,NA
Actitis macularius,AL,eBird,NA
Tringa solitaria,AL,eBird,NA
Tringa flavipes,AL,eBird,NA
Tringa semipalmata,AL,eBird,NA
Tringa melanoleuca,AL,eBird,NA
Arenaria interpres,AL,eBird,NA
Calidris canutus,AL,eBird,NA
Calidris pugnax,AL,eBird,NA
Calidris acuminata,AL,eBird,NA
Calidris ferruginea,AL,eBird,NA
Calidris himantopus,AL,eBird,NA
Calidris subruficollis,AL,eBird,NA
Calidris alba,AL,eBird,NA
Calidris alpina,AL,eBird,NA
Calidris maritima,AL,eBird,NA
Calidris bairdii,AL,eBird,NA
Calidris fuscicollis,AL,eBird,NA
Calidris minutilla,AL,eBird,NA
Calidris melanotos,AL,eBird,NA
Calidris mauri,AL,eBird,NA
Calidris pusilla,AL,eBird,NA
Stercorarius longicaudus,AL,eBird,NA
Stercorarius parasiticus,AL,eBird,NA
Stercorarius pomarinus,AL,eBird,NA
Stercorarius maccormicki,AL,eBird,NA
Alca torda,AL,eBird,NA
Hydrocoloeus minutus,AL,eBird,NA
Rissa tridactyla,AL,eBird,NA
Pagophila eburnea,AL,eBird,NA
Xema sabini,AL,eBird,NA
Chroicocephalus philadelphia,AL,eBird,NA
Leucophaeus modestus,AL,eBird,NA
Leucophaeus atricilla,AL,eBird,NA
Leucophaeus pipixcan,AL,eBird,NA
Larus delawarensis,AL,eBird,NA
Larus smithsonianus,AL,eBird,NA
Larus marinus,AL,eBird,NA
Larus hyperboreus,AL,eBird,NA
Larus fuscus,AL,eBird,NA
Larus californicus,AL,eBird,NA
Larus glaucescens,AL,eBird,NA
Larus glaucoides,AL,eBird,NA
Rynchops niger,AL,eBird,NA
Anous stolidus,AL,eBird,NA
Onychoprion fuscatus,AL,eBird,NA
Onychoprion anaethetus,AL,eBird,NA
Sternula antillarum,AL,eBird,NA
Gelochelidon nilotica,AL,eBird,NA
Hydroprogne caspia,AL,eBird,NA
Chlidonias niger,AL,eBird,NA
Sterna forsteri,AL,eBird,NA
Sterna paradisaea,AL,eBird,NA
Sterna hirundo,AL,eBird,NA
Sterna dougallii,AL,eBird,NA
Thalasseus sandvicensis,AL,eBird,NA
Thalasseus maximus,AL,eBird,NA
Phoenicopterus ruber,AL,eBird,NA
Podilymbus podiceps,AL,eBird,NA
Podiceps auritus,AL,eBird,NA
Podiceps grisegena,AL,eBird,NA
Podiceps nigricollis,AL,eBird,NA
Aechmophorus occidentalis,AL,eBird,NA
Phaethon aethereus,AL,eBird,NA
Gavia stellata,AL,eBird,NA
Gavia pacifica,AL,eBird,NA
Gavia immer,AL,eBird,NA
Oceanites oceanicus,AL,eBird,NA
Hydrobates leucorhous,AL,eBird,NA
Hydrobates castro,AL,eBird,NA
Pterodroma hasitata,AL,eBird,NA
Calonectris borealis,AL,eBird,NA
Calonectris diomedea,AL,eBird,NA
Ardenna gravis,AL,eBird,NA
Ardenna grisea,AL,eBird,NA
Puffinus puffinus,AL,eBird,NA
Puffinus lherminieri,AL,eBird,NA
Mycteria americana,AL,eBird,NA
Fregata magnificens,AL,eBird,NA
Morus bassanus,AL,eBird,NA
Sula sula,AL,eBird,NA
Sula leucogaster,AL,eBird,NA
Sula dactylatra,AL,eBird,NA
Anhinga anhinga,AL,eBird,NA
Phalacrocorax carbo,AL,eBird,NA
Nannopterum auritum,AL,eBird,NA
Nannopterum brasilianum,AL,eBird,NA
Eudocimus albus,AL,eBird,NA
Plegadis falcinellus,AL,eBird,NA
Plegadis chihi,AL,eBird,NA
Platalea ajaja,AL,eBird,NA
Botaurus lentiginosus,AL,eBird,NA
Botaurus exilis,AL,eBird,NA
Nyctanassa violacea,AL,eBird,NA
Nycticorax nycticorax,AL,eBird,NA
Egretta caerulea,AL,eBird,NA
Egretta tricolor,AL,eBird,NA
Egretta rufescens,AL,eBird,NA
Egretta thula,AL,eBird,NA
Butorides virescens,AL,eBird,NA
Ardea ibis,AL,eBird,NA
Ardea alba,AL,eBird,NA
Ardea herodias,AL,eBird,NA
Pelecanus erythrorhynchos,AL,eBird,NA
Pelecanus occidentalis,AL,eBird,NA
Coragyps atratus,AL,eBird,NA
Cathartes aura,AL,eBird,NA
Pandion haliaetus,AL,eBird,NA
Elanus leucurus,AL,eBird,NA
Elanoides forficatus,AL,eBird,NA
Aquila chrysaetos,AL,eBird,NA
Accipiter striatus,AL,eBird,NA
Astur cooperii,AL,eBird,NA
Astur atricapillus,AL,eBird,NA
Circus hudsonius,AL,eBird,NA
Haliaeetus leucocephalus,AL,eBird,NA
Ictinia mississippiensis,AL,eBird,NA
Parabuteo unicinctus,AL,eBird,NA
Geranoaetus albicaudatus,AL,eBird,NA
Buteo platypterus,AL,eBird,NA
Buteo lineatus,AL,eBird,NA
Buteo brachyurus,AL,eBird,NA
Buteo swainsoni,AL,eBird,NA
Buteo jamaicensis,AL,eBird,NA
Buteo lagopus,AL,eBird,NA
Buteo regalis,AL,eBird,NA
Tyto furcata,AL,eBird,NA
Psiloscops flammeolus,AL,eBird,NA
Megascops asio,AL,eBird,NA
Bubo scandiacus,AL,eBird,NA
Bubo virginianus,AL,eBird,NA
Athene cunicularia,AL,eBird,NA
Strix varia,AL,eBird,NA
Asio otus,AL,eBird,NA
Asio flammeus,AL,eBird,NA
Aegolius acadicus,AL,eBird,NA
Megaceryle alcyon,AL,eBird,NA
Sphyrapicus varius,AL,eBird,NA
Melanerpes erythrocephalus,AL,eBird,NA
Melanerpes carolinus,AL,eBird,NA
Dryobates pubescens,AL,eBird,NA
Leuconotopicus borealis,AL,eBird,NA
Leuconotopicus villosus,AL,eBird,NA
Campephilus principalis,AL,eBird,NA
Dryocopus pileatus,AL,eBird,NA
Colaptes auratus,AL,eBird,NA
Caracara plancus,AL,eBird,NA
Falco sparverius,AL,eBird,NA
Falco columbarius,AL,eBird,NA
Falco peregrinus,AL,eBird,NA
Falco mexicanus,AL,eBird,NA
Nymphicus hollandicus,AL,eBird,NA
Psittacula krameri,AL,eBird,NA
Melopsittacus undulatus,AL,eBird,NA
Agapornis roseicollis,AL,eBird,NA
Myiopsitta monachus,AL,eBird,NA
Conuropsis carolinensis,AL,eBird,NA
Contopus cooperi,AL,eBird,NA
Contopus sordidulus,AL,eBird,NA
Contopus virens,AL,eBird,NA
Empidonax flaviventris,AL,eBird,NA
Empidonax virescens,AL,eBird,NA
Empidonax alnorum,AL,eBird,NA
Empidonax traillii,AL,eBird,NA
Empidonax minimus,AL,eBird,NA
Empidonax hammondii,AL,eBird,NA
Empidonax oberholseri,AL,eBird,NA
Empidonax difficilis,AL,eBird,NA
Sayornis phoebe,AL,eBird,NA
Sayornis saya,AL,eBird,NA
Pyrocephalus rubinus,AL,eBird,NA
Myiarchus cinerascens,AL,eBird,NA
Myiarchus crinitus,AL,eBird,NA
Myiarchus tyrannulus,AL,eBird,NA
Myiarchus sagrae,AL,eBird,NA
Pitangus sulphuratus,AL,eBird,NA
Myiodynastes luteiventris,AL,eBird,NA
Tyrannus couchii,AL,eBird,NA
Tyrannus vociferans,AL,eBird,NA
Tyrannus verticalis,AL,eBird,NA
Tyrannus tyrannus,AL,eBird,NA
Tyrannus dominicensis,AL,eBird,NA
Tyrannus forficatus,AL,eBird,NA
Tyrannus savana,AL,eBird,NA
Vireo griseus,AL,eBird,NA
Vireo bellii,AL,eBird,NA
Vireo flavifrons,AL,eBird,NA
Vireo solitarius,AL,eBird,NA
Vireo plumbeus,AL,eBird,NA
Vireo philadelphicus,AL,eBird,NA
Vireo gilvus,AL,eBird,NA
Vireo olivaceus,AL,eBird,NA
Vireo flavoviridis,AL,eBird,NA
Vireo altiloquus,AL,eBird,NA
Lanius ludovicianus,AL,eBird,NA
Cyanocitta cristata,AL,eBird,NA
Garrulus glandarius,AL,eBird,NA
Nucifraga columbiana,AL,eBird,NA
Corvus brachyrhynchos,AL,eBird,NA
Corvus ossifragus,AL,eBird,NA
Corvus corax,AL,eBird,NA
Poecile carolinensis,AL,eBird,NA
Baeolophus bicolor,AL,eBird,NA
Eremophila alpestris,AL,eBird,NA
Riparia riparia,AL,eBird,NA
Tachycineta bicolor,AL,eBird,NA
Progne subis,AL,eBird,NA
Stelgidopteryx serripennis,AL,eBird,NA
Hirundo rustica,AL,eBird,NA
Petrochelidon pyrrhonota,AL,eBird,NA
Petrochelidon fulva,AL,eBird,NA
Corthylio calendula,AL,eBird,NA
Regulus satrapa,AL,eBird,NA
Sitta carolinensis,AL,eBird,NA
Sitta pusilla,AL,eBird,NA
Sitta canadensis,AL,eBird,NA
Certhia americana,AL,eBird,NA
Polioptila caerulea,AL,eBird,NA
Salpinctes obsoletus,AL,eBird,NA
Troglodytes aedon,AL,eBird,NA
Troglodytes hiemalis,AL,eBird,NA
Cistothorus stellaris,AL,eBird,NA
Cistothorus palustris,AL,eBird,NA
Thryothorus ludovicianus,AL,eBird,NA
Thryomanes bewickii,AL,eBird,NA
Sturnus vulgaris,AL,eBird,NA
Dumetella carolinensis,AL,eBird,NA
Toxostoma rufum,AL,eBird,NA
Oreoscoptes montanus,AL,eBird,NA
Mimus polyglottos,AL,eBird,NA
Sialia sialis,AL,eBird,NA
Ixoreus naevius,AL,eBird,NA
Catharus fuscescens,AL,eBird,NA
Catharus minimus,AL,eBird,NA
Catharus ustulatus,AL,eBird,NA
Catharus guttatus,AL,eBird,NA
Hylocichla mustelina,AL,eBird,NA
Turdus migratorius,AL,eBird,NA
Oenanthe oenanthe,AL,eBird,NA
Bombycilla cedrorum,AL,eBird,NA
Euplectes franciscanus,AL,eBird,NA
Lonchura punctulata,AL,eBird,NA
Lonchura malacca,AL,eBird,NA
Vidua macroura,AL,eBird,NA
Passer domesticus,AL,eBird,NA
Motacilla alba,AL,eBird,NA
Anthus rubescens,AL,eBird,NA
Anthus spragueii,AL,eBird,NA
Hesperiphona vespertina,AL,eBird,NA
Haemorhous mexicanus,AL,eBird,NA
Haemorhous purpureus,AL,eBird,NA
Acanthis flammea,AL,eBird,NA
Loxia curvirostra,AL,eBird,NA
Loxia leucoptera,AL,eBird,NA
Spinus pinus,AL,eBird,NA
Spinus psaltria,AL,eBird,NA
Spinus tristis,AL,eBird,NA
Calcarius lapponicus,AL,eBird,NA
Calcarius ornatus,AL,eBird,NA
Calcarius pictus,AL,eBird,NA
Rhynchophanes mccownii,AL,eBird,NA
Plectrophenax nivalis,AL,eBird,NA
Peucaea aestivalis,AL,eBird,NA
Ammodramus savannarum,AL,eBird,NA
Spizella passerina,AL,eBird,NA
Spizella pallida,AL,eBird,NA
Spizella pusilla,AL,eBird,NA
Chondestes grammacus,AL,eBird,NA
Calamospiza melanocorys,AL,eBird,NA
Spizelloides arborea,AL,eBird,NA
Passerella iliaca,AL,eBird,NA
Junco hyemalis,AL,eBird,NA
Zonotrichia leucophrys,AL,eBird,NA
Zonotrichia querula,AL,eBird,NA
Zonotrichia albicollis,AL,eBird,NA
Pooecetes gramineus,AL,eBird,NA
Ammospiza leconteii,AL,eBird,NA
Ammospiza maritima,AL,eBird,NA
Ammospiza nelsoni,AL,eBird,NA
Passerculus sandwichensis,AL,eBird,NA
Centronyx henslowii,AL,eBird,NA
Melospiza melodia,AL,eBird,NA
Melospiza lincolnii,AL,eBird,NA
Melospiza georgiana,AL,eBird,NA
Pipilo chlorurus,AL,eBird,NA
Pipilo maculatus,AL,eBird,NA
Pipilo erythrophthalmus,AL,eBird,NA
Icteria virens,AL,eBird,NA
Xanthocephalus xanthocephalus,AL,eBird,NA
Dolichonyx oryzivorus,AL,eBird,NA
Sturnella neglecta,AL,eBird,NA
Sturnella magna,AL,eBird,NA
Icterus spurius,AL,eBird,NA
Icterus cucullatus,AL,eBird,NA
Icterus bullockii,AL,eBird,NA
Icterus galbula,AL,eBird,NA
Icterus parisorum,AL,eBird,NA
Agelaius phoeniceus,AL,eBird,NA
Molothrus bonariensis,AL,eBird,NA
Molothrus aeneus,AL,eBird,NA
Molothrus ater,AL,eBird,NA
Euphagus carolinus,AL,eBird,NA
Euphagus cyanocephalus,AL,eBird,NA
Quiscalus quiscula,AL,eBird,NA
Quiscalus major,AL,eBird,NA
Quiscalus mexicanus,AL,eBird,NA
Seiurus aurocapilla,AL,eBird,NA
Helmitheros vermivorum,AL,eBird,NA
Parkesia motacilla,AL,eBird,NA
Parkesia noveboracensis,AL,eBird,NA
Vermivora bachmanii,AL,eBird,NA
Vermivora chrysoptera,AL,eBird,NA
Vermivora cyanoptera,AL,eBird,NA
Mniotilta varia,AL,eBird,NA
Protonotaria citrea,AL,eBird,NA
Limnothlypis swainsonii,AL,eBird,NA
Leiothlypis peregrina,AL,eBird,NA
Leiothlypis celata,AL,eBird,NA
Leiothlypis ruficapilla,AL,eBird,NA
Leiothlypis virginiae,AL,eBird,NA
Oporornis agilis,AL,eBird,NA
Geothlypis tolmiei,AL,eBird,NA
Geothlypis philadelphia,AL,eBird,NA
Geothlypis formosa,AL,eBird,NA
Geothlypis trichas,AL,eBird,NA
Setophaga citrina,AL,eBird,NA
Setophaga ruticilla,AL,eBird,NA
Setophaga kirtlandii,AL,eBird,NA
Setophaga tigrina,AL,eBird,NA
Setophaga cerulea,AL,eBird,NA
Setophaga americana,AL,eBird,NA
Setophaga magnolia,AL,eBird,NA
Setophaga castanea,AL,eBird,NA
Setophaga fusca,AL,eBird,NA
Setophaga aestiva,AL,eBird,NA
Setophaga pensylvanica,AL,eBird,NA
Setophaga striata,AL,eBird,NA
Setophaga caerulescens,AL,eBird,NA
Setophaga palmarum,AL,eBird,NA
Setophaga pinus,AL,eBird,NA
Setophaga coronata,AL,eBird,NA
Setophaga dominica,AL,eBird,NA
Setophaga discolor,AL,eBird,NA
Setophaga nigrescens,AL,eBird,NA
Setophaga townsendi,AL,eBird,NA
Setophaga virens,AL,eBird,NA
Cardellina canadensis,AL,eBird,NA
Cardellina pusilla,AL,eBird,NA
Myioborus pictus,AL,eBird,NA
Piranga rubra,AL,eBird,NA
Piranga olivacea,AL,eBird,NA
Piranga ludoviciana,AL,eBird,NA
Cardinalis cardinalis,AL,eBird,NA
Pheucticus ludovicianus,AL,eBird,NA
Pheucticus melanocephalus,AL,eBird,NA
Passerina caerulea,AL,eBird,NA
Passerina amoena,AL,eBird,NA
Passerina cyanea,AL,eBird,NA
Passerina ciris,AL,eBird,NA
Spiza americana,AL,eBird,NA
Anser canagicus,AK,eBird,NA
Anser caerulescens,AK,eBird,NA
Anser rossii,AK,eBird,NA
Anser anser,AK,eBird,NA
Anser cygnoides,AK,eBird,NA
Anser albifrons,AK,eBird,NA
Anser erythropus,AK,eBird,NA
Anser fabalis,AK,eBird,NA
Anser serrirostris,AK,eBird,NA
Branta bernicla,AK,eBird,NA
Branta leucopsis,AK,eBird,NA
Branta hutchinsii,AK,eBird,NA
Branta canadensis,AK,eBird,NA
Cygnus buccinator,AK,eBird,NA
Cygnus columbianus,AK,eBird,NA
Cygnus cygnus,AK,eBird,NA
Cairina moschata,AK,eBird,NA
Aix sponsa,AK,eBird,NA
Aix galericulata,AK,eBird,NA
Sibirionetta formosa,AK,eBird,NA
Spatula querquedula,AK,eBird,NA
Spatula discors,AK,eBird,NA
Spatula cyanoptera,AK,eBird,NA
Spatula clypeata,AK,eBird,NA
Mareca strepera,AK,eBird,NA
Mareca falcata,AK,eBird,NA
Mareca penelope,AK,eBird,NA
Mareca americana,AK,eBird,NA
Anas zonorhyncha,AK,eBird,NA
Anas platyrhynchos,AK,eBird,NA
Anas rubripes,AK,eBird,NA
Anas acuta,AK,eBird,NA
Anas crecca,AK,eBird,NA
Aythya valisineria,AK,eBird,NA
Aythya americana,AK,eBird,NA
Aythya ferina,AK,eBird,NA
Aythya collaris,AK,eBird,NA
Aythya fuligula,AK,eBird,NA
Aythya marila,AK,eBird,NA
Aythya affinis,AK,eBird,NA
Polysticta stelleri,AK,eBird,NA
Somateria fischeri,AK,eBird,NA
Somateria spectabilis,AK,eBird,NA
Somateria mollissima,AK,eBird,NA
Histrionicus histrionicus,AK,eBird,NA
Melanitta perspicillata,AK,eBird,NA
Melanitta deglandi,AK,eBird,NA
Melanitta stejnegeri,AK,eBird,NA
Melanitta americana,AK,eBird,NA
Clangula hyemalis,AK,eBird,NA
Bucephala albeola,AK,eBird,NA
Bucephala clangula,AK,eBird,NA
Bucephala islandica,AK,eBird,NA
Mergellus albellus,AK,eBird,NA
Lophodytes cucullatus,AK,eBird,NA
Mergus merganser,AK,eBird,NA
Mergus serrator,AK,eBird,NA
Oxyura jamaicensis,AK,eBird,NA
Numida meleagris,AK,eBird,NA
Colinus virginianus,AK,eBird,NA
Meleagris gallopavo,AK,eBird,NA
Bonasa umbellus,AK,eBird,NA
Dendragapus fuliginosus,AK,eBird,NA
Tympanuchus phasianellus,AK,eBird,NA
Lagopus leucura,AK,eBird,NA
Lagopus lagopus,AK,eBird,NA
Lagopus muta,AK,eBird,NA
Canachites canadensis,AK,eBird,NA
Phasianus colchicus,AK,eBird,NA
Phasianus versicolor,AK,eBird,NA
Pavo cristatus,AK,eBird,NA
Gallus gallus,AK,eBird,NA
Alectoris chukar,AK,eBird,NA
Columba livia,AK,eBird,NA
Patagioenas fasciata,AK,eBird,NA
Streptopelia orientalis,AK,eBird,NA
Streptopelia decaocto,AK,eBird,NA
Streptopelia roseogrisea,AK,eBird,NA
Zenaida asiatica,AK,eBird,NA
Zenaida macroura,AK,eBird,NA
Coccyzus americanus,AK,eBird,NA
Cuculus canorus,AK,eBird,NA
Cuculus optatus,AK,eBird,NA
Chordeiles acutipennis,AK,eBird,NA
Chordeiles minor,AK,eBird,NA
Antrostomus vociferus,AK,eBird,NA
Caprimulgus jotaka,AK,eBird,NA
Cypseloides niger,AK,eBird,NA
Chaetura pelagica,AK,eBird,NA
Chaetura vauxi,AK,eBird,NA
Hirundapus caudacutus,AK,eBird,NA
Apus apus,AK,eBird,NA
Apus pacificus,AK,eBird,NA
Archilochus colubris,AK,eBird,NA
Calypte anna,AK,eBird,NA
Calypte costae,AK,eBird,NA
Selasphorus calliope,AK,eBird,NA
Selasphorus rufus,AK,eBird,NA
Rallus limicola,AK,eBird,NA
Porzana carolina,AK,eBird,NA
Gallinula chloropus,AK,eBird,NA
Fulica atra,AK,eBird,NA
Fulica americana,AK,eBird,NA
Zapornia pusilla,AK,eBird,NA
Coturnicops noveboracensis,AK,eBird,NA
Antigone canadensis,AK,eBird,NA
Grus virgo,AK,eBird,NA
Grus grus,AK,eBird,NA
Grus monacha,AK,eBird,NA
Himantopus himantopus,AK,eBird,NA
Recurvirostra americana,AK,eBird,NA
Haematopus ostralegus,AK,eBird,NA
Haematopus bachmani,AK,eBird,NA
Pluvialis squatarola,AK,eBird,NA
Pluvialis apricaria,AK,eBird,NA
Pluvialis dominica,AK,eBird,NA
Pluvialis fulva,AK,eBird,NA
Eudromias morinellus,AK,eBird,NA
Charadrius vociferus,AK,eBird,NA
Charadrius hiaticula,AK,eBird,NA
Charadrius semipalmatus,AK,eBird,NA
Thinornis dubius,AK,eBird,NA
Vanellus vanellus,AK,eBird,NA
Anarhynchus mongolus,AK,eBird,NA
Anarhynchus nivosus,AK,eBird,NA
Anarhynchus alexandrinus,AK,eBird,NA
Bartramia longicauda,AK,eBird,NA
Numenius tahitiensis,AK,eBird,NA
Numenius hudsonicus,AK,eBird,NA
Numenius phaeopus,AK,eBird,NA
Numenius minutus,AK,eBird,NA
Numenius borealis,AK,eBird,NA
Numenius americanus,AK,eBird,NA
Numenius madagascariensis,AK,eBird,NA
Limosa lapponica,AK,eBird,NA
Limosa limosa,AK,eBird,NA
Limosa haemastica,AK,eBird,NA
Limosa fedoa,AK,eBird,NA
Limnodromus griseus,AK,eBird,NA
Limnodromus scolopaceus,AK,eBird,NA
Lymnocryptes minimus,AK,eBird,NA
Gallinago solitaria,AK,eBird,NA
Gallinago stenura,AK,eBird,NA
Gallinago gallinago,AK,eBird,NA
Gallinago delicata,AK,eBird,NA
Phalaropus tricolor,AK,eBird,NA
Phalaropus fulicarius,AK,eBird,NA
Phalaropus lobatus,AK,eBird,NA
Xenus cinereus,AK,eBird,NA
Actitis hypoleucos,AK,eBird,NA
Actitis macularius,AK,eBird,NA
Tringa ochropus,AK,eBird,NA
Tringa solitaria,AK,eBird,NA
Tringa brevipes,AK,eBird,NA
Tringa incana,AK,eBird,NA
Tringa stagnatilis,AK,eBird,NA
Tringa glareola,AK,eBird,NA
Tringa flavipes,AK,eBird,NA
Tringa semipalmata,AK,eBird,NA
Tringa erythropus,AK,eBird,NA
Tringa nebularia,AK,eBird,NA
Tringa melanoleuca,AK,eBird,NA
Arenaria interpres,AK,eBird,NA
Arenaria melanocephala,AK,eBird,NA
Calidris tenuirostris,AK,eBird,NA
Calidris canutus,AK,eBird,NA
Calidris virgata,AK,eBird,NA
Calidris pugnax,AK,eBird,NA
Calidris falcinellus,AK,eBird,NA
Calidris acuminata,AK,eBird,NA
Calidris ferruginea,AK,eBird,NA
Calidris himantopus,AK,eBird,NA
Calidris temminckii,AK,eBird,NA
Calidris subminuta,AK,eBird,NA
Calidris ruficollis,AK,eBird,NA
Calidris pygmaea,AK,eBird,NA
Calidris subruficollis,AK,eBird,NA
Calidris alba,AK,eBird,NA
Calidris alpina,AK,eBird,NA
Calidris maritima,AK,eBird,NA
Calidris ptilocnemis,AK,eBird,NA
Calidris bairdii,AK,eBird,NA
Calidris minuta,AK,eBird,NA
Calidris fuscicollis,AK,eBird,NA
Calidris minutilla,AK,eBird,NA
Calidris melanotos,AK,eBird,NA
Calidris mauri,AK,eBird,NA
Calidris pusilla,AK,eBird,NA
Glareola maldivarum,AK,eBird,NA
Stercorarius longicaudus,AK,eBird,NA
Stercorarius parasiticus,AK,eBird,NA
Stercorarius pomarinus,AK,eBird,NA
Stercorarius maccormicki,AK,eBird,NA
Cerorhinca monocerata,AK,eBird,NA
Fratercula cirrhata,AK,eBird,NA
Fratercula corniculata,AK,eBird,NA
Ptychoramphus aleuticus,AK,eBird,NA
Aethia pusilla,AK,eBird,NA
Aethia pygmaea,AK,eBird,NA
Aethia cristatella,AK,eBird,NA
Aethia psittacula,AK,eBird,NA
Brachyramphus perdix,AK,eBird,NA
Brachyramphus brevirostris,AK,eBird,NA
Brachyramphus marmoratus,AK,eBird,NA
Cepphus grylle,AK,eBird,NA
Cepphus columba,AK,eBird,NA
Alle alle,AK,eBird,NA
Uria lomvia,AK,eBird,NA
Uria aalge,AK,eBird,NA
Synthliboramphus antiquus,AK,eBird,NA
Hydrocoloeus minutus,AK,eBird,NA
Rhodostethia rosea,AK,eBird,NA
Rissa tridactyla,AK,eBird,NA
Rissa brevirostris,AK,eBird,NA
Pagophila eburnea,AK,eBird,NA
Xema sabini,AK,eBird,NA
Chroicocephalus philadelphia,AK,eBird,NA
Chroicocephalus ridibundus,AK,eBird,NA
Leucophaeus atricilla,AK,eBird,NA
Leucophaeus pipixcan,AK,eBird,NA
Ichthyaetus ichthyaetus,AK,eBird,NA
Larus crassirostris,AK,eBird,NA
Larus heermanni,AK,eBird,NA
Larus canus,AK,eBird,NA
Larus brachyrhynchus,AK,eBird,NA
Larus delawarensis,AK,eBird,NA
Larus occidentalis,AK,eBird,NA
Larus smithsonianus,AK,eBird,NA
Larus vegae,AK,eBird,NA
Larus marinus,AK,eBird,NA
Larus hyperboreus,AK,eBird,NA
Larus fuscus,AK,eBird,NA
Larus californicus,AK,eBird,NA
Larus glaucescens,AK,eBird,NA
Larus schistisagus,AK,eBird,NA
Larus glaucoides,AK,eBird,NA
Onychoprion aleuticus,AK,eBird,NA
Onychoprion fuscatus,AK,eBird,NA
Sternula antillarum,AK,eBird,NA
Hydroprogne caspia,AK,eBird,NA
Chlidonias niger,AK,eBird,NA
Chlidonias leucopterus,AK,eBird,NA
Sterna paradisaea,AK,eBird,NA
Sterna hirundo,AK,eBird,NA
Thalasseus sandvicensis,AK,eBird,NA
Podilymbus podiceps,AK,eBird,NA
Podiceps auritus,AK,eBird,NA
Podiceps grisegena,AK,eBird,NA
Podiceps nigricollis,AK,eBird,NA
Aechmophorus occidentalis,AK,eBird,NA
Aechmophorus clarkii,AK,eBird,NA
Gavia stellata,AK,eBird,NA
Gavia arctica,AK,eBird,NA
Gavia pacifica,AK,eBird,NA
Gavia immer,AK,eBird,NA
Gavia adamsii,AK,eBird,NA
Phoebastria immutabilis,AK,eBird,NA
Phoebastria nigripes,AK,eBird,NA
Phoebastria albatrus,AK,eBird,NA
Thalassarche salvini,AK,eBird,NA
Hydrobates furcatus,AK,eBird,NA
Hydrobates leucorhous,AK,eBird,NA
Hydrobates monorhis,AK,eBird,NA
Fulmarus glacialis,AK,eBird,NA
Pterodroma ultima,AK,eBird,NA
Pterodroma solandri,AK,eBird,NA
Pterodroma inexpectata,AK,eBird,NA
Pterodroma sandwichensis,AK,eBird,NA
Pterodroma cookii,AK,eBird,NA
Ardenna creatopus,AK,eBird,NA
Ardenna carneipes,AK,eBird,NA
Ardenna gravis,AK,eBird,NA
Ardenna pacifica,AK,eBird,NA
Ardenna bulleri,AK,eBird,NA
Ardenna grisea,AK,eBird,NA
Ardenna tenuirostris,AK,eBird,NA
Puffinus puffinus,AK,eBird,NA
Fregata magnificens,AK,eBird,NA
Morus bassanus,AK,eBird,NA
Sula sula,AK,eBird,NA
Sula leucogaster,AK,eBird,NA
Sula brewsteri,AK,eBird,NA
Sula granti,AK,eBird,NA
Urile penicillatus,AK,eBird,NA
Urile urile,AK,eBird,NA
Urile pelagicus,AK,eBird,NA
Nannopterum auritum,AK,eBird,NA
Plegadis chihi,AK,eBird,NA
Botaurus stellaris,AK,eBird,NA
Botaurus lentiginosus,AK,eBird,NA
Botaurus sinensis,AK,eBird,NA
Nycticorax nycticorax,AK,eBird,NA
Egretta tricolor,AK,eBird,NA
Egretta eulophotes,AK,eBird,NA
Egretta thula,AK,eBird,NA
Egretta garzetta,AK,eBird,NA
Butorides virescens,AK,eBird,NA
Ardeola bacchus,AK,eBird,NA
Ardea ibis,AK,eBird,NA
Ardea coromanda,AK,eBird,NA
Ardea alba,AK,eBird,NA
Ardea intermedia,AK,eBird,NA
Ardea cinerea,AK,eBird,NA
Ardea herodias,AK,eBird,NA
Pelecanus erythrorhynchos,AK,eBird,NA
Pelecanus occidentalis,AK,eBird,NA
Cathartes aura,AK,eBird,NA
Pandion haliaetus,AK,eBird,NA
Pernis ptilorhynchus,AK,eBird,NA
Aquila chrysaetos,AK,eBird,NA
Tachyspiza soloensis,AK,eBird,NA
Accipiter nisus,AK,eBird,NA
Accipiter striatus,AK,eBird,NA
Astur cooperii,AK,eBird,NA
Astur gentilis,AK,eBird,NA
Astur atricapillus,AK,eBird,NA
Circus cyaneus,AK,eBird,NA
Circus hudsonius,AK,eBird,NA
Milvus migrans,AK,eBird,NA
Haliaeetus albicilla,AK,eBird,NA
Haliaeetus leucocephalus,AK,eBird,NA
Haliaeetus pelagicus,AK,eBird,NA
Ictinia mississippiensis,AK,eBird,NA
Buteo platypterus,AK,eBird,NA
Buteo swainsoni,AK,eBird,NA
Buteo jamaicensis,AK,eBird,NA
Buteo lagopus,AK,eBird,NA
Buteo rufinus,AK,eBird,NA
Otus sunia,AK,eBird,NA
Psiloscops flammeolus,AK,eBird,NA
Megascops kennicottii,AK,eBird,NA
Bubo scandiacus,AK,eBird,NA
Bubo virginianus,AK,eBird,NA
Surnia ulula,AK,eBird,NA
Glaucidium gnoma,AK,eBird,NA
Strix varia,AK,eBird,NA
Strix nebulosa,AK,eBird,NA
Asio otus,AK,eBird,NA
Asio flammeus,AK,eBird,NA
Aegolius funereus,AK,eBird,NA
Aegolius acadicus,AK,eBird,NA
Ninox japonica,AK,eBird,NA
Upupa epops,AK,eBird,NA
Megaceryle alcyon,AK,eBird,NA
Jynx torquilla,AK,eBird,NA
Sphyrapicus varius,AK,eBird,NA
Sphyrapicus ruber,AK,eBird,NA
Melanerpes lewis,AK,eBird,NA
Picoides dorsalis,AK,eBird,NA
Picoides arcticus,AK,eBird,NA
Dendrocopos major,AK,eBird,NA
Dryobates pubescens,AK,eBird,NA
Leuconotopicus villosus,AK,eBird,NA
Dryocopus pileatus,AK,eBird,NA
Colaptes auratus,AK,eBird,NA
Falco tinnunculus,AK,eBird,NA
Falco sparverius,AK,eBird,NA
Falco columbarius,AK,eBird,NA
Falco subbuteo,AK,eBird,NA
Falco rusticolus,AK,eBird,NA
Falco peregrinus,AK,eBird,NA
Nymphicus hollandicus,AK,eBird,NA
Melopsittacus undulatus,AK,eBird,NA
Contopus cooperi,AK,eBird,NA
Contopus sordidulus,AK,eBird,NA
Contopus virens,AK,eBird,NA
Empidonax flaviventris,AK,eBird,NA
Empidonax alnorum,AK,eBird,NA
Empidonax traillii,AK,eBird,NA
Empidonax minimus,AK,eBird,NA
Empidonax hammondii,AK,eBird,NA
Empidonax oberholseri,AK,eBird,NA
Empidonax difficilis,AK,eBird,NA
Sayornis nigricans,AK,eBird,NA
Sayornis phoebe,AK,eBird,NA
Sayornis saya,AK,eBird,NA
Myiarchus cinerascens,AK,eBird,NA
Myiarchus crinitus,AK,eBird,NA
Tyrannus melancholicus,AK,eBird,NA
Tyrannus verticalis,AK,eBird,NA
Tyrannus tyrannus,AK,eBird,NA
Tyrannus forficatus,AK,eBird,NA
Vireo cassinii,AK,eBird,NA
Vireo solitarius,AK,eBird,NA
Vireo philadelphicus,AK,eBird,NA
Vireo swainsoni,AK,eBird,NA
Vireo olivaceus,AK,eBird,NA
Lanius collurio,AK,eBird,NA
Lanius cristatus,AK,eBird,NA
Lanius borealis,AK,eBird,NA
Perisoreus canadensis,AK,eBird,NA
Cyanocitta stelleri,AK,eBird,NA
Pica hudsonia,AK,eBird,NA
Nucifraga columbiana,AK,eBird,NA
Corvus brachyrhynchos,AK,eBird,NA
Corvus corax,AK,eBird,NA
Poecile atricapillus,AK,eBird,NA
Poecile gambeli,AK,eBird,NA
Poecile rufescens,AK,eBird,NA
Poecile hudsonicus,AK,eBird,NA
Poecile cinctus,AK,eBird,NA
Parus major,AK,eBird,NA
Alauda arvensis,AK,eBird,NA
Eremophila alpestris,AK,eBird,NA
Arundinax aedon,AK,eBird,NA
Hippolais icterina,AK,eBird,NA
Acrocephalus schoenobaenus,AK,eBird,NA
Acrocephalus dumetorum,AK,eBird,NA
Helopsaltes certhiola,AK,eBird,NA
Helopsaltes ochotensis,AK,eBird,NA
Locustella lanceolata,AK,eBird,NA
Locustella fluviatilis,AK,eBird,NA
Riparia riparia,AK,eBird,NA
Tachycineta bicolor,AK,eBird,NA
Tachycineta thalassina,AK,eBird,NA
Progne subis,AK,eBird,NA
Stelgidopteryx serripennis,AK,eBird,NA
Hirundo rustica,AK,eBird,NA
Delichon lagopodum,AK,eBird,NA
Petrochelidon pyrrhonota,AK,eBird,NA
Phylloscopus sibilatrix,AK,eBird,NA
Phylloscopus inornatus,AK,eBird,NA
Phylloscopus proregulus,AK,eBird,NA
Phylloscopus fuscatus,AK,eBird,NA
Phylloscopus trochilus,AK,eBird,NA
Phylloscopus collybita,AK,eBird,NA
Phylloscopus borealis,AK,eBird,NA
Phylloscopus examinandus,AK,eBird,NA
Curruca curruca,AK,eBird,NA
Corthylio calendula,AK,eBird,NA
Regulus satrapa,AK,eBird,NA
Sitta canadensis,AK,eBird,NA
Certhia americana,AK,eBird,NA
Salpinctes obsoletus,AK,eBird,NA
Troglodytes pacificus,AK,eBird,NA
Cistothorus palustris,AK,eBird,NA
Cinclus mexicanus,AK,eBird,NA
Sturnus vulgaris,AK,eBird,NA
Dumetella carolinensis,AK,eBird,NA
Toxostoma rufum,AK,eBird,NA
Mimus polyglottos,AK,eBird,NA
Sialia currucoides,AK,eBird,NA
Myadestes townsendi,AK,eBird,NA
Ixoreus naevius,AK,eBird,NA
Catharus fuscescens,AK,eBird,NA
Catharus minimus,AK,eBird,NA
Catharus ustulatus,AK,eBird,NA
Catharus guttatus,AK,eBird,NA
Hylocichla mustelina,AK,eBird,NA
Turdus philomelos,AK,eBird,NA
Turdus iliacus,AK,eBird,NA
Turdus obscurus,AK,eBird,NA
Turdus pilaris,AK,eBird,NA
Turdus eunomus,AK,eBird,NA
Turdus naumanni,AK,eBird,NA
Turdus migratorius,AK,eBird,NA
Muscicapa griseisticta,AK,eBird,NA
Muscicapa sibirica,AK,eBird,NA
Muscicapa dauurica,AK,eBird,NA
Muscicapa striata,AK,eBird,NA
Larvivora sibilans,AK,eBird,NA
Larvivora cyane,AK,eBird,NA
Luscinia svecica,AK,eBird,NA
Calliope calliope,AK,eBird,NA
Tarsiger cyanurus,AK,eBird,NA
Ficedula narcissina,AK,eBird,NA
Ficedula mugimaki,AK,eBird,NA
Ficedula albicilla,AK,eBird,NA
Phoenicurus phoenicurus,AK,eBird,NA
Monticola saxatilis,AK,eBird,NA
Saxicola maurus,AK,eBird,NA
Saxicola stejnegeri,AK,eBird,NA
Oenanthe oenanthe,AK,eBird,NA
Oenanthe pleschanka,AK,eBird,NA
Bombycilla garrulus,AK,eBird,NA
Bombycilla cedrorum,AK,eBird,NA
Prunella montanella,AK,eBird,NA
Passer domesticus,AK,eBird,NA
Motacilla cinerea,AK,eBird,NA
Motacilla tschutschensis,AK,eBird,NA
Motacilla citreola,AK,eBird,NA
Motacilla alba,AK,eBird,NA
Anthus trivialis,AK,eBird,NA
Anthus hodgsoni,AK,eBird,NA
Anthus gustavi,AK,eBird,NA
Anthus cervinus,AK,eBird,NA
Anthus japonicus,AK,eBird,NA
Anthus rubescens,AK,eBird,NA
Fringilla montifringilla,AK,eBird,NA
Hesperiphona vespertina,AK,eBird,NA
Coccothraustes coccothraustes,AK,eBird,NA
Carpodacus erythrinus,AK,eBird,NA
Carpodacus roseus,AK,eBird,NA
Pinicola enucleator,AK,eBird,NA
Pyrrhula pyrrhula,AK,eBird,NA
Leucosticte arctoa,AK,eBird,NA
Leucosticte tephrocotis,AK,eBird,NA
Haemorhous mexicanus,AK,eBird,NA
Haemorhous purpureus,AK,eBird,NA
Haemorhous cassinii,AK,eBird,NA
Chloris sinica,AK,eBird,NA
Acanthis flammea,AK,eBird,NA
Loxia curvirostra,AK,eBird,NA
Loxia leucoptera,AK,eBird,NA
Spinus spinus,AK,eBird,NA
Spinus pinus,AK,eBird,NA
Spinus tristis,AK,eBird,NA
Calcarius lapponicus,AK,eBird,NA
Calcarius ornatus,AK,eBird,NA
Calcarius pictus,AK,eBird,NA
Plectrophenax nivalis,AK,eBird,NA
Plectrophenax hyperboreus,AK,eBird,NA
Emberiza leucocephalos,AK,eBird,NA
Emberiza elegans,AK,eBird,NA
Emberiza pallasi,AK,eBird,NA
Emberiza schoeniclus,AK,eBird,NA
Emberiza aureola,AK,eBird,NA
Emberiza pusilla,AK,eBird,NA
Emberiza rustica,AK,eBird,NA
Emberiza chrysophrys,AK,eBird,NA
Emberiza variabilis,AK,eBird,NA
Spizella passerina,AK,eBird,NA
Spizella pallida,AK,eBird,NA
Spizella breweri,AK,eBird,NA
Chondestes grammacus,AK,eBird,NA
Spizelloides arborea,AK,eBird,NA
Passerella iliaca,AK,eBird,NA
Junco hyemalis,AK,eBird,NA
Zonotrichia leucophrys,AK,eBird,NA
Zonotrichia atricapilla,AK,eBird,NA
Zonotrichia querula,AK,eBird,NA
Zonotrichia albicollis,AK,eBird,NA
Pooecetes gramineus,AK,eBird,NA
Ammospiza leconteii,AK,eBird,NA
Passerculus sandwichensis,AK,eBird,NA
Melospiza melodia,AK,eBird,NA
Melospiza lincolnii,AK,eBird,NA
Melospiza georgiana,AK,eBird,NA
Pipilo maculatus,AK,eBird,NA
Xanthocephalus xanthocephalus,AK,eBird,NA
Dolichonyx oryzivorus,AK,eBird,NA
Sturnella neglecta,AK,eBird,NA
Icterus spurius,AK,eBird,NA
Icterus cucullatus,AK,eBird,NA
Icterus bullockii,AK,eBird,NA
Agelaius phoeniceus,AK,eBird,NA
Molothrus ater,AK,eBird,NA
Euphagus carolinus,AK,eBird,NA
Euphagus cyanocephalus,AK,eBird,NA
Quiscalus quiscula,AK,eBird,NA
Seiurus aurocapilla,AK,eBird,NA
Parkesia noveboracensis,AK,eBird,NA
Mniotilta varia,AK,eBird,NA
Leiothlypis peregrina,AK,eBird,NA
Leiothlypis celata,AK,eBird,NA
Leiothlypis luciae,AK,eBird,NA
Leiothlypis ruficapilla,AK,eBird,NA
Geothlypis tolmiei,AK,eBird,NA
Geothlypis philadelphia,AK,eBird,NA
Geothlypis formosa,AK,eBird,NA
Geothlypis trichas,AK,eBird,NA
Setophaga ruticilla,AK,eBird,NA
Setophaga tigrina,AK,eBird,NA
Setophaga cerulea,AK,eBird,NA
Setophaga americana,AK,eBird,NA
Setophaga magnolia,AK,eBird,NA
Setophaga castanea,AK,eBird,NA
Setophaga fusca,AK,eBird,NA
Setophaga aestiva,AK,eBird,NA
Setophaga pensylvanica,AK,eBird,NA
Setophaga striata,AK,eBird,NA
Setophaga caerulescens,AK,eBird,NA
Setophaga palmarum,AK,eBird,NA
Setophaga coronata,AK,eBird,NA
Setophaga dominica,AK,eBird,NA
Setophaga discolor,AK,eBird,NA
Setophaga nigrescens,AK,eBird,NA
Setophaga townsendi,AK,eBird,NA
Setophaga occidentalis,AK,eBird,NA
Setophaga virens,AK,eBird,NA
Cardellina canadensis,AK,eBird,NA
Cardellina pusilla,AK,eBird,NA
Piranga olivacea,AK,eBird,NA
Piranga ludoviciana,AK,eBird,NA
Pheucticus ludovicianus,AK,eBird,NA
Pheucticus melanocephalus,AK,eBird,NA
Passerina caerulea,AK,eBird,NA
Passerina amoena,AK,eBird,NA
Passerina cyanea,AK,eBird,NA
Spiza americana,AK,eBird,NA
Dendrocygna viduata,AZ,eBird,NA
Dendrocygna autumnalis,AZ,eBird,NA
Dendrocygna bicolor,AZ,eBird,NA
Anser caerulescens,AZ,eBird,NA
Anser rossii,AZ,eBird,NA
Anser anser,AZ,eBird,NA
Anser cygnoides,AZ,eBird,NA
Anser albifrons,AZ,eBird,NA
Branta bernicla,AZ,eBird,NA
Branta hutchinsii,AZ,eBird,NA
Branta canadensis,AZ,eBird,NA
Cygnus olor,AZ,eBird,NA
Cygnus atratus,AZ,eBird,NA
Cygnus buccinator,AZ,eBird,NA
Cygnus columbianus,AZ,eBird,NA
Alopochen aegyptiaca,AZ,eBird,NA
Tadorna tadorna,AZ,eBird,NA
Cairina moschata,AZ,eBird,NA
Callonetta leucophrys,AZ,eBird,NA
Aix sponsa,AZ,eBird,NA
Aix galericulata,AZ,eBird,NA
Sibirionetta formosa,AZ,eBird,NA
Spatula querquedula,AZ,eBird,NA
Spatula discors,AZ,eBird,NA
Spatula cyanoptera,AZ,eBird,NA
Spatula clypeata,AZ,eBird,NA
Mareca strepera,AZ,eBird,NA
Mareca penelope,AZ,eBird,NA
Mareca americana,AZ,eBird,NA
Anas platyrhynchos,AZ,eBird,NA
Anas diazi,AZ,eBird,NA
Anas bahamensis,AZ,eBird,NA
Anas acuta,AZ,eBird,NA
Anas crecca,AZ,eBird,NA
Netta rufina,AZ,eBird,NA
Aythya valisineria,AZ,eBird,NA
Aythya americana,AZ,eBird,NA
Aythya collaris,AZ,eBird,NA
Aythya fuligula,AZ,eBird,NA
Aythya marila,AZ,eBird,NA
Aythya affinis,AZ,eBird,NA
Histrionicus histrionicus,AZ,eBird,NA
Melanitta perspicillata,AZ,eBird,NA
Melanitta deglandi,AZ,eBird,NA
Melanitta americana,AZ,eBird,NA
Clangula hyemalis,AZ,eBird,NA
Bucephala albeola,AZ,eBird,NA
Bucephala clangula,AZ,eBird,NA
Bucephala islandica,AZ,eBird,NA
Lophodytes cucullatus,AZ,eBird,NA
Mergus merganser,AZ,eBird,NA
Mergus serrator,AZ,eBird,NA
Oxyura jamaicensis,AZ,eBird,NA
Numida meleagris,AZ,eBird,NA
Colinus virginianus,AZ,eBird,NA
Callipepla squamata,AZ,eBird,NA
Callipepla douglasii,AZ,eBird,NA
Callipepla californica,AZ,eBird,NA
Callipepla gambelii,AZ,eBird,NA
Cyrtonyx montezumae,AZ,eBird,NA
Meleagris gallopavo,AZ,eBird,NA
Dendragapus obscurus,AZ,eBird,NA
Phasianus colchicus,AZ,eBird,NA
Pavo cristatus,AZ,eBird,NA
Gallus gallus,AZ,eBird,NA
Coturnix japonica,AZ,eBird,NA
Alectoris rufa,AZ,eBird,NA
Alectoris chukar,AZ,eBird,NA
Columba livia,AZ,eBird,NA
Patagioenas fasciata,AZ,eBird,NA
Streptopelia decaocto,AZ,eBird,NA
Streptopelia roseogrisea,AZ,eBird,NA
Columbina inca,AZ,eBird,NA
Columbina passerina,AZ,eBird,NA
Columbina talpacoti,AZ,eBird,NA
Leptotila verreauxi,AZ,eBird,NA
Zenaida asiatica,AZ,eBird,NA
Zenaida macroura,AZ,eBird,NA
Crinifer concolor,AZ,eBird,NA
Crotophaga sulcirostris,AZ,eBird,NA
Geococcyx californianus,AZ,eBird,NA
Coccyzus americanus,AZ,eBird,NA
Coccyzus erythropthalmus,AZ,eBird,NA
Chordeiles acutipennis,AZ,eBird,NA
Chordeiles minor,AZ,eBird,NA
Phalaenoptilus nuttallii,AZ,eBird,NA
Antrostomus ridgwayi,AZ,eBird,NA
Antrostomus vociferus,AZ,eBird,NA
Antrostomus arizonae,AZ,eBird,NA
Cypseloides niger,AZ,eBird,NA
Chaetura pelagica,AZ,eBird,NA
Chaetura vauxi,AZ,eBird,NA
Aeronautes saxatalis,AZ,eBird,NA
Eugenes fulgens,AZ,eBird,NA
Heliomaster constantii,AZ,eBird,NA
Lampornis clemenciae,AZ,eBird,NA
Calothorax lucifer,AZ,eBird,NA
Archilochus colubris,AZ,eBird,NA
Archilochus alexandri,AZ,eBird,NA
Calypte anna,AZ,eBird,NA
Calypte costae,AZ,eBird,NA
Selasphorus calliope,AZ,eBird,NA
Selasphorus rufus,AZ,eBird,NA
Selasphorus sasin,AZ,eBird,NA
Selasphorus platycercus,AZ,eBird,NA
Selasphorus heloisa,AZ,eBird,NA
Cynanthus latirostris,AZ,eBird,NA
Basilinna leucotis,AZ,eBird,NA
Ramosomyia violiceps,AZ,eBird,NA
Saucerottia beryllina,AZ,eBird,NA
Amazilia rutila,AZ,eBird,NA
Rallus obsoletus,AZ,eBird,NA
Rallus limicola,AZ,eBird,NA
Porzana carolina,AZ,eBird,NA
Gallinula galeata,AZ,eBird,NA
Fulica americana,AZ,eBird,NA
Porphyrio martinica,AZ,eBird,NA
Laterallus jamaicensis,AZ,eBird,NA
Antigone canadensis,AZ,eBird,NA
Grus americana,AZ,eBird,NA
Grus grus,AZ,eBird,NA
Hesperoburhinus bistriatus,AZ,eBird,NA
Himantopus mexicanus,AZ,eBird,NA
Recurvirostra americana,AZ,eBird,NA
Pluvialis squatarola,AZ,eBird,NA
Pluvialis dominica,AZ,eBird,NA
Pluvialis fulva,AZ,eBird,NA
Charadrius vociferus,AZ,eBird,NA
Charadrius semipalmatus,AZ,eBird,NA
Anarhynchus mongolus,AZ,eBird,NA
Anarhynchus montanus,AZ,eBird,NA
Anarhynchus nivosus,AZ,eBird,NA
Jacana spinosa,AZ,eBird,NA
Bartramia longicauda,AZ,eBird,NA
Numenius hudsonicus,AZ,eBird,NA
Numenius americanus,AZ,eBird,NA
Limosa haemastica,AZ,eBird,NA
Limosa fedoa,AZ,eBird,NA
Limnodromus griseus,AZ,eBird,NA
Limnodromus scolopaceus,AZ,eBird,NA
Scolopax minor,AZ,eBird,NA
Gallinago delicata,AZ,eBird,NA
Phalaropus tricolor,AZ,eBird,NA
Phalaropus fulicarius,AZ,eBird,NA
Phalaropus lobatus,AZ,eBird,NA
Actitis macularius,AZ,eBird,NA
Tringa solitaria,AZ,eBird,NA
Tringa incana,AZ,eBird,NA
Tringa flavipes,AZ,eBird,NA
Tringa semipalmata,AZ,eBird,NA
Tringa melanoleuca,AZ,eBird,NA
Arenaria interpres,AZ,eBird,NA
Arenaria melanocephala,AZ,eBird,NA
Calidris canutus,AZ,eBird,NA
Calidris pugnax,AZ,eBird,NA
Calidris acuminata,AZ,eBird,NA
Calidris ferruginea,AZ,eBird,NA
Calidris himantopus,AZ,eBird,NA
Calidris subruficollis,AZ,eBird,NA
Calidris alba,AZ,eBird,NA
Calidris alpina,AZ,eBird,NA
Calidris bairdii,AZ,eBird,NA
Calidris fuscicollis,AZ,eBird,NA
Calidris minutilla,AZ,eBird,NA
Calidris melanotos,AZ,eBird,NA
Calidris mauri,AZ,eBird,NA
Calidris pusilla,AZ,eBird,NA
Stercorarius longicaudus,AZ,eBird,NA
Stercorarius parasiticus,AZ,eBird,NA
Stercorarius pomarinus,AZ,eBird,NA
Hydrocoloeus minutus,AZ,eBird,NA
Rissa tridactyla,AZ,eBird,NA
Pagophila eburnea,AZ,eBird,NA
Xema sabini,AZ,eBird,NA
Chroicocephalus philadelphia,AZ,eBird,NA
Leucophaeus atricilla,AZ,eBird,NA
Leucophaeus pipixcan,AZ,eBird,NA
Larus heermanni,AZ,eBird,NA
Larus brachyrhynchus,AZ,eBird,NA
Larus delawarensis,AZ,eBird,NA
Larus livens,AZ,eBird,NA
Larus occidentalis,AZ,eBird,NA
Larus smithsonianus,AZ,eBird,NA
Larus hyperboreus,AZ,eBird,NA
Larus fuscus,AZ,eBird,NA
Larus californicus,AZ,eBird,NA
Larus glaucescens,AZ,eBird,NA
Larus glaucoides,AZ,eBird,NA
Rynchops niger,AZ,eBird,NA
Sternula antillarum,AZ,eBird,NA
Gelochelidon nilotica,AZ,eBird,NA
Hydroprogne caspia,AZ,eBird,NA
Chlidonias niger,AZ,eBird,NA
Sterna forsteri,AZ,eBird,NA
Sterna paradisaea,AZ,eBird,NA
Sterna hirundo,AZ,eBird,NA
Thalasseus elegans,AZ,eBird,NA
Thalasseus maximus,AZ,eBird,NA
Tachybaptus dominicus,AZ,eBird,NA
Podilymbus podiceps,AZ,eBird,NA
Podiceps auritus,AZ,eBird,NA
Podiceps grisegena,AZ,eBird,NA
Podiceps nigricollis,AZ,eBird,NA
Aechmophorus occidentalis,AZ,eBird,NA
Aechmophorus clarkii,AZ,eBird,NA
Phaethon lepturus,AZ,eBird,NA
Phaethon aethereus,AZ,eBird,NA
Gavia stellata,AZ,eBird,NA
Gavia pacifica,AZ,eBird,NA
Gavia immer,AZ,eBird,NA
Gavia adamsii,AZ,eBird,NA
Phoebastria immutabilis,AZ,eBird,NA
Hydrobates tethys,AZ,eBird,NA
Hydrobates melania,AZ,eBird,NA
Hydrobates microsoma,AZ,eBird,NA
Pterodroma externa,AZ,eBird,NA
Pterodroma sandwichensis,AZ,eBird,NA
Ardenna pacifica,AZ,eBird,NA
Ardenna grisea,AZ,eBird,NA
Puffinus opisthomelas,AZ,eBird,NA
Mycteria americana,AZ,eBird,NA
Fregata magnificens,AZ,eBird,NA
Sula brewsteri,AZ,eBird,NA
Sula nebouxii,AZ,eBird,NA
Anhinga anhinga,AZ,eBird,NA
Nannopterum auritum,AZ,eBird,NA
Nannopterum brasilianum,AZ,eBird,NA
Eudocimus albus,AZ,eBird,NA
Plegadis falcinellus,AZ,eBird,NA
Plegadis chihi,AZ,eBird,NA
Threskiornis aethiopicus,AZ,eBird,NA
Platalea ajaja,AZ,eBird,NA
Botaurus lentiginosus,AZ,eBird,NA
Botaurus exilis,AZ,eBird,NA
Nyctanassa violacea,AZ,eBird,NA
Nycticorax nycticorax,AZ,eBird,NA
Egretta caerulea,AZ,eBird,NA
Egretta tricolor,AZ,eBird,NA
Egretta rufescens,AZ,eBird,NA
Egretta thula,AZ,eBird,NA
Butorides virescens,AZ,eBird,NA
Ardea ibis,AZ,eBird,NA
Ardea alba,AZ,eBird,NA
Ardea herodias,AZ,eBird,NA
Pelecanus erythrorhynchos,AZ,eBird,NA
Pelecanus occidentalis,AZ,eBird,NA
Gymnogyps californianus,AZ,eBird,NA
Coragyps atratus,AZ,eBird,NA
Cathartes aura,AZ,eBird,NA
Pandion haliaetus,AZ,eBird,NA
Elanus leucurus,AZ,eBird,NA
Elanoides forficatus,AZ,eBird,NA
Aquila chrysaetos,AZ,eBird,NA
Accipiter striatus,AZ,eBird,NA
Astur cooperii,AZ,eBird,NA
Astur atricapillus,AZ,eBird,NA
Circus hudsonius,AZ,eBird,NA
Haliaeetus leucocephalus,AZ,eBird,NA
Ictinia mississippiensis,AZ,eBird,NA
Buteogallus anthracinus,AZ,eBird,NA
Parabuteo unicinctus,AZ,eBird,NA
Geranoaetus albicaudatus,AZ,eBird,NA
Buteo plagiatus,AZ,eBird,NA
Buteo platypterus,AZ,eBird,NA
Buteo lineatus,AZ,eBird,NA
Buteo albonotatus,AZ,eBird,NA
Buteo brachyurus,AZ,eBird,NA
Buteo swainsoni,AZ,eBird,NA
Buteo jamaicensis,AZ,eBird,NA
Buteo lagopus,AZ,eBird,NA
Buteo regalis,AZ,eBird,NA
Tyto furcata,AZ,eBird,NA
Psiloscops flammeolus,AZ,eBird,NA
Megascops trichopsis,AZ,eBird,NA
Megascops kennicottii,AZ,eBird,NA
Bubo virginianus,AZ,eBird,NA
Glaucidium gnoma,AZ,eBird,NA
Glaucidium brasilianum,AZ,eBird,NA
Micrathene whitneyi,AZ,eBird,NA
Athene cunicularia,AZ,eBird,NA
Strix occidentalis,AZ,eBird,NA
Asio otus,AZ,eBird,NA
Asio flammeus,AZ,eBird,NA
Aegolius acadicus,AZ,eBird,NA
Euptilotis neoxenus,AZ,eBird,NA
Trogon ambiguus,AZ,eBird,NA
Megaceryle torquata,AZ,eBird,NA
Megaceryle alcyon,AZ,eBird,NA
Chloroceryle americana,AZ,eBird,NA
Sphyrapicus thyroideus,AZ,eBird,NA
Sphyrapicus varius,AZ,eBird,NA
Sphyrapicus nuchalis,AZ,eBird,NA
Sphyrapicus ruber,AZ,eBird,NA
Melanerpes lewis,AZ,eBird,NA
Melanerpes erythrocephalus,AZ,eBird,NA
Melanerpes formicivorus,AZ,eBird,NA
Melanerpes uropygialis,AZ,eBird,NA
Picoides dorsalis,AZ,eBird,NA
Dryobates pubescens,AZ,eBird,NA
Dryobates scalaris,AZ,eBird,NA
Leuconotopicus villosus,AZ,eBird,NA
Leuconotopicus arizonae,AZ,eBird,NA
Colaptes auratus,AZ,eBird,NA
Colaptes chrysoides,AZ,eBird,NA
Caracara plancus,AZ,eBird,NA
Falco sparverius,AZ,eBird,NA
Falco columbarius,AZ,eBird,NA
Falco femoralis,AZ,eBird,NA
Falco peregrinus,AZ,eBird,NA
Falco mexicanus,AZ,eBird,NA
Nymphicus hollandicus,AZ,eBird,NA
Psittacula krameri,AZ,eBird,NA
Melopsittacus undulatus,AZ,eBird,NA
Agapornis roseicollis,AZ,eBird,NA
Agapornis fischeri,AZ,eBird,NA
Agapornis personatus,AZ,eBird,NA
Myiopsitta monachus,AZ,eBird,NA
Brotogeris versicolurus,AZ,eBird,NA
Brotogeris chiriri,AZ,eBird,NA
Amazona viridigenalis,AZ,eBird,NA
Amazona finschi,AZ,eBird,NA
Rhynchopsitta pachyrhyncha,AZ,eBird,NA
Eupsittula aurea,AZ,eBird,NA
Aratinga nenday,AZ,eBird,NA
Ara rubrogenys,AZ,eBird,NA
Pachyramphus major,AZ,eBird,NA
Pachyramphus aglaiae,AZ,eBird,NA
Camptostoma imberbe,AZ,eBird,NA
Mitrephanes phaeocercus,AZ,eBird,NA
Contopus cooperi,AZ,eBird,NA
Contopus pertinax,AZ,eBird,NA
Contopus sordidulus,AZ,eBird,NA
Contopus virens,AZ,eBird,NA
Empidonax flaviventris,AZ,eBird,NA
Empidonax virescens,AZ,eBird,NA
Empidonax traillii,AZ,eBird,NA
Empidonax minimus,AZ,eBird,NA
Empidonax hammondii,AZ,eBird,NA
Empidonax wrightii,AZ,eBird,NA
Empidonax oberholseri,AZ,eBird,NA
Empidonax affinis,AZ,eBird,NA
Empidonax difficilis,AZ,eBird,NA
Empidonax fulvifrons,AZ,eBird,NA
Sayornis nigricans,AZ,eBird,NA
Sayornis phoebe,AZ,eBird,NA
Sayornis saya,AZ,eBird,NA
Pyrocephalus rubinus,AZ,eBird,NA
Myiarchus tuberculifer,AZ,eBird,NA
Myiarchus cinerascens,AZ,eBird,NA
Myiarchus nuttingi,AZ,eBird,NA
Myiarchus crinitus,AZ,eBird,NA
Myiarchus tyrannulus,AZ,eBird,NA
Pitangus sulphuratus,AZ,eBird,NA
Myiodynastes luteiventris,AZ,eBird,NA
Tyrannus melancholicus,AZ,eBird,NA
Tyrannus couchii,AZ,eBird,NA
Tyrannus vociferans,AZ,eBird,NA
Tyrannus crassirostris,AZ,eBird,NA
Tyrannus verticalis,AZ,eBird,NA
Tyrannus tyrannus,AZ,eBird,NA
Tyrannus forficatus,AZ,eBird,NA
Vireo atricapilla,AZ,eBird,NA
Vireo griseus,AZ,eBird,NA
Vireo bellii,AZ,eBird,NA
Vireo vicinior,AZ,eBird,NA
Vireo huttoni,AZ,eBird,NA
Vireo flavifrons,AZ,eBird,NA
Vireo cassinii,AZ,eBird,NA
Vireo solitarius,AZ,eBird,NA
Vireo plumbeus,AZ,eBird,NA
Vireo philadelphicus,AZ,eBird,NA
Vireo gilvus,AZ,eBird,NA
Vireo swainsoni,AZ,eBird,NA
Vireo olivaceus,AZ,eBird,NA
Vireo flavoviridis,AZ,eBird,NA
Lanius ludovicianus,AZ,eBird,NA
Lanius borealis,AZ,eBird,NA
Perisoreus canadensis,AZ,eBird,NA
Cyanocorax colliei,AZ,eBird,NA
Cyanocorax formosus,AZ,eBird,NA
Gymnorhinus cyanocephalus,AZ,eBird,NA
Cyanocitta stelleri,AZ,eBird,NA
Cyanocitta cristata,AZ,eBird,NA
Aphelocoma californica,AZ,eBird,NA
Aphelocoma woodhouseii,AZ,eBird,NA
Aphelocoma wollweberi,AZ,eBird,NA
Pica pica,AZ,eBird,NA
Pica hudsonia,AZ,eBird,NA
Nucifraga columbiana,AZ,eBird,NA
Corvus brachyrhynchos,AZ,eBird,NA
Corvus cryptoleucus,AZ,eBird,NA
Corvus corax,AZ,eBird,NA
Poecile atricapillus,AZ,eBird,NA
Poecile gambeli,AZ,eBird,NA
Poecile sclateri,AZ,eBird,NA
Baeolophus wollweberi,AZ,eBird,NA
Baeolophus ridgwayi,AZ,eBird,NA
Auriparus flaviceps,AZ,eBird,NA
Eremophila alpestris,AZ,eBird,NA
Riparia riparia,AZ,eBird,NA
Tachycineta bicolor,AZ,eBird,NA
Tachycineta thalassina,AZ,eBird,NA
Progne subis,AZ,eBird,NA
Progne tapera,AZ,eBird,NA
Stelgidopteryx serripennis,AZ,eBird,NA
Hirundo rustica,AZ,eBird,NA
Petrochelidon pyrrhonota,AZ,eBird,NA
Petrochelidon fulva,AZ,eBird,NA
Psaltriparus minimus,AZ,eBird,NA
Corthylio calendula,AZ,eBird,NA
Regulus satrapa,AZ,eBird,NA
Sitta carolinensis,AZ,eBird,NA
Sitta pygmaea,AZ,eBird,NA
Sitta canadensis,AZ,eBird,NA
Certhia americana,AZ,eBird,NA
Polioptila caerulea,AZ,eBird,NA
Polioptila melanura,AZ,eBird,NA
Polioptila nigriceps,AZ,eBird,NA
Salpinctes obsoletus,AZ,eBird,NA
Catherpes mexicanus,AZ,eBird,NA
Troglodytes aedon,AZ,eBird,NA
Troglodytes pacificus,AZ,eBird,NA
Troglodytes hiemalis,AZ,eBird,NA
Cistothorus stellaris,AZ,eBird,NA
Cistothorus palustris,AZ,eBird,NA
Thryothorus ludovicianus,AZ,eBird,NA
Thryomanes bewickii,AZ,eBird,NA
Campylorhynchus brunneicapillus,AZ,eBird,NA
Thryophilus sinaloa,AZ,eBird,NA
Cinclus mexicanus,AZ,eBird,NA
Sturnus vulgaris,AZ,eBird,NA
Melanotis caerulescens,AZ,eBird,NA
Dumetella carolinensis,AZ,eBird,NA
Toxostoma curvirostre,AZ,eBird,NA
Toxostoma rufum,AZ,eBird,NA
Toxostoma bendirei,AZ,eBird,NA
Toxostoma lecontei,AZ,eBird,NA
Toxostoma crissale,AZ,eBird,NA
Oreoscoptes montanus,AZ,eBird,NA
Mimus polyglottos,AZ,eBird,NA
Sialia sialis,AZ,eBird,NA
Sialia mexicana,AZ,eBird,NA
Sialia currucoides,AZ,eBird,NA
Myadestes townsendi,AZ,eBird,NA
Myadestes occidentalis,AZ,eBird,NA
Ixoreus naevius,AZ,eBird,NA
Catharus aurantiirostris,AZ,eBird,NA
Catharus fuscescens,AZ,eBird,NA
Catharus minimus,AZ,eBird,NA
Catharus ustulatus,AZ,eBird,NA
Catharus guttatus,AZ,eBird,NA
Hylocichla mustelina,AZ,eBird,NA
Ridgwayia pinicola,AZ,eBird,NA
Turdus migratorius,AZ,eBird,NA
Turdus rufopalliatus,AZ,eBird,NA
Turdus assimilis,AZ,eBird,NA
Turdus grayi,AZ,eBird,NA
Copsychus malabaricus,AZ,eBird,NA
Oenanthe oenanthe,AZ,eBird,NA
Bombycilla garrulus,AZ,eBird,NA
Bombycilla cedrorum,AZ,eBird,NA
Phainopepla nitens,AZ,eBird,NA
Peucedramus taeniatus,AZ,eBird,NA
Ploceus vitellinus,AZ,eBird,NA
Euplectes franciscanus,AZ,eBird,NA
Taeniopygia guttata,AZ,eBird,NA
Euodice malabarica,AZ,eBird,NA
Lonchura punctulata,AZ,eBird,NA
Lonchura malacca,AZ,eBird,NA
Uraeginthus cyanocephalus,AZ,eBird,NA
Vidua chalybeata,AZ,eBird,NA
Passer domesticus,AZ,eBird,NA
Motacilla alba,AZ,eBird,NA
Anthus cervinus,AZ,eBird,NA
Anthus rubescens,AZ,eBird,NA
Anthus spragueii,AZ,eBird,NA
Hesperiphona vespertina,AZ,eBird,NA
Pinicola enucleator,AZ,eBird,NA
Leucosticte tephrocotis,AZ,eBird,NA
Leucosticte atrata,AZ,eBird,NA
Haemorhous mexicanus,AZ,eBird,NA
Haemorhous purpureus,AZ,eBird,NA
Haemorhous cassinii,AZ,eBird,NA
Acanthis flammea,AZ,eBird,NA
Loxia curvirostra,AZ,eBird,NA
Loxia leucoptera,AZ,eBird,NA
Carduelis carduelis,AZ,eBird,NA
Spinus pinus,AZ,eBird,NA
Spinus psaltria,AZ,eBird,NA
Spinus lawrencei,AZ,eBird,NA
Spinus tristis,AZ,eBird,NA
Calcarius lapponicus,AZ,eBird,NA
Calcarius ornatus,AZ,eBird,NA
Calcarius pictus,AZ,eBird,NA
Rhynchophanes mccownii,AZ,eBird,NA
Plectrophenax nivalis,AZ,eBird,NA
Emberiza pusilla,AZ,eBird,NA
Peucaea carpalis,AZ,eBird,NA
Peucaea botterii,AZ,eBird,NA
Peucaea cassinii,AZ,eBird,NA
Ammodramus savannarum,AZ,eBird,NA
Spizella passerina,AZ,eBird,NA
Spizella pallida,AZ,eBird,NA
Spizella atrogularis,AZ,eBird,NA
Spizella pusilla,AZ,eBird,NA
Spizella breweri,AZ,eBird,NA
Amphispizopsis quinquestriata,AZ,eBird,NA
Amphispiza bilineata,AZ,eBird,NA
Chondestes grammacus,AZ,eBird,NA
Calamospiza melanocorys,AZ,eBird,NA
Spizelloides arborea,AZ,eBird,NA
Passerella iliaca,AZ,eBird,NA
Junco hyemalis,AZ,eBird,NA
Junco phaeonotus,AZ,eBird,NA
Zonotrichia leucophrys,AZ,eBird,NA
Zonotrichia atricapilla,AZ,eBird,NA
Zonotrichia querula,AZ,eBird,NA
Zonotrichia albicollis,AZ,eBird,NA
Artemisiospiza nevadensis,AZ,eBird,NA
Artemisiospiza belli,AZ,eBird,NA
Pooecetes gramineus,AZ,eBird,NA
Ammospiza leconteii,AZ,eBird,NA
Ammospiza nelsoni,AZ,eBird,NA
Passerculus sandwichensis,AZ,eBird,NA
Centronyx bairdii,AZ,eBird,NA
Melospiza melodia,AZ,eBird,NA
Melospiza lincolnii,AZ,eBird,NA
Melospiza georgiana,AZ,eBird,NA
Melozone fusca,AZ,eBird,NA
Melozone aberti,AZ,eBird,NA
Aimophila ruficeps,AZ,eBird,NA
Pipilo chlorurus,AZ,eBird,NA
Pipilo maculatus,AZ,eBird,NA
Pipilo erythrophthalmus,AZ,eBird,NA
Icteria virens,AZ,eBird,NA
Xanthocephalus xanthocephalus,AZ,eBird,NA
Dolichonyx oryzivorus,AZ,eBird,NA
Sturnella neglecta,AZ,eBird,NA
Sturnella lilianae,AZ,eBird,NA
Icterus wagleri,AZ,eBird,NA
Icterus spurius,AZ,eBird,NA
Icterus cucullatus,AZ,eBird,NA
Icterus icterus,AZ,eBird,NA
Icterus pustulatus,AZ,eBird,NA
Icterus bullockii,AZ,eBird,NA
Icterus galbula,AZ,eBird,NA
Icterus parisorum,AZ,eBird,NA
Agelaius phoeniceus,AZ,eBird,NA
Molothrus aeneus,AZ,eBird,NA
Molothrus ater,AZ,eBird,NA
Euphagus carolinus,AZ,eBird,NA
Euphagus cyanocephalus,AZ,eBird,NA
Quiscalus quiscula,AZ,eBird,NA
Quiscalus mexicanus,AZ,eBird,NA
Seiurus aurocapilla,AZ,eBird,NA
Helmitheros vermivorum,AZ,eBird,NA
Parkesia motacilla,AZ,eBird,NA
Parkesia noveboracensis,AZ,eBird,NA
Vermivora chrysoptera,AZ,eBird,NA
Vermivora cyanoptera,AZ,eBird,NA
Mniotilta varia,AZ,eBird,NA
Protonotaria citrea,AZ,eBird,NA
Limnothlypis swainsonii,AZ,eBird,NA
Oreothlypis superciliosa,AZ,eBird,NA
Leiothlypis peregrina,AZ,eBird,NA
Leiothlypis celata,AZ,eBird,NA
Leiothlypis luciae,AZ,eBird,NA
Leiothlypis ruficapilla,AZ,eBird,NA
Leiothlypis virginiae,AZ,eBird,NA
Oporornis agilis,AZ,eBird,NA
Geothlypis tolmiei,AZ,eBird,NA
Geothlypis philadelphia,AZ,eBird,NA
Geothlypis formosa,AZ,eBird,NA
Geothlypis trichas,AZ,eBird,NA
Setophaga citrina,AZ,eBird,NA
Setophaga ruticilla,AZ,eBird,NA
Setophaga tigrina,AZ,eBird,NA
Setophaga cerulea,AZ,eBird,NA
Setophaga americana,AZ,eBird,NA
Setophaga pitiayumi,AZ,eBird,NA
Setophaga magnolia,AZ,eBird,NA
Setophaga castanea,AZ,eBird,NA
Setophaga fusca,AZ,eBird,NA
Setophaga aestiva,AZ,eBird,NA
Setophaga petechia,AZ,eBird,NA
Setophaga pensylvanica,AZ,eBird,NA
Setophaga striata,AZ,eBird,NA
Setophaga caerulescens,AZ,eBird,NA
Setophaga palmarum,AZ,eBird,NA
Setophaga pinus,AZ,eBird,NA
Setophaga coronata,AZ,eBird,NA
Setophaga dominica,AZ,eBird,NA
Setophaga discolor,AZ,eBird,NA
Setophaga graciae,AZ,eBird,NA
Setophaga nigrescens,AZ,eBird,NA
Setophaga townsendi,AZ,eBird,NA
Setophaga occidentalis,AZ,eBird,NA
Setophaga virens,AZ,eBird,NA
Euthlypis lachrymosa,AZ,eBird,NA
Basileuterus rufifrons,AZ,eBird,NA
Cardellina canadensis,AZ,eBird,NA
Cardellina pusilla,AZ,eBird,NA
Cardellina rubrifrons,AZ,eBird,NA
Cardellina rubra,AZ,eBird,NA
Myioborus pictus,AZ,eBird,NA
Myioborus miniatus,AZ,eBird,NA
Piranga flava,AZ,eBird,NA
Piranga rubra,AZ,eBird,NA
Piranga olivacea,AZ,eBird,NA
Piranga ludoviciana,AZ,eBird,NA
Piranga bidentata,AZ,eBird,NA
Cardinalis cardinalis,AZ,eBird,NA
Cardinalis sinuatus,AZ,eBird,NA
Pheucticus chrysopeplus,AZ,eBird,NA
Pheucticus ludovicianus,AZ,eBird,NA
Pheucticus melanocephalus,AZ,eBird,NA
Passerina caerulea,AZ,eBird,NA
Passerina amoena,AZ,eBird,NA
Passerina cyanea,AZ,eBird,NA
Passerina versicolor,AZ,eBird,NA
Passerina ciris,AZ,eBird,NA
Spiza americana,AZ,eBird,NA
Volatinia jacarina,AZ,eBird,NA
Sporophila torqueola,AZ,eBird,NA
Dendrocygna autumnalis,AR,eBird,NA
Dendrocygna bicolor,AR,eBird,NA
Anser caerulescens,AR,eBird,NA
Anser rossii,AR,eBird,NA
Anser anser,AR,eBird,NA
Anser cygnoides,AR,eBird,NA
Anser albifrons,AR,eBird,NA
Anser serrirostris,AR,eBird,NA
Branta bernicla,AR,eBird,NA
Branta leucopsis,AR,eBird,NA
Branta hutchinsii,AR,eBird,NA
Branta canadensis,AR,eBird,NA
Cygnus olor,AR,eBird,NA
Cygnus atratus,AR,eBird,NA
Cygnus buccinator,AR,eBird,NA
Cygnus columbianus,AR,eBird,NA
Alopochen aegyptiaca,AR,eBird,NA
Tadorna ferruginea,AR,eBird,NA
Cairina moschata,AR,eBird,NA
Aix sponsa,AR,eBird,NA
Aix galericulata,AR,eBird,NA
Spatula querquedula,AR,eBird,NA
Spatula discors,AR,eBird,NA
Spatula cyanoptera,AR,eBird,NA
Spatula clypeata,AR,eBird,NA
Mareca strepera,AR,eBird,NA
Mareca penelope,AR,eBird,NA
Mareca americana,AR,eBird,NA
Anas platyrhynchos,AR,eBird,NA
Anas rubripes,AR,eBird,NA
Anas fulvigula,AR,eBird,NA
Anas acuta,AR,eBird,NA
Anas crecca,AR,eBird,NA
Aythya valisineria,AR,eBird,NA
Aythya americana,AR,eBird,NA
Aythya collaris,AR,eBird,NA
Aythya fuligula,AR,eBird,NA
Aythya marila,AR,eBird,NA
Aythya affinis,AR,eBird,NA
Melanitta perspicillata,AR,eBird,NA
Melanitta deglandi,AR,eBird,NA
Melanitta americana,AR,eBird,NA
Clangula hyemalis,AR,eBird,NA
Bucephala albeola,AR,eBird,NA
Bucephala clangula,AR,eBird,NA
Bucephala islandica,AR,eBird,NA
Lophodytes cucullatus,AR,eBird,NA
Mergus merganser,AR,eBird,NA
Mergus serrator,AR,eBird,NA
Oxyura jamaicensis,AR,eBird,NA
Numida meleagris,AR,eBird,NA
Colinus virginianus,AR,eBird,NA
Meleagris gallopavo,AR,eBird,NA
Bonasa umbellus,AR,eBird,NA
Tympanuchus cupido,AR,eBird,NA
Phasianus colchicus,AR,eBird,NA
Pavo cristatus,AR,eBird,NA
Alectoris chukar,AR,eBird,NA
Columba livia,AR,eBird,NA
Ectopistes migratorius,AR,eBird,NA
Streptopelia decaocto,AR,eBird,NA
Streptopelia roseogrisea,AR,eBird,NA
Columbina inca,AR,eBird,NA
Columbina passerina,AR,eBird,NA
Zenaida asiatica,AR,eBird,NA
Zenaida macroura,AR,eBird,NA
Crotophaga sulcirostris,AR,eBird,NA
Geococcyx californianus,AR,eBird,NA
Coccyzus americanus,AR,eBird,NA
Coccyzus erythropthalmus,AR,eBird,NA
Chordeiles minor,AR,eBird,NA
Antrostomus carolinensis,AR,eBird,NA
Antrostomus vociferus,AR,eBird,NA
Chaetura pelagica,AR,eBird,NA
Aeronautes saxatalis,AR,eBird,NA
Colibri thalassinus,AR,eBird,NA
Eugenes fulgens,AR,eBird,NA
Archilochus colubris,AR,eBird,NA
Archilochus alexandri,AR,eBird,NA
Calypte anna,AR,eBird,NA
Selasphorus calliope,AR,eBird,NA
Selasphorus rufus,AR,eBird,NA
Selasphorus sasin,AR,eBird,NA
Selasphorus platycercus,AR,eBird,NA
Cynanthus latirostris,AR,eBird,NA
Amazilia yucatanensis,AR,eBird,NA
Rallus elegans,AR,eBird,NA
Rallus limicola,AR,eBird,NA
Porzana carolina,AR,eBird,NA
Gallinula galeata,AR,eBird,NA
Fulica americana,AR,eBird,NA
Porphyrio martinica,AR,eBird,NA
Coturnicops noveboracensis,AR,eBird,NA
Laterallus jamaicensis,AR,eBird,NA
Aramus guarauna,AR,eBird,NA
Antigone canadensis,AR,eBird,NA
Grus americana,AR,eBird,NA
Himantopus mexicanus,AR,eBird,NA
Recurvirostra americana,AR,eBird,NA
Pluvialis squatarola,AR,eBird,NA
Pluvialis dominica,AR,eBird,NA
Charadrius vociferus,AR,eBird,NA
Charadrius semipalmatus,AR,eBird,NA
Charadrius melodus,AR,eBird,NA
Anarhynchus wilsonia,AR,eBird,NA
Anarhynchus nivosus,AR,eBird,NA
Bartramia longicauda,AR,eBird,NA
Numenius hudsonicus,AR,eBird,NA
Numenius borealis,AR,eBird,NA
Numenius americanus,AR,eBird,NA
Limosa haemastica,AR,eBird,NA
Limosa fedoa,AR,eBird,NA
Limnodromus griseus,AR,eBird,NA
Limnodromus scolopaceus,AR,eBird,NA
Scolopax minor,AR,eBird,NA
Gallinago delicata,AR,eBird,NA
Phalaropus tricolor,AR,eBird,NA
Phalaropus fulicarius,AR,eBird,NA
Phalaropus lobatus,AR,eBird,NA
Actitis macularius,AR,eBird,NA
Tringa solitaria,AR,eBird,NA
Tringa flavipes,AR,eBird,NA
Tringa semipalmata,AR,eBird,NA
Tringa melanoleuca,AR,eBird,NA
Arenaria interpres,AR,eBird,NA
Calidris canutus,AR,eBird,NA
Calidris pugnax,AR,eBird,NA
Calidris acuminata,AR,eBird,NA
Calidris ferruginea,AR,eBird,NA
Calidris himantopus,AR,eBird,NA
Calidris subruficollis,AR,eBird,NA
Calidris alba,AR,eBird,NA
Calidris alpina,AR,eBird,NA
Calidris maritima,AR,eBird,NA
Calidris bairdii,AR,eBird,NA
Calidris fuscicollis,AR,eBird,NA
Calidris minutilla,AR,eBird,NA
Calidris melanotos,AR,eBird,NA
Calidris mauri,AR,eBird,NA
Calidris pusilla,AR,eBird,NA
Stercorarius longicaudus,AR,eBird,NA
Stercorarius parasiticus,AR,eBird,NA
Stercorarius pomarinus,AR,eBird,NA
Brachyramphus perdix,AR,eBird,NA
Hydrocoloeus minutus,AR,eBird,NA
Rissa tridactyla,AR,eBird,NA
Xema sabini,AR,eBird,NA
Chroicocephalus philadelphia,AR,eBird,NA
Chroicocephalus ridibundus,AR,eBird,NA
Leucophaeus atricilla,AR,eBird,NA
Leucophaeus pipixcan,AR,eBird,NA
Larus brachyrhynchus,AR,eBird,NA
Larus delawarensis,AR,eBird,NA
Larus smithsonianus,AR,eBird,NA
Larus marinus,AR,eBird,NA
Larus hyperboreus,AR,eBird,NA
Larus fuscus,AR,eBird,NA
Larus californicus,AR,eBird,NA
Larus glaucoides,AR,eBird,NA
Rynchops niger,AR,eBird,NA
Onychoprion fuscatus,AR,eBird,NA
Onychoprion anaethetus,AR,eBird,NA
Sternula antillarum,AR,eBird,NA
Gelochelidon nilotica,AR,eBird,NA
Hydroprogne caspia,AR,eBird,NA
Chlidonias niger,AR,eBird,NA
Sterna forsteri,AR,eBird,NA
Sterna hirundo,AR,eBird,NA
Thalasseus maximus,AR,eBird,NA
Tachybaptus dominicus,AR,eBird,NA
Podilymbus podiceps,AR,eBird,NA
Podiceps auritus,AR,eBird,NA
Podiceps grisegena,AR,eBird,NA
Podiceps nigricollis,AR,eBird,NA
Aechmophorus occidentalis,AR,eBird,NA
Aechmophorus clarkii,AR,eBird,NA
Gavia stellata,AR,eBird,NA
Gavia pacifica,AR,eBird,NA
Gavia immer,AR,eBird,NA
Gavia adamsii,AR,eBird,NA
Mycteria americana,AR,eBird,NA
Fregata magnificens,AR,eBird,NA
Morus bassanus,AR,eBird,NA
Sula leucogaster,AR,eBird,NA
Anhinga anhinga,AR,eBird,NA
Nannopterum auritum,AR,eBird,NA
Nannopterum brasilianum,AR,eBird,NA
Eudocimus albus,AR,eBird,NA
Plegadis falcinellus,AR,eBird,NA
Plegadis chihi,AR,eBird,NA
Platalea ajaja,AR,eBird,NA
Botaurus lentiginosus,AR,eBird,NA
Botaurus exilis,AR,eBird,NA
Nyctanassa violacea,AR,eBird,NA
Nycticorax nycticorax,AR,eBird,NA
Egretta caerulea,AR,eBird,NA
Egretta tricolor,AR,eBird,NA
Egretta thula,AR,eBird,NA
Butorides virescens,AR,eBird,NA
Ardea ibis,AR,eBird,NA
Ardea alba,AR,eBird,NA
Ardea herodias,AR,eBird,NA
Pelecanus erythrorhynchos,AR,eBird,NA
Pelecanus occidentalis,AR,eBird,NA
Coragyps atratus,AR,eBird,NA
Cathartes aura,AR,eBird,NA
Pandion haliaetus,AR,eBird,NA
Elanus leucurus,AR,eBird,NA
Elanoides forficatus,AR,eBird,NA
Aquila chrysaetos,AR,eBird,NA
Accipiter striatus,AR,eBird,NA
Astur cooperii,AR,eBird,NA
Astur atricapillus,AR,eBird,NA
Circus hudsonius,AR,eBird,NA
Haliaeetus leucocephalus,AR,eBird,NA
Ictinia mississippiensis,AR,eBird,NA
Buteo platypterus,AR,eBird,NA
Buteo lineatus,AR,eBird,NA
Buteo swainsoni,AR,eBird,NA
Buteo jamaicensis,AR,eBird,NA
Buteo lagopus,AR,eBird,NA
Buteo regalis,AR,eBird,NA
Tyto furcata,AR,eBird,NA
Megascops asio,AR,eBird,NA
Bubo scandiacus,AR,eBird,NA
Bubo virginianus,AR,eBird,NA
Athene cunicularia,AR,eBird,NA
Strix varia,AR,eBird,NA
Asio otus,AR,eBird,NA
Asio flammeus,AR,eBird,NA
Aegolius acadicus,AR,eBird,NA
Megaceryle alcyon,AR,eBird,NA
Sphyrapicus varius,AR,eBird,NA
Melanerpes lewis,AR,eBird,NA
Melanerpes erythrocephalus,AR,eBird,NA
Melanerpes carolinus,AR,eBird,NA
Dryobates pubescens,AR,eBird,NA
Leuconotopicus borealis,AR,eBird,NA
Leuconotopicus villosus,AR,eBird,NA
Dryocopus pileatus,AR,eBird,NA
Colaptes auratus,AR,eBird,NA
Caracara plancus,AR,eBird,NA
Falco sparverius,AR,eBird,NA
Falco columbarius,AR,eBird,NA
Falco peregrinus,AR,eBird,NA
Falco mexicanus,AR,eBird,NA
Nymphicus hollandicus,AR,eBird,NA
Melopsittacus undulatus,AR,eBird,NA
Agapornis roseicollis,AR,eBird,NA
Myiopsitta monachus,AR,eBird,NA
Conuropsis carolinensis,AR,eBird,NA
Contopus cooperi,AR,eBird,NA
Contopus virens,AR,eBird,NA
Empidonax flaviventris,AR,eBird,NA
Empidonax virescens,AR,eBird,NA
Empidonax alnorum,AR,eBird,NA
Empidonax traillii,AR,eBird,NA
Empidonax minimus,AR,eBird,NA
Sayornis phoebe,AR,eBird,NA
Sayornis saya,AR,eBird,NA
Pyrocephalus rubinus,AR,eBird,NA
Myiarchus cinerascens,AR,eBird,NA
Myiarchus crinitus,AR,eBird,NA
Pitangus sulphuratus,AR,eBird,NA
Tyrannus melancholicus,AR,eBird,NA
Tyrannus couchii,AR,eBird,NA
Tyrannus vociferans,AR,eBird,NA
Tyrannus verticalis,AR,eBird,NA
Tyrannus tyrannus,AR,eBird,NA
Tyrannus dominicensis,AR,eBird,NA
Tyrannus forficatus,AR,eBird,NA
Tyrannus savana,AR,eBird,NA
Vireo griseus,AR,eBird,NA
Vireo bellii,AR,eBird,NA
Vireo flavifrons,AR,eBird,NA
Vireo solitarius,AR,eBird,NA
Vireo philadelphicus,AR,eBird,NA
Vireo gilvus,AR,eBird,NA
Vireo olivaceus,AR,eBird,NA
Lanius ludovicianus,AR,eBird,NA
Lanius borealis,AR,eBird,NA
Cyanocitta cristata,AR,eBird,NA
Nucifraga columbiana,AR,eBird,NA
Corvus brachyrhynchos,AR,eBird,NA
Corvus ossifragus,AR,eBird,NA
Poecile carolinensis,AR,eBird,NA
Baeolophus bicolor,AR,eBird,NA
Eremophila alpestris,AR,eBird,NA
Riparia riparia,AR,eBird,NA
Tachycineta bicolor,AR,eBird,NA
Progne subis,AR,eBird,NA
Stelgidopteryx serripennis,AR,eBird,NA
Hirundo rustica,AR,eBird,NA
Petrochelidon pyrrhonota,AR,eBird,NA
Petrochelidon fulva,AR,eBird,NA
Corthylio calendula,AR,eBird,NA
Regulus satrapa,AR,eBird,NA
Sitta carolinensis,AR,eBird,NA
Sitta pusilla,AR,eBird,NA
Sitta canadensis,AR,eBird,NA
Certhia americana,AR,eBird,NA
Polioptila caerulea,AR,eBird,NA
Salpinctes obsoletus,AR,eBird,NA
Troglodytes aedon,AR,eBird,NA
Troglodytes hiemalis,AR,eBird,NA
Cistothorus stellaris,AR,eBird,NA
Cistothorus palustris,AR,eBird,NA
Thryothorus ludovicianus,AR,eBird,NA
Thryomanes bewickii,AR,eBird,NA
Sturnus vulgaris,AR,eBird,NA
Dumetella carolinensis,AR,eBird,NA
Toxostoma rufum,AR,eBird,NA
Oreoscoptes montanus,AR,eBird,NA
Mimus polyglottos,AR,eBird,NA
Sialia sialis,AR,eBird,NA
Sialia currucoides,AR,eBird,NA
Myadestes townsendi,AR,eBird,NA
Ixoreus naevius,AR,eBird,NA
Catharus fuscescens,AR,eBird,NA
Catharus minimus,AR,eBird,NA
Catharus ustulatus,AR,eBird,NA
Catharus guttatus,AR,eBird,NA
Hylocichla mustelina,AR,eBird,NA
Turdus migratorius,AR,eBird,NA
Oenanthe oenanthe,AR,eBird,NA
Bombycilla garrulus,AR,eBird,NA
Bombycilla cedrorum,AR,eBird,NA
Euplectes franciscanus,AR,eBird,NA
Passer domesticus,AR,eBird,NA
Passer montanus,AR,eBird,NA
Anthus rubescens,AR,eBird,NA
Anthus spragueii,AR,eBird,NA
Fringilla montifringilla,AR,eBird,NA
Hesperiphona vespertina,AR,eBird,NA
Pinicola enucleator,AR,eBird,NA
Leucosticte tephrocotis,AR,eBird,NA
Haemorhous mexicanus,AR,eBird,NA
Haemorhous purpureus,AR,eBird,NA
Acanthis flammea,AR,eBird,NA
Loxia curvirostra,AR,eBird,NA
Loxia leucoptera,AR,eBird,NA
Spinus pinus,AR,eBird,NA
Spinus psaltria,AR,eBird,NA
Spinus tristis,AR,eBird,NA
Calcarius lapponicus,AR,eBird,NA
Calcarius ornatus,AR,eBird,NA
Calcarius pictus,AR,eBird,NA
Rhynchophanes mccownii,AR,eBird,NA
Plectrophenax nivalis,AR,eBird,NA
Peucaea cassinii,AR,eBird,NA
Peucaea aestivalis,AR,eBird,NA
Ammodramus savannarum,AR,eBird,NA
Spizella passerina,AR,eBird,NA
Spizella pallida,AR,eBird,NA
Spizella pusilla,AR,eBird,NA
Spizella breweri,AR,eBird,NA
Chondestes grammacus,AR,eBird,NA
Calamospiza melanocorys,AR,eBird,NA
Spizelloides arborea,AR,eBird,NA
Passerella iliaca,AR,eBird,NA
Junco hyemalis,AR,eBird,NA
Zonotrichia leucophrys,AR,eBird,NA
Zonotrichia querula,AR,eBird,NA
Zonotrichia albicollis,AR,eBird,NA
Pooecetes gramineus,AR,eBird,NA
Ammospiza leconteii,AR,eBird,NA
Ammospiza nelsoni,AR,eBird,NA
Passerculus sandwichensis,AR,eBird,NA
Centronyx henslowii,AR,eBird,NA
Melospiza melodia,AR,eBird,NA
Melospiza lincolnii,AR,eBird,NA
Melospiza georgiana,AR,eBird,NA
Aimophila ruficeps,AR,eBird,NA
Pipilo chlorurus,AR,eBird,NA
Pipilo maculatus,AR,eBird,NA
Pipilo erythrophthalmus,AR,eBird,NA
Icteria virens,AR,eBird,NA
Xanthocephalus xanthocephalus,AR,eBird,NA
Dolichonyx oryzivorus,AR,eBird,NA
Sturnella neglecta,AR,eBird,NA
Sturnella magna,AR,eBird,NA
Icterus spurius,AR,eBird,NA
Icterus bullockii,AR,eBird,NA
Icterus galbula,AR,eBird,NA
Icterus parisorum,AR,eBird,NA
Agelaius phoeniceus,AR,eBird,NA
Molothrus ater,AR,eBird,NA
Euphagus carolinus,AR,eBird,NA
Euphagus cyanocephalus,AR,eBird,NA
Quiscalus quiscula,AR,eBird,NA
Quiscalus mexicanus,AR,eBird,NA
Seiurus aurocapilla,AR,eBird,NA
Helmitheros vermivorum,AR,eBird,NA
Parkesia motacilla,AR,eBird,NA
Parkesia noveboracensis,AR,eBird,NA
Vermivora bachmanii,AR,eBird,NA
Vermivora chrysoptera,AR,eBird,NA
Vermivora cyanoptera,AR,eBird,NA
Mniotilta varia,AR,eBird,NA
Protonotaria citrea,AR,eBird,NA
Limnothlypis swainsonii,AR,eBird,NA
Leiothlypis peregrina,AR,eBird,NA
Leiothlypis celata,AR,eBird,NA
Leiothlypis ruficapilla,AR,eBird,NA
Oporornis agilis,AR,eBird,NA
Geothlypis philadelphia,AR,eBird,NA
Geothlypis formosa,AR,eBird,NA
Geothlypis trichas,AR,eBird,NA
Setophaga citrina,AR,eBird,NA
Setophaga ruticilla,AR,eBird,NA
Setophaga tigrina,AR,eBird,NA
Setophaga cerulea,AR,eBird,NA
Setophaga americana,AR,eBird,NA
Setophaga magnolia,AR,eBird,NA
Setophaga castanea,AR,eBird,NA
Setophaga fusca,AR,eBird,NA
Setophaga aestiva,AR,eBird,NA
Setophaga pensylvanica,AR,eBird,NA
Setophaga striata,AR,eBird,NA
Setophaga caerulescens,AR,eBird,NA
Setophaga palmarum,AR,eBird,NA
Setophaga pinus,AR,eBird,NA
Setophaga coronata,AR,eBird,NA
Setophaga dominica,AR,eBird,NA
Setophaga discolor,AR,eBird,NA
Setophaga nigrescens,AR,eBird,NA
Setophaga virens,AR,eBird,NA
Cardellina canadensis,AR,eBird,NA
Cardellina pusilla,AR,eBird,NA
Myioborus pictus,AR,eBird,NA
Piranga rubra,AR,eBird,NA
Piranga olivacea,AR,eBird,NA
Piranga ludoviciana,AR,eBird,NA
Cardinalis cardinalis,AR,eBird,NA
Pheucticus chrysopeplus,AR,eBird,NA
Pheucticus ludovicianus,AR,eBird,NA
Pheucticus melanocephalus,AR,eBird,NA
Passerina caerulea,AR,eBird,NA
Passerina amoena,AR,eBird,NA
Passerina cyanea,AR,eBird,NA
Passerina ciris,AR,eBird,NA
Spiza americana,AR,eBird,NA
Struthio camelus,CA,eBird,NA
Dromaius novaehollandiae,CA,eBird,NA
Dendrocygna autumnalis,CA,eBird,NA
Dendrocygna bicolor,CA,eBird,NA
Anser indicus,CA,eBird,NA
Anser canagicus,CA,eBird,NA
Anser caerulescens,CA,eBird,NA
Anser rossii,CA,eBird,NA
Anser anser,CA,eBird,NA
Anser cygnoides,CA,eBird,NA
Anser albifrons,CA,eBird,NA
Anser serrirostris,CA,eBird,NA
Branta bernicla,CA,eBird,NA
Branta leucopsis,CA,eBird,NA
Branta hutchinsii,CA,eBird,NA
Branta canadensis,CA,eBird,NA
Branta sandvicensis,CA,eBird,NA
Branta ruficollis,CA,eBird,NA
Cygnus olor,CA,eBird,NA
Cygnus atratus,CA,eBird,NA
Cygnus melancoryphus,CA,eBird,NA
Cygnus buccinator,CA,eBird,NA
Cygnus columbianus,CA,eBird,NA
Cygnus cygnus,CA,eBird,NA
Chloephaga picta,CA,eBird,NA
Alopochen aegyptiaca,CA,eBird,NA
Tadorna ferruginea,CA,eBird,NA
Tadorna cana,CA,eBird,NA
Tadorna tadorna,CA,eBird,NA
Lophonetta specularioides,CA,eBird,NA
Cairina moschata,CA,eBird,NA
Callonetta leucophrys,CA,eBird,NA
Aix sponsa,CA,eBird,NA
Aix galericulata,CA,eBird,NA
Sibirionetta formosa,CA,eBird,NA
Spatula querquedula,CA,eBird,NA
Spatula discors,CA,eBird,NA
Spatula cyanoptera,CA,eBird,NA
Spatula clypeata,CA,eBird,NA
Mareca strepera,CA,eBird,NA
Mareca falcata,CA,eBird,NA
Mareca penelope,CA,eBird,NA
Mareca americana,CA,eBird,NA
Mareca sibilatrix,CA,eBird,NA
Anas platyrhynchos,CA,eBird,NA
Anas diazi,CA,eBird,NA
Anas rubripes,CA,eBird,NA
Anas bahamensis,CA,eBird,NA
Anas acuta,CA,eBird,NA
Anas crecca,CA,eBird,NA
Netta rufina,CA,eBird,NA
Aythya valisineria,CA,eBird,NA
Aythya americana,CA,eBird,NA
Aythya ferina,CA,eBird,NA
Aythya collaris,CA,eBird,NA
Aythya fuligula,CA,eBird,NA
Aythya marila,CA,eBird,NA
Aythya affinis,CA,eBird,NA
Polysticta stelleri,CA,eBird,NA
Somateria spectabilis,CA,eBird,NA
Somateria mollissima,CA,eBird,NA
Histrionicus histrionicus,CA,eBird,NA
Melanitta perspicillata,CA,eBird,NA
Melanitta deglandi,CA,eBird,NA
Melanitta stejnegeri,CA,eBird,NA
Melanitta nigra,CA,eBird,NA
Melanitta americana,CA,eBird,NA
Clangula hyemalis,CA,eBird,NA
Bucephala albeola,CA,eBird,NA
Bucephala clangula,CA,eBird,NA
Bucephala islandica,CA,eBird,NA
Mergellus albellus,CA,eBird,NA
Lophodytes cucullatus,CA,eBird,NA
Mergus merganser,CA,eBird,NA
Mergus serrator,CA,eBird,NA
Oxyura jamaicensis,CA,eBird,NA
Numida meleagris,CA,eBird,NA
Oreortyx pictus,CA,eBird,NA
Colinus virginianus,CA,eBird,NA
Callipepla squamata,CA,eBird,NA
Callipepla californica,CA,eBird,NA
Callipepla gambelii,CA,eBird,NA
Meleagris gallopavo,CA,eBird,NA
Bonasa umbellus,CA,eBird,NA
Centrocercus urophasianus,CA,eBird,NA
Dendragapus fuliginosus,CA,eBird,NA
Tympanuchus phasianellus,CA,eBird,NA
Lagopus leucura,CA,eBird,NA
Perdix perdix,CA,eBird,NA
Syrmaticus reevesii,CA,eBird,NA
Chrysolophus pictus,CA,eBird,NA
Chrysolophus amherstiae,CA,eBird,NA
Phasianus colchicus,CA,eBird,NA
Phasianus versicolor,CA,eBird,NA
Lophura leucomelanos,CA,eBird,NA
Lophura nycthemera,CA,eBird,NA
Pavo cristatus,CA,eBird,NA
Polyplectron bicalcaratum,CA,eBird,NA
Gallus gallus,CA,eBird,NA
Francolinus francolinus,CA,eBird,NA
Synoicus ypsilophorus,CA,eBird,NA
Coturnix coturnix,CA,eBird,NA
Coturnix japonica,CA,eBird,NA
Alectoris chukar,CA,eBird,NA
Columba livia,CA,eBird,NA
Columba guinea,CA,eBird,NA
Patagioenas fasciata,CA,eBird,NA
Streptopelia orientalis,CA,eBird,NA
Streptopelia decaocto,CA,eBird,NA
Streptopelia roseogrisea,CA,eBird,NA
Spilopelia chinensis,CA,eBird,NA
Spilopelia senegalensis,CA,eBird,NA
Oena capensis,CA,eBird,NA
Ocyphaps lophotes,CA,eBird,NA
Geopelia cuneata,CA,eBird,NA
Geopelia striata,CA,eBird,NA
Columbina inca,CA,eBird,NA
Columbina passerina,CA,eBird,NA
Columbina talpacoti,CA,eBird,NA
Zenaida asiatica,CA,eBird,NA
Zenaida macroura,CA,eBird,NA
Crinifer concolor,CA,eBird,NA
Menelikornis leucotis,CA,eBird,NA
Crotophaga sulcirostris,CA,eBird,NA
Geococcyx californianus,CA,eBird,NA
Coccyzus americanus,CA,eBird,NA
Coccyzus erythropthalmus,CA,eBird,NA
Cuculus canorus,CA,eBird,NA
Chordeiles acutipennis,CA,eBird,NA
Chordeiles minor,CA,eBird,NA
Phalaenoptilus nuttallii,CA,eBird,NA
Antrostomus carolinensis,CA,eBird,NA
Antrostomus ridgwayi,CA,eBird,NA
Antrostomus vociferus,CA,eBird,NA
Antrostomus arizonae,CA,eBird,NA
Cypseloides niger,CA,eBird,NA
Streptoprocne zonaris,CA,eBird,NA
Chaetura pelagica,CA,eBird,NA
Chaetura vauxi,CA,eBird,NA
Apus apus,CA,eBird,NA
Aeronautes saxatalis,CA,eBird,NA
Colibri thalassinus,CA,eBird,NA
Eugenes fulgens,CA,eBird,NA
Lampornis clemenciae,CA,eBird,NA
Archilochus colubris,CA,eBird,NA
Archilochus alexandri,CA,eBird,NA
Calypte anna,CA,eBird,NA
Calypte costae,CA,eBird,NA
Selasphorus calliope,CA,eBird,NA
Selasphorus rufus,CA,eBird,NA
Selasphorus sasin,CA,eBird,NA
Selasphorus platycercus,CA,eBird,NA
Cynanthus latirostris,CA,eBird,NA
Basilinna xantusii,CA,eBird,NA
Ramosomyia violiceps,CA,eBird,NA
Rallus obsoletus,CA,eBird,NA
Rallus limicola,CA,eBird,NA
Porzana carolina,CA,eBird,NA
Gallinula galeata,CA,eBird,NA
Fulica americana,CA,eBird,NA
Porphyrio martinica,CA,eBird,NA
Coturnicops noveboracensis,CA,eBird,NA
Laterallus jamaicensis,CA,eBird,NA
Balearica regulorum,CA,eBird,NA
Antigone canadensis,CA,eBird,NA
Grus virgo,CA,eBird,NA
Grus grus,CA,eBird,NA
Himantopus mexicanus,CA,eBird,NA
Recurvirostra americana,CA,eBird,NA
Haematopus palliatus,CA,eBird,NA
Haematopus bachmani,CA,eBird,NA
Pluvialis squatarola,CA,eBird,NA
Pluvialis dominica,CA,eBird,NA
Pluvialis fulva,CA,eBird,NA
Eudromias morinellus,CA,eBird,NA
Charadrius vociferus,CA,eBird,NA
Charadrius hiaticula,CA,eBird,NA
Charadrius semipalmatus,CA,eBird,NA
Charadrius melodus,CA,eBird,NA
Anarhynchus mongolus,CA,eBird,NA
Anarhynchus leschenaultii,CA,eBird,NA
Anarhynchus wilsonia,CA,eBird,NA
Anarhynchus montanus,CA,eBird,NA
Anarhynchus nivosus,CA,eBird,NA
Bartramia longicauda,CA,eBird,NA
Numenius tahitiensis,CA,eBird,NA
Numenius hudsonicus,CA,eBird,NA
Numenius phaeopus,CA,eBird,NA
Numenius minutus,CA,eBird,NA
Numenius americanus,CA,eBird,NA
Limosa lapponica,CA,eBird,NA
Limosa haemastica,CA,eBird,NA
Limosa fedoa,CA,eBird,NA
Limnodromus griseus,CA,eBird,NA
Limnodromus scolopaceus,CA,eBird,NA
Lymnocryptes minimus,CA,eBird,NA
Scolopax minor,CA,eBird,NA
Gallinago gallinago,CA,eBird,NA
Gallinago delicata,CA,eBird,NA
Phalaropus tricolor,CA,eBird,NA
Phalaropus fulicarius,CA,eBird,NA
Phalaropus lobatus,CA,eBird,NA
Xenus cinereus,CA,eBird,NA
Actitis macularius,CA,eBird,NA
Tringa solitaria,CA,eBird,NA
Tringa brevipes,CA,eBird,NA
Tringa incana,CA,eBird,NA
Tringa stagnatilis,CA,eBird,NA
Tringa glareola,CA,eBird,NA
Tringa flavipes,CA,eBird,NA
Tringa semipalmata,CA,eBird,NA
Tringa erythropus,CA,eBird,NA
Tringa nebularia,CA,eBird,NA
Tringa melanoleuca,CA,eBird,NA
Arenaria interpres,CA,eBird,NA
Arenaria melanocephala,CA,eBird,NA
Calidris canutus,CA,eBird,NA
Calidris virgata,CA,eBird,NA
Calidris pugnax,CA,eBird,NA
Calidris acuminata,CA,eBird,NA
Calidris ferruginea,CA,eBird,NA
Calidris himantopus,CA,eBird,NA
Calidris subminuta,CA,eBird,NA
Calidris ruficollis,CA,eBird,NA
Calidris subruficollis,CA,eBird,NA
Calidris alba,CA,eBird,NA
Calidris alpina,CA,eBird,NA
Calidris maritima,CA,eBird,NA
Calidris ptilocnemis,CA,eBird,NA
Calidris bairdii,CA,eBird,NA
Calidris minuta,CA,eBird,NA
Calidris fuscicollis,CA,eBird,NA
Calidris minutilla,CA,eBird,NA
Calidris melanotos,CA,eBird,NA
Calidris mauri,CA,eBird,NA
Calidris pusilla,CA,eBird,NA
Stercorarius longicaudus,CA,eBird,NA
Stercorarius parasiticus,CA,eBird,NA
Stercorarius pomarinus,CA,eBird,NA
Stercorarius maccormicki,CA,eBird,NA
Cerorhinca monocerata,CA,eBird,NA
Fratercula cirrhata,CA,eBird,NA
Fratercula corniculata,CA,eBird,NA
Ptychoramphus aleuticus,CA,eBird,NA
Aethia pusilla,CA,eBird,NA
Aethia cristatella,CA,eBird,NA
Aethia psittacula,CA,eBird,NA
Brachyramphus perdix,CA,eBird,NA
Brachyramphus brevirostris,CA,eBird,NA
Brachyramphus marmoratus,CA,eBird,NA
Cepphus columba,CA,eBird,NA
Uria lomvia,CA,eBird,NA
Uria aalge,CA,eBird,NA
Synthliboramphus antiquus,CA,eBird,NA
Synthliboramphus scrippsi,CA,eBird,NA
Synthliboramphus hypoleucus,CA,eBird,NA
Synthliboramphus craveri,CA,eBird,NA
Creagrus furcatus,CA,eBird,NA
Hydrocoloeus minutus,CA,eBird,NA
Rhodostethia rosea,CA,eBird,NA
Rissa tridactyla,CA,eBird,NA
Rissa brevirostris,CA,eBird,NA
Pagophila eburnea,CA,eBird,NA
Xema sabini,CA,eBird,NA
Chroicocephalus philadelphia,CA,eBird,NA
Chroicocephalus ridibundus,CA,eBird,NA
Leucophaeus atricilla,CA,eBird,NA
Leucophaeus pipixcan,CA,eBird,NA
Larus belcheri,CA,eBird,NA
Larus crassirostris,CA,eBird,NA
Larus heermanni,CA,eBird,NA
Larus canus,CA,eBird,NA
Larus brachyrhynchus,CA,eBird,NA
Larus delawarensis,CA,eBird,NA
Larus livens,CA,eBird,NA
Larus occidentalis,CA,eBird,NA
Larus dominicanus,CA,eBird,NA
Larus smithsonianus,CA,eBird,NA
Larus vegae,CA,eBird,NA
Larus marinus,CA,eBird,NA
Larus hyperboreus,CA,eBird,NA
Larus fuscus,CA,eBird,NA
Larus californicus,CA,eBird,NA
Larus glaucescens,CA,eBird,NA
Larus schistisagus,CA,eBird,NA
Larus glaucoides,CA,eBird,NA
Rynchops niger,CA,eBird,NA
Onychoprion fuscatus,CA,eBird,NA
Onychoprion anaethetus,CA,eBird,NA
Sternula antillarum,CA,eBird,NA
Gelochelidon nilotica,CA,eBird,NA
Hydroprogne caspia,CA,eBird,NA
Chlidonias niger,CA,eBird,NA
Chlidonias leucopterus,CA,eBird,NA
Sterna forsteri,CA,eBird,NA
Sterna paradisaea,CA,eBird,NA
Sterna hirundo,CA,eBird,NA
Thalasseus sandvicensis,CA,eBird,NA
Thalasseus elegans,CA,eBird,NA
Thalasseus maximus,CA,eBird,NA
Phoenicopterus chilensis,CA,eBird,NA
Phoenicopterus ruber,CA,eBird,NA
Phoenicopterus roseus,CA,eBird,NA
Phoeniconaias minor,CA,eBird,NA
Tachybaptus dominicus,CA,eBird,NA
Podilymbus podiceps,CA,eBird,NA
Podiceps auritus,CA,eBird,NA
Podiceps grisegena,CA,eBird,NA
Podiceps nigricollis,CA,eBird,NA
Aechmophorus occidentalis,CA,eBird,NA
Aechmophorus clarkii,CA,eBird,NA
Phaethon lepturus,CA,eBird,NA
Phaethon aethereus,CA,eBird,NA
Phaethon rubricauda,CA,eBird,NA
Gavia stellata,CA,eBird,NA
Gavia arctica,CA,eBird,NA
Gavia pacifica,CA,eBird,NA
Gavia immer,CA,eBird,NA
Gavia adamsii,CA,eBird,NA
Phoebastria irrorata,CA,eBird,NA
Phoebastria immutabilis,CA,eBird,NA
Phoebastria nigripes,CA,eBird,NA
Phoebastria albatrus,CA,eBird,NA
Phoebetria palpebrata,CA,eBird,NA
Thalassarche cauta,CA,eBird,NA
Thalassarche salvini,CA,eBird,NA
Thalassarche eremita,CA,eBird,NA
Oceanites oceanicus,CA,eBird,NA
Hydrobates furcatus,CA,eBird,NA
Hydrobates hornbyi,CA,eBird,NA
Hydrobates leucorhous,CA,eBird,NA
Hydrobates socorroensis,CA,eBird,NA
Hydrobates cheimomnestes,CA,eBird,NA
Hydrobates homochroa,CA,eBird,NA
Hydrobates castro,CA,eBird,NA
Hydrobates tethys,CA,eBird,NA
Hydrobates melania,CA,eBird,NA
Hydrobates tristrami,CA,eBird,NA
Hydrobates microsoma,CA,eBird,NA
Fulmarus glacialis,CA,eBird,NA
Pterodroma gouldi,CA,eBird,NA
Pterodroma neglecta,CA,eBird,NA
Pterodroma ultima,CA,eBird,NA
Pterodroma inexpectata,CA,eBird,NA
Pterodroma sandwichensis,CA,eBird,NA
Pterodroma cookii,CA,eBird,NA
Pterodroma longirostris,CA,eBird,NA
Bulweria bulwerii,CA,eBird,NA
Bulweria fallax,CA,eBird,NA
Procellaria aequinoctialis,CA,eBird,NA
Procellaria parkinsoni,CA,eBird,NA
Calonectris leucomelas,CA,eBird,NA
Calonectris borealis,CA,eBird,NA
Ardenna creatopus,CA,eBird,NA
Ardenna carneipes,CA,eBird,NA
Ardenna gravis,CA,eBird,NA
Ardenna pacifica,CA,eBird,NA
Ardenna bulleri,CA,eBird,NA
Ardenna grisea,CA,eBird,NA
Ardenna tenuirostris,CA,eBird,NA
Puffinus puffinus,CA,eBird,NA
Puffinus newelli,CA,eBird,NA
Puffinus opisthomelas,CA,eBird,NA
Mycteria americana,CA,eBird,NA
Fregata magnificens,CA,eBird,NA
Fregata ariel,CA,eBird,NA
Fregata minor,CA,eBird,NA
Morus bassanus,CA,eBird,NA
Sula sula,CA,eBird,NA
Sula brewsteri,CA,eBird,NA
Sula dactylatra,CA,eBird,NA
Sula granti,CA,eBird,NA
Sula nebouxii,CA,eBird,NA
Anhinga anhinga,CA,eBird,NA
Anhinga rufa,CA,eBird,NA
Urile penicillatus,CA,eBird,NA
Urile pelagicus,CA,eBird,NA
Nannopterum auritum,CA,eBird,NA
Nannopterum brasilianum,CA,eBird,NA
Eudocimus albus,CA,eBird,NA
Plegadis falcinellus,CA,eBird,NA
Plegadis chihi,CA,eBird,NA
Threskiornis aethiopicus,CA,eBird,NA
Platalea ajaja,CA,eBird,NA
Botaurus lentiginosus,CA,eBird,NA
Botaurus exilis,CA,eBird,NA
Nyctanassa violacea,CA,eBird,NA
Nycticorax nycticorax,CA,eBird,NA
Egretta caerulea,CA,eBird,NA
Egretta tricolor,CA,eBird,NA
Egretta rufescens,CA,eBird,NA
Egretta thula,CA,eBird,NA
Butorides virescens,CA,eBird,NA
Ardea ibis,CA,eBird,NA
Ardea alba,CA,eBird,NA
Ardea herodias,CA,eBird,NA
Pelecanus erythrorhynchos,CA,eBird,NA
Pelecanus occidentalis,CA,eBird,NA
Pelecanus rufescens,CA,eBird,NA
Gymnogyps californianus,CA,eBird,NA
Coragyps atratus,CA,eBird,NA
Cathartes aura,CA,eBird,NA
Pandion haliaetus,CA,eBird,NA
Elanus leucurus,CA,eBird,NA
Elanoides forficatus,CA,eBird,NA
Aquila chrysaetos,CA,eBird,NA
Accipiter striatus,CA,eBird,NA
Astur cooperii,CA,eBird,NA
Astur atricapillus,CA,eBird,NA
Circus hudsonius,CA,eBird,NA
Haliaeetus albicilla,CA,eBird,NA
Haliaeetus leucocephalus,CA,eBird,NA
Ictinia mississippiensis,CA,eBird,NA
Buteogallus anthracinus,CA,eBird,NA
Buteogallus meridionalis,CA,eBird,NA
Parabuteo unicinctus,CA,eBird,NA
Buteo plagiatus,CA,eBird,NA
Buteo platypterus,CA,eBird,NA
Buteo lineatus,CA,eBird,NA
Buteo albonotatus,CA,eBird,NA
Buteo swainsoni,CA,eBird,NA
Buteo jamaicensis,CA,eBird,NA
Buteo lagopus,CA,eBird,NA
Buteo regalis,CA,eBird,NA
Tyto furcata,CA,eBird,NA
Psiloscops flammeolus,CA,eBird,NA
Megascops kennicottii,CA,eBird,NA
Bubo scandiacus,CA,eBird,NA
Bubo virginianus,CA,eBird,NA
Glaucidium gnoma,CA,eBird,NA
Micrathene whitneyi,CA,eBird,NA
Athene cunicularia,CA,eBird,NA
Strix occidentalis,CA,eBird,NA
Strix varia,CA,eBird,NA
Strix nebulosa,CA,eBird,NA
Asio otus,CA,eBird,NA
Asio flammeus,CA,eBird,NA
Aegolius acadicus,CA,eBird,NA
Anthracoceros albirostris,CA,eBird,NA
Megaceryle alcyon,CA,eBird,NA
Coracias caudatus,CA,eBird,NA
Ramphastos sulfuratus,CA,eBird,NA
Jynx torquilla,CA,eBird,NA
Sphyrapicus thyroideus,CA,eBird,NA
Sphyrapicus varius,CA,eBird,NA
Sphyrapicus nuchalis,CA,eBird,NA
Sphyrapicus ruber,CA,eBird,NA
Melanerpes lewis,CA,eBird,NA
Melanerpes erythrocephalus,CA,eBird,NA
Melanerpes formicivorus,CA,eBird,NA
Melanerpes uropygialis,CA,eBird,NA
Picoides arcticus,CA,eBird,NA
Dryobates pubescens,CA,eBird,NA
Dryobates nuttallii,CA,eBird,NA
Dryobates scalaris,CA,eBird,NA
Leuconotopicus villosus,CA,eBird,NA
Leuconotopicus albolarvatus,CA,eBird,NA
Dryocopus pileatus,CA,eBird,NA
Colaptes auratus,CA,eBird,NA
Colaptes chrysoides,CA,eBird,NA
Caracara plancus,CA,eBird,NA
Daptrius chimachima,CA,eBird,NA
Falco tinnunculus,CA,eBird,NA
Falco sparverius,CA,eBird,NA
Falco columbarius,CA,eBird,NA
Falco rusticolus,CA,eBird,NA
Falco peregrinus,CA,eBird,NA
Falco mexicanus,CA,eBird,NA
Nymphicus hollandicus,CA,eBird,NA
Cacatua galerita,CA,eBird,NA
Psittacula eupatria,CA,eBird,NA
Psittacula krameri,CA,eBird,NA
Neopsephotus bourkii,CA,eBird,NA
Platycercus elegans,CA,eBird,NA
Platycercus eximius,CA,eBird,NA
Melopsittacus undulatus,CA,eBird,NA
Trichoglossus moluccanus,CA,eBird,NA
Agapornis roseicollis,CA,eBird,NA
Agapornis fischeri,CA,eBird,NA
Agapornis personatus,CA,eBird,NA
Psittacus erithacus,CA,eBird,NA
Poicephalus meyeri,CA,eBird,NA
Myiopsitta monachus,CA,eBird,NA
Brotogeris versicolurus,CA,eBird,NA
Brotogeris chiriri,CA,eBird,NA
Pionus maximiliani,CA,eBird,NA
Amazona viridigenalis,CA,eBird,NA
Amazona finschi,CA,eBird,NA
Amazona autumnalis,CA,eBird,NA
Amazona oratrix,CA,eBird,NA
Amazona ochrocephala,CA,eBird,NA
Amazona aestiva,CA,eBird,NA
Amazona albifrons,CA,eBird,NA
Amazona farinosa,CA,eBird,NA
Amazona amazonica,CA,eBird,NA
Forpus coelestis,CA,eBird,NA
Pyrrhura frontalis,CA,eBird,NA
Pyrrhura molinae,CA,eBird,NA
Pyrrhura rupicola,CA,eBird,NA
Cyanoliseus patagonus,CA,eBird,NA
Anodorhynchus hyacinthinus,CA,eBird,NA
Eupsittula canicularis,CA,eBird,NA
Aratinga nenday,CA,eBird,NA
Aratinga solstitialis,CA,eBird,NA
Aratinga jandaya,CA,eBird,NA
Ara ararauna,CA,eBird,NA
Ara militaris,CA,eBird,NA
Ara macao,CA,eBird,NA
Ara chloropterus,CA,eBird,NA
Thectocercus acuticaudatus,CA,eBird,NA
Psittacara holochlorus,CA,eBird,NA
Psittacara mitratus,CA,eBird,NA
Psittacara erythrogenys,CA,eBird,NA
Psittacara leucophthalmus,CA,eBird,NA
Elaenia parvirostris,CA,eBird,NA
Contopus cooperi,CA,eBird,NA
Contopus pertinax,CA,eBird,NA
Contopus sordidulus,CA,eBird,NA
Contopus virens,CA,eBird,NA
Empidonax flaviventris,CA,eBird,NA
Empidonax alnorum,CA,eBird,NA
Empidonax traillii,CA,eBird,NA
Empidonax minimus,CA,eBird,NA
Empidonax hammondii,CA,eBird,NA
Empidonax wrightii,CA,eBird,NA
Empidonax oberholseri,CA,eBird,NA
Empidonax difficilis,CA,eBird,NA
Empidonax fulvifrons,CA,eBird,NA
Sayornis nigricans,CA,eBird,NA
Sayornis phoebe,CA,eBird,NA
Sayornis saya,CA,eBird,NA
Pyrocephalus rubinus,CA,eBird,NA
Myiarchus tuberculifer,CA,eBird,NA
Myiarchus cinerascens,CA,eBird,NA
Myiarchus nuttingi,CA,eBird,NA
Myiarchus crinitus,CA,eBird,NA
Myiarchus tyrannulus,CA,eBird,NA
Myiodynastes luteiventris,CA,eBird,NA
Tyrannus melancholicus,CA,eBird,NA
Tyrannus couchii,CA,eBird,NA
Tyrannus vociferans,CA,eBird,NA
Tyrannus crassirostris,CA,eBird,NA
Tyrannus verticalis,CA,eBird,NA
Tyrannus tyrannus,CA,eBird,NA
Tyrannus forficatus,CA,eBird,NA
Tyrannus savana,CA,eBird,NA
Vireo griseus,CA,eBird,NA
Vireo bellii,CA,eBird,NA
Vireo vicinior,CA,eBird,NA
Vireo huttoni,CA,eBird,NA
Vireo flavifrons,CA,eBird,NA
Vireo cassinii,CA,eBird,NA
Vireo solitarius,CA,eBird,NA
Vireo plumbeus,CA,eBird,NA
Vireo philadelphicus,CA,eBird,NA
Vireo gilvus,CA,eBird,NA
Vireo swainsoni,CA,eBird,NA
Vireo olivaceus,CA,eBird,NA
Vireo flavoviridis,CA,eBird,NA
Lanius cristatus,CA,eBird,NA
Lanius ludovicianus,CA,eBird,NA
Lanius borealis,CA,eBird,NA
Perisoreus canadensis,CA,eBird,NA
Cyanocorax colliei,CA,eBird,NA
Cyanocorax formosus,CA,eBird,NA
Cyanocorax yncas,CA,eBird,NA
Gymnorhinus cyanocephalus,CA,eBird,NA
Cyanocitta stelleri,CA,eBird,NA
Cyanocitta cristata,CA,eBird,NA
Aphelocoma insularis,CA,eBird,NA
Aphelocoma californica,CA,eBird,NA
Aphelocoma woodhouseii,CA,eBird,NA
Pica pica,CA,eBird,NA
Pica hudsonia,CA,eBird,NA
Pica nuttalli,CA,eBird,NA
Nucifraga columbiana,CA,eBird,NA
Corvus splendens,CA,eBird,NA
Corvus brachyrhynchos,CA,eBird,NA
Corvus albus,CA,eBird,NA
Corvus corax,CA,eBird,NA
Poecile atricapillus,CA,eBird,NA
Poecile gambeli,CA,eBird,NA
Poecile rufescens,CA,eBird,NA
Cyanistes caeruleus,CA,eBird,NA
Baeolophus inornatus,CA,eBird,NA
Baeolophus ridgwayi,CA,eBird,NA
Parus major,CA,eBird,NA
Parus cinereus,CA,eBird,NA
Auriparus flaviceps,CA,eBird,NA
Alauda arvensis,CA,eBird,NA
Eremophila alpestris,CA,eBird,NA
Locustella lanceolata,CA,eBird,NA
Riparia riparia,CA,eBird,NA
Tachycineta bicolor,CA,eBird,NA
Tachycineta thalassina,CA,eBird,NA
Progne subis,CA,eBird,NA
Stelgidopteryx serripennis,CA,eBird,NA
Hirundo rustica,CA,eBird,NA
Petrochelidon pyrrhonota,CA,eBird,NA
Petrochelidon fulva,CA,eBird,NA
Pycnonotus jocosus,CA,eBird,NA
Pycnonotus cafer,CA,eBird,NA
Pycnonotus leucotis,CA,eBird,NA
Phylloscopus sibilatrix,CA,eBird,NA
Phylloscopus inornatus,CA,eBird,NA
Phylloscopus fuscatus,CA,eBird,NA
Phylloscopus trochilus,CA,eBird,NA
Phylloscopus borealis,CA,eBird,NA
Psaltriparus minimus,CA,eBird,NA
Chamaea fasciata,CA,eBird,NA
Suthora webbiana,CA,eBird,NA
Zosterops simplex,CA,eBird,NA
Zosterops palpebrosus,CA,eBird,NA
Leiothrix lutea,CA,eBird,NA
Corthylio calendula,CA,eBird,NA
Regulus satrapa,CA,eBird,NA
Sitta carolinensis,CA,eBird,NA
Sitta pygmaea,CA,eBird,NA
Sitta canadensis,CA,eBird,NA
Certhia americana,CA,eBird,NA
Polioptila caerulea,CA,eBird,NA
Polioptila melanura,CA,eBird,NA
Polioptila californica,CA,eBird,NA
Salpinctes obsoletus,CA,eBird,NA
Catherpes mexicanus,CA,eBird,NA
Troglodytes aedon,CA,eBird,NA
Troglodytes pacificus,CA,eBird,NA
Troglodytes hiemalis,CA,eBird,NA
Cistothorus stellaris,CA,eBird,NA
Cistothorus palustris,CA,eBird,NA
Thryomanes bewickii,CA,eBird,NA
Campylorhynchus brunneicapillus,CA,eBird,NA
Cinclus mexicanus,CA,eBird,NA
Gracula religiosa,CA,eBird,NA
Sturnus vulgaris,CA,eBird,NA
Leucopsar rothschildi,CA,eBird,NA
Sturnia pagodarum,CA,eBird,NA
Acridotheres tristis,CA,eBird,NA
Acridotheres cristatellus,CA,eBird,NA
Lamprotornis purpureus,CA,eBird,NA
Melanotis caerulescens,CA,eBird,NA
Dumetella carolinensis,CA,eBird,NA
Toxostoma curvirostre,CA,eBird,NA
Toxostoma rufum,CA,eBird,NA
Toxostoma bendirei,CA,eBird,NA
Toxostoma cinereum,CA,eBird,NA
Toxostoma redivivum,CA,eBird,NA
Toxostoma lecontei,CA,eBird,NA
Toxostoma crissale,CA,eBird,NA
Oreoscoptes montanus,CA,eBird,NA
Mimus polyglottos,CA,eBird,NA
Sialia mexicana,CA,eBird,NA
Sialia currucoides,CA,eBird,NA
Myadestes townsendi,CA,eBird,NA
Ixoreus naevius,CA,eBird,NA
Catharus fuscescens,CA,eBird,NA
Catharus minimus,CA,eBird,NA
Catharus ustulatus,CA,eBird,NA
Catharus guttatus,CA,eBird,NA
Hylocichla mustelina,CA,eBird,NA
Turdus philomelos,CA,eBird,NA
Turdus merula,CA,eBird,NA
Turdus obscurus,CA,eBird,NA
Turdus migratorius,CA,eBird,NA
Turdus rufopalliatus,CA,eBird,NA
Muscicapa sibirica,CA,eBird,NA
Luscinia svecica,CA,eBird,NA
Calliope calliope,CA,eBird,NA
Tarsiger cyanurus,CA,eBird,NA
Ficedula albicilla,CA,eBird,NA
Monticola solitarius,CA,eBird,NA
Oenanthe oenanthe,CA,eBird,NA
Bombycilla garrulus,CA,eBird,NA
Bombycilla cedrorum,CA,eBird,NA
Ptiliogonys cinereus,CA,eBird,NA
Phainopepla nitens,CA,eBird,NA
Chloropsis aurifrons,CA,eBird,NA
Ploceus bojeri,CA,eBird,NA
Ploceus castaneiceps,CA,eBird,NA
Ploceus velatus,CA,eBird,NA
Ploceus cucullatus,CA,eBird,NA
Ploceus melanocephalus,CA,eBird,NA
Euplectes franciscanus,CA,eBird,NA
Euplectes orix,CA,eBird,NA
Euplectes nigroventris,CA,eBird,NA
Euplectes hordeaceus,CA,eBird,NA
Euplectes afer,CA,eBird,NA
Euplectes albonotatus,CA,eBird,NA
Stagonopleura guttata,CA,eBird,NA
Neochmia temporalis,CA,eBird,NA
Emblema ruficauda,CA,eBird,NA
Stizoptera bichenovii,CA,eBird,NA
Taeniopygia guttata,CA,eBird,NA
Spermestes cucullata,CA,eBird,NA
Euodice malabarica,CA,eBird,NA
Lonchura punctulata,CA,eBird,NA
Lonchura striata,CA,eBird,NA
Lonchura malacca,CA,eBird,NA
Lonchura atricapilla,CA,eBird,NA
Lonchura maja,CA,eBird,NA
Chloebia gouldiae,CA,eBird,NA
Estrilda melpoda,CA,eBird,NA
Estrilda astrild,CA,eBird,NA
Estrilda troglodytes,CA,eBird,NA
Estrilda rhodopyga,CA,eBird,NA
Amadina fasciata,CA,eBird,NA
Amandava subflava,CA,eBird,NA
Amandava amandava,CA,eBird,NA
Uraeginthus bengalus,CA,eBird,NA
Uraeginthus cyanocephalus,CA,eBird,NA
Pytilia melba,CA,eBird,NA
Hypargos niveoguttatus,CA,eBird,NA
Lagonosticta senegala,CA,eBird,NA
Lagonosticta rubricata,CA,eBird,NA
Vidua macroura,CA,eBird,NA
Vidua togoensis,CA,eBird,NA
Vidua obtusa,CA,eBird,NA
Vidua chalybeata,CA,eBird,NA
Passer domesticus,CA,eBird,NA
Passer montanus,CA,eBird,NA
Passer luteus,CA,eBird,NA
Motacilla cinerea,CA,eBird,NA
Motacilla tschutschensis,CA,eBird,NA
Motacilla citreola,CA,eBird,NA
Motacilla alba,CA,eBird,NA
Anthus hodgsoni,CA,eBird,NA
Anthus cervinus,CA,eBird,NA
Anthus japonicus,CA,eBird,NA
Anthus rubescens,CA,eBird,NA
Anthus spragueii,CA,eBird,NA
Fringilla montifringilla,CA,eBird,NA
Hesperiphona vespertina,CA,eBird,NA
Coccothraustes coccothraustes,CA,eBird,NA
Carpodacus erythrinus,CA,eBird,NA
Pinicola enucleator,CA,eBird,NA
Leucosticte tephrocotis,CA,eBird,NA
Leucosticte atrata,CA,eBird,NA
Haemorhous mexicanus,CA,eBird,NA
Haemorhous purpureus,CA,eBird,NA
Haemorhous cassinii,CA,eBird,NA
Chloris chloris,CA,eBird,NA
Chloris sinica,CA,eBird,NA
Crithagra leucopygia,CA,eBird,NA
Crithagra mozambica,CA,eBird,NA
Crithagra atrogularis,CA,eBird,NA
Crithagra striolata,CA,eBird,NA
Acanthis flammea,CA,eBird,NA
Loxia curvirostra,CA,eBird,NA
Loxia sinesciuris,CA,eBird,NA
Loxia leucoptera,CA,eBird,NA
Carduelis carduelis,CA,eBird,NA
Carduelis caniceps,CA,eBird,NA
Serinus serinus,CA,eBird,NA
Serinus canaria,CA,eBird,NA
Spinus pinus,CA,eBird,NA
Spinus psaltria,CA,eBird,NA
Spinus lawrencei,CA,eBird,NA
Spinus tristis,CA,eBird,NA
Spinus magellanicus,CA,eBird,NA
Spinus atratus,CA,eBird,NA
Calcarius lapponicus,CA,eBird,NA
Calcarius ornatus,CA,eBird,NA
Calcarius pictus,CA,eBird,NA
Rhynchophanes mccownii,CA,eBird,NA
Plectrophenax nivalis,CA,eBird,NA
Emberiza pusilla,CA,eBird,NA
Emberiza rustica,CA,eBird,NA
Peucaea cassinii,CA,eBird,NA
Ammodramus savannarum,CA,eBird,NA
Spizella passerina,CA,eBird,NA
Spizella pallida,CA,eBird,NA
Spizella atrogularis,CA,eBird,NA
Spizella pusilla,CA,eBird,NA
Spizella breweri,CA,eBird,NA
Amphispiza bilineata,CA,eBird,NA
Chondestes grammacus,CA,eBird,NA
Calamospiza melanocorys,CA,eBird,NA
Spizelloides arborea,CA,eBird,NA
Passerella iliaca,CA,eBird,NA
Junco hyemalis,CA,eBird,NA
Zonotrichia leucophrys,CA,eBird,NA
Zonotrichia atricapilla,CA,eBird,NA
Zonotrichia querula,CA,eBird,NA
Zonotrichia albicollis,CA,eBird,NA
Artemisiospiza nevadensis,CA,eBird,NA
Artemisiospiza belli,CA,eBird,NA
Pooecetes gramineus,CA,eBird,NA
Ammospiza leconteii,CA,eBird,NA
Ammospiza nelsoni,CA,eBird,NA
Passerculus sandwichensis,CA,eBird,NA
Centronyx bairdii,CA,eBird,NA
Melospiza melodia,CA,eBird,NA
Melospiza lincolnii,CA,eBird,NA
Melospiza georgiana,CA,eBird,NA
Melozone aberti,CA,eBird,NA
Melozone crissalis,CA,eBird,NA
Aimophila ruficeps,CA,eBird,NA
Pipilo chlorurus,CA,eBird,NA
Pipilo maculatus,CA,eBird,NA
Icteria virens,CA,eBird,NA
Xanthocephalus xanthocephalus,CA,eBird,NA
Dolichonyx oryzivorus,CA,eBird,NA
Sturnella neglecta,CA,eBird,NA
Sturnella magna,CA,eBird,NA
Sturnella lilianae,CA,eBird,NA
Psarocolius decumanus,CA,eBird,NA
Icterus spurius,CA,eBird,NA
Icterus cucullatus,CA,eBird,NA
Icterus cayanensis,CA,eBird,NA
Icterus icterus,CA,eBird,NA
Icterus pustulatus,CA,eBird,NA
Icterus bullockii,CA,eBird,NA
Icterus galbula,CA,eBird,NA
Icterus abeillei,CA,eBird,NA
Icterus parisorum,CA,eBird,NA
Agelaius phoeniceus,CA,eBird,NA
Agelaius tricolor,CA,eBird,NA
Molothrus aeneus,CA,eBird,NA
Molothrus ater,CA,eBird,NA
Euphagus carolinus,CA,eBird,NA
Euphagus cyanocephalus,CA,eBird,NA
Quiscalus quiscula,CA,eBird,NA
Quiscalus mexicanus,CA,eBird,NA
Seiurus aurocapilla,CA,eBird,NA
Helmitheros vermivorum,CA,eBird,NA
Parkesia motacilla,CA,eBird,NA
Parkesia noveboracensis,CA,eBird,NA
Vermivora chrysoptera,CA,eBird,NA
Vermivora cyanoptera,CA,eBird,NA
Mniotilta varia,CA,eBird,NA
Protonotaria citrea,CA,eBird,NA
Leiothlypis peregrina,CA,eBird,NA
Leiothlypis celata,CA,eBird,NA
Leiothlypis luciae,CA,eBird,NA
Leiothlypis ruficapilla,CA,eBird,NA
Leiothlypis virginiae,CA,eBird,NA
Oporornis agilis,CA,eBird,NA
Geothlypis tolmiei,CA,eBird,NA
Geothlypis philadelphia,CA,eBird,NA
Geothlypis formosa,CA,eBird,NA
Geothlypis trichas,CA,eBird,NA
Setophaga citrina,CA,eBird,NA
Setophaga ruticilla,CA,eBird,NA
Setophaga tigrina,CA,eBird,NA
Setophaga cerulea,CA,eBird,NA
Setophaga americana,CA,eBird,NA
Setophaga pitiayumi,CA,eBird,NA
Setophaga magnolia,CA,eBird,NA
Setophaga castanea,CA,eBird,NA
Setophaga fusca,CA,eBird,NA
Setophaga aestiva,CA,eBird,NA
Setophaga petechia,CA,eBird,NA
Setophaga pensylvanica,CA,eBird,NA
Setophaga striata,CA,eBird,NA
Setophaga caerulescens,CA,eBird,NA
Setophaga palmarum,CA,eBird,NA
Setophaga pinus,CA,eBird,NA
Setophaga coronata,CA,eBird,NA
Setophaga dominica,CA,eBird,NA
Setophaga discolor,CA,eBird,NA
Setophaga graciae,CA,eBird,NA
Setophaga nigrescens,CA,eBird,NA
Setophaga townsendi,CA,eBird,NA
Setophaga occidentalis,CA,eBird,NA
Setophaga chrysoparia,CA,eBird,NA
Setophaga virens,CA,eBird,NA
Cardellina canadensis,CA,eBird,NA
Cardellina pusilla,CA,eBird,NA
Cardellina rubrifrons,CA,eBird,NA
Myioborus pictus,CA,eBird,NA
Myioborus miniatus,CA,eBird,NA
Piranga flava,CA,eBird,NA
Piranga rubra,CA,eBird,NA
Piranga olivacea,CA,eBird,NA
Piranga ludoviciana,CA,eBird,NA
Cardinalis cardinalis,CA,eBird,NA
Cardinalis sinuatus,CA,eBird,NA
Pheucticus chrysopeplus,CA,eBird,NA
Pheucticus ludovicianus,CA,eBird,NA
Pheucticus melanocephalus,CA,eBird,NA
Passerina caerulea,CA,eBird,NA
Passerina amoena,CA,eBird,NA
Passerina cyanea,CA,eBird,NA
Passerina leclancherii,CA,eBird,NA
Passerina versicolor,CA,eBird,NA
Passerina ciris,CA,eBird,NA
Spiza americana,CA,eBird,NA
Paroaria coronata,CA,eBird,NA
Paroaria capitata,CA,eBird,NA
Tachyphonus rufus,CA,eBird,NA
Thraupis episcopus,CA,eBird,NA
Dacnis cayana,CA,eBird,NA
Sicalis flaveola,CA,eBird,NA
Sicalis luteola,CA,eBird,NA
Volatinia jacarina,CA,eBird,NA
Sporophila peruviana,CA,eBird,NA
Sporophila torqueola,CA,eBird,NA
Tiaris olivaceus,CA,eBird,NA
Dromaius novaehollandiae,CO,eBird,NA
Dendrocygna autumnalis,CO,eBird,NA
Anser indicus,CO,eBird,NA
Anser caerulescens,CO,eBird,NA
Anser rossii,CO,eBird,NA
Anser anser,CO,eBird,NA
Anser cygnoides,CO,eBird,NA
Anser albifrons,CO,eBird,NA
Anser brachyrhynchus,CO,eBird,NA
Branta bernicla,CO,eBird,NA
Branta leucopsis,CO,eBird,NA
Branta hutchinsii,CO,eBird,NA
Branta canadensis,CO,eBird,NA
Cygnus olor,CO,eBird,NA
Cygnus atratus,CO,eBird,NA
Cygnus buccinator,CO,eBird,NA
Cygnus columbianus,CO,eBird,NA
Tadorna tadorna,CO,eBird,NA
Cairina moschata,CO,eBird,NA
Aix sponsa,CO,eBird,NA
Aix galericulata,CO,eBird,NA
Sibirionetta formosa,CO,eBird,NA
Spatula querquedula,CO,eBird,NA
Spatula discors,CO,eBird,NA
Spatula cyanoptera,CO,eBird,NA
Spatula clypeata,CO,eBird,NA
Mareca strepera,CO,eBird,NA
Mareca penelope,CO,eBird,NA
Mareca americana,CO,eBird,NA
Anas platyrhynchos,CO,eBird,NA
Anas diazi,CO,eBird,NA
Anas rubripes,CO,eBird,NA
Anas fulvigula,CO,eBird,NA
Anas acuta,CO,eBird,NA
Anas crecca,CO,eBird,NA
Aythya valisineria,CO,eBird,NA
Aythya americana,CO,eBird,NA
Aythya collaris,CO,eBird,NA
Aythya fuligula,CO,eBird,NA
Aythya marila,CO,eBird,NA
Aythya affinis,CO,eBird,NA
Histrionicus histrionicus,CO,eBird,NA
Melanitta perspicillata,CO,eBird,NA
Melanitta deglandi,CO,eBird,NA
Melanitta americana,CO,eBird,NA
Clangula hyemalis,CO,eBird,NA
Bucephala albeola,CO,eBird,NA
Bucephala clangula,CO,eBird,NA
Bucephala islandica,CO,eBird,NA
Lophodytes cucullatus,CO,eBird,NA
Mergus merganser,CO,eBird,NA
Mergus serrator,CO,eBird,NA
Oxyura jamaicensis,CO,eBird,NA
Numida meleagris,CO,eBird,NA
Colinus virginianus,CO,eBird,NA
Callipepla squamata,CO,eBird,NA
Callipepla californica,CO,eBird,NA
Callipepla gambelii,CO,eBird,NA
Meleagris gallopavo,CO,eBird,NA
Bonasa umbellus,CO,eBird,NA
Centrocercus urophasianus,CO,eBird,NA
Centrocercus minimus,CO,eBird,NA
Dendragapus obscurus,CO,eBird,NA
Tympanuchus phasianellus,CO,eBird,NA
Tympanuchus cupido,CO,eBird,NA
Tympanuchus pallidicinctus,CO,eBird,NA
Lagopus leucura,CO,eBird,NA
Perdix perdix,CO,eBird,NA
Chrysolophus pictus,CO,eBird,NA
Phasianus colchicus,CO,eBird,NA
Phasianus versicolor,CO,eBird,NA
Pavo cristatus,CO,eBird,NA
Gallus gallus,CO,eBird,NA
Alectoris chukar,CO,eBird,NA
Columba livia,CO,eBird,NA
Patagioenas fasciata,CO,eBird,NA
Streptopelia decaocto,CO,eBird,NA
Streptopelia roseogrisea,CO,eBird,NA
Columbina inca,CO,eBird,NA
Columbina passerina,CO,eBird,NA
Columbina talpacoti,CO,eBird,NA
Zenaida asiatica,CO,eBird,NA
Zenaida macroura,CO,eBird,NA
Crotophaga sulcirostris,CO,eBird,NA
Geococcyx californianus,CO,eBird,NA
Coccyzus americanus,CO,eBird,NA
Coccyzus erythropthalmus,CO,eBird,NA
Chordeiles acutipennis,CO,eBird,NA
Chordeiles minor,CO,eBird,NA
Phalaenoptilus nuttallii,CO,eBird,NA
Antrostomus vociferus,CO,eBird,NA
Antrostomus arizonae,CO,eBird,NA
Cypseloides niger,CO,eBird,NA
Chaetura pelagica,CO,eBird,NA
Chaetura vauxi,CO,eBird,NA
Aeronautes saxatalis,CO,eBird,NA
Colibri thalassinus,CO,eBird,NA
Eugenes fulgens,CO,eBird,NA
Lampornis clemenciae,CO,eBird,NA
Archilochus colubris,CO,eBird,NA
Archilochus alexandri,CO,eBird,NA
Calypte anna,CO,eBird,NA
Calypte costae,CO,eBird,NA
Selasphorus calliope,CO,eBird,NA
Selasphorus rufus,CO,eBird,NA
Selasphorus platycercus,CO,eBird,NA
Cynanthus latirostris,CO,eBird,NA
Basilinna leucotis,CO,eBird,NA
Rallus elegans,CO,eBird,NA
Rallus limicola,CO,eBird,NA
Porzana carolina,CO,eBird,NA
Gallinula galeata,CO,eBird,NA
Fulica americana,CO,eBird,NA
Porphyrio martinica,CO,eBird,NA
Coturnicops noveboracensis,CO,eBird,NA
Laterallus jamaicensis,CO,eBird,NA
Aramus guarauna,CO,eBird,NA
Antigone canadensis,CO,eBird,NA
Grus americana,CO,eBird,NA
Himantopus mexicanus,CO,eBird,NA
Recurvirostra americana,CO,eBird,NA
Pluvialis squatarola,CO,eBird,NA
Pluvialis dominica,CO,eBird,NA
Charadrius vociferus,CO,eBird,NA
Charadrius semipalmatus,CO,eBird,NA
Charadrius melodus,CO,eBird,NA
Anarhynchus montanus,CO,eBird,NA
Anarhynchus nivosus,CO,eBird,NA
Bartramia longicauda,CO,eBird,NA
Numenius hudsonicus,CO,eBird,NA
Numenius americanus,CO,eBird,NA
Limosa haemastica,CO,eBird,NA
Limosa fedoa,CO,eBird,NA
Limnodromus griseus,CO,eBird,NA
Limnodromus scolopaceus,CO,eBird,NA
Scolopax minor,CO,eBird,NA
Gallinago delicata,CO,eBird,NA
Phalaropus tricolor,CO,eBird,NA
Phalaropus fulicarius,CO,eBird,NA
Phalaropus lobatus,CO,eBird,NA
Actitis macularius,CO,eBird,NA
Tringa solitaria,CO,eBird,NA
Tringa flavipes,CO,eBird,NA
Tringa semipalmata,CO,eBird,NA
Tringa melanoleuca,CO,eBird,NA
Arenaria interpres,CO,eBird,NA
Calidris canutus,CO,eBird,NA
Calidris pugnax,CO,eBird,NA
Calidris acuminata,CO,eBird,NA
Calidris ferruginea,CO,eBird,NA
Calidris himantopus,CO,eBird,NA
Calidris subruficollis,CO,eBird,NA
Calidris alba,CO,eBird,NA
Calidris alpina,CO,eBird,NA
Calidris maritima,CO,eBird,NA
Calidris bairdii,CO,eBird,NA
Calidris fuscicollis,CO,eBird,NA
Calidris minutilla,CO,eBird,NA
Calidris melanotos,CO,eBird,NA
Calidris mauri,CO,eBird,NA
Calidris pusilla,CO,eBird,NA
Stercorarius longicaudus,CO,eBird,NA
Stercorarius parasiticus,CO,eBird,NA
Stercorarius pomarinus,CO,eBird,NA
Brachyramphus perdix,CO,eBird,NA
Synthliboramphus antiquus,CO,eBird,NA
Hydrocoloeus minutus,CO,eBird,NA
Rhodostethia rosea,CO,eBird,NA
Rissa tridactyla,CO,eBird,NA
Pagophila eburnea,CO,eBird,NA
Xema sabini,CO,eBird,NA
Chroicocephalus philadelphia,CO,eBird,NA
Chroicocephalus ridibundus,CO,eBird,NA
Leucophaeus atricilla,CO,eBird,NA
Leucophaeus pipixcan,CO,eBird,NA
Larus brachyrhynchus,CO,eBird,NA
Larus delawarensis,CO,eBird,NA
Larus occidentalis,CO,eBird,NA
Larus dominicanus,CO,eBird,NA
Larus smithsonianus,CO,eBird,NA
Larus marinus,CO,eBird,NA
Larus hyperboreus,CO,eBird,NA
Larus fuscus,CO,eBird,NA
Larus californicus,CO,eBird,NA
Larus glaucescens,CO,eBird,NA
Larus schistisagus,CO,eBird,NA
Larus glaucoides,CO,eBird,NA
Rynchops niger,CO,eBird,NA
Onychoprion fuscatus,CO,eBird,NA
Sternula antillarum,CO,eBird,NA
Hydroprogne caspia,CO,eBird,NA
Chlidonias niger,CO,eBird,NA
Sterna forsteri,CO,eBird,NA
Sterna paradisaea,CO,eBird,NA
Sterna hirundo,CO,eBird,NA
Thalasseus sandvicensis,CO,eBird,NA
Thalasseus maximus,CO,eBird,NA
Podilymbus podiceps,CO,eBird,NA
Podiceps auritus,CO,eBird,NA
Podiceps grisegena,CO,eBird,NA
Podiceps nigricollis,CO,eBird,NA
Aechmophorus occidentalis,CO,eBird,NA
Aechmophorus clarkii,CO,eBird,NA
Gavia stellata,CO,eBird,NA
Gavia arctica,CO,eBird,NA
Gavia pacifica,CO,eBird,NA
Gavia immer,CO,eBird,NA
Gavia adamsii,CO,eBird,NA
Mycteria americana,CO,eBird,NA
Fregata magnificens,CO,eBird,NA
Sula leucogaster,CO,eBird,NA
Sula brewsteri,CO,eBird,NA
Anhinga anhinga,CO,eBird,NA
Nannopterum auritum,CO,eBird,NA
Nannopterum brasilianum,CO,eBird,NA
Eudocimus albus,CO,eBird,NA
Plegadis falcinellus,CO,eBird,NA
Plegadis chihi,CO,eBird,NA
Platalea ajaja,CO,eBird,NA
Botaurus lentiginosus,CO,eBird,NA
Botaurus exilis,CO,eBird,NA
Nyctanassa violacea,CO,eBird,NA
Nycticorax nycticorax,CO,eBird,NA
Egretta caerulea,CO,eBird,NA
Egretta tricolor,CO,eBird,NA
Egretta rufescens,CO,eBird,NA
Egretta thula,CO,eBird,NA
Butorides virescens,CO,eBird,NA
Ardea ibis,CO,eBird,NA
Ardea alba,CO,eBird,NA
Ardea herodias,CO,eBird,NA
Pelecanus erythrorhynchos,CO,eBird,NA
Pelecanus occidentalis,CO,eBird,NA
Coragyps atratus,CO,eBird,NA
Cathartes aura,CO,eBird,NA
Pandion haliaetus,CO,eBird,NA
Elanus leucurus,CO,eBird,NA
Elanoides forficatus,CO,eBird,NA
Aquila chrysaetos,CO,eBird,NA
Accipiter striatus,CO,eBird,NA
Astur cooperii,CO,eBird,NA
Astur atricapillus,CO,eBird,NA
Circus hudsonius,CO,eBird,NA
Haliaeetus leucocephalus,CO,eBird,NA
Ictinia mississippiensis,CO,eBird,NA
Buteogallus anthracinus,CO,eBird,NA
Parabuteo unicinctus,CO,eBird,NA
Geranoaetus polyosoma,CO,eBird,NA
Buteo platypterus,CO,eBird,NA
Buteo lineatus,CO,eBird,NA
Buteo albonotatus,CO,eBird,NA
Buteo swainsoni,CO,eBird,NA
Buteo jamaicensis,CO,eBird,NA
Buteo lagopus,CO,eBird,NA
Buteo regalis,CO,eBird,NA
Tyto furcata,CO,eBird,NA
Psiloscops flammeolus,CO,eBird,NA
Megascops kennicottii,CO,eBird,NA
Megascops asio,CO,eBird,NA
Bubo scandiacus,CO,eBird,NA
Bubo virginianus,CO,eBird,NA
Glaucidium gnoma,CO,eBird,NA
Athene cunicularia,CO,eBird,NA
Strix occidentalis,CO,eBird,NA
Strix varia,CO,eBird,NA
Asio otus,CO,eBird,NA
Asio flammeus,CO,eBird,NA
Aegolius funereus,CO,eBird,NA
Aegolius acadicus,CO,eBird,NA
Megaceryle alcyon,CO,eBird,NA
Sphyrapicus thyroideus,CO,eBird,NA
Sphyrapicus varius,CO,eBird,NA
Sphyrapicus nuchalis,CO,eBird,NA
Sphyrapicus ruber,CO,eBird,NA
Melanerpes lewis,CO,eBird,NA
Melanerpes erythrocephalus,CO,eBird,NA
Melanerpes formicivorus,CO,eBird,NA
Melanerpes aurifrons,CO,eBird,NA
Melanerpes carolinus,CO,eBird,NA
Picoides dorsalis,CO,eBird,NA
Dryobates pubescens,CO,eBird,NA
Dryobates scalaris,CO,eBird,NA
Leuconotopicus villosus,CO,eBird,NA
Colaptes auratus,CO,eBird,NA
Caracara plancus,CO,eBird,NA
Falco sparverius,CO,eBird,NA
Falco columbarius,CO,eBird,NA
Falco rusticolus,CO,eBird,NA
Falco peregrinus,CO,eBird,NA
Falco mexicanus,CO,eBird,NA
Nymphicus hollandicus,CO,eBird,NA
Psittacula krameri,CO,eBird,NA
Melopsittacus undulatus,CO,eBird,NA
Myiopsitta monachus,CO,eBird,NA
Amazona viridigenalis,CO,eBird,NA
Aratinga nenday,CO,eBird,NA
Contopus cooperi,CO,eBird,NA
Contopus sordidulus,CO,eBird,NA
Contopus virens,CO,eBird,NA
Empidonax flaviventris,CO,eBird,NA
Empidonax virescens,CO,eBird,NA
Empidonax alnorum,CO,eBird,NA
Empidonax traillii,CO,eBird,NA
Empidonax minimus,CO,eBird,NA
Empidonax hammondii,CO,eBird,NA
Empidonax wrightii,CO,eBird,NA
Empidonax oberholseri,CO,eBird,NA
Empidonax difficilis,CO,eBird,NA
Empidonax fulvifrons,CO,eBird,NA
Sayornis nigricans,CO,eBird,NA
Sayornis phoebe,CO,eBird,NA
Sayornis saya,CO,eBird,NA
Pyrocephalus rubinus,CO,eBird,NA
Myiarchus cinerascens,CO,eBird,NA
Myiarchus crinitus,CO,eBird,NA
Myiarchus tyrannulus,CO,eBird,NA
Pitangus sulphuratus,CO,eBird,NA
Myiodynastes luteiventris,CO,eBird,NA
Tyrannus melancholicus,CO,eBird,NA
Tyrannus couchii,CO,eBird,NA
Tyrannus vociferans,CO,eBird,NA
Tyrannus crassirostris,CO,eBird,NA
Tyrannus verticalis,CO,eBird,NA
Tyrannus tyrannus,CO,eBird,NA
Tyrannus forficatus,CO,eBird,NA
Tyrannus savana,CO,eBird,NA
Vireo griseus,CO,eBird,NA
Vireo bellii,CO,eBird,NA
Vireo vicinior,CO,eBird,NA
Vireo flavifrons,CO,eBird,NA
Vireo cassinii,CO,eBird,NA
Vireo solitarius,CO,eBird,NA
Vireo plumbeus,CO,eBird,NA
Vireo philadelphicus,CO,eBird,NA
Vireo gilvus,CO,eBird,NA
Vireo swainsoni,CO,eBird,NA
Vireo olivaceus,CO,eBird,NA
Vireo flavoviridis,CO,eBird,NA
Lanius ludovicianus,CO,eBird,NA
Lanius borealis,CO,eBird,NA
Perisoreus canadensis,CO,eBird,NA
Gymnorhinus cyanocephalus,CO,eBird,NA
Cyanocitta stelleri,CO,eBird,NA
Cyanocitta cristata,CO,eBird,NA
Aphelocoma woodhouseii,CO,eBird,NA
Pica hudsonia,CO,eBird,NA
Nucifraga columbiana,CO,eBird,NA
Corvus brachyrhynchos,CO,eBird,NA
Corvus cryptoleucus,CO,eBird,NA
Corvus corax,CO,eBird,NA
Poecile atricapillus,CO,eBird,NA
Poecile gambeli,CO,eBird,NA
Baeolophus ridgwayi,CO,eBird,NA
Eremophila alpestris,CO,eBird,NA
Riparia riparia,CO,eBird,NA
Tachycineta bicolor,CO,eBird,NA
Tachycineta thalassina,CO,eBird,NA
Progne subis,CO,eBird,NA
Stelgidopteryx serripennis,CO,eBird,NA
Hirundo rustica,CO,eBird,NA
Petrochelidon pyrrhonota,CO,eBird,NA
Petrochelidon fulva,CO,eBird,NA
Psaltriparus minimus,CO,eBird,NA
Corthylio calendula,CO,eBird,NA
Regulus satrapa,CO,eBird,NA
Sitta carolinensis,CO,eBird,NA
Sitta pygmaea,CO,eBird,NA
Sitta canadensis,CO,eBird,NA
Certhia americana,CO,eBird,NA
Polioptila caerulea,CO,eBird,NA
Salpinctes obsoletus,CO,eBird,NA
Catherpes mexicanus,CO,eBird,NA
Troglodytes aedon,CO,eBird,NA
Troglodytes pacificus,CO,eBird,NA
Troglodytes hiemalis,CO,eBird,NA
Cistothorus stellaris,CO,eBird,NA
Cistothorus palustris,CO,eBird,NA
Thryothorus ludovicianus,CO,eBird,NA
Thryomanes bewickii,CO,eBird,NA
Campylorhynchus brunneicapillus,CO,eBird,NA
Cinclus mexicanus,CO,eBird,NA
Sturnus vulgaris,CO,eBird,NA
Acridotheres tristis,CO,eBird,NA
Dumetella carolinensis,CO,eBird,NA
Toxostoma curvirostre,CO,eBird,NA
Toxostoma rufum,CO,eBird,NA
Toxostoma longirostre,CO,eBird,NA
Toxostoma bendirei,CO,eBird,NA
Toxostoma crissale,CO,eBird,NA
Oreoscoptes montanus,CO,eBird,NA
Mimus polyglottos,CO,eBird,NA
Sialia sialis,CO,eBird,NA
Sialia mexicana,CO,eBird,NA
Sialia currucoides,CO,eBird,NA
Myadestes townsendi,CO,eBird,NA
Ixoreus naevius,CO,eBird,NA
Catharus fuscescens,CO,eBird,NA
Catharus minimus,CO,eBird,NA
Catharus ustulatus,CO,eBird,NA
Catharus guttatus,CO,eBird,NA
Hylocichla mustelina,CO,eBird,NA
Turdus migratorius,CO,eBird,NA
Turdus rufopalliatus,CO,eBird,NA
Bombycilla garrulus,CO,eBird,NA
Bombycilla cedrorum,CO,eBird,NA
Phainopepla nitens,CO,eBird,NA
Euplectes franciscanus,CO,eBird,NA
Taeniopygia guttata,CO,eBird,NA
Lonchura punctulata,CO,eBird,NA
Passer domesticus,CO,eBird,NA
Anthus rubescens,CO,eBird,NA
Anthus spragueii,CO,eBird,NA
Fringilla montifringilla,CO,eBird,NA
Hesperiphona vespertina,CO,eBird,NA
Pinicola enucleator,CO,eBird,NA
Leucosticte tephrocotis,CO,eBird,NA
Leucosticte atrata,CO,eBird,NA
Leucosticte australis,CO,eBird,NA
Haemorhous mexicanus,CO,eBird,NA
Haemorhous purpureus,CO,eBird,NA
Haemorhous cassinii,CO,eBird,NA
Acanthis flammea,CO,eBird,NA
Loxia curvirostra,CO,eBird,NA
Loxia sinesciuris,CO,eBird,NA
Loxia leucoptera,CO,eBird,NA
Carduelis carduelis,CO,eBird,NA
Serinus canaria,CO,eBird,NA
Spinus pinus,CO,eBird,NA
Spinus psaltria,CO,eBird,NA
Spinus lawrencei,CO,eBird,NA
Spinus tristis,CO,eBird,NA
Calcarius lapponicus,CO,eBird,NA
Calcarius ornatus,CO,eBird,NA
Calcarius pictus,CO,eBird,NA
Rhynchophanes mccownii,CO,eBird,NA
Plectrophenax nivalis,CO,eBird,NA
Peucaea cassinii,CO,eBird,NA
Ammodramus savannarum,CO,eBird,NA
Spizella passerina,CO,eBird,NA
Spizella pallida,CO,eBird,NA
Spizella atrogularis,CO,eBird,NA
Spizella pusilla,CO,eBird,NA
Spizella breweri,CO,eBird,NA
Amphispiza bilineata,CO,eBird,NA
Chondestes grammacus,CO,eBird,NA
Calamospiza melanocorys,CO,eBird,NA
Spizelloides arborea,CO,eBird,NA
Passerella iliaca,CO,eBird,NA
Junco hyemalis,CO,eBird,NA
Zonotrichia capensis,CO,eBird,NA
Zonotrichia leucophrys,CO,eBird,NA
Zonotrichia atricapilla,CO,eBird,NA
Zonotrichia querula,CO,eBird,NA
Zonotrichia albicollis,CO,eBird,NA
Artemisiospiza nevadensis,CO,eBird,NA
Pooecetes gramineus,CO,eBird,NA
Ammospiza leconteii,CO,eBird,NA
Ammospiza nelsoni,CO,eBird,NA
Passerculus sandwichensis,CO,eBird,NA
Centronyx bairdii,CO,eBird,NA
Centronyx henslowii,CO,eBird,NA
Melospiza melodia,CO,eBird,NA
Melospiza lincolnii,CO,eBird,NA
Melospiza georgiana,CO,eBird,NA
Melozone fusca,CO,eBird,NA
Aimophila ruficeps,CO,eBird,NA
Pipilo chlorurus,CO,eBird,NA
Pipilo maculatus,CO,eBird,NA
Pipilo erythrophthalmus,CO,eBird,NA
Icteria virens,CO,eBird,NA
Xanthocephalus xanthocephalus,CO,eBird,NA
Dolichonyx oryzivorus,CO,eBird,NA
Sturnella neglecta,CO,eBird,NA
Sturnella magna,CO,eBird,NA
Sturnella lilianae,CO,eBird,NA
Icterus spurius,CO,eBird,NA
Icterus cucullatus,CO,eBird,NA
Icterus pustulatus,CO,eBird,NA
Icterus bullockii,CO,eBird,NA
Icterus galbula,CO,eBird,NA
Icterus parisorum,CO,eBird,NA
Agelaius phoeniceus,CO,eBird,NA
Molothrus aeneus,CO,eBird,NA
Molothrus ater,CO,eBird,NA
Euphagus carolinus,CO,eBird,NA
Euphagus cyanocephalus,CO,eBird,NA
Quiscalus quiscula,CO,eBird,NA
Quiscalus mexicanus,CO,eBird,NA
Seiurus aurocapilla,CO,eBird,NA
Helmitheros vermivorum,CO,eBird,NA
Parkesia motacilla,CO,eBird,NA
Parkesia noveboracensis,CO,eBird,NA
Vermivora chrysoptera,CO,eBird,NA
Vermivora cyanoptera,CO,eBird,NA
Mniotilta varia,CO,eBird,NA
Protonotaria citrea,CO,eBird,NA
Limnothlypis swainsonii,CO,eBird,NA
Leiothlypis peregrina,CO,eBird,NA
Leiothlypis celata,CO,eBird,NA
Leiothlypis luciae,CO,eBird,NA
Leiothlypis ruficapilla,CO,eBird,NA
Leiothlypis virginiae,CO,eBird,NA
Oporornis agilis,CO,eBird,NA
Geothlypis tolmiei,CO,eBird,NA
Geothlypis philadelphia,CO,eBird,NA
Geothlypis formosa,CO,eBird,NA
Geothlypis trichas,CO,eBird,NA
Setophaga citrina,CO,eBird,NA
Setophaga ruticilla,CO,eBird,NA
Setophaga tigrina,CO,eBird,NA
Setophaga cerulea,CO,eBird,NA
Setophaga americana,CO,eBird,NA
Setophaga pitiayumi,CO,eBird,NA
Setophaga magnolia,CO,eBird,NA
Setophaga castanea,CO,eBird,NA
Setophaga fusca,CO,eBird,NA
Setophaga aestiva,CO,eBird,NA
Setophaga pensylvanica,CO,eBird,NA
Setophaga striata,CO,eBird,NA
Setophaga caerulescens,CO,eBird,NA
Setophaga palmarum,CO,eBird,NA
Setophaga pinus,CO,eBird,NA
Setophaga coronata,CO,eBird,NA
Setophaga dominica,CO,eBird,NA
Setophaga discolor,CO,eBird,NA
Setophaga graciae,CO,eBird,NA
Setophaga nigrescens,CO,eBird,NA
Setophaga townsendi,CO,eBird,NA
Setophaga occidentalis,CO,eBird,NA
Setophaga virens,CO,eBird,NA
Basileuterus culicivorus,CO,eBird,NA
Cardellina canadensis,CO,eBird,NA
Cardellina pusilla,CO,eBird,NA
Cardellina rubrifrons,CO,eBird,NA
Myioborus pictus,CO,eBird,NA
Piranga flava,CO,eBird,NA
Piranga rubra,CO,eBird,NA
Piranga olivacea,CO,eBird,NA
Piranga ludoviciana,CO,eBird,NA
Cardinalis cardinalis,CO,eBird,NA
Cardinalis sinuatus,CO,eBird,NA
Pheucticus chrysopeplus,CO,eBird,NA
Pheucticus ludovicianus,CO,eBird,NA
Pheucticus melanocephalus,CO,eBird,NA
Passerina caerulea,CO,eBird,NA
Passerina amoena,CO,eBird,NA
Passerina cyanea,CO,eBird,NA
Passerina versicolor,CO,eBird,NA
Passerina ciris,CO,eBird,NA
Spiza americana,CO,eBird,NA
Dendrocygna autumnalis,CT,eBird,NA
Dendrocygna bicolor,CT,eBird,NA
Anser caerulescens,CT,eBird,NA
Anser rossii,CT,eBird,NA
Anser anser,CT,eBird,NA
Anser cygnoides,CT,eBird,NA
Anser albifrons,CT,eBird,NA
Anser brachyrhynchus,CT,eBird,NA
Branta bernicla,CT,eBird,NA
Branta leucopsis,CT,eBird,NA
Branta hutchinsii,CT,eBird,NA
Branta canadensis,CT,eBird,NA
Cygnus olor,CT,eBird,NA
Cygnus atratus,CT,eBird,NA
Cygnus buccinator,CT,eBird,NA
Cygnus columbianus,CT,eBird,NA
Alopochen aegyptiaca,CT,eBird,NA
Tadorna ferruginea,CT,eBird,NA
Tadorna tadorna,CT,eBird,NA
Cairina moschata,CT,eBird,NA
Aix sponsa,CT,eBird,NA
Aix galericulata,CT,eBird,NA
Spatula discors,CT,eBird,NA
Spatula cyanoptera,CT,eBird,NA
Spatula clypeata,CT,eBird,NA
Mareca strepera,CT,eBird,NA
Mareca penelope,CT,eBird,NA
Mareca americana,CT,eBird,NA
Anas platyrhynchos,CT,eBird,NA
Anas rubripes,CT,eBird,NA
Anas acuta,CT,eBird,NA
Anas crecca,CT,eBird,NA
Netta rufina,CT,eBird,NA
Aythya valisineria,CT,eBird,NA
Aythya americana,CT,eBird,NA
Aythya collaris,CT,eBird,NA
Aythya fuligula,CT,eBird,NA
Aythya marila,CT,eBird,NA
Aythya affinis,CT,eBird,NA
Camptorhynchus labradorius,CT,eBird,NA
Somateria spectabilis,CT,eBird,NA
Somateria mollissima,CT,eBird,NA
Histrionicus histrionicus,CT,eBird,NA
Melanitta perspicillata,CT,eBird,NA
Melanitta deglandi,CT,eBird,NA
Melanitta americana,CT,eBird,NA
Clangula hyemalis,CT,eBird,NA
Bucephala albeola,CT,eBird,NA
Bucephala clangula,CT,eBird,NA
Bucephala islandica,CT,eBird,NA
Lophodytes cucullatus,CT,eBird,NA
Mergus merganser,CT,eBird,NA
Mergus serrator,CT,eBird,NA
Oxyura jamaicensis,CT,eBird,NA
Numida meleagris,CT,eBird,NA
Colinus virginianus,CT,eBird,NA
Callipepla squamata,CT,eBird,NA
Meleagris gallopavo,CT,eBird,NA
Bonasa umbellus,CT,eBird,NA
Tympanuchus phasianellus,CT,eBird,NA
Tympanuchus cupido,CT,eBird,NA
Chrysolophus pictus,CT,eBird,NA
Phasianus colchicus,CT,eBird,NA
Phasianus versicolor,CT,eBird,NA
Pavo cristatus,CT,eBird,NA
Gallus gallus,CT,eBird,NA
Alectoris chukar,CT,eBird,NA
Columba livia,CT,eBird,NA
Patagioenas fasciata,CT,eBird,NA
Ectopistes migratorius,CT,eBird,NA
Streptopelia decaocto,CT,eBird,NA
Streptopelia roseogrisea,CT,eBird,NA
Columbina passerina,CT,eBird,NA
Zenaida asiatica,CT,eBird,NA
Zenaida macroura,CT,eBird,NA
Coccyzus americanus,CT,eBird,NA
Coccyzus erythropthalmus,CT,eBird,NA
Chordeiles minor,CT,eBird,NA
Antrostomus carolinensis,CT,eBird,NA
Antrostomus vociferus,CT,eBird,NA
Chaetura pelagica,CT,eBird,NA
Colibri thalassinus,CT,eBird,NA
Archilochus colubris,CT,eBird,NA
Archilochus alexandri,CT,eBird,NA
Selasphorus calliope,CT,eBird,NA
Selasphorus rufus,CT,eBird,NA
Cynanthus latirostris,CT,eBird,NA
Rallus elegans,CT,eBird,NA
Rallus crepitans,CT,eBird,NA
Rallus limicola,CT,eBird,NA
Crex crex,CT,eBird,NA
Porzana carolina,CT,eBird,NA
Gallinula galeata,CT,eBird,NA
Fulica americana,CT,eBird,NA
Porphyrio martinica,CT,eBird,NA
Coturnicops noveboracensis,CT,eBird,NA
Laterallus jamaicensis,CT,eBird,NA
Antigone canadensis,CT,eBird,NA
Himantopus mexicanus,CT,eBird,NA
Recurvirostra americana,CT,eBird,NA
Haematopus palliatus,CT,eBird,NA
Pluvialis squatarola,CT,eBird,NA
Pluvialis dominica,CT,eBird,NA
Pluvialis fulva,CT,eBird,NA
Charadrius vociferus,CT,eBird,NA
Charadrius hiaticula,CT,eBird,NA
Charadrius semipalmatus,CT,eBird,NA
Charadrius melodus,CT,eBird,NA
Vanellus vanellus,CT,eBird,NA
Anarhynchus wilsonia,CT,eBird,NA
Anarhynchus alexandrinus,CT,eBird,NA
Bartramia longicauda,CT,eBird,NA
Numenius hudsonicus,CT,eBird,NA
Numenius phaeopus,CT,eBird,NA
Numenius borealis,CT,eBird,NA
Numenius americanus,CT,eBird,NA
Limosa lapponica,CT,eBird,NA
Limosa limosa,CT,eBird,NA
Limosa haemastica,CT,eBird,NA
Limosa fedoa,CT,eBird,NA
Limnodromus griseus,CT,eBird,NA
Limnodromus scolopaceus,CT,eBird,NA
Scolopax minor,CT,eBird,NA
Gallinago delicata,CT,eBird,NA
Phalaropus tricolor,CT,eBird,NA
Phalaropus fulicarius,CT,eBird,NA
Phalaropus lobatus,CT,eBird,NA
Actitis macularius,CT,eBird,NA
Tringa solitaria,CT,eBird,NA
Tringa flavipes,CT,eBird,NA
Tringa semipalmata,CT,eBird,NA
Tringa erythropus,CT,eBird,NA
Tringa melanoleuca,CT,eBird,NA
Arenaria interpres,CT,eBird,NA
Calidris canutus,CT,eBird,NA
Calidris pugnax,CT,eBird,NA
Calidris acuminata,CT,eBird,NA
Calidris ferruginea,CT,eBird,NA
Calidris himantopus,CT,eBird,NA
Calidris ruficollis,CT,eBird,NA
Calidris subruficollis,CT,eBird,NA
Calidris alba,CT,eBird,NA
Calidris alpina,CT,eBird,NA
Calidris maritima,CT,eBird,NA
Calidris bairdii,CT,eBird,NA
Calidris minuta,CT,eBird,NA
Calidris fuscicollis,CT,eBird,NA
Calidris minutilla,CT,eBird,NA
Calidris melanotos,CT,eBird,NA
Calidris mauri,CT,eBird,NA
Calidris pusilla,CT,eBird,NA
Stercorarius longicaudus,CT,eBird,NA
Stercorarius parasiticus,CT,eBird,NA
Stercorarius pomarinus,CT,eBird,NA
Fratercula arctica,CT,eBird,NA
Cepphus grylle,CT,eBird,NA
Alca torda,CT,eBird,NA
Alle alle,CT,eBird,NA
Uria lomvia,CT,eBird,NA
Uria aalge,CT,eBird,NA
Hydrocoloeus minutus,CT,eBird,NA
Rhodostethia rosea,CT,eBird,NA
Rissa tridactyla,CT,eBird,NA
Pagophila eburnea,CT,eBird,NA
Xema sabini,CT,eBird,NA
Chroicocephalus philadelphia,CT,eBird,NA
Chroicocephalus ridibundus,CT,eBird,NA
Leucophaeus atricilla,CT,eBird,NA
Leucophaeus pipixcan,CT,eBird,NA
Larus canus,CT,eBird,NA
Larus brachyrhynchus,CT,eBird,NA
Larus delawarensis,CT,eBird,NA
Larus smithsonianus,CT,eBird,NA
Larus vegae,CT,eBird,NA
Larus marinus,CT,eBird,NA
Larus hyperboreus,CT,eBird,NA
Larus fuscus,CT,eBird,NA
Larus californicus,CT,eBird,NA
Larus schistisagus,CT,eBird,NA
Larus glaucoides,CT,eBird,NA
Rynchops niger,CT,eBird,NA
Onychoprion fuscatus,CT,eBird,NA
Onychoprion anaethetus,CT,eBird,NA
Sternula antillarum,CT,eBird,NA
Gelochelidon nilotica,CT,eBird,NA
Hydroprogne caspia,CT,eBird,NA
Chlidonias niger,CT,eBird,NA
Sterna forsteri,CT,eBird,NA
Sterna paradisaea,CT,eBird,NA
Sterna hirundo,CT,eBird,NA
Sterna dougallii,CT,eBird,NA
Thalasseus sandvicensis,CT,eBird,NA
Thalasseus maximus,CT,eBird,NA
Podilymbus podiceps,CT,eBird,NA
Podiceps auritus,CT,eBird,NA
Podiceps grisegena,CT,eBird,NA
Podiceps nigricollis,CT,eBird,NA
Aechmophorus occidentalis,CT,eBird,NA
Phaethon lepturus,CT,eBird,NA
Gavia stellata,CT,eBird,NA
Gavia pacifica,CT,eBird,NA
Gavia immer,CT,eBird,NA
Oceanites oceanicus,CT,eBird,NA
Pelagodroma marina,CT,eBird,NA
Hydrobates leucorhous,CT,eBird,NA
Hydrobates castro,CT,eBird,NA
Fulmarus glacialis,CT,eBird,NA
Pterodroma hasitata,CT,eBird,NA
Calonectris borealis,CT,eBird,NA
Ardenna gravis,CT,eBird,NA
Ardenna grisea,CT,eBird,NA
Puffinus puffinus,CT,eBird,NA
Puffinus lherminieri,CT,eBird,NA
Mycteria americana,CT,eBird,NA
Fregata magnificens,CT,eBird,NA
Morus bassanus,CT,eBird,NA
Sula leucogaster,CT,eBird,NA
Anhinga anhinga,CT,eBird,NA
Phalacrocorax carbo,CT,eBird,NA
Nannopterum auritum,CT,eBird,NA
Eudocimus albus,CT,eBird,NA
Plegadis falcinellus,CT,eBird,NA
Plegadis chihi,CT,eBird,NA
Platalea ajaja,CT,eBird,NA
Botaurus lentiginosus,CT,eBird,NA
Botaurus exilis,CT,eBird,NA
Nyctanassa violacea,CT,eBird,NA
Nycticorax nycticorax,CT,eBird,NA
Egretta caerulea,CT,eBird,NA
Egretta tricolor,CT,eBird,NA
Egretta thula,CT,eBird,NA
Egretta garzetta,CT,eBird,NA
Butorides virescens,CT,eBird,NA
Ardea ibis,CT,eBird,NA
Ardea alba,CT,eBird,NA
Ardea herodias,CT,eBird,NA
Pelecanus erythrorhynchos,CT,eBird,NA
Pelecanus occidentalis,CT,eBird,NA
Coragyps atratus,CT,eBird,NA
Cathartes aura,CT,eBird,NA
Pandion haliaetus,CT,eBird,NA
Elanus leucurus,CT,eBird,NA
Elanoides forficatus,CT,eBird,NA
Aquila chrysaetos,CT,eBird,NA
Accipiter striatus,CT,eBird,NA
Astur cooperii,CT,eBird,NA
Astur atricapillus,CT,eBird,NA
Circus hudsonius,CT,eBird,NA
Haliaeetus leucocephalus,CT,eBird,NA
Ictinia mississippiensis,CT,eBird,NA
Buteo platypterus,CT,eBird,NA
Buteo lineatus,CT,eBird,NA
Buteo albonotatus,CT,eBird,NA
Buteo swainsoni,CT,eBird,NA
Buteo jamaicensis,CT,eBird,NA
Buteo lagopus,CT,eBird,NA
Tyto furcata,CT,eBird,NA
Megascops asio,CT,eBird,NA
Bubo scandiacus,CT,eBird,NA
Bubo virginianus,CT,eBird,NA
Surnia ulula,CT,eBird,NA
Athene cunicularia,CT,eBird,NA
Strix varia,CT,eBird,NA
Strix nebulosa,CT,eBird,NA
Asio otus,CT,eBird,NA
Asio flammeus,CT,eBird,NA
Aegolius funereus,CT,eBird,NA
Aegolius acadicus,CT,eBird,NA
Megaceryle alcyon,CT,eBird,NA
Sphyrapicus varius,CT,eBird,NA
Melanerpes erythrocephalus,CT,eBird,NA
Melanerpes carolinus,CT,eBird,NA
Picoides arcticus,CT,eBird,NA
Dryobates pubescens,CT,eBird,NA
Leuconotopicus villosus,CT,eBird,NA
Dryocopus pileatus,CT,eBird,NA
Colaptes auratus,CT,eBird,NA
Falco sparverius,CT,eBird,NA
Falco columbarius,CT,eBird,NA
Falco rusticolus,CT,eBird,NA
Falco peregrinus,CT,eBird,NA
Nymphicus hollandicus,CT,eBird,NA
Melopsittacus undulatus,CT,eBird,NA
Trichoglossus moluccanus,CT,eBird,NA
Agapornis roseicollis,CT,eBird,NA
Poicephalus senegalus,CT,eBird,NA
Myiopsitta monachus,CT,eBird,NA
Eupsittula aurea,CT,eBird,NA
Aratinga nenday,CT,eBird,NA
Aratinga solstitialis,CT,eBird,NA
Contopus cooperi,CT,eBird,NA
Contopus virens,CT,eBird,NA
Empidonax flaviventris,CT,eBird,NA
Empidonax virescens,CT,eBird,NA
Empidonax alnorum,CT,eBird,NA
Empidonax traillii,CT,eBird,NA
Empidonax minimus,CT,eBird,NA
Empidonax wrightii,CT,eBird,NA
Empidonax difficilis,CT,eBird,NA
Sayornis phoebe,CT,eBird,NA
Sayornis saya,CT,eBird,NA
Myiarchus cinerascens,CT,eBird,NA
Myiarchus crinitus,CT,eBird,NA
Tyrannus melancholicus,CT,eBird,NA
Tyrannus vociferans,CT,eBird,NA
Tyrannus verticalis,CT,eBird,NA
Tyrannus tyrannus,CT,eBird,NA
Tyrannus dominicensis,CT,eBird,NA
Tyrannus forficatus,CT,eBird,NA
Tyrannus savana,CT,eBird,NA
Vireo griseus,CT,eBird,NA
Vireo bellii,CT,eBird,NA
Vireo flavifrons,CT,eBird,NA
Vireo solitarius,CT,eBird,NA
Vireo philadelphicus,CT,eBird,NA
Vireo gilvus,CT,eBird,NA
Vireo swainsoni,CT,eBird,NA
Vireo olivaceus,CT,eBird,NA
Lanius ludovicianus,CT,eBird,NA
Lanius borealis,CT,eBird,NA
Cyanocitta cristata,CT,eBird,NA
Coloeus monedula,CT,eBird,NA
Corvus brachyrhynchos,CT,eBird,NA
Corvus ossifragus,CT,eBird,NA
Corvus corax,CT,eBird,NA
Poecile atricapillus,CT,eBird,NA
Poecile hudsonicus,CT,eBird,NA
Baeolophus bicolor,CT,eBird,NA
Eremophila alpestris,CT,eBird,NA
Riparia riparia,CT,eBird,NA
Tachycineta bicolor,CT,eBird,NA
Tachycineta thalassina,CT,eBird,NA
Progne subis,CT,eBird,NA
Progne tapera,CT,eBird,NA
Stelgidopteryx serripennis,CT,eBird,NA
Hirundo rustica,CT,eBird,NA
Petrochelidon pyrrhonota,CT,eBird,NA
Petrochelidon fulva,CT,eBird,NA
Corthylio calendula,CT,eBird,NA
Regulus satrapa,CT,eBird,NA
Sitta carolinensis,CT,eBird,NA
Sitta canadensis,CT,eBird,NA
Certhia americana,CT,eBird,NA
Polioptila caerulea,CT,eBird,NA
Troglodytes aedon,CT,eBird,NA
Troglodytes hiemalis,CT,eBird,NA
Cistothorus stellaris,CT,eBird,NA
Cistothorus palustris,CT,eBird,NA
Thryothorus ludovicianus,CT,eBird,NA
Sturnus vulgaris,CT,eBird,NA
Dumetella carolinensis,CT,eBird,NA
Toxostoma rufum,CT,eBird,NA
Mimus polyglottos,CT,eBird,NA
Sialia sialis,CT,eBird,NA
Sialia currucoides,CT,eBird,NA
Myadestes townsendi,CT,eBird,NA
Ixoreus naevius,CT,eBird,NA
Catharus fuscescens,CT,eBird,NA
Catharus minimus,CT,eBird,NA
Catharus bicknelli,CT,eBird,NA
Catharus ustulatus,CT,eBird,NA
Catharus guttatus,CT,eBird,NA
Hylocichla mustelina,CT,eBird,NA
Turdus pilaris,CT,eBird,NA
Turdus migratorius,CT,eBird,NA
Oenanthe oenanthe,CT,eBird,NA
Bombycilla garrulus,CT,eBird,NA
Bombycilla cedrorum,CT,eBird,NA
Euplectes franciscanus,CT,eBird,NA
Euplectes orix,CT,eBird,NA
Taeniopygia guttata,CT,eBird,NA
Estrilda melpoda,CT,eBird,NA
Passer domesticus,CT,eBird,NA
Passer montanus,CT,eBird,NA
Anthus rubescens,CT,eBird,NA
Anthus spragueii,CT,eBird,NA
Fringilla montifringilla,CT,eBird,NA
Hesperiphona vespertina,CT,eBird,NA
Pinicola enucleator,CT,eBird,NA
Haemorhous mexicanus,CT,eBird,NA
Haemorhous purpureus,CT,eBird,NA
Crithagra mozambica,CT,eBird,NA
Acanthis flammea,CT,eBird,NA
Loxia curvirostra,CT,eBird,NA
Loxia leucoptera,CT,eBird,NA
Carduelis carduelis,CT,eBird,NA
Spinus pinus,CT,eBird,NA
Spinus tristis,CT,eBird,NA
Calcarius lapponicus,CT,eBird,NA
Calcarius ornatus,CT,eBird,NA
Calcarius pictus,CT,eBird,NA
Plectrophenax nivalis,CT,eBird,NA
Ammodramus savannarum,CT,eBird,NA
Spizella passerina,CT,eBird,NA
Spizella pallida,CT,eBird,NA
Spizella pusilla,CT,eBird,NA
Spizella breweri,CT,eBird,NA
Chondestes grammacus,CT,eBird,NA
Calamospiza melanocorys,CT,eBird,NA
Spizelloides arborea,CT,eBird,NA
Passerella iliaca,CT,eBird,NA
Junco hyemalis,CT,eBird,NA
Zonotrichia leucophrys,CT,eBird,NA
Zonotrichia atricapilla,CT,eBird,NA
Zonotrichia querula,CT,eBird,NA
Zonotrichia albicollis,CT,eBird,NA
Pooecetes gramineus,CT,eBird,NA
Ammospiza leconteii,CT,eBird,NA
Ammospiza maritima,CT,eBird,NA
Ammospiza nelsoni,CT,eBird,NA
Ammospiza caudacuta,CT,eBird,NA
Passerculus sandwichensis,CT,eBird,NA
Centronyx henslowii,CT,eBird,NA
Melospiza melodia,CT,eBird,NA
Melospiza lincolnii,CT,eBird,NA
Melospiza georgiana,CT,eBird,NA
Pipilo chlorurus,CT,eBird,NA
Pipilo maculatus,CT,eBird,NA
Pipilo erythrophthalmus,CT,eBird,NA
Icteria virens,CT,eBird,NA
Xanthocephalus xanthocephalus,CT,eBird,NA
Dolichonyx oryzivorus,CT,eBird,NA
Sturnella neglecta,CT,eBird,NA
Sturnella magna,CT,eBird,NA
Icterus spurius,CT,eBird,NA
Icterus bullockii,CT,eBird,NA
Icterus galbula,CT,eBird,NA
Agelaius phoeniceus,CT,eBird,NA
Molothrus ater,CT,eBird,NA
Euphagus carolinus,CT,eBird,NA
Euphagus cyanocephalus,CT,eBird,NA
Quiscalus quiscula,CT,eBird,NA
Quiscalus major,CT,eBird,NA
Seiurus aurocapilla,CT,eBird,NA
Helmitheros vermivorum,CT,eBird,NA
Parkesia motacilla,CT,eBird,NA
Parkesia noveboracensis,CT,eBird,NA
Vermivora chrysoptera,CT,eBird,NA
Vermivora cyanoptera,CT,eBird,NA
Mniotilta varia,CT,eBird,NA
Protonotaria citrea,CT,eBird,NA
Leiothlypis peregrina,CT,eBird,NA
Leiothlypis celata,CT,eBird,NA
Leiothlypis ruficapilla,CT,eBird,NA
Oporornis agilis,CT,eBird,NA
Geothlypis tolmiei,CT,eBird,NA
Geothlypis philadelphia,CT,eBird,NA
Geothlypis formosa,CT,eBird,NA
Geothlypis trichas,CT,eBird,NA
Setophaga citrina,CT,eBird,NA
Setophaga ruticilla,CT,eBird,NA
Setophaga tigrina,CT,eBird,NA
Setophaga cerulea,CT,eBird,NA
Setophaga americana,CT,eBird,NA
Setophaga magnolia,CT,eBird,NA
Setophaga castanea,CT,eBird,NA
Setophaga fusca,CT,eBird,NA
Setophaga aestiva,CT,eBird,NA
Setophaga pensylvanica,CT,eBird,NA
Setophaga striata,CT,eBird,NA
Setophaga caerulescens,CT,eBird,NA
Setophaga palmarum,CT,eBird,NA
Setophaga pinus,CT,eBird,NA
Setophaga coronata,CT,eBird,NA
Setophaga dominica,CT,eBird,NA
Setophaga discolor,CT,eBird,NA
Setophaga nigrescens,CT,eBird,NA
Setophaga townsendi,CT,eBird,NA
Setophaga occidentalis,CT,eBird,NA
Setophaga virens,CT,eBird,NA
Cardellina canadensis,CT,eBird,NA
Cardellina pusilla,CT,eBird,NA
Piranga rubra,CT,eBird,NA
Piranga olivacea,CT,eBird,NA
Piranga ludoviciana,CT,eBird,NA
Cardinalis cardinalis,CT,eBird,NA
Pheucticus ludovicianus,CT,eBird,NA
Pheucticus melanocephalus,CT,eBird,NA
Passerina caerulea,CT,eBird,NA
Passerina amoena,CT,eBird,NA
Passerina cyanea,CT,eBird,NA
Passerina ciris,CT,eBird,NA
Spiza americana,CT,eBird,NA
Sporophila telasco,CT,eBird,NA
Dendrocygna autumnalis,DE,eBird,NA
Dendrocygna bicolor,DE,eBird,NA
Anser indicus,DE,eBird,NA
Anser caerulescens,DE,eBird,NA
Anser rossii,DE,eBird,NA
Anser anser,DE,eBird,NA
Anser cygnoides,DE,eBird,NA
Anser albifrons,DE,eBird,NA
Anser brachyrhynchus,DE,eBird,NA
Branta bernicla,DE,eBird,NA
Branta leucopsis,DE,eBird,NA
Branta hutchinsii,DE,eBird,NA
Branta canadensis,DE,eBird,NA
Cygnus olor,DE,eBird,NA
Cygnus atratus,DE,eBird,NA
Cygnus buccinator,DE,eBird,NA
Cygnus columbianus,DE,eBird,NA
Cygnus cygnus,DE,eBird,NA
Alopochen aegyptiaca,DE,eBird,NA
Tadorna ferruginea,DE,eBird,NA
Tadorna tadorna,DE,eBird,NA
Cairina moschata,DE,eBird,NA
Callonetta leucophrys,DE,eBird,NA
Aix sponsa,DE,eBird,NA
Spatula querquedula,DE,eBird,NA
Spatula discors,DE,eBird,NA
Spatula cyanoptera,DE,eBird,NA
Spatula clypeata,DE,eBird,NA
Mareca strepera,DE,eBird,NA
Mareca penelope,DE,eBird,NA
Mareca americana,DE,eBird,NA
Anas platyrhynchos,DE,eBird,NA
Anas rubripes,DE,eBird,NA
Anas acuta,DE,eBird,NA
Anas crecca,DE,eBird,NA
Aythya valisineria,DE,eBird,NA
Aythya americana,DE,eBird,NA
Aythya collaris,DE,eBird,NA
Aythya fuligula,DE,eBird,NA
Aythya marila,DE,eBird,NA
Aythya affinis,DE,eBird,NA
Somateria spectabilis,DE,eBird,NA
Somateria mollissima,DE,eBird,NA
Histrionicus histrionicus,DE,eBird,NA
Melanitta perspicillata,DE,eBird,NA
Melanitta deglandi,DE,eBird,NA
Melanitta americana,DE,eBird,NA
Clangula hyemalis,DE,eBird,NA
Bucephala albeola,DE,eBird,NA
Bucephala clangula,DE,eBird,NA
Lophodytes cucullatus,DE,eBird,NA
Mergus merganser,DE,eBird,NA
Mergus serrator,DE,eBird,NA
Oxyura jamaicensis,DE,eBird,NA
Numida meleagris,DE,eBird,NA
Colinus virginianus,DE,eBird,NA
Meleagris gallopavo,DE,eBird,NA
Bonasa umbellus,DE,eBird,NA
Phasianus colchicus,DE,eBird,NA
Pavo cristatus,DE,eBird,NA
Gallus gallus,DE,eBird,NA
Alectoris chukar,DE,eBird,NA
Columba livia,DE,eBird,NA
Streptopelia decaocto,DE,eBird,NA
Columbina passerina,DE,eBird,NA
Zenaida asiatica,DE,eBird,NA
Zenaida macroura,DE,eBird,NA
Coccyzus americanus,DE,eBird,NA
Coccyzus erythropthalmus,DE,eBird,NA
Chordeiles minor,DE,eBird,NA
Antrostomus carolinensis,DE,eBird,NA
Antrostomus vociferus,DE,eBird,NA
Chaetura pelagica,DE,eBird,NA
Archilochus colubris,DE,eBird,NA
Archilochus alexandri,DE,eBird,NA
Selasphorus calliope,DE,eBird,NA
Selasphorus rufus,DE,eBird,NA
Selasphorus sasin,DE,eBird,NA
Rallus elegans,DE,eBird,NA
Rallus crepitans,DE,eBird,NA
Rallus limicola,DE,eBird,NA
Porzana carolina,DE,eBird,NA
Gallinula galeata,DE,eBird,NA
Fulica americana,DE,eBird,NA
Porphyrio martinica,DE,eBird,NA
Porphyrio poliocephalus,DE,eBird,NA
Coturnicops noveboracensis,DE,eBird,NA
Laterallus jamaicensis,DE,eBird,NA
Antigone canadensis,DE,eBird,NA
Himantopus mexicanus,DE,eBird,NA
Recurvirostra americana,DE,eBird,NA
Haematopus palliatus,DE,eBird,NA
Pluvialis squatarola,DE,eBird,NA
Pluvialis apricaria,DE,eBird,NA
Pluvialis dominica,DE,eBird,NA
Pluvialis fulva,DE,eBird,NA
Charadrius vociferus,DE,eBird,NA
Charadrius semipalmatus,DE,eBird,NA
Charadrius melodus,DE,eBird,NA
Vanellus vanellus,DE,eBird,NA
Anarhynchus wilsonia,DE,eBird,NA
Bartramia longicauda,DE,eBird,NA
Numenius hudsonicus,DE,eBird,NA
Numenius phaeopus,DE,eBird,NA
Limosa lapponica,DE,eBird,NA
Limosa limosa,DE,eBird,NA
Limosa haemastica,DE,eBird,NA
Limosa fedoa,DE,eBird,NA
Limnodromus griseus,DE,eBird,NA
Limnodromus scolopaceus,DE,eBird,NA
Scolopax minor,DE,eBird,NA
Gallinago delicata,DE,eBird,NA
Phalaropus tricolor,DE,eBird,NA
Phalaropus fulicarius,DE,eBird,NA
Phalaropus lobatus,DE,eBird,NA
Actitis macularius,DE,eBird,NA
Tringa solitaria,DE,eBird,NA
Tringa glareola,DE,eBird,NA
Tringa flavipes,DE,eBird,NA
Tringa semipalmata,DE,eBird,NA
Tringa melanoleuca,DE,eBird,NA
Arenaria interpres,DE,eBird,NA
Calidris canutus,DE,eBird,NA
Calidris pugnax,DE,eBird,NA
Calidris acuminata,DE,eBird,NA
Calidris ferruginea,DE,eBird,NA
Calidris himantopus,DE,eBird,NA
Calidris ruficollis,DE,eBird,NA
Calidris subruficollis,DE,eBird,NA
Calidris alba,DE,eBird,NA
Calidris alpina,DE,eBird,NA
Calidris maritima,DE,eBird,NA
Calidris bairdii,DE,eBird,NA
Calidris minuta,DE,eBird,NA
Calidris fuscicollis,DE,eBird,NA
Calidris minutilla,DE,eBird,NA
Calidris melanotos,DE,eBird,NA
Calidris mauri,DE,eBird,NA
Calidris pusilla,DE,eBird,NA
Stercorarius longicaudus,DE,eBird,NA
Stercorarius parasiticus,DE,eBird,NA
Stercorarius pomarinus,DE,eBird,NA
Stercorarius skua,DE,eBird,NA
Stercorarius maccormicki,DE,eBird,NA
Fratercula arctica,DE,eBird,NA
Cepphus grylle,DE,eBird,NA
Alca torda,DE,eBird,NA
Alle alle,DE,eBird,NA
Uria lomvia,DE,eBird,NA
Uria aalge,DE,eBird,NA
Synthliboramphus antiquus,DE,eBird,NA
Hydrocoloeus minutus,DE,eBird,NA
Rhodostethia rosea,DE,eBird,NA
Rissa tridactyla,DE,eBird,NA
Xema sabini,DE,eBird,NA
Chroicocephalus philadelphia,DE,eBird,NA
Chroicocephalus novaehollandiae,DE,eBird,NA
Chroicocephalus ridibundus,DE,eBird,NA
Leucophaeus atricilla,DE,eBird,NA
Leucophaeus pipixcan,DE,eBird,NA
Larus canus,DE,eBird,NA
Larus delawarensis,DE,eBird,NA
Larus dominicanus,DE,eBird,NA
Larus smithsonianus,DE,eBird,NA
Larus marinus,DE,eBird,NA
Larus hyperboreus,DE,eBird,NA
Larus fuscus,DE,eBird,NA
Larus californicus,DE,eBird,NA
Larus schistisagus,DE,eBird,NA
Larus glaucoides,DE,eBird,NA
Rynchops niger,DE,eBird,NA
Onychoprion fuscatus,DE,eBird,NA
Onychoprion anaethetus,DE,eBird,NA
Sternula antillarum,DE,eBird,NA
Gelochelidon nilotica,DE,eBird,NA
Hydroprogne caspia,DE,eBird,NA
Chlidonias hybrida,DE,eBird,NA
Chlidonias niger,DE,eBird,NA
Chlidonias leucopterus,DE,eBird,NA
Sterna forsteri,DE,eBird,NA
Sterna paradisaea,DE,eBird,NA
Sterna hirundo,DE,eBird,NA
Sterna dougallii,DE,eBird,NA
Thalasseus sandvicensis,DE,eBird,NA
Thalasseus elegans,DE,eBird,NA
Thalasseus maximus,DE,eBird,NA
Phoenicopterus ruber,DE,eBird,NA
Podilymbus podiceps,DE,eBird,NA
Podiceps auritus,DE,eBird,NA
Podiceps grisegena,DE,eBird,NA
Podiceps nigricollis,DE,eBird,NA
Aechmophorus occidentalis,DE,eBird,NA
Phaethon lepturus,DE,eBird,NA
Gavia stellata,DE,eBird,NA
Gavia pacifica,DE,eBird,NA
Gavia immer,DE,eBird,NA
Oceanites oceanicus,DE,eBird,NA
Pelagodroma marina,DE,eBird,NA
Hydrobates leucorhous,DE,eBird,NA
Hydrobates castro,DE,eBird,NA
Fulmarus glacialis,DE,eBird,NA
Pterodroma hasitata,DE,eBird,NA
Calonectris borealis,DE,eBird,NA
Calonectris diomedea,DE,eBird,NA
Ardenna gravis,DE,eBird,NA
Ardenna grisea,DE,eBird,NA
Puffinus puffinus,DE,eBird,NA
Puffinus lherminieri,DE,eBird,NA
Mycteria americana,DE,eBird,NA
Fregata magnificens,DE,eBird,NA
Morus bassanus,DE,eBird,NA
Sula leucogaster,DE,eBird,NA
Sula dactylatra,DE,eBird,NA
Anhinga anhinga,DE,eBird,NA
Phalacrocorax carbo,DE,eBird,NA
Nannopterum auritum,DE,eBird,NA
Nannopterum brasilianum,DE,eBird,NA
Eudocimus albus,DE,eBird,NA
Plegadis falcinellus,DE,eBird,NA
Plegadis chihi,DE,eBird,NA
Platalea ajaja,DE,eBird,NA
Botaurus lentiginosus,DE,eBird,NA
Botaurus exilis,DE,eBird,NA
Nyctanassa violacea,DE,eBird,NA
Nycticorax nycticorax,DE,eBird,NA
Egretta caerulea,DE,eBird,NA
Egretta tricolor,DE,eBird,NA
Egretta rufescens,DE,eBird,NA
Egretta thula,DE,eBird,NA
Egretta garzetta,DE,eBird,NA
Butorides virescens,DE,eBird,NA
Ardea ibis,DE,eBird,NA
Ardea alba,DE,eBird,NA
Ardea herodias,DE,eBird,NA
Pelecanus erythrorhynchos,DE,eBird,NA
Pelecanus occidentalis,DE,eBird,NA
Coragyps atratus,DE,eBird,NA
Cathartes aura,DE,eBird,NA
Pandion haliaetus,DE,eBird,NA
Elanoides forficatus,DE,eBird,NA
Aquila chrysaetos,DE,eBird,NA
Accipiter striatus,DE,eBird,NA
Astur cooperii,DE,eBird,NA
Astur atricapillus,DE,eBird,NA
Circus hudsonius,DE,eBird,NA
Haliaeetus leucocephalus,DE,eBird,NA
Ictinia mississippiensis,DE,eBird,NA
Buteo platypterus,DE,eBird,NA
Buteo lineatus,DE,eBird,NA
Buteo albonotatus,DE,eBird,NA
Buteo swainsoni,DE,eBird,NA
Buteo jamaicensis,DE,eBird,NA
Buteo lagopus,DE,eBird,NA
Tyto furcata,DE,eBird,NA
Megascops asio,DE,eBird,NA
Bubo scandiacus,DE,eBird,NA
Bubo virginianus,DE,eBird,NA
Athene cunicularia,DE,eBird,NA
Strix varia,DE,eBird,NA
Asio otus,DE,eBird,NA
Asio flammeus,DE,eBird,NA
Aegolius acadicus,DE,eBird,NA
Megaceryle alcyon,DE,eBird,NA
Sphyrapicus varius,DE,eBird,NA
Melanerpes erythrocephalus,DE,eBird,NA
Melanerpes carolinus,DE,eBird,NA
Dryobates pubescens,DE,eBird,NA
Leuconotopicus villosus,DE,eBird,NA
Dryocopus pileatus,DE,eBird,NA
Colaptes auratus,DE,eBird,NA
Caracara plancus,DE,eBird,NA
Daptrius chimachima,DE,eBird,NA
Falco sparverius,DE,eBird,NA
Falco columbarius,DE,eBird,NA
Falco rusticolus,DE,eBird,NA
Falco peregrinus,DE,eBird,NA
Nymphicus hollandicus,DE,eBird,NA
Melopsittacus undulatus,DE,eBird,NA
Myiopsitta monachus,DE,eBird,NA
Aratinga nenday,DE,eBird,NA
Contopus cooperi,DE,eBird,NA
Contopus virens,DE,eBird,NA
Empidonax flaviventris,DE,eBird,NA
Empidonax virescens,DE,eBird,NA
Empidonax alnorum,DE,eBird,NA
Empidonax traillii,DE,eBird,NA
Empidonax minimus,DE,eBird,NA
Empidonax hammondii,DE,eBird,NA
Empidonax wrightii,DE,eBird,NA
Empidonax oberholseri,DE,eBird,NA
Empidonax difficilis,DE,eBird,NA
Sayornis phoebe,DE,eBird,NA
Sayornis saya,DE,eBird,NA
Pyrocephalus rubinus,DE,eBird,NA
Myiarchus cinerascens,DE,eBird,NA
Myiarchus crinitus,DE,eBird,NA
Tyrannus melancholicus,DE,eBird,NA
Tyrannus verticalis,DE,eBird,NA
Tyrannus tyrannus,DE,eBird,NA
Tyrannus dominicensis,DE,eBird,NA
Tyrannus forficatus,DE,eBird,NA
Tyrannus savana,DE,eBird,NA
Vireo griseus,DE,eBird,NA
Vireo bellii,DE,eBird,NA
Vireo flavifrons,DE,eBird,NA
Vireo solitarius,DE,eBird,NA
Vireo philadelphicus,DE,eBird,NA
Vireo gilvus,DE,eBird,NA
Vireo olivaceus,DE,eBird,NA
Lanius ludovicianus,DE,eBird,NA
Lanius borealis,DE,eBird,NA
Cyanocitta cristata,DE,eBird,NA
Corvus brachyrhynchos,DE,eBird,NA
Corvus ossifragus,DE,eBird,NA
Corvus corax,DE,eBird,NA
Poecile carolinensis,DE,eBird,NA
Poecile atricapillus,DE,eBird,NA
Poecile hudsonicus,DE,eBird,NA
Baeolophus bicolor,DE,eBird,NA
Eremophila alpestris,DE,eBird,NA
Riparia riparia,DE,eBird,NA
Tachycineta bicolor,DE,eBird,NA
Progne subis,DE,eBird,NA
Stelgidopteryx serripennis,DE,eBird,NA
Hirundo rustica,DE,eBird,NA
Petrochelidon pyrrhonota,DE,eBird,NA
Petrochelidon fulva,DE,eBird,NA
Corthylio calendula,DE,eBird,NA
Regulus satrapa,DE,eBird,NA
Sitta carolinensis,DE,eBird,NA
Sitta pusilla,DE,eBird,NA
Sitta canadensis,DE,eBird,NA
Certhia americana,DE,eBird,NA
Polioptila caerulea,DE,eBird,NA
Troglodytes aedon,DE,eBird,NA
Troglodytes hiemalis,DE,eBird,NA
Cistothorus stellaris,DE,eBird,NA
Cistothorus palustris,DE,eBird,NA
Thryothorus ludovicianus,DE,eBird,NA
Thryomanes bewickii,DE,eBird,NA
Sturnus vulgaris,DE,eBird,NA
Dumetella carolinensis,DE,eBird,NA
Toxostoma rufum,DE,eBird,NA
Oreoscoptes montanus,DE,eBird,NA
Mimus polyglottos,DE,eBird,NA
Sialia sialis,DE,eBird,NA
Myadestes townsendi,DE,eBird,NA
Ixoreus naevius,DE,eBird,NA
Catharus fuscescens,DE,eBird,NA
Catharus minimus,DE,eBird,NA
Catharus bicknelli,DE,eBird,NA
Catharus ustulatus,DE,eBird,NA
Catharus guttatus,DE,eBird,NA
Hylocichla mustelina,DE,eBird,NA
Turdus pilaris,DE,eBird,NA
Turdus migratorius,DE,eBird,NA
Oenanthe oenanthe,DE,eBird,NA
Bombycilla cedrorum,DE,eBird,NA
Passer domesticus,DE,eBird,NA
Anthus rubescens,DE,eBird,NA
Hesperiphona vespertina,DE,eBird,NA
Pinicola enucleator,DE,eBird,NA
Haemorhous mexicanus,DE,eBird,NA
Haemorhous purpureus,DE,eBird,NA
Crithagra mozambica,DE,eBird,NA
Acanthis flammea,DE,eBird,NA
Loxia curvirostra,DE,eBird,NA
Loxia leucoptera,DE,eBird,NA
Carduelis carduelis,DE,eBird,NA
Spinus pinus,DE,eBird,NA
Spinus psaltria,DE,eBird,NA
Spinus tristis,DE,eBird,NA
Calcarius lapponicus,DE,eBird,NA
Plectrophenax nivalis,DE,eBird,NA
Ammodramus savannarum,DE,eBird,NA
Spizella passerina,DE,eBird,NA
Spizella pallida,DE,eBird,NA
Spizella pusilla,DE,eBird,NA
Chondestes grammacus,DE,eBird,NA
Calamospiza melanocorys,DE,eBird,NA
Spizelloides arborea,DE,eBird,NA
Passerella iliaca,DE,eBird,NA
Junco hyemalis,DE,eBird,NA
Zonotrichia leucophrys,DE,eBird,NA
Zonotrichia querula,DE,eBird,NA
Zonotrichia albicollis,DE,eBird,NA
Pooecetes gramineus,DE,eBird,NA
Ammospiza leconteii,DE,eBird,NA
Ammospiza maritima,DE,eBird,NA
Ammospiza nelsoni,DE,eBird,NA
Ammospiza caudacuta,DE,eBird,NA
Passerculus sandwichensis,DE,eBird,NA
Centronyx henslowii,DE,eBird,NA
Melospiza melodia,DE,eBird,NA
Melospiza lincolnii,DE,eBird,NA
Melospiza georgiana,DE,eBird,NA
Pipilo chlorurus,DE,eBird,NA
Pipilo maculatus,DE,eBird,NA
Pipilo erythrophthalmus,DE,eBird,NA
Icteria virens,DE,eBird,NA
Xanthocephalus xanthocephalus,DE,eBird,NA
Dolichonyx oryzivorus,DE,eBird,NA
Sturnella magna,DE,eBird,NA
Icterus spurius,DE,eBird,NA
Icterus galbula,DE,eBird,NA
Agelaius phoeniceus,DE,eBird,NA
Molothrus ater,DE,eBird,NA
Euphagus carolinus,DE,eBird,NA
Euphagus cyanocephalus,DE,eBird,NA
Quiscalus quiscula,DE,eBird,NA
Quiscalus major,DE,eBird,NA
Seiurus aurocapilla,DE,eBird,NA
Helmitheros vermivorum,DE,eBird,NA
Parkesia motacilla,DE,eBird,NA
Parkesia noveboracensis,DE,eBird,NA
Vermivora chrysoptera,DE,eBird,NA
Vermivora cyanoptera,DE,eBird,NA
Mniotilta varia,DE,eBird,NA
Protonotaria citrea,DE,eBird,NA
Limnothlypis swainsonii,DE,eBird,NA
Leiothlypis peregrina,DE,eBird,NA
Leiothlypis celata,DE,eBird,NA
Leiothlypis ruficapilla,DE,eBird,NA
Oporornis agilis,DE,eBird,NA
Geothlypis philadelphia,DE,eBird,NA
Geothlypis formosa,DE,eBird,NA
Geothlypis trichas,DE,eBird,NA
Setophaga citrina,DE,eBird,NA
Setophaga ruticilla,DE,eBird,NA
Setophaga tigrina,DE,eBird,NA
Setophaga cerulea,DE,eBird,NA
Setophaga americana,DE,eBird,NA
Setophaga magnolia,DE,eBird,NA
Setophaga castanea,DE,eBird,NA
Setophaga fusca,DE,eBird,NA
Setophaga aestiva,DE,eBird,NA
Setophaga pensylvanica,DE,eBird,NA
Setophaga striata,DE,eBird,NA
Setophaga caerulescens,DE,eBird,NA
Setophaga palmarum,DE,eBird,NA
Setophaga pinus,DE,eBird,NA
Setophaga coronata,DE,eBird,NA
Setophaga dominica,DE,eBird,NA
Setophaga discolor,DE,eBird,NA
Setophaga nigrescens,DE,eBird,NA
Setophaga townsendi,DE,eBird,NA
Setophaga virens,DE,eBird,NA
Cardellina canadensis,DE,eBird,NA
Cardellina pusilla,DE,eBird,NA
Piranga rubra,DE,eBird,NA
Piranga olivacea,DE,eBird,NA
Piranga ludoviciana,DE,eBird,NA
Cardinalis cardinalis,DE,eBird,NA
Pheucticus ludovicianus,DE,eBird,NA
Pheucticus melanocephalus,DE,eBird,NA
Passerina caerulea,DE,eBird,NA
Passerina amoena,DE,eBird,NA
Passerina cyanea,DE,eBird,NA
Passerina ciris,DE,eBird,NA
Spiza americana,DE,eBird,NA
Dendrocygna autumnalis,DC,eBird,NA
Anser caerulescens,DC,eBird,NA
Anser rossii,DC,eBird,NA
Anser anser,DC,eBird,NA
Anser albifrons,DC,eBird,NA
Branta bernicla,DC,eBird,NA
Branta leucopsis,DC,eBird,NA
Branta hutchinsii,DC,eBird,NA
Branta canadensis,DC,eBird,NA
Cygnus olor,DC,eBird,NA
Cygnus atratus,DC,eBird,NA
Cygnus buccinator,DC,eBird,NA
Cygnus columbianus,DC,eBird,NA
Alopochen aegyptiaca,DC,eBird,NA
Cairina moschata,DC,eBird,NA
Aix sponsa,DC,eBird,NA
Spatula discors,DC,eBird,NA
Spatula clypeata,DC,eBird,NA
Mareca strepera,DC,eBird,NA
Mareca americana,DC,eBird,NA
Anas platyrhynchos,DC,eBird,NA
Anas rubripes,DC,eBird,NA
Anas acuta,DC,eBird,NA
Anas crecca,DC,eBird,NA
Aythya valisineria,DC,eBird,NA
Aythya americana,DC,eBird,NA
Aythya collaris,DC,eBird,NA
Aythya fuligula,DC,eBird,NA
Aythya marila,DC,eBird,NA
Aythya affinis,DC,eBird,NA
Melanitta perspicillata,DC,eBird,NA
Melanitta deglandi,DC,eBird,NA
Melanitta americana,DC,eBird,NA
Clangula hyemalis,DC,eBird,NA
Bucephala albeola,DC,eBird,NA
Bucephala clangula,DC,eBird,NA
Lophodytes cucullatus,DC,eBird,NA
Mergus merganser,DC,eBird,NA
Mergus serrator,DC,eBird,NA
Oxyura jamaicensis,DC,eBird,NA
Colinus virginianus,DC,eBird,NA
Meleagris gallopavo,DC,eBird,NA
Columba livia,DC,eBird,NA
Columbina passerina,DC,eBird,NA
Zenaida asiatica,DC,eBird,NA
Zenaida macroura,DC,eBird,NA
Coccyzus americanus,DC,eBird,NA
Coccyzus erythropthalmus,DC,eBird,NA
Chordeiles minor,DC,eBird,NA
Antrostomus carolinensis,DC,eBird,NA
Antrostomus vociferus,DC,eBird,NA
Chaetura pelagica,DC,eBird,NA
Archilochus colubris,DC,eBird,NA
Archilochus alexandri,DC,eBird,NA
Selasphorus rufus,DC,eBird,NA
Rallus elegans,DC,eBird,NA
Rallus crepitans,DC,eBird,NA
Rallus limicola,DC,eBird,NA
Porzana carolina,DC,eBird,NA
Gallinula galeata,DC,eBird,NA
Fulica americana,DC,eBird,NA
Coturnicops noveboracensis,DC,eBird,NA
Laterallus jamaicensis,DC,eBird,NA
Antigone canadensis,DC,eBird,NA
Himantopus mexicanus,DC,eBird,NA
Recurvirostra americana,DC,eBird,NA
Pluvialis squatarola,DC,eBird,NA
Pluvialis dominica,DC,eBird,NA
Charadrius vociferus,DC,eBird,NA
Charadrius semipalmatus,DC,eBird,NA
Charadrius melodus,DC,eBird,NA
Bartramia longicauda,DC,eBird,NA
Numenius hudsonicus,DC,eBird,NA
Limosa haemastica,DC,eBird,NA
Limnodromus griseus,DC,eBird,NA
Limnodromus scolopaceus,DC,eBird,NA
Scolopax minor,DC,eBird,NA
Gallinago delicata,DC,eBird,NA
Phalaropus tricolor,DC,eBird,NA
Phalaropus fulicarius,DC,eBird,NA
Phalaropus lobatus,DC,eBird,NA
Actitis macularius,DC,eBird,NA
Tringa solitaria,DC,eBird,NA
Tringa flavipes,DC,eBird,NA
Tringa semipalmata,DC,eBird,NA
Tringa melanoleuca,DC,eBird,NA
Arenaria interpres,DC,eBird,NA
Calidris canutus,DC,eBird,NA
Calidris pugnax,DC,eBird,NA
Calidris himantopus,DC,eBird,NA
Calidris subruficollis,DC,eBird,NA
Calidris alba,DC,eBird,NA
Calidris alpina,DC,eBird,NA
Calidris bairdii,DC,eBird,NA
Calidris fuscicollis,DC,eBird,NA
Calidris minutilla,DC,eBird,NA
Calidris melanotos,DC,eBird,NA
Calidris mauri,DC,eBird,NA
Calidris pusilla,DC,eBird,NA
Stercorarius longicaudus,DC,eBird,NA
Stercorarius parasiticus,DC,eBird,NA
Hydrocoloeus minutus,DC,eBird,NA
Xema sabini,DC,eBird,NA
Chroicocephalus philadelphia,DC,eBird,NA
Chroicocephalus ridibundus,DC,eBird,NA
Leucophaeus atricilla,DC,eBird,NA
Leucophaeus pipixcan,DC,eBird,NA
Larus delawarensis,DC,eBird,NA
Larus smithsonianus,DC,eBird,NA
Larus michahellis,DC,eBird,NA
Larus marinus,DC,eBird,NA
Larus hyperboreus,DC,eBird,NA
Larus fuscus,DC,eBird,NA
Larus californicus,DC,eBird,NA
Larus glaucoides,DC,eBird,NA
Rynchops niger,DC,eBird,NA
Onychoprion fuscatus,DC,eBird,NA
Sternula antillarum,DC,eBird,NA
Gelochelidon nilotica,DC,eBird,NA
Hydroprogne caspia,DC,eBird,NA
Chlidonias niger,DC,eBird,NA
Sterna forsteri,DC,eBird,NA
Sterna paradisaea,DC,eBird,NA
Sterna hirundo,DC,eBird,NA
Sterna dougallii,DC,eBird,NA
Thalasseus maximus,DC,eBird,NA
Podilymbus podiceps,DC,eBird,NA
Podiceps auritus,DC,eBird,NA
Podiceps grisegena,DC,eBird,NA
Podiceps nigricollis,DC,eBird,NA
Gavia stellata,DC,eBird,NA
Gavia pacifica,DC,eBird,NA
Gavia immer,DC,eBird,NA
Hydrobates castro,DC,eBird,NA
Anhinga anhinga,DC,eBird,NA
Phalacrocorax carbo,DC,eBird,NA
Nannopterum auritum,DC,eBird,NA
Eudocimus albus,DC,eBird,NA
Plegadis falcinellus,DC,eBird,NA
Platalea ajaja,DC,eBird,NA
Botaurus lentiginosus,DC,eBird,NA
Botaurus exilis,DC,eBird,NA
Nyctanassa violacea,DC,eBird,NA
Nycticorax nycticorax,DC,eBird,NA
Egretta caerulea,DC,eBird,NA
Egretta tricolor,DC,eBird,NA
Egretta thula,DC,eBird,NA
Butorides virescens,DC,eBird,NA
Ardea ibis,DC,eBird,NA
Ardea alba,DC,eBird,NA
Ardea herodias,DC,eBird,NA
Pelecanus erythrorhynchos,DC,eBird,NA
Pelecanus occidentalis,DC,eBird,NA
Coragyps atratus,DC,eBird,NA
Cathartes aura,DC,eBird,NA
Pandion haliaetus,DC,eBird,NA
Elanoides forficatus,DC,eBird,NA
Aquila chrysaetos,DC,eBird,NA
Accipiter striatus,DC,eBird,NA
Astur cooperii,DC,eBird,NA
Astur atricapillus,DC,eBird,NA
Circus hudsonius,DC,eBird,NA
Haliaeetus leucocephalus,DC,eBird,NA
Ictinia mississippiensis,DC,eBird,NA
Buteo platypterus,DC,eBird,NA
Buteo lineatus,DC,eBird,NA
Buteo jamaicensis,DC,eBird,NA
Buteo lagopus,DC,eBird,NA
Tyto furcata,DC,eBird,NA
Megascops asio,DC,eBird,NA
Bubo scandiacus,DC,eBird,NA
Bubo virginianus,DC,eBird,NA
Strix varia,DC,eBird,NA
Asio otus,DC,eBird,NA
Asio flammeus,DC,eBird,NA
Aegolius acadicus,DC,eBird,NA
Megaceryle alcyon,DC,eBird,NA
Sphyrapicus varius,DC,eBird,NA
Melanerpes erythrocephalus,DC,eBird,NA
Melanerpes carolinus,DC,eBird,NA
Dryobates pubescens,DC,eBird,NA
Leuconotopicus villosus,DC,eBird,NA
Dryocopus pileatus,DC,eBird,NA
Colaptes auratus,DC,eBird,NA
Falco sparverius,DC,eBird,NA
Falco columbarius,DC,eBird,NA
Falco peregrinus,DC,eBird,NA
Falco mexicanus,DC,eBird,NA
Nymphicus hollandicus,DC,eBird,NA
Melopsittacus undulatus,DC,eBird,NA
Myiopsitta monachus,DC,eBird,NA
Contopus cooperi,DC,eBird,NA
Contopus virens,DC,eBird,NA
Empidonax flaviventris,DC,eBird,NA
Empidonax virescens,DC,eBird,NA
Empidonax alnorum,DC,eBird,NA
Empidonax traillii,DC,eBird,NA
Empidonax minimus,DC,eBird,NA
Sayornis phoebe,DC,eBird,NA
Sayornis saya,DC,eBird,NA
Myiarchus cinerascens,DC,eBird,NA
Myiarchus crinitus,DC,eBird,NA
Tyrannus verticalis,DC,eBird,NA
Tyrannus tyrannus,DC,eBird,NA
Tyrannus forficatus,DC,eBird,NA
Vireo griseus,DC,eBird,NA
Vireo bellii,DC,eBird,NA
Vireo flavifrons,DC,eBird,NA
Vireo solitarius,DC,eBird,NA
Vireo philadelphicus,DC,eBird,NA
Vireo gilvus,DC,eBird,NA
Vireo olivaceus,DC,eBird,NA
Lanius ludovicianus,DC,eBird,NA
Cyanocitta cristata,DC,eBird,NA
Corvus brachyrhynchos,DC,eBird,NA
Corvus ossifragus,DC,eBird,NA
Corvus corax,DC,eBird,NA
Poecile carolinensis,DC,eBird,NA
Poecile atricapillus,DC,eBird,NA
Baeolophus bicolor,DC,eBird,NA
Eremophila alpestris,DC,eBird,NA
Riparia riparia,DC,eBird,NA
Tachycineta bicolor,DC,eBird,NA
Progne subis,DC,eBird,NA
Stelgidopteryx serripennis,DC,eBird,NA
Hirundo rustica,DC,eBird,NA
Petrochelidon pyrrhonota,DC,eBird,NA
Petrochelidon fulva,DC,eBird,NA
Corthylio calendula,DC,eBird,NA
Regulus satrapa,DC,eBird,NA
Sitta carolinensis,DC,eBird,NA
Sitta canadensis,DC,eBird,NA
Certhia americana,DC,eBird,NA
Polioptila caerulea,DC,eBird,NA
Troglodytes aedon,DC,eBird,NA
Troglodytes hiemalis,DC,eBird,NA
Cistothorus stellaris,DC,eBird,NA
Cistothorus palustris,DC,eBird,NA
Thryothorus ludovicianus,DC,eBird,NA
Sturnus vulgaris,DC,eBird,NA
Dumetella carolinensis,DC,eBird,NA
Toxostoma rufum,DC,eBird,NA
Mimus polyglottos,DC,eBird,NA
Sialia sialis,DC,eBird,NA
Catharus fuscescens,DC,eBird,NA
Catharus minimus,DC,eBird,NA
Catharus bicknelli,DC,eBird,NA
Catharus ustulatus,DC,eBird,NA
Catharus guttatus,DC,eBird,NA
Hylocichla mustelina,DC,eBird,NA
Turdus migratorius,DC,eBird,NA
Bombycilla cedrorum,DC,eBird,NA
Passer domesticus,DC,eBird,NA
Anthus rubescens,DC,eBird,NA
Hesperiphona vespertina,DC,eBird,NA
Haemorhous mexicanus,DC,eBird,NA
Haemorhous purpureus,DC,eBird,NA
Acanthis flammea,DC,eBird,NA
Loxia curvirostra,DC,eBird,NA
Loxia leucoptera,DC,eBird,NA
Spinus pinus,DC,eBird,NA
Spinus tristis,DC,eBird,NA
Calcarius lapponicus,DC,eBird,NA
Plectrophenax nivalis,DC,eBird,NA
Ammodramus savannarum,DC,eBird,NA
Spizella passerina,DC,eBird,NA
Spizella pallida,DC,eBird,NA
Spizella pusilla,DC,eBird,NA
Chondestes grammacus,DC,eBird,NA
Spizelloides arborea,DC,eBird,NA
Passerella iliaca,DC,eBird,NA
Junco hyemalis,DC,eBird,NA
Zonotrichia leucophrys,DC,eBird,NA
Zonotrichia albicollis,DC,eBird,NA
Pooecetes gramineus,DC,eBird,NA
Ammospiza maritima,DC,eBird,NA
Ammospiza nelsoni,DC,eBird,NA
Passerculus sandwichensis,DC,eBird,NA
Centronyx henslowii,DC,eBird,NA
Melospiza melodia,DC,eBird,NA
Melospiza lincolnii,DC,eBird,NA
Melospiza georgiana,DC,eBird,NA
Pipilo chlorurus,DC,eBird,NA
Pipilo erythrophthalmus,DC,eBird,NA
Icteria virens,DC,eBird,NA
Xanthocephalus xanthocephalus,DC,eBird,NA
Dolichonyx oryzivorus,DC,eBird,NA
Sturnella magna,DC,eBird,NA
Icterus spurius,DC,eBird,NA
Icterus galbula,DC,eBird,NA
Agelaius phoeniceus,DC,eBird,NA
Molothrus ater,DC,eBird,NA
Euphagus carolinus,DC,eBird,NA
Quiscalus quiscula,DC,eBird,NA
Seiurus aurocapilla,DC,eBird,NA
Helmitheros vermivorum,DC,eBird,NA
Parkesia motacilla,DC,eBird,NA
Parkesia noveboracensis,DC,eBird,NA
Vermivora chrysoptera,DC,eBird,NA
Vermivora cyanoptera,DC,eBird,NA
Mniotilta varia,DC,eBird,NA
Protonotaria citrea,DC,eBird,NA
Leiothlypis peregrina,DC,eBird,NA
Leiothlypis celata,DC,eBird,NA
Leiothlypis ruficapilla,DC,eBird,NA
Oporornis agilis,DC,eBird,NA
Geothlypis tolmiei,DC,eBird,NA
Geothlypis philadelphia,DC,eBird,NA
Geothlypis formosa,DC,eBird,NA
Geothlypis trichas,DC,eBird,NA
Setophaga citrina,DC,eBird,NA
Setophaga ruticilla,DC,eBird,NA
Setophaga tigrina,DC,eBird,NA
Setophaga cerulea,DC,eBird,NA
Setophaga americana,DC,eBird,NA
Setophaga magnolia,DC,eBird,NA
Setophaga castanea,DC,eBird,NA
Setophaga fusca,DC,eBird,NA
Setophaga aestiva,DC,eBird,NA
Setophaga pensylvanica,DC,eBird,NA
Setophaga striata,DC,eBird,NA
Setophaga caerulescens,DC,eBird,NA
Setophaga palmarum,DC,eBird,NA
Setophaga pinus,DC,eBird,NA
Setophaga coronata,DC,eBird,NA
Setophaga dominica,DC,eBird,NA
Setophaga discolor,DC,eBird,NA
Setophaga nigrescens,DC,eBird,NA
Setophaga virens,DC,eBird,NA
Cardellina canadensis,DC,eBird,NA
Cardellina pusilla,DC,eBird,NA
Piranga rubra,DC,eBird,NA
Piranga olivacea,DC,eBird,NA
Piranga ludoviciana,DC,eBird,NA
Cardinalis cardinalis,DC,eBird,NA
Pheucticus ludovicianus,DC,eBird,NA
Passerina caerulea,DC,eBird,NA
Passerina cyanea,DC,eBird,NA
Passerina ciris,DC,eBird,NA
Spiza americana,DC,eBird,NA
Anseranas semipalmata,FL,eBird,NA
Dendrocygna eytoni,FL,eBird,NA
Dendrocygna viduata,FL,eBird,NA
Dendrocygna autumnalis,FL,eBird,NA
Dendrocygna arborea,FL,eBird,NA
Dendrocygna bicolor,FL,eBird,NA
Anser indicus,FL,eBird,NA
Anser caerulescens,FL,eBird,NA
Anser rossii,FL,eBird,NA
Anser anser,FL,eBird,NA
Anser cygnoides,FL,eBird,NA
Anser albifrons,FL,eBird,NA
Branta bernicla,FL,eBird,NA
Branta leucopsis,FL,eBird,NA
Branta hutchinsii,FL,eBird,NA
Branta canadensis,FL,eBird,NA
Branta sandvicensis,FL,eBird,NA
Cyanochen cyanoptera,FL,eBird,NA
Cygnus olor,FL,eBird,NA
Cygnus atratus,FL,eBird,NA
Cygnus melancoryphus,FL,eBird,NA
Cygnus buccinator,FL,eBird,NA
Cygnus columbianus,FL,eBird,NA
Cygnus cygnus,FL,eBird,NA
Coscoroba coscoroba,FL,eBird,NA
Oressochen jubatus,FL,eBird,NA
Radjah radjah,FL,eBird,NA
Alopochen aegyptiaca,FL,eBird,NA
Tadorna ferruginea,FL,eBird,NA
Tadorna cana,FL,eBird,NA
Tadorna tadorna,FL,eBird,NA
Cairina moschata,FL,eBird,NA
Callonetta leucophrys,FL,eBird,NA
Aix sponsa,FL,eBird,NA
Aix galericulata,FL,eBird,NA
Spatula hottentota,FL,eBird,NA
Spatula discors,FL,eBird,NA
Spatula cyanoptera,FL,eBird,NA
Spatula clypeata,FL,eBird,NA
Mareca strepera,FL,eBird,NA
Mareca penelope,FL,eBird,NA
Mareca americana,FL,eBird,NA
Mareca sibilatrix,FL,eBird,NA
Anas platyrhynchos,FL,eBird,NA
Anas rubripes,FL,eBird,NA
Anas fulvigula,FL,eBird,NA
Anas bahamensis,FL,eBird,NA
Anas acuta,FL,eBird,NA
Anas crecca,FL,eBird,NA
Anas castanea,FL,eBird,NA
Netta rufina,FL,eBird,NA
Netta peposaca,FL,eBird,NA
Aythya valisineria,FL,eBird,NA
Aythya americana,FL,eBird,NA
Aythya ferina,FL,eBird,NA
Aythya collaris,FL,eBird,NA
Aythya marila,FL,eBird,NA
Aythya affinis,FL,eBird,NA
Somateria spectabilis,FL,eBird,NA
Somateria mollissima,FL,eBird,NA
Histrionicus histrionicus,FL,eBird,NA
Melanitta perspicillata,FL,eBird,NA
Melanitta deglandi,FL,eBird,NA
Melanitta americana,FL,eBird,NA
Clangula hyemalis,FL,eBird,NA
Bucephala albeola,FL,eBird,NA
Bucephala clangula,FL,eBird,NA
Lophodytes cucullatus,FL,eBird,NA
Mergus merganser,FL,eBird,NA
Mergus serrator,FL,eBird,NA
Nomonyx dominicus,FL,eBird,NA
Oxyura jamaicensis,FL,eBird,NA
Numida meleagris,FL,eBird,NA
Colinus virginianus,FL,eBird,NA
Callipepla californica,FL,eBird,NA
Callipepla gambelii,FL,eBird,NA
Meleagris gallopavo,FL,eBird,NA
Perdix perdix,FL,eBird,NA
Chrysolophus pictus,FL,eBird,NA
Phasianus colchicus,FL,eBird,NA
Phasianus versicolor,FL,eBird,NA
Pavo cristatus,FL,eBird,NA
Pavo muticus,FL,eBird,NA
Gallus gallus,FL,eBird,NA
Coturnix japonica,FL,eBird,NA
Alectoris rufa,FL,eBird,NA
Alectoris chukar,FL,eBird,NA
Columba livia,FL,eBird,NA
Columba guinea,FL,eBird,NA
Patagioenas squamosa,FL,eBird,NA
Patagioenas leucocephala,FL,eBird,NA
Patagioenas fasciata,FL,eBird,NA
Ectopistes migratorius,FL,eBird,NA
Streptopelia turtur,FL,eBird,NA
Streptopelia decaocto,FL,eBird,NA
Streptopelia roseogrisea,FL,eBird,NA
Geopelia cuneata,FL,eBird,NA
Columbina inca,FL,eBird,NA
Columbina passerina,FL,eBird,NA
Geotrygon montana,FL,eBird,NA
Geotrygon chrysia,FL,eBird,NA
Leptotila verreauxi,FL,eBird,NA
Zenaida asiatica,FL,eBird,NA
Zenaida aurita,FL,eBird,NA
Zenaida macroura,FL,eBird,NA
Menelikornis leucotis,FL,eBird,NA
Crotophaga ani,FL,eBird,NA
Crotophaga sulcirostris,FL,eBird,NA
Coccyzus melacoryphus,FL,eBird,NA
Coccyzus americanus,FL,eBird,NA
Coccyzus minor,FL,eBird,NA
Coccyzus erythropthalmus,FL,eBird,NA
Chordeiles acutipennis,FL,eBird,NA
Chordeiles minor,FL,eBird,NA
Chordeiles gundlachii,FL,eBird,NA
Antrostomus carolinensis,FL,eBird,NA
Antrostomus vociferus,FL,eBird,NA
Cypseloides niger,FL,eBird,NA
Streptoprocne zonaris,FL,eBird,NA
Chaetura pelagica,FL,eBird,NA
Chaetura vauxi,FL,eBird,NA
Aeronautes saxatalis,FL,eBird,NA
Tachornis phoenicobia,FL,eBird,NA
Archilochus colubris,FL,eBird,NA
Archilochus alexandri,FL,eBird,NA
Nesophlox evelynae,FL,eBird,NA
Calypte anna,FL,eBird,NA
Calypte costae,FL,eBird,NA
Selasphorus calliope,FL,eBird,NA
Selasphorus rufus,FL,eBird,NA
Selasphorus sasin,FL,eBird,NA
Selasphorus platycercus,FL,eBird,NA
Cynanthus latirostris,FL,eBird,NA
Basilinna leucotis,FL,eBird,NA
Amazilia yucatanensis,FL,eBird,NA
Rallus elegans,FL,eBird,NA
Rallus crepitans,FL,eBird,NA
Rallus limicola,FL,eBird,NA
Aramides ypecaha,FL,eBird,NA
Porzana carolina,FL,eBird,NA
Gallinula galeata,FL,eBird,NA
Fulica americana,FL,eBird,NA
Porphyrio martinica,FL,eBird,NA
Porphyrio poliocephalus,FL,eBird,NA
Coturnicops noveboracensis,FL,eBird,NA
Laterallus jamaicensis,FL,eBird,NA
Aramus guarauna,FL,eBird,NA
Balearica regulorum,FL,eBird,NA
Antigone canadensis,FL,eBird,NA
Grus americana,FL,eBird,NA
Himantopus mexicanus,FL,eBird,NA
Recurvirostra americana,FL,eBird,NA
Haematopus palliatus,FL,eBird,NA
Pluvialis squatarola,FL,eBird,NA
Pluvialis dominica,FL,eBird,NA
Pluvialis fulva,FL,eBird,NA
Charadrius vociferus,FL,eBird,NA
Charadrius semipalmatus,FL,eBird,NA
Charadrius melodus,FL,eBird,NA
Vanellus vanellus,FL,eBird,NA
Vanellus chilensis,FL,eBird,NA
Anarhynchus mongolus,FL,eBird,NA
Anarhynchus leschenaultii,FL,eBird,NA
Anarhynchus wilsonia,FL,eBird,NA
Anarhynchus montanus,FL,eBird,NA
Anarhynchus nivosus,FL,eBird,NA
Bartramia longicauda,FL,eBird,NA
Numenius hudsonicus,FL,eBird,NA
Numenius phaeopus,FL,eBird,NA
Numenius americanus,FL,eBird,NA
Limosa lapponica,FL,eBird,NA
Limosa limosa,FL,eBird,NA
Limosa haemastica,FL,eBird,NA
Limosa fedoa,FL,eBird,NA
Limnodromus griseus,FL,eBird,NA
Limnodromus scolopaceus,FL,eBird,NA
Scolopax minor,FL,eBird,NA
Gallinago delicata,FL,eBird,NA
Phalaropus tricolor,FL,eBird,NA
Phalaropus fulicarius,FL,eBird,NA
Phalaropus lobatus,FL,eBird,NA
Actitis macularius,FL,eBird,NA
Tringa solitaria,FL,eBird,NA
Tringa brevipes,FL,eBird,NA
Tringa flavipes,FL,eBird,NA
Tringa semipalmata,FL,eBird,NA
Tringa nebularia,FL,eBird,NA
Tringa melanoleuca,FL,eBird,NA
Arenaria interpres,FL,eBird,NA
Calidris canutus,FL,eBird,NA
Calidris virgata,FL,eBird,NA
Calidris pugnax,FL,eBird,NA
Calidris acuminata,FL,eBird,NA
Calidris ferruginea,FL,eBird,NA
Calidris himantopus,FL,eBird,NA
Calidris ruficollis,FL,eBird,NA
Calidris subruficollis,FL,eBird,NA
Calidris alba,FL,eBird,NA
Calidris alpina,FL,eBird,NA
Calidris maritima,FL,eBird,NA
Calidris bairdii,FL,eBird,NA
Calidris fuscicollis,FL,eBird,NA
Calidris minutilla,FL,eBird,NA
Calidris melanotos,FL,eBird,NA
Calidris mauri,FL,eBird,NA
Calidris pusilla,FL,eBird,NA
Stercorarius longicaudus,FL,eBird,NA
Stercorarius parasiticus,FL,eBird,NA
Stercorarius pomarinus,FL,eBird,NA
Stercorarius maccormicki,FL,eBird,NA
Fratercula arctica,FL,eBird,NA
Brachyramphus perdix,FL,eBird,NA
Cepphus grylle,FL,eBird,NA
Alca torda,FL,eBird,NA
Alle alle,FL,eBird,NA
Uria lomvia,FL,eBird,NA
Uria aalge,FL,eBird,NA
Synthliboramphus antiquus,FL,eBird,NA
Hydrocoloeus minutus,FL,eBird,NA
Rissa tridactyla,FL,eBird,NA
Xema sabini,FL,eBird,NA
Chroicocephalus philadelphia,FL,eBird,NA
Chroicocephalus ridibundus,FL,eBird,NA
Chroicocephalus cirrocephalus,FL,eBird,NA
Leucophaeus modestus,FL,eBird,NA
Leucophaeus atricilla,FL,eBird,NA
Leucophaeus pipixcan,FL,eBird,NA
Larus belcheri,FL,eBird,NA
Larus crassirostris,FL,eBird,NA
Larus heermanni,FL,eBird,NA
Larus delawarensis,FL,eBird,NA
Larus dominicanus,FL,eBird,NA
Larus smithsonianus,FL,eBird,NA
Larus vegae,FL,eBird,NA
Larus argentatus,FL,eBird,NA
Larus michahellis,FL,eBird,NA
Larus marinus,FL,eBird,NA
Larus hyperboreus,FL,eBird,NA
Larus fuscus,FL,eBird,NA
Larus californicus,FL,eBird,NA
Larus glaucescens,FL,eBird,NA
Larus schistisagus,FL,eBird,NA
Larus glaucoides,FL,eBird,NA
Rynchops niger,FL,eBird,NA
Anous stolidus,FL,eBird,NA
Anous minutus,FL,eBird,NA
Onychoprion fuscatus,FL,eBird,NA
Onychoprion anaethetus,FL,eBird,NA
Sternula antillarum,FL,eBird,NA
Phaetusa simplex,FL,eBird,NA
Gelochelidon nilotica,FL,eBird,NA
Hydroprogne caspia,FL,eBird,NA
Chlidonias niger,FL,eBird,NA
Sterna forsteri,FL,eBird,NA
Sterna paradisaea,FL,eBird,NA
Sterna hirundo,FL,eBird,NA
Sterna dougallii,FL,eBird,NA
Thalasseus sandvicensis,FL,eBird,NA
Thalasseus elegans,FL,eBird,NA
Thalasseus maximus,FL,eBird,NA
Phoenicopterus ruber,FL,eBird,NA
Tachybaptus dominicus,FL,eBird,NA
Podilymbus podiceps,FL,eBird,NA
Podiceps auritus,FL,eBird,NA
Podiceps grisegena,FL,eBird,NA
Podiceps nigricollis,FL,eBird,NA
Aechmophorus occidentalis,FL,eBird,NA
Phaethon lepturus,FL,eBird,NA
Phaethon aethereus,FL,eBird,NA
Gavia stellata,FL,eBird,NA
Gavia pacifica,FL,eBird,NA
Gavia immer,FL,eBird,NA
Thalassarche chlororhynchos,FL,eBird,NA
Oceanites oceanicus,FL,eBird,NA
Hydrobates pelagicus,FL,eBird,NA
Hydrobates leucorhous,FL,eBird,NA
Hydrobates castro,FL,eBird,NA
Fulmarus glacialis,FL,eBird,NA
Pterodroma deserta,FL,eBird,NA
Pterodroma hasitata,FL,eBird,NA
Bulweria bulwerii,FL,eBird,NA
Calonectris borealis,FL,eBird,NA
Calonectris diomedea,FL,eBird,NA
Ardenna gravis,FL,eBird,NA
Ardenna pacifica,FL,eBird,NA
Ardenna grisea,FL,eBird,NA
Ardenna tenuirostris,FL,eBird,NA
Puffinus puffinus,FL,eBird,NA
Puffinus lherminieri,FL,eBird,NA
Ciconia microscelis,FL,eBird,NA
Ephippiorhynchus asiaticus,FL,eBird,NA
Mycteria americana,FL,eBird,NA
Fregata magnificens,FL,eBird,NA
Morus bassanus,FL,eBird,NA
Sula sula,FL,eBird,NA
Sula leucogaster,FL,eBird,NA
Sula dactylatra,FL,eBird,NA
Anhinga anhinga,FL,eBird,NA
Phalacrocorax carbo,FL,eBird,NA
Nannopterum auritum,FL,eBird,NA
Nannopterum brasilianum,FL,eBird,NA
Eudocimus albus,FL,eBird,NA
Eudocimus ruber,FL,eBird,NA
Plegadis falcinellus,FL,eBird,NA
Plegadis chihi,FL,eBird,NA
Threskiornis aethiopicus,FL,eBird,NA
Platalea leucorodia,FL,eBird,NA
Platalea ajaja,FL,eBird,NA
Botaurus lentiginosus,FL,eBird,NA
Botaurus exilis,FL,eBird,NA
Nyctanassa violacea,FL,eBird,NA
Nycticorax nycticorax,FL,eBird,NA
Egretta caerulea,FL,eBird,NA
Egretta tricolor,FL,eBird,NA
Egretta rufescens,FL,eBird,NA
Egretta thula,FL,eBird,NA
Butorides virescens,FL,eBird,NA
Ardea ibis,FL,eBird,NA
Ardea alba,FL,eBird,NA
Ardea herodias,FL,eBird,NA
Pelecanus erythrorhynchos,FL,eBird,NA
Pelecanus occidentalis,FL,eBird,NA
Pelecanus onocrotalus,FL,eBird,NA
Coragyps atratus,FL,eBird,NA
Cathartes aura,FL,eBird,NA
Pandion haliaetus,FL,eBird,NA
Elanus leucurus,FL,eBird,NA
Elanoides forficatus,FL,eBird,NA
Aquila chrysaetos,FL,eBird,NA
Accipiter striatus,FL,eBird,NA
Astur cooperii,FL,eBird,NA
Astur gundlachi,FL,eBird,NA
Astur atricapillus,FL,eBird,NA
Circus hudsonius,FL,eBird,NA
Harpagus bidentatus,FL,eBird,NA
Haliaeetus leucocephalus,FL,eBird,NA
Ictinia mississippiensis,FL,eBird,NA
Rostrhamus sociabilis,FL,eBird,NA
Buteogallus urubitinga,FL,eBird,NA
Parabuteo unicinctus,FL,eBird,NA
Buteo platypterus,FL,eBird,NA
Buteo lineatus,FL,eBird,NA
Buteo albonotatus,FL,eBird,NA
Buteo brachyurus,FL,eBird,NA
Buteo swainsoni,FL,eBird,NA
Buteo jamaicensis,FL,eBird,NA
Buteo lagopus,FL,eBird,NA
Buteo regalis,FL,eBird,NA
Tyto furcata,FL,eBird,NA
Psiloscops flammeolus,FL,eBird,NA
Megascops asio,FL,eBird,NA
Bubo scandiacus,FL,eBird,NA
Bubo virginianus,FL,eBird,NA
Athene cunicularia,FL,eBird,NA
Strix varia,FL,eBird,NA
Asio otus,FL,eBird,NA
Asio stygius,FL,eBird,NA
Asio flammeus,FL,eBird,NA
Aegolius acadicus,FL,eBird,NA
Tockus erythrorhynchus,FL,eBird,NA
Ceratogymna atrata,FL,eBird,NA
Bycanistes subcylindricus,FL,eBird,NA
Bycanistes albotibialis,FL,eBird,NA
Bycanistes fistulator,FL,eBird,NA
Dacelo novaeguineae,FL,eBird,NA
Megaceryle alcyon,FL,eBird,NA
Coracias cyanogaster,FL,eBird,NA
Ramphastos sulfuratus,FL,eBird,NA
Sphyrapicus varius,FL,eBird,NA
Melanerpes erythrocephalus,FL,eBird,NA
Melanerpes aurifrons,FL,eBird,NA
Melanerpes carolinus,FL,eBird,NA
Dryobates pubescens,FL,eBird,NA
Leuconotopicus borealis,FL,eBird,NA
Leuconotopicus villosus,FL,eBird,NA
Campephilus principalis,FL,eBird,NA
Dryocopus pileatus,FL,eBird,NA
Colaptes auratus,FL,eBird,NA
Caracara plancus,FL,eBird,NA
Daptrius chimachima,FL,eBird,NA
Falco tinnunculus,FL,eBird,NA
Falco sparverius,FL,eBird,NA
Falco columbarius,FL,eBird,NA
Falco peregrinus,FL,eBird,NA
Nymphicus hollandicus,FL,eBird,NA
Eolophus roseicapilla,FL,eBird,NA
Cacatua alba,FL,eBird,NA
Cacatua galerita,FL,eBird,NA
Polytelis anthopeplus,FL,eBird,NA
Eclectus polychloros,FL,eBird,NA
Psittacula eupatria,FL,eBird,NA
Psittacula krameri,FL,eBird,NA
Psittacula cyanocephala,FL,eBird,NA
Psittacula columboides,FL,eBird,NA
Psittacula alexandri,FL,eBird,NA
Platycercus elegans,FL,eBird,NA
Platycercus eximius,FL,eBird,NA
Melopsittacus undulatus,FL,eBird,NA
Lorius garrulus,FL,eBird,NA
Psitteuteles pusillus,FL,eBird,NA
Chalcopsitta fuscata,FL,eBird,NA
Trichoglossus borneus,FL,eBird,NA
Agapornis roseicollis,FL,eBird,NA
Agapornis fischeri,FL,eBird,NA
Agapornis personatus,FL,eBird,NA
Psittacus erithacus,FL,eBird,NA
Poicephalus flavifrons,FL,eBird,NA
Myiopsitta monachus,FL,eBird,NA
Brotogeris versicolurus,FL,eBird,NA
Brotogeris chiriri,FL,eBird,NA
Pionus maximiliani,FL,eBird,NA
Amazona pretrei,FL,eBird,NA
Amazona viridigenalis,FL,eBird,NA
Amazona finschi,FL,eBird,NA
Amazona autumnalis,FL,eBird,NA
Amazona auropalliata,FL,eBird,NA
Amazona oratrix,FL,eBird,NA
Amazona ochrocephala,FL,eBird,NA
Amazona barbadensis,FL,eBird,NA
Amazona aestiva,FL,eBird,NA
Amazona albifrons,FL,eBird,NA
Amazona ventralis,FL,eBird,NA
Amazona farinosa,FL,eBird,NA
Amazona amazonica,FL,eBird,NA
Pionites melanocephalus,FL,eBird,NA
Pyrrhura frontalis,FL,eBird,NA
Pyrrhura molinae,FL,eBird,NA
Anodorhynchus hyacinthinus,FL,eBird,NA
Eupsittula canicularis,FL,eBird,NA
Eupsittula aurea,FL,eBird,NA
Conuropsis carolinensis,FL,eBird,NA
Aratinga weddellii,FL,eBird,NA
Aratinga nenday,FL,eBird,NA
Aratinga solstitialis,FL,eBird,NA
Ara ararauna,FL,eBird,NA
Ara severus,FL,eBird,NA
Ara militaris,FL,eBird,NA
Ara ambiguus,FL,eBird,NA
Ara macao,FL,eBird,NA
Ara chloropterus,FL,eBird,NA
Guaruba guarouba,FL,eBird,NA
Thectocercus acuticaudatus,FL,eBird,NA
Diopsittaca nobilis,FL,eBird,NA
Psittacara holochlorus,FL,eBird,NA
Psittacara finschi,FL,eBird,NA
Psittacara wagleri,FL,eBird,NA
Psittacara mitratus,FL,eBird,NA
Psittacara erythrogenys,FL,eBird,NA
Psittacara leucophthalmus,FL,eBird,NA
Psittacara chloropterus,FL,eBird,NA
Elaenia parvirostris,FL,eBird,NA
Contopus cooperi,FL,eBird,NA
Contopus sordidulus,FL,eBird,NA
Contopus virens,FL,eBird,NA
Contopus caribaeus,FL,eBird,NA
Empidonax flaviventris,FL,eBird,NA
Empidonax virescens,FL,eBird,NA
Empidonax alnorum,FL,eBird,NA
Empidonax traillii,FL,eBird,NA
Empidonax minimus,FL,eBird,NA
Empidonax hammondii,FL,eBird,NA
Empidonax difficilis,FL,eBird,NA
Sayornis nigricans,FL,eBird,NA
Sayornis phoebe,FL,eBird,NA
Sayornis saya,FL,eBird,NA
Pyrocephalus rubinus,FL,eBird,NA
Myiarchus cinerascens,FL,eBird,NA
Myiarchus crinitus,FL,eBird,NA
Myiarchus tyrannulus,FL,eBird,NA
Myiarchus sagrae,FL,eBird,NA
Myiodynastes luteiventris,FL,eBird,NA
Legatus leucophaius,FL,eBird,NA
Empidonomus varius,FL,eBird,NA
Tyrannus melancholicus,FL,eBird,NA
Tyrannus couchii,FL,eBird,NA
Tyrannus vociferans,FL,eBird,NA
Tyrannus verticalis,FL,eBird,NA
Tyrannus tyrannus,FL,eBird,NA
Tyrannus dominicensis,FL,eBird,NA
Tyrannus caudifasciatus,FL,eBird,NA
Tyrannus forficatus,FL,eBird,NA
Tyrannus savana,FL,eBird,NA
Vireo griseus,FL,eBird,NA
Vireo crassirostris,FL,eBird,NA
Vireo gundlachii,FL,eBird,NA
Vireo bellii,FL,eBird,NA
Vireo flavifrons,FL,eBird,NA
Vireo solitarius,FL,eBird,NA
Vireo philadelphicus,FL,eBird,NA
Vireo gilvus,FL,eBird,NA
Vireo swainsoni,FL,eBird,NA
Vireo olivaceus,FL,eBird,NA
Vireo flavoviridis,FL,eBird,NA
Vireo altiloquus,FL,eBird,NA
Lanius ludovicianus,FL,eBird,NA
Cyanocorax colliei,FL,eBird,NA
Cyanocorax sanblasianus,FL,eBird,NA
Cyanocitta cristata,FL,eBird,NA
Aphelocoma coerulescens,FL,eBird,NA
Pica hudsonia,FL,eBird,NA
Corvus splendens,FL,eBird,NA
Corvus brachyrhynchos,FL,eBird,NA
Corvus ossifragus,FL,eBird,NA
Corvus albus,FL,eBird,NA
Poecile carolinensis,FL,eBird,NA
Baeolophus bicolor,FL,eBird,NA
Eremophila alpestris,FL,eBird,NA
Riparia riparia,FL,eBird,NA
Tachycineta bicolor,FL,eBird,NA
Tachycineta albilinea,FL,eBird,NA
Tachycineta thalassina,FL,eBird,NA
Tachycineta cyaneoviridis,FL,eBird,NA
Progne subis,FL,eBird,NA
Progne cryptoleuca,FL,eBird,NA
Progne elegans,FL,eBird,NA
Progne tapera,FL,eBird,NA
Stelgidopteryx serripennis,FL,eBird,NA
Hirundo rustica,FL,eBird,NA
Petrochelidon pyrrhonota,FL,eBird,NA
Petrochelidon fulva,FL,eBird,NA
Pycnonotus jocosus,FL,eBird,NA
Leiothrix lutea,FL,eBird,NA
Corthylio calendula,FL,eBird,NA
Regulus satrapa,FL,eBird,NA
Sitta carolinensis,FL,eBird,NA
Sitta pusilla,FL,eBird,NA
Sitta canadensis,FL,eBird,NA
Certhia americana,FL,eBird,NA
Polioptila caerulea,FL,eBird,NA
Salpinctes obsoletus,FL,eBird,NA
Troglodytes aedon,FL,eBird,NA
Troglodytes hiemalis,FL,eBird,NA
Cistothorus stellaris,FL,eBird,NA
Cistothorus palustris,FL,eBird,NA
Thryothorus ludovicianus,FL,eBird,NA
Thryomanes bewickii,FL,eBird,NA
Gracula religiosa,FL,eBird,NA
Sturnus vulgaris,FL,eBird,NA
Acridotheres tristis,FL,eBird,NA
Acridotheres cristatellus,FL,eBird,NA
Lamprotornis caudatus,FL,eBird,NA
Lamprotornis superbus,FL,eBird,NA
Dumetella carolinensis,FL,eBird,NA
Margarops fuscatus,FL,eBird,NA
Toxostoma curvirostre,FL,eBird,NA
Toxostoma rufum,FL,eBird,NA
Oreoscoptes montanus,FL,eBird,NA
Mimus gundlachii,FL,eBird,NA
Mimus gilvus,FL,eBird,NA
Mimus polyglottos,FL,eBird,NA
Sialia sialis,FL,eBird,NA
Sialia currucoides,FL,eBird,NA
Myadestes townsendi,FL,eBird,NA
Ixoreus naevius,FL,eBird,NA
Catharus fuscescens,FL,eBird,NA
Catharus minimus,FL,eBird,NA
Catharus bicknelli,FL,eBird,NA
Catharus ustulatus,FL,eBird,NA
Catharus guttatus,FL,eBird,NA
Hylocichla mustelina,FL,eBird,NA
Turdus plumbeus,FL,eBird,NA
Turdus migratorius,FL,eBird,NA
Erithacus rubecula,FL,eBird,NA
Oenanthe oenanthe,FL,eBird,NA
Bombycilla cedrorum,FL,eBird,NA
Ploceus cucullatus,FL,eBird,NA
Ploceus melanocephalus,FL,eBird,NA
Euplectes franciscanus,FL,eBird,NA
Euplectes orix,FL,eBird,NA
Taeniopygia guttata,FL,eBird,NA
Spermestes cucullata,FL,eBird,NA
Spermestes fringilloides,FL,eBird,NA
Spermestes bicolor,FL,eBird,NA
Padda oryzivora,FL,eBird,NA
Lonchura punctulata,FL,eBird,NA
Lonchura malacca,FL,eBird,NA
Chloebia gouldiae,FL,eBird,NA
Glaucestrilda caerulescens,FL,eBird,NA
Estrilda melpoda,FL,eBird,NA
Estrilda astrild,FL,eBird,NA
Amandava subflava,FL,eBird,NA
Amandava amandava,FL,eBird,NA
Uraeginthus angolensis,FL,eBird,NA
Uraeginthus bengalus,FL,eBird,NA
Lagonosticta senegala,FL,eBird,NA
Vidua macroura,FL,eBird,NA
Vidua chalybeata,FL,eBird,NA
Passer domesticus,FL,eBird,NA
Motacilla tschutschensis,FL,eBird,NA
Motacilla alba,FL,eBird,NA
Anthus rubescens,FL,eBird,NA
Anthus spragueii,FL,eBird,NA
Hesperiphona vespertina,FL,eBird,NA
Haemorhous mexicanus,FL,eBird,NA
Haemorhous purpureus,FL,eBird,NA
Crithagra mozambica,FL,eBird,NA
Acanthis flammea,FL,eBird,NA
Loxia curvirostra,FL,eBird,NA
Carduelis carduelis,FL,eBird,NA
Serinus canaria,FL,eBird,NA
Spinus pinus,FL,eBird,NA
Spinus psaltria,FL,eBird,NA
Spinus tristis,FL,eBird,NA
Calcarius lapponicus,FL,eBird,NA
Calcarius ornatus,FL,eBird,NA
Calcarius pictus,FL,eBird,NA
Plectrophenax nivalis,FL,eBird,NA
Emberiza pusilla,FL,eBird,NA
Peucaea aestivalis,FL,eBird,NA
Ammodramus savannarum,FL,eBird,NA
Spizella passerina,FL,eBird,NA
Spizella pallida,FL,eBird,NA
Spizella pusilla,FL,eBird,NA
Spizella breweri,FL,eBird,NA
Amphispiza bilineata,FL,eBird,NA
Chondestes grammacus,FL,eBird,NA
Calamospiza melanocorys,FL,eBird,NA
Spizelloides arborea,FL,eBird,NA
Passerella iliaca,FL,eBird,NA
Junco hyemalis,FL,eBird,NA
Zonotrichia leucophrys,FL,eBird,NA
Zonotrichia atricapilla,FL,eBird,NA
Zonotrichia querula,FL,eBird,NA
Zonotrichia albicollis,FL,eBird,NA
Pooecetes gramineus,FL,eBird,NA
Ammospiza leconteii,FL,eBird,NA
Ammospiza maritima,FL,eBird,NA
Ammospiza nelsoni,FL,eBird,NA
Ammospiza caudacuta,FL,eBird,NA
Passerculus sandwichensis,FL,eBird,NA
Centronyx henslowii,FL,eBird,NA
Melospiza melodia,FL,eBird,NA
Melospiza lincolnii,FL,eBird,NA
Melospiza georgiana,FL,eBird,NA
Pipilo chlorurus,FL,eBird,NA
Pipilo maculatus,FL,eBird,NA
Pipilo erythrophthalmus,FL,eBird,NA
Spindalis zena,FL,eBird,NA
Icteria virens,FL,eBird,NA
Xanthocephalus xanthocephalus,FL,eBird,NA
Dolichonyx oryzivorus,FL,eBird,NA
Sturnella neglecta,FL,eBird,NA
Sturnella magna,FL,eBird,NA
Cacicus cela,FL,eBird,NA
Icterus spurius,FL,eBird,NA
Icterus cucullatus,FL,eBird,NA
Icterus icterus,FL,eBird,NA
Icterus bullockii,FL,eBird,NA
Icterus pectoralis,FL,eBird,NA
Icterus galbula,FL,eBird,NA
Icterus parisorum,FL,eBird,NA
Agelaius phoeniceus,FL,eBird,NA
Agelaius humeralis,FL,eBird,NA
Molothrus bonariensis,FL,eBird,NA
Molothrus aeneus,FL,eBird,NA
Molothrus ater,FL,eBird,NA
Euphagus carolinus,FL,eBird,NA
Euphagus cyanocephalus,FL,eBird,NA
Quiscalus quiscula,FL,eBird,NA
Quiscalus major,FL,eBird,NA
Quiscalus mexicanus,FL,eBird,NA
Seiurus aurocapilla,FL,eBird,NA
Helmitheros vermivorum,FL,eBird,NA
Parkesia motacilla,FL,eBird,NA
Parkesia noveboracensis,FL,eBird,NA
Vermivora bachmanii,FL,eBird,NA
Vermivora chrysoptera,FL,eBird,NA
Vermivora cyanoptera,FL,eBird,NA
Mniotilta varia,FL,eBird,NA
Protonotaria citrea,FL,eBird,NA
Limnothlypis swainsonii,FL,eBird,NA
Leiothlypis peregrina,FL,eBird,NA
Leiothlypis celata,FL,eBird,NA
Leiothlypis ruficapilla,FL,eBird,NA
Oporornis agilis,FL,eBird,NA
Geothlypis tolmiei,FL,eBird,NA
Geothlypis philadelphia,FL,eBird,NA
Geothlypis formosa,FL,eBird,NA
Geothlypis trichas,FL,eBird,NA
Setophaga citrina,FL,eBird,NA
Setophaga ruticilla,FL,eBird,NA
Setophaga kirtlandii,FL,eBird,NA
Setophaga tigrina,FL,eBird,NA
Setophaga cerulea,FL,eBird,NA
Setophaga americana,FL,eBird,NA
Setophaga magnolia,FL,eBird,NA
Setophaga castanea,FL,eBird,NA
Setophaga fusca,FL,eBird,NA
Setophaga aestiva,FL,eBird,NA
Setophaga petechia,FL,eBird,NA
Setophaga pensylvanica,FL,eBird,NA
Setophaga striata,FL,eBird,NA
Setophaga caerulescens,FL,eBird,NA
Setophaga palmarum,FL,eBird,NA
Setophaga pinus,FL,eBird,NA
Setophaga coronata,FL,eBird,NA
Setophaga dominica,FL,eBird,NA
Setophaga discolor,FL,eBird,NA
Setophaga nigrescens,FL,eBird,NA
Setophaga townsendi,FL,eBird,NA
Setophaga occidentalis,FL,eBird,NA
Setophaga chrysoparia,FL,eBird,NA
Setophaga virens,FL,eBird,NA
Cardellina canadensis,FL,eBird,NA
Cardellina pusilla,FL,eBird,NA
Piranga rubra,FL,eBird,NA
Piranga olivacea,FL,eBird,NA
Piranga ludoviciana,FL,eBird,NA
Cardinalis cardinalis,FL,eBird,NA
Pheucticus ludovicianus,FL,eBird,NA
Pheucticus melanocephalus,FL,eBird,NA
Passerina caerulea,FL,eBird,NA
Passerina amoena,FL,eBird,NA
Passerina cyanea,FL,eBird,NA
Passerina ciris,FL,eBird,NA
Spiza americana,FL,eBird,NA
Paroaria coronata,FL,eBird,NA
Ramphocelus carbo,FL,eBird,NA
Thraupis episcopus,FL,eBird,NA
Tangara chilensis,FL,eBird,NA
Cyanerpes caeruleus,FL,eBird,NA
Cyanerpes cyaneus,FL,eBird,NA
Sicalis flaveola,FL,eBird,NA
Volatinia jacarina,FL,eBird,NA
Coereba flaveola,FL,eBird,NA
Tiaris olivaceus,FL,eBird,NA
Melopyrrha nigra,FL,eBird,NA
Phonipara canora,FL,eBird,NA
Melanospiza bicolor,FL,eBird,NA
Dendrocygna autumnalis,GA,eBird,NA
Dendrocygna bicolor,GA,eBird,NA
Anser caerulescens,GA,eBird,NA
Anser rossii,GA,eBird,NA
Anser anser,GA,eBird,NA
Anser cygnoides,GA,eBird,NA
Anser albifrons,GA,eBird,NA
Branta bernicla,GA,eBird,NA
Branta leucopsis,GA,eBird,NA
Branta hutchinsii,GA,eBird,NA
Branta canadensis,GA,eBird,NA
Cygnus olor,GA,eBird,NA
Cygnus atratus,GA,eBird,NA
Cygnus buccinator,GA,eBird,NA
Cygnus columbianus,GA,eBird,NA
Cygnus cygnus,GA,eBird,NA
Coscoroba coscoroba,GA,eBird,NA
Alopochen aegyptiaca,GA,eBird,NA
Tadorna ferruginea,GA,eBird,NA
Tadorna tadorna,GA,eBird,NA
Cairina moschata,GA,eBird,NA
Aix sponsa,GA,eBird,NA
Aix galericulata,GA,eBird,NA
Spatula discors,GA,eBird,NA
Spatula cyanoptera,GA,eBird,NA
Spatula clypeata,GA,eBird,NA
Mareca strepera,GA,eBird,NA
Mareca penelope,GA,eBird,NA
Mareca americana,GA,eBird,NA
Anas platyrhynchos,GA,eBird,NA
Anas rubripes,GA,eBird,NA
Anas fulvigula,GA,eBird,NA
Anas acuta,GA,eBird,NA
Anas crecca,GA,eBird,NA
Aythya valisineria,GA,eBird,NA
Aythya americana,GA,eBird,NA
Aythya collaris,GA,eBird,NA
Aythya marila,GA,eBird,NA
Aythya affinis,GA,eBird,NA
Somateria spectabilis,GA,eBird,NA
Somateria mollissima,GA,eBird,NA
Histrionicus histrionicus,GA,eBird,NA
Melanitta perspicillata,GA,eBird,NA
Melanitta deglandi,GA,eBird,NA
Melanitta americana,GA,eBird,NA
Clangula hyemalis,GA,eBird,NA
Bucephala albeola,GA,eBird,NA
Bucephala clangula,GA,eBird,NA
Lophodytes cucullatus,GA,eBird,NA
Mergus merganser,GA,eBird,NA
Mergus serrator,GA,eBird,NA
Oxyura jamaicensis,GA,eBird,NA
Ortalis vetula,GA,eBird,NA
Numida meleagris,GA,eBird,NA
Colinus virginianus,GA,eBird,NA
Meleagris gallopavo,GA,eBird,NA
Bonasa umbellus,GA,eBird,NA
Chrysolophus pictus,GA,eBird,NA
Phasianus colchicus,GA,eBird,NA
Pavo cristatus,GA,eBird,NA
Pavo muticus,GA,eBird,NA
Gallus gallus,GA,eBird,NA
Alectoris chukar,GA,eBird,NA
Columba livia,GA,eBird,NA
Ectopistes migratorius,GA,eBird,NA
Streptopelia decaocto,GA,eBird,NA
Spilopelia chinensis,GA,eBird,NA
Columbina inca,GA,eBird,NA
Columbina passerina,GA,eBird,NA
Zenaida asiatica,GA,eBird,NA
Zenaida macroura,GA,eBird,NA
Crotophaga ani,GA,eBird,NA
Crotophaga sulcirostris,GA,eBird,NA
Coccyzus americanus,GA,eBird,NA
Coccyzus erythropthalmus,GA,eBird,NA
Chordeiles minor,GA,eBird,NA
Antrostomus carolinensis,GA,eBird,NA
Antrostomus vociferus,GA,eBird,NA
Chaetura pelagica,GA,eBird,NA
Anthracothorax prevostii,GA,eBird,NA
Eugenes fulgens,GA,eBird,NA
Lampornis clemenciae,GA,eBird,NA
Archilochus colubris,GA,eBird,NA
Archilochus alexandri,GA,eBird,NA
Calypte anna,GA,eBird,NA
Selasphorus calliope,GA,eBird,NA
Selasphorus rufus,GA,eBird,NA
Selasphorus sasin,GA,eBird,NA
Selasphorus platycercus,GA,eBird,NA
Cynanthus latirostris,GA,eBird,NA
Amazilia yucatanensis,GA,eBird,NA
Rallus elegans,GA,eBird,NA
Rallus crepitans,GA,eBird,NA
Rallus limicola,GA,eBird,NA
Porzana carolina,GA,eBird,NA
Gallinula galeata,GA,eBird,NA
Fulica americana,GA,eBird,NA
Porphyrio martinica,GA,eBird,NA
Porphyrio poliocephalus,GA,eBird,NA
Coturnicops noveboracensis,GA,eBird,NA
Laterallus jamaicensis,GA,eBird,NA
Aramus guarauna,GA,eBird,NA
Antigone canadensis,GA,eBird,NA
Grus americana,GA,eBird,NA
Himantopus mexicanus,GA,eBird,NA
Recurvirostra americana,GA,eBird,NA
Haematopus palliatus,GA,eBird,NA
Pluvialis squatarola,GA,eBird,NA
Pluvialis dominica,GA,eBird,NA
Charadrius vociferus,GA,eBird,NA
Charadrius semipalmatus,GA,eBird,NA
Charadrius melodus,GA,eBird,NA
Vanellus vanellus,GA,eBird,NA
Anarhynchus wilsonia,GA,eBird,NA
Anarhynchus nivosus,GA,eBird,NA
Bartramia longicauda,GA,eBird,NA
Numenius hudsonicus,GA,eBird,NA
Numenius phaeopus,GA,eBird,NA
Numenius americanus,GA,eBird,NA
Limosa lapponica,GA,eBird,NA
Limosa haemastica,GA,eBird,NA
Limosa fedoa,GA,eBird,NA
Limnodromus griseus,GA,eBird,NA
Limnodromus scolopaceus,GA,eBird,NA
Scolopax minor,GA,eBird,NA
Gallinago delicata,GA,eBird,NA
Phalaropus tricolor,GA,eBird,NA
Phalaropus fulicarius,GA,eBird,NA
Phalaropus lobatus,GA,eBird,NA
Actitis macularius,GA,eBird,NA
Tringa solitaria,GA,eBird,NA
Tringa flavipes,GA,eBird,NA
Tringa semipalmata,GA,eBird,NA
Tringa melanoleuca,GA,eBird,NA
Arenaria interpres,GA,eBird,NA
Calidris canutus,GA,eBird,NA
Calidris pugnax,GA,eBird,NA
Calidris ferruginea,GA,eBird,NA
Calidris himantopus,GA,eBird,NA
Calidris subruficollis,GA,eBird,NA
Calidris alba,GA,eBird,NA
Calidris alpina,GA,eBird,NA
Calidris maritima,GA,eBird,NA
Calidris bairdii,GA,eBird,NA
Calidris fuscicollis,GA,eBird,NA
Calidris minutilla,GA,eBird,NA
Calidris melanotos,GA,eBird,NA
Calidris mauri,GA,eBird,NA
Calidris pusilla,GA,eBird,NA
Stercorarius longicaudus,GA,eBird,NA
Stercorarius parasiticus,GA,eBird,NA
Stercorarius pomarinus,GA,eBird,NA
Stercorarius maccormicki,GA,eBird,NA
Fratercula arctica,GA,eBird,NA
Alca torda,GA,eBird,NA
Alle alle,GA,eBird,NA
Hydrocoloeus minutus,GA,eBird,NA
Rissa tridactyla,GA,eBird,NA
Pagophila eburnea,GA,eBird,NA
Xema sabini,GA,eBird,NA
Chroicocephalus philadelphia,GA,eBird,NA
Chroicocephalus ridibundus,GA,eBird,NA
Leucophaeus atricilla,GA,eBird,NA
Leucophaeus pipixcan,GA,eBird,NA
Larus heermanni,GA,eBird,NA
Larus delawarensis,GA,eBird,NA
Larus smithsonianus,GA,eBird,NA
Larus marinus,GA,eBird,NA
Larus hyperboreus,GA,eBird,NA
Larus fuscus,GA,eBird,NA
Larus californicus,GA,eBird,NA
Larus glaucoides,GA,eBird,NA
Rynchops niger,GA,eBird,NA
Anous stolidus,GA,eBird,NA
Onychoprion fuscatus,GA,eBird,NA
Onychoprion anaethetus,GA,eBird,NA
Sternula antillarum,GA,eBird,NA
Gelochelidon nilotica,GA,eBird,NA
Hydroprogne caspia,GA,eBird,NA
Chlidonias niger,GA,eBird,NA
Sterna forsteri,GA,eBird,NA
Sterna paradisaea,GA,eBird,NA
Sterna hirundo,GA,eBird,NA
Sterna dougallii,GA,eBird,NA
Thalasseus sandvicensis,GA,eBird,NA
Thalasseus maximus,GA,eBird,NA
Phoenicopterus ruber,GA,eBird,NA
Podilymbus podiceps,GA,eBird,NA
Podiceps auritus,GA,eBird,NA
Podiceps grisegena,GA,eBird,NA
Podiceps nigricollis,GA,eBird,NA
Aechmophorus occidentalis,GA,eBird,NA
Phaethon lepturus,GA,eBird,NA
Phaethon aethereus,GA,eBird,NA
Gavia stellata,GA,eBird,NA
Gavia pacifica,GA,eBird,NA
Gavia immer,GA,eBird,NA
Gavia adamsii,GA,eBird,NA
Oceanites oceanicus,GA,eBird,NA
Hydrobates leucorhous,GA,eBird,NA
Hydrobates castro,GA,eBird,NA
Pterodroma hasitata,GA,eBird,NA
Calonectris borealis,GA,eBird,NA
Calonectris diomedea,GA,eBird,NA
Ardenna gravis,GA,eBird,NA
Ardenna grisea,GA,eBird,NA
Puffinus puffinus,GA,eBird,NA
Puffinus lherminieri,GA,eBird,NA
Mycteria americana,GA,eBird,NA
Fregata magnificens,GA,eBird,NA
Morus bassanus,GA,eBird,NA
Sula sula,GA,eBird,NA
Sula leucogaster,GA,eBird,NA
Sula dactylatra,GA,eBird,NA
Anhinga anhinga,GA,eBird,NA
Phalacrocorax carbo,GA,eBird,NA
Nannopterum auritum,GA,eBird,NA
Nannopterum brasilianum,GA,eBird,NA
Eudocimus albus,GA,eBird,NA
Plegadis falcinellus,GA,eBird,NA
Plegadis chihi,GA,eBird,NA
Platalea ajaja,GA,eBird,NA
Botaurus lentiginosus,GA,eBird,NA
Botaurus exilis,GA,eBird,NA
Nyctanassa violacea,GA,eBird,NA
Nycticorax nycticorax,GA,eBird,NA
Egretta caerulea,GA,eBird,NA
Egretta tricolor,GA,eBird,NA
Egretta rufescens,GA,eBird,NA
Egretta thula,GA,eBird,NA
Butorides virescens,GA,eBird,NA
Ardea ibis,GA,eBird,NA
Ardea alba,GA,eBird,NA
Ardea herodias,GA,eBird,NA
Pelecanus erythrorhynchos,GA,eBird,NA
Pelecanus occidentalis,GA,eBird,NA
Coragyps atratus,GA,eBird,NA
Cathartes aura,GA,eBird,NA
Pandion haliaetus,GA,eBird,NA
Elanoides forficatus,GA,eBird,NA
Aquila chrysaetos,GA,eBird,NA
Accipiter striatus,GA,eBird,NA
Astur cooperii,GA,eBird,NA
Astur atricapillus,GA,eBird,NA
Circus hudsonius,GA,eBird,NA
Haliaeetus leucocephalus,GA,eBird,NA
Ictinia mississippiensis,GA,eBird,NA
Rostrhamus sociabilis,GA,eBird,NA
Buteo platypterus,GA,eBird,NA
Buteo lineatus,GA,eBird,NA
Buteo brachyurus,GA,eBird,NA
Buteo jamaicensis,GA,eBird,NA
Buteo lagopus,GA,eBird,NA
Tyto furcata,GA,eBird,NA
Megascops asio,GA,eBird,NA
Bubo scandiacus,GA,eBird,NA
Bubo virginianus,GA,eBird,NA
Athene cunicularia,GA,eBird,NA
Strix varia,GA,eBird,NA
Asio otus,GA,eBird,NA
Asio flammeus,GA,eBird,NA
Aegolius acadicus,GA,eBird,NA
Megaceryle alcyon,GA,eBird,NA
Sphyrapicus varius,GA,eBird,NA
Melanerpes erythrocephalus,GA,eBird,NA
Melanerpes carolinus,GA,eBird,NA
Dryobates pubescens,GA,eBird,NA
Leuconotopicus borealis,GA,eBird,NA
Leuconotopicus villosus,GA,eBird,NA
Campephilus principalis,GA,eBird,NA
Dryocopus pileatus,GA,eBird,NA
Colaptes auratus,GA,eBird,NA
Caracara plancus,GA,eBird,NA
Falco sparverius,GA,eBird,NA
Falco columbarius,GA,eBird,NA
Falco peregrinus,GA,eBird,NA
Nymphicus hollandicus,GA,eBird,NA
Melopsittacus undulatus,GA,eBird,NA
Agapornis roseicollis,GA,eBird,NA
Myiopsitta monachus,GA,eBird,NA
Aratinga nenday,GA,eBird,NA
Contopus cooperi,GA,eBird,NA
Contopus virens,GA,eBird,NA
Empidonax flaviventris,GA,eBird,NA
Empidonax virescens,GA,eBird,NA
Empidonax alnorum,GA,eBird,NA
Empidonax traillii,GA,eBird,NA
Empidonax minimus,GA,eBird,NA
Empidonax hammondii,GA,eBird,NA
Empidonax oberholseri,GA,eBird,NA
Sayornis phoebe,GA,eBird,NA
Sayornis saya,GA,eBird,NA
Pyrocephalus rubinus,GA,eBird,NA
Myiarchus cinerascens,GA,eBird,NA
Myiarchus crinitus,GA,eBird,NA
Tyrannus melancholicus,GA,eBird,NA
Tyrannus couchii,GA,eBird,NA
Tyrannus verticalis,GA,eBird,NA
Tyrannus tyrannus,GA,eBird,NA
Tyrannus dominicensis,GA,eBird,NA
Tyrannus forficatus,GA,eBird,NA
Tyrannus savana,GA,eBird,NA
Vireo griseus,GA,eBird,NA
Vireo bellii,GA,eBird,NA
Vireo flavifrons,GA,eBird,NA
Vireo solitarius,GA,eBird,NA
Vireo philadelphicus,GA,eBird,NA
Vireo gilvus,GA,eBird,NA
Vireo olivaceus,GA,eBird,NA
Lanius ludovicianus,GA,eBird,NA
Cyanocitta cristata,GA,eBird,NA
Aphelocoma coerulescens,GA,eBird,NA
Corvus brachyrhynchos,GA,eBird,NA
Corvus ossifragus,GA,eBird,NA
Corvus corax,GA,eBird,NA
Poecile carolinensis,GA,eBird,NA
Baeolophus bicolor,GA,eBird,NA
Eremophila alpestris,GA,eBird,NA
Riparia riparia,GA,eBird,NA
Tachycineta bicolor,GA,eBird,NA
Progne subis,GA,eBird,NA
Stelgidopteryx serripennis,GA,eBird,NA
Hirundo rustica,GA,eBird,NA
Petrochelidon pyrrhonota,GA,eBird,NA
Petrochelidon fulva,GA,eBird,NA
Corthylio calendula,GA,eBird,NA
Regulus satrapa,GA,eBird,NA
Sitta carolinensis,GA,eBird,NA
Sitta pusilla,GA,eBird,NA
Sitta canadensis,GA,eBird,NA
Certhia americana,GA,eBird,NA
Polioptila caerulea,GA,eBird,NA
Salpinctes obsoletus,GA,eBird,NA
Troglodytes aedon,GA,eBird,NA
Troglodytes hiemalis,GA,eBird,NA
Cistothorus stellaris,GA,eBird,NA
Cistothorus palustris,GA,eBird,NA
Thryothorus ludovicianus,GA,eBird,NA
Thryomanes bewickii,GA,eBird,NA
Sturnus vulgaris,GA,eBird,NA
Dumetella carolinensis,GA,eBird,NA
Toxostoma rufum,GA,eBird,NA
Oreoscoptes montanus,GA,eBird,NA
Mimus polyglottos,GA,eBird,NA
Sialia sialis,GA,eBird,NA
Sialia currucoides,GA,eBird,NA
Ixoreus naevius,GA,eBird,NA
Catharus fuscescens,GA,eBird,NA
Catharus minimus,GA,eBird,NA
Catharus bicknelli,GA,eBird,NA
Catharus ustulatus,GA,eBird,NA
Catharus guttatus,GA,eBird,NA
Hylocichla mustelina,GA,eBird,NA
Turdus migratorius,GA,eBird,NA
Oenanthe oenanthe,GA,eBird,NA
Bombycilla cedrorum,GA,eBird,NA
Taeniopygia guttata,GA,eBird,NA
Lonchura punctulata,GA,eBird,NA
Estrilda melpoda,GA,eBird,NA
Vidua macroura,GA,eBird,NA
Passer domesticus,GA,eBird,NA
Anthus rubescens,GA,eBird,NA
Anthus spragueii,GA,eBird,NA
Hesperiphona vespertina,GA,eBird,NA
Haemorhous mexicanus,GA,eBird,NA
Haemorhous purpureus,GA,eBird,NA
Crithagra mozambica,GA,eBird,NA
Acanthis flammea,GA,eBird,NA
Loxia curvirostra,GA,eBird,NA
Loxia leucoptera,GA,eBird,NA
Carduelis carduelis,GA,eBird,NA
Spinus pinus,GA,eBird,NA
Spinus tristis,GA,eBird,NA
Calcarius lapponicus,GA,eBird,NA
Calcarius pictus,GA,eBird,NA
Rhynchophanes mccownii,GA,eBird,NA
Plectrophenax nivalis,GA,eBird,NA
Peucaea aestivalis,GA,eBird,NA
Ammodramus savannarum,GA,eBird,NA
Spizella passerina,GA,eBird,NA
Spizella pallida,GA,eBird,NA
Spizella pusilla,GA,eBird,NA
Chondestes grammacus,GA,eBird,NA
Calamospiza melanocorys,GA,eBird,NA
Spizelloides arborea,GA,eBird,NA
Passerella iliaca,GA,eBird,NA
Junco hyemalis,GA,eBird,NA
Zonotrichia leucophrys,GA,eBird,NA
Zonotrichia querula,GA,eBird,NA
Zonotrichia albicollis,GA,eBird,NA
Pooecetes gramineus,GA,eBird,NA
Ammospiza leconteii,GA,eBird,NA
Ammospiza maritima,GA,eBird,NA
Ammospiza nelsoni,GA,eBird,NA
Ammospiza caudacuta,GA,eBird,NA
Passerculus sandwichensis,GA,eBird,NA
Centronyx bairdii,GA,eBird,NA
Centronyx henslowii,GA,eBird,NA
Melospiza melodia,GA,eBird,NA
Melospiza lincolnii,GA,eBird,NA
Melospiza georgiana,GA,eBird,NA
Pipilo chlorurus,GA,eBird,NA
Pipilo maculatus,GA,eBird,NA
Pipilo erythrophthalmus,GA,eBird,NA
Icteria virens,GA,eBird,NA
Xanthocephalus xanthocephalus,GA,eBird,NA
Dolichonyx oryzivorus,GA,eBird,NA
Sturnella neglecta,GA,eBird,NA
Sturnella magna,GA,eBird,NA
Icterus spurius,GA,eBird,NA
Icterus cucullatus,GA,eBird,NA
Icterus bullockii,GA,eBird,NA
Icterus galbula,GA,eBird,NA
Icterus parisorum,GA,eBird,NA
Agelaius phoeniceus,GA,eBird,NA
Molothrus bonariensis,GA,eBird,NA
Molothrus ater,GA,eBird,NA
Euphagus carolinus,GA,eBird,NA
Euphagus cyanocephalus,GA,eBird,NA
Quiscalus quiscula,GA,eBird,NA
Quiscalus major,GA,eBird,NA
Seiurus aurocapilla,GA,eBird,NA
Helmitheros vermivorum,GA,eBird,NA
Parkesia motacilla,GA,eBird,NA
Parkesia noveboracensis,GA,eBird,NA
Vermivora bachmanii,GA,eBird,NA
Vermivora chrysoptera,GA,eBird,NA
Vermivora cyanoptera,GA,eBird,NA
Mniotilta varia,GA,eBird,NA
Protonotaria citrea,GA,eBird,NA
Limnothlypis swainsonii,GA,eBird,NA
Leiothlypis peregrina,GA,eBird,NA
Leiothlypis celata,GA,eBird,NA
Leiothlypis ruficapilla,GA,eBird,NA
Leiothlypis virginiae,GA,eBird,NA
Oporornis agilis,GA,eBird,NA
Geothlypis tolmiei,GA,eBird,NA
Geothlypis philadelphia,GA,eBird,NA
Geothlypis formosa,GA,eBird,NA
Geothlypis trichas,GA,eBird,NA
Setophaga citrina,GA,eBird,NA
Setophaga ruticilla,GA,eBird,NA
Setophaga kirtlandii,GA,eBird,NA
Setophaga tigrina,GA,eBird,NA
Setophaga cerulea,GA,eBird,NA
Setophaga americana,GA,eBird,NA
Setophaga magnolia,GA,eBird,NA
Setophaga castanea,GA,eBird,NA
Setophaga fusca,GA,eBird,NA
Setophaga aestiva,GA,eBird,NA
Setophaga pensylvanica,GA,eBird,NA
Setophaga striata,GA,eBird,NA
Setophaga caerulescens,GA,eBird,NA
Setophaga palmarum,GA,eBird,NA
Setophaga pinus,GA,eBird,NA
Setophaga coronata,GA,eBird,NA
Setophaga dominica,GA,eBird,NA
Setophaga discolor,GA,eBird,NA
Setophaga nigrescens,GA,eBird,NA
Setophaga townsendi,GA,eBird,NA
Setophaga virens,GA,eBird,NA
Cardellina canadensis,GA,eBird,NA
Cardellina pusilla,GA,eBird,NA
Cardellina rubrifrons,GA,eBird,NA
Piranga rubra,GA,eBird,NA
Piranga olivacea,GA,eBird,NA
Piranga ludoviciana,GA,eBird,NA
Cardinalis cardinalis,GA,eBird,NA
Pheucticus ludovicianus,GA,eBird,NA
Pheucticus melanocephalus,GA,eBird,NA
Passerina caerulea,GA,eBird,NA
Passerina amoena,GA,eBird,NA
Passerina cyanea,GA,eBird,NA
Passerina ciris,GA,eBird,NA
Spiza americana,GA,eBird,NA
Paroaria coronata,GA,eBird,NA
Sicalis flaveola,GA,eBird,NA
Dendrocygna viduata,HI,eBird,NA
Dendrocygna autumnalis,HI,eBird,NA
Dendrocygna bicolor,HI,eBird,NA
Anser canagicus,HI,eBird,NA
Anser caerulescens,HI,eBird,NA
Anser anser,HI,eBird,NA
Anser cygnoides,HI,eBird,NA
Anser albifrons,HI,eBird,NA
Branta bernicla,HI,eBird,NA
Branta hutchinsii,HI,eBird,NA
Branta canadensis,HI,eBird,NA
Branta sandvicensis,HI,eBird,NA
Cygnus olor,HI,eBird,NA
Cygnus atratus,HI,eBird,NA
Cygnus melancoryphus,HI,eBird,NA
Cygnus columbianus,HI,eBird,NA
Oressochen jubatus,HI,eBird,NA
Radjah radjah,HI,eBird,NA
Tadorna ferruginea,HI,eBird,NA
Cairina moschata,HI,eBird,NA
Aix sponsa,HI,eBird,NA
Aix galericulata,HI,eBird,NA
Sibirionetta formosa,HI,eBird,NA
Spatula querquedula,HI,eBird,NA
Spatula discors,HI,eBird,NA
Spatula cyanoptera,HI,eBird,NA
Spatula clypeata,HI,eBird,NA
Mareca strepera,HI,eBird,NA
Mareca penelope,HI,eBird,NA
Mareca americana,HI,eBird,NA
Anas laysanensis,HI,eBird,NA
Anas wyvilliana,HI,eBird,NA
Anas zonorhyncha,HI,eBird,NA
Anas platyrhynchos,HI,eBird,NA
Anas acuta,HI,eBird,NA
Anas crecca,HI,eBird,NA
Netta peposaca,HI,eBird,NA
Aythya valisineria,HI,eBird,NA
Aythya americana,HI,eBird,NA
Aythya collaris,HI,eBird,NA
Aythya fuligula,HI,eBird,NA
Aythya marila,HI,eBird,NA
Aythya affinis,HI,eBird,NA
Histrionicus histrionicus,HI,eBird,NA
Melanitta perspicillata,HI,eBird,NA
Clangula hyemalis,HI,eBird,NA
Bucephala albeola,HI,eBird,NA
Bucephala clangula,HI,eBird,NA
Lophodytes cucullatus,HI,eBird,NA
Mergus merganser,HI,eBird,NA
Mergus serrator,HI,eBird,NA
Numida meleagris,HI,eBird,NA
Colinus virginianus,HI,eBird,NA
Callipepla californica,HI,eBird,NA
Callipepla gambelii,HI,eBird,NA
Meleagris gallopavo,HI,eBird,NA
Syrmaticus reevesii,HI,eBird,NA
Chrysolophus pictus,HI,eBird,NA
Phasianus colchicus,HI,eBird,NA
Phasianus versicolor,HI,eBird,NA
Lophura leucomelanos,HI,eBird,NA
Lophura nycthemera,HI,eBird,NA
Pavo cristatus,HI,eBird,NA
Gallus gallus,HI,eBird,NA
Ortygornis pondicerianus,HI,eBird,NA
Francolinus francolinus,HI,eBird,NA
Coturnix japonica,HI,eBird,NA
Alectoris chukar,HI,eBird,NA
Pternistis erckelii,HI,eBird,NA
Columba livia,HI,eBird,NA
Spilopelia chinensis,HI,eBird,NA
Geopelia striata,HI,eBird,NA
Zenaida macroura,HI,eBird,NA
Pterocles exustus,HI,eBird,NA
Coccyzus americanus,HI,eBird,NA
Aerodramus bartschi,HI,eBird,NA
Apus pacificus,HI,eBird,NA
Porzana carolina,HI,eBird,NA
Gallinula galeata,HI,eBird,NA
Fulica alai,HI,eBird,NA
Fulica americana,HI,eBird,NA
Porphyrio martinica,HI,eBird,NA
Balearica regulorum,HI,eBird,NA
Antigone canadensis,HI,eBird,NA
Grus virgo,HI,eBird,NA
Himantopus himantopus,HI,eBird,NA
Himantopus mexicanus,HI,eBird,NA
Recurvirostra americana,HI,eBird,NA
Pluvialis squatarola,HI,eBird,NA
Pluvialis fulva,HI,eBird,NA
Charadrius vociferus,HI,eBird,NA
Charadrius hiaticula,HI,eBird,NA
Charadrius semipalmatus,HI,eBird,NA
Numenius tahitiensis,HI,eBird,NA
Numenius hudsonicus,HI,eBird,NA
Numenius phaeopus,HI,eBird,NA
Limosa lapponica,HI,eBird,NA
Limosa limosa,HI,eBird,NA
Limosa haemastica,HI,eBird,NA
Limosa fedoa,HI,eBird,NA
Limnodromus griseus,HI,eBird,NA
Limnodromus scolopaceus,HI,eBird,NA
Gallinago gallinago,HI,eBird,NA
Gallinago delicata,HI,eBird,NA
Phalaropus tricolor,HI,eBird,NA
Phalaropus fulicarius,HI,eBird,NA
Phalaropus lobatus,HI,eBird,NA
Xenus cinereus,HI,eBird,NA
Actitis hypoleucos,HI,eBird,NA
Actitis macularius,HI,eBird,NA
Tringa solitaria,HI,eBird,NA
Tringa brevipes,HI,eBird,NA
Tringa incana,HI,eBird,NA
Tringa stagnatilis,HI,eBird,NA
Tringa glareola,HI,eBird,NA
Tringa flavipes,HI,eBird,NA
Tringa semipalmata,HI,eBird,NA
Tringa erythropus,HI,eBird,NA
Tringa melanoleuca,HI,eBird,NA
Arenaria interpres,HI,eBird,NA
Calidris canutus,HI,eBird,NA
Calidris virgata,HI,eBird,NA
Calidris pugnax,HI,eBird,NA
Calidris acuminata,HI,eBird,NA
Calidris ferruginea,HI,eBird,NA
Calidris himantopus,HI,eBird,NA
Calidris ruficollis,HI,eBird,NA
Calidris subruficollis,HI,eBird,NA
Calidris alba,HI,eBird,NA
Calidris alpina,HI,eBird,NA
Calidris bairdii,HI,eBird,NA
Calidris minuta,HI,eBird,NA
Calidris fuscicollis,HI,eBird,NA
Calidris minutilla,HI,eBird,NA
Calidris melanotos,HI,eBird,NA
Calidris mauri,HI,eBird,NA
Calidris pusilla,HI,eBird,NA
Stercorarius longicaudus,HI,eBird,NA
Stercorarius parasiticus,HI,eBird,NA
Stercorarius pomarinus,HI,eBird,NA
Stercorarius maccormicki,HI,eBird,NA
Rissa tridactyla,HI,eBird,NA
Chroicocephalus philadelphia,HI,eBird,NA
Leucophaeus atricilla,HI,eBird,NA
Leucophaeus pipixcan,HI,eBird,NA
Larus canus,HI,eBird,NA
Larus brachyrhynchus,HI,eBird,NA
Larus delawarensis,HI,eBird,NA
Larus occidentalis,HI,eBird,NA
Larus smithsonianus,HI,eBird,NA
Larus vegae,HI,eBird,NA
Larus hyperboreus,HI,eBird,NA
Larus californicus,HI,eBird,NA
Larus glaucescens,HI,eBird,NA
Larus schistisagus,HI,eBird,NA
Gygis candida,HI,eBird,NA
Anous stolidus,HI,eBird,NA
Anous minutus,HI,eBird,NA
Anous ceruleus,HI,eBird,NA
Onychoprion fuscatus,HI,eBird,NA
Onychoprion anaethetus,HI,eBird,NA
Onychoprion lunatus,HI,eBird,NA
Sternula antillarum,HI,eBird,NA
Gelochelidon nilotica,HI,eBird,NA
Hydroprogne caspia,HI,eBird,NA
Larosterna inca,HI,eBird,NA
Chlidonias hybrida,HI,eBird,NA
Chlidonias niger,HI,eBird,NA
Chlidonias leucopterus,HI,eBird,NA
Sterna paradisaea,HI,eBird,NA
Sterna hirundo,HI,eBird,NA
Thalasseus sandvicensis,HI,eBird,NA
Thalasseus elegans,HI,eBird,NA
Thalasseus bergii,HI,eBird,NA
Podilymbus podiceps,HI,eBird,NA
Podiceps grisegena,HI,eBird,NA
Podiceps nigricollis,HI,eBird,NA
Phaethon lepturus,HI,eBird,NA
Phaethon aethereus,HI,eBird,NA
Phaethon rubricauda,HI,eBird,NA
Gavia pacifica,HI,eBird,NA
Phoebastria immutabilis,HI,eBird,NA
Phoebastria nigripes,HI,eBird,NA
Phoebastria albatrus,HI,eBird,NA
Oceanites oceanicus,HI,eBird,NA
Hydrobates furcatus,HI,eBird,NA
Hydrobates leucorhous,HI,eBird,NA
Hydrobates castro,HI,eBird,NA
Hydrobates melania,HI,eBird,NA
Hydrobates tristrami,HI,eBird,NA
Fulmarus glacialis,HI,eBird,NA
Pterodroma neglecta,HI,eBird,NA
Pterodroma heraldica,HI,eBird,NA
Pterodroma ultima,HI,eBird,NA
Pterodroma inexpectata,HI,eBird,NA
Pterodroma externa,HI,eBird,NA
Pterodroma sandwichensis,HI,eBird,NA
Pterodroma cervicalis,HI,eBird,NA
Pterodroma hypoleuca,HI,eBird,NA
Pterodroma nigripennis,HI,eBird,NA
Pterodroma cookii,HI,eBird,NA
Pterodroma longirostris,HI,eBird,NA
Pterodroma alba,HI,eBird,NA
Bulweria bulwerii,HI,eBird,NA
Pseudobulweria rostrata,HI,eBird,NA
Calonectris leucomelas,HI,eBird,NA
Ardenna creatopus,HI,eBird,NA
Ardenna carneipes,HI,eBird,NA
Ardenna pacifica,HI,eBird,NA
Ardenna bulleri,HI,eBird,NA
Ardenna grisea,HI,eBird,NA
Ardenna tenuirostris,HI,eBird,NA
Puffinus nativitatis,HI,eBird,NA
Puffinus newelli,HI,eBird,NA
Fregata magnificens,HI,eBird,NA
Fregata ariel,HI,eBird,NA
Fregata minor,HI,eBird,NA
Sula sula,HI,eBird,NA
Sula leucogaster,HI,eBird,NA
Sula brewsteri,HI,eBird,NA
Sula dactylatra,HI,eBird,NA
Sula granti,HI,eBird,NA
Plegadis chihi,HI,eBird,NA
Botaurus lentiginosus,HI,eBird,NA
Nycticorax nycticorax,HI,eBird,NA
Egretta caerulea,HI,eBird,NA
Egretta thula,HI,eBird,NA
Butorides virescens,HI,eBird,NA
Ardea ibis,HI,eBird,NA
Ardea alba,HI,eBird,NA
Ardea cinerea,HI,eBird,NA
Ardea herodias,HI,eBird,NA
Pelecanus occidentalis,HI,eBird,NA
Pandion haliaetus,HI,eBird,NA
Aquila chrysaetos,HI,eBird,NA
Circus hudsonius,HI,eBird,NA
Haliaeetus albicilla,HI,eBird,NA
Buteo solitarius,HI,eBird,NA
Buteo lagopus,HI,eBird,NA
Tyto furcata,HI,eBird,NA
Bubo scandiacus,HI,eBird,NA
Asio flammeus,HI,eBird,NA
Megaceryle alcyon,HI,eBird,NA
Falco columbarius,HI,eBird,NA
Falco peregrinus,HI,eBird,NA
Nymphicus hollandicus,HI,eBird,NA
Cacatua goffiniana,HI,eBird,NA
Cacatua alba,HI,eBird,NA
Cacatua moluccensis,HI,eBird,NA
Cacatua galerita,HI,eBird,NA
Psittacula krameri,HI,eBird,NA
Psittacula cyanocephala,HI,eBird,NA
Melopsittacus undulatus,HI,eBird,NA
Agapornis roseicollis,HI,eBird,NA
Agapornis fischeri,HI,eBird,NA
Agapornis personatus,HI,eBird,NA
Poicephalus senegalus,HI,eBird,NA
Pionus menstruus,HI,eBird,NA
Amazona viridigenalis,HI,eBird,NA
Amazona finschi,HI,eBird,NA
Amazona oratrix,HI,eBird,NA
Amazona aestiva,HI,eBird,NA
Cyanoliseus patagonus,HI,eBird,NA
Aratinga nenday,HI,eBird,NA
Ara ararauna,HI,eBird,NA
Ara chloropterus,HI,eBird,NA
Thectocercus acuticaudatus,HI,eBird,NA
Psittacara mitratus,HI,eBird,NA
Psittacara erythrogenys,HI,eBird,NA
Chasiempis sandwichensis,HI,eBird,NA
Chasiempis sclateri,HI,eBird,NA
Chasiempis ibidis,HI,eBird,NA
Corvus hawaiiensis,HI,eBird,NA
Corvus corax,HI,eBird,NA
Alauda arvensis,HI,eBird,NA
Acrocephalus familiaris,HI,eBird,NA
Hirundo rustica,HI,eBird,NA
Pycnonotus jocosus,HI,eBird,NA
Pycnonotus cafer,HI,eBird,NA
Horornis diphone,HI,eBird,NA
Zosterops japonicus,HI,eBird,NA
Leiothrix lutea,HI,eBird,NA
Garrulax canorus,HI,eBird,NA
Garrulax leucolophus,HI,eBird,NA
Pterorhinus pectoralis,HI,eBird,NA
Sturnus vulgaris,HI,eBird,NA
Acridotheres tristis,HI,eBird,NA
Mimus polyglottos,HI,eBird,NA
Myadestes myadestinus,HI,eBird,NA
Myadestes lanaiensis,HI,eBird,NA
Myadestes obscurus,HI,eBird,NA
Myadestes palmeri,HI,eBird,NA
Turdus obscurus,HI,eBird,NA
Copsychus malabaricus,HI,eBird,NA
Monticola solitarius,HI,eBird,NA
Bombycilla garrulus,HI,eBird,NA
Moho braccatus,HI,eBird,NA
Euplectes franciscanus,HI,eBird,NA
Euodice cantans,HI,eBird,NA
Padda oryzivora,HI,eBird,NA
Lonchura punctulata,HI,eBird,NA
Lonchura striata,HI,eBird,NA
Lonchura atricapilla,HI,eBird,NA
Glaucestrilda caerulescens,HI,eBird,NA
Estrilda melpoda,HI,eBird,NA
Estrilda astrild,HI,eBird,NA
Estrilda troglodytes,HI,eBird,NA
Amandava amandava,HI,eBird,NA
Uraeginthus bengalus,HI,eBird,NA
Uraeginthus cyanocephalus,HI,eBird,NA
Vidua macroura,HI,eBird,NA
Passer domesticus,HI,eBird,NA
Motacilla alba,HI,eBird,NA
Fringilla montifringilla,HI,eBird,NA
Melamprosops phaeosoma,HI,eBird,NA
Oreomystis bairdi,HI,eBird,NA
Paroreomyza montana,HI,eBird,NA
Loxioides bailleui,HI,eBird,NA
Telespiza cantans,HI,eBird,NA
Telespiza ultima,HI,eBird,NA
Palmeria dolei,HI,eBird,NA
Himatione sanguinea,HI,eBird,NA
Drepanis coccinea,HI,eBird,NA
Psittirostra psittacea,HI,eBird,NA
Pseudonestor xanthophrys,HI,eBird,NA
Hemignathus hanapepe,HI,eBird,NA
Hemignathus wilsoni,HI,eBird,NA
Magumma parva,HI,eBird,NA
Chlorodrepanis virens,HI,eBird,NA
Chlorodrepanis flava,HI,eBird,NA
Chlorodrepanis stejnegeri,HI,eBird,NA
Loxops mana,HI,eBird,NA
Loxops caeruleirostris,HI,eBird,NA
Loxops coccineus,HI,eBird,NA
Loxops ochraceus,HI,eBird,NA
Haemorhous mexicanus,HI,eBird,NA
Crithagra mozambica,HI,eBird,NA
Serinus canaria,HI,eBird,NA
Plectrophenax nivalis,HI,eBird,NA
Melospiza melodia,HI,eBird,NA
Sturnella neglecta,HI,eBird,NA
Quiscalus mexicanus,HI,eBird,NA
Cardinalis cardinalis,HI,eBird,NA
Paroaria coronata,HI,eBird,NA
Paroaria capitata,HI,eBird,NA
Sicalis flaveola,HI,eBird,NA
Tiaris olivaceus,HI,eBird,NA
Anser indicus,ID,eBird,NA
Anser canagicus,ID,eBird,NA
Anser caerulescens,ID,eBird,NA
Anser rossii,ID,eBird,NA
Anser anser,ID,eBird,NA
Anser cygnoides,ID,eBird,NA
Anser albifrons,ID,eBird,NA
Branta bernicla,ID,eBird,NA
Branta hutchinsii,ID,eBird,NA
Branta canadensis,ID,eBird,NA
Cygnus olor,ID,eBird,NA
Cygnus buccinator,ID,eBird,NA
Cygnus columbianus,ID,eBird,NA
Cygnus cygnus,ID,eBird,NA
Tadorna ferruginea,ID,eBird,NA
Cairina moschata,ID,eBird,NA
Aix sponsa,ID,eBird,NA
Aix galericulata,ID,eBird,NA
Spatula querquedula,ID,eBird,NA
Spatula discors,ID,eBird,NA
Spatula cyanoptera,ID,eBird,NA
Spatula clypeata,ID,eBird,NA
Mareca strepera,ID,eBird,NA
Mareca penelope,ID,eBird,NA
Mareca americana,ID,eBird,NA
Anas platyrhynchos,ID,eBird,NA
Anas rubripes,ID,eBird,NA
Anas acuta,ID,eBird,NA
Anas crecca,ID,eBird,NA
Aythya valisineria,ID,eBird,NA
Aythya americana,ID,eBird,NA
Aythya collaris,ID,eBird,NA
Aythya fuligula,ID,eBird,NA
Aythya marila,ID,eBird,NA
Aythya affinis,ID,eBird,NA
Histrionicus histrionicus,ID,eBird,NA
Melanitta perspicillata,ID,eBird,NA
Melanitta deglandi,ID,eBird,NA
Melanitta americana,ID,eBird,NA
Clangula hyemalis,ID,eBird,NA
Bucephala albeola,ID,eBird,NA
Bucephala clangula,ID,eBird,NA
Bucephala islandica,ID,eBird,NA
Lophodytes cucullatus,ID,eBird,NA
Mergus merganser,ID,eBird,NA
Mergus serrator,ID,eBird,NA
Oxyura jamaicensis,ID,eBird,NA
Numida meleagris,ID,eBird,NA
Oreortyx pictus,ID,eBird,NA
Colinus virginianus,ID,eBird,NA
Callipepla californica,ID,eBird,NA
Callipepla gambelii,ID,eBird,NA
Meleagris gallopavo,ID,eBird,NA
Bonasa umbellus,ID,eBird,NA
Centrocercus urophasianus,ID,eBird,NA
Dendragapus obscurus,ID,eBird,NA
Tympanuchus phasianellus,ID,eBird,NA
Lagopus leucura,ID,eBird,NA
Canachites canadensis,ID,eBird,NA
Perdix perdix,ID,eBird,NA
Chrysolophus pictus,ID,eBird,NA
Phasianus colchicus,ID,eBird,NA
Phasianus versicolor,ID,eBird,NA
Pavo cristatus,ID,eBird,NA
Gallus gallus,ID,eBird,NA
Alectoris rufa,ID,eBird,NA
Alectoris chukar,ID,eBird,NA
Columba livia,ID,eBird,NA
Patagioenas fasciata,ID,eBird,NA
Ectopistes migratorius,ID,eBird,NA
Streptopelia decaocto,ID,eBird,NA
Zenaida asiatica,ID,eBird,NA
Zenaida macroura,ID,eBird,NA
Coccyzus americanus,ID,eBird,NA
Coccyzus erythropthalmus,ID,eBird,NA
Chordeiles minor,ID,eBird,NA
Phalaenoptilus nuttallii,ID,eBird,NA
Cypseloides niger,ID,eBird,NA
Chaetura pelagica,ID,eBird,NA
Chaetura vauxi,ID,eBird,NA
Aeronautes saxatalis,ID,eBird,NA
Archilochus colubris,ID,eBird,NA
Archilochus alexandri,ID,eBird,NA
Calypte anna,ID,eBird,NA
Calypte costae,ID,eBird,NA
Selasphorus calliope,ID,eBird,NA
Selasphorus rufus,ID,eBird,NA
Selasphorus platycercus,ID,eBird,NA
Cynanthus latirostris,ID,eBird,NA
Rallus limicola,ID,eBird,NA
Porzana carolina,ID,eBird,NA
Gallinula galeata,ID,eBird,NA
Fulica americana,ID,eBird,NA
Coturnicops noveboracensis,ID,eBird,NA
Antigone canadensis,ID,eBird,NA
Grus americana,ID,eBird,NA
Grus grus,ID,eBird,NA
Grus monacha,ID,eBird,NA
Himantopus mexicanus,ID,eBird,NA
Recurvirostra americana,ID,eBird,NA
Haematopus palliatus,ID,eBird,NA
Pluvialis squatarola,ID,eBird,NA
Pluvialis dominica,ID,eBird,NA
Pluvialis fulva,ID,eBird,NA
Charadrius vociferus,ID,eBird,NA
Charadrius semipalmatus,ID,eBird,NA
Anarhynchus montanus,ID,eBird,NA
Anarhynchus nivosus,ID,eBird,NA
Bartramia longicauda,ID,eBird,NA
Numenius hudsonicus,ID,eBird,NA
Numenius americanus,ID,eBird,NA
Limosa haemastica,ID,eBird,NA
Limosa fedoa,ID,eBird,NA
Limnodromus griseus,ID,eBird,NA
Limnodromus scolopaceus,ID,eBird,NA
Gallinago delicata,ID,eBird,NA
Phalaropus tricolor,ID,eBird,NA
Phalaropus fulicarius,ID,eBird,NA
Phalaropus lobatus,ID,eBird,NA
Actitis macularius,ID,eBird,NA
Tringa solitaria,ID,eBird,NA
Tringa flavipes,ID,eBird,NA
Tringa semipalmata,ID,eBird,NA
Tringa melanoleuca,ID,eBird,NA
Arenaria interpres,ID,eBird,NA
Arenaria melanocephala,ID,eBird,NA
Calidris canutus,ID,eBird,NA
Calidris pugnax,ID,eBird,NA
Calidris acuminata,ID,eBird,NA
Calidris himantopus,ID,eBird,NA
Calidris subruficollis,ID,eBird,NA
Calidris alba,ID,eBird,NA
Calidris alpina,ID,eBird,NA
Calidris bairdii,ID,eBird,NA
Calidris fuscicollis,ID,eBird,NA
Calidris minutilla,ID,eBird,NA
Calidris melanotos,ID,eBird,NA
Calidris mauri,ID,eBird,NA
Calidris pusilla,ID,eBird,NA
Stercorarius longicaudus,ID,eBird,NA
Stercorarius parasiticus,ID,eBird,NA
Stercorarius pomarinus,ID,eBird,NA
Synthliboramphus antiquus,ID,eBird,NA
Hydrocoloeus minutus,ID,eBird,NA
Rhodostethia rosea,ID,eBird,NA
Rissa tridactyla,ID,eBird,NA
Xema sabini,ID,eBird,NA
Chroicocephalus philadelphia,ID,eBird,NA
Leucophaeus atricilla,ID,eBird,NA
Leucophaeus pipixcan,ID,eBird,NA
Larus heermanni,ID,eBird,NA
Larus brachyrhynchus,ID,eBird,NA
Larus delawarensis,ID,eBird,NA
Larus occidentalis,ID,eBird,NA
Larus smithsonianus,ID,eBird,NA
Larus marinus,ID,eBird,NA
Larus hyperboreus,ID,eBird,NA
Larus fuscus,ID,eBird,NA
Larus californicus,ID,eBird,NA
Larus glaucescens,ID,eBird,NA
Larus schistisagus,ID,eBird,NA
Larus glaucoides,ID,eBird,NA
Sternula antillarum,ID,eBird,NA
Hydroprogne caspia,ID,eBird,NA
Chlidonias niger,ID,eBird,NA
Sterna forsteri,ID,eBird,NA
Sterna paradisaea,ID,eBird,NA
Sterna hirundo,ID,eBird,NA
Phoenicopterus chilensis,ID,eBird,NA
Podilymbus podiceps,ID,eBird,NA
Podiceps auritus,ID,eBird,NA
Podiceps grisegena,ID,eBird,NA
Podiceps nigricollis,ID,eBird,NA
Aechmophorus occidentalis,ID,eBird,NA
Aechmophorus clarkii,ID,eBird,NA
Gavia stellata,ID,eBird,NA
Gavia pacifica,ID,eBird,NA
Gavia immer,ID,eBird,NA
Gavia adamsii,ID,eBird,NA
Mycteria americana,ID,eBird,NA
Nannopterum auritum,ID,eBird,NA
Nannopterum brasilianum,ID,eBird,NA
Eudocimus albus,ID,eBird,NA
Plegadis falcinellus,ID,eBird,NA
Plegadis chihi,ID,eBird,NA
Botaurus lentiginosus,ID,eBird,NA
Botaurus exilis,ID,eBird,NA
Nycticorax nycticorax,ID,eBird,NA
Egretta caerulea,ID,eBird,NA
Egretta tricolor,ID,eBird,NA
Egretta rufescens,ID,eBird,NA
Egretta thula,ID,eBird,NA
Butorides virescens,ID,eBird,NA
Ardea ibis,ID,eBird,NA
Ardea alba,ID,eBird,NA
Ardea herodias,ID,eBird,NA
Pelecanus erythrorhynchos,ID,eBird,NA
Pelecanus occidentalis,ID,eBird,NA
Cathartes aura,ID,eBird,NA
Pandion haliaetus,ID,eBird,NA
Elanus leucurus,ID,eBird,NA
Aquila chrysaetos,ID,eBird,NA
Accipiter striatus,ID,eBird,NA
Astur cooperii,ID,eBird,NA
Astur atricapillus,ID,eBird,NA
Circus hudsonius,ID,eBird,NA
Haliaeetus leucocephalus,ID,eBird,NA
Parabuteo unicinctus,ID,eBird,NA
Buteo platypterus,ID,eBird,NA
Buteo lineatus,ID,eBird,NA
Buteo swainsoni,ID,eBird,NA
Buteo jamaicensis,ID,eBird,NA
Buteo lagopus,ID,eBird,NA
Buteo regalis,ID,eBird,NA
Tyto furcata,ID,eBird,NA
Psiloscops flammeolus,ID,eBird,NA
Megascops kennicottii,ID,eBird,NA
Bubo scandiacus,ID,eBird,NA
Bubo virginianus,ID,eBird,NA
Surnia ulula,ID,eBird,NA
Glaucidium gnoma,ID,eBird,NA
Athene cunicularia,ID,eBird,NA
Strix varia,ID,eBird,NA
Strix nebulosa,ID,eBird,NA
Asio otus,ID,eBird,NA
Asio flammeus,ID,eBird,NA
Aegolius funereus,ID,eBird,NA
Aegolius acadicus,ID,eBird,NA
Megaceryle alcyon,ID,eBird,NA
Sphyrapicus thyroideus,ID,eBird,NA
Sphyrapicus varius,ID,eBird,NA
Sphyrapicus nuchalis,ID,eBird,NA
Sphyrapicus ruber,ID,eBird,NA
Melanerpes lewis,ID,eBird,NA
Melanerpes erythrocephalus,ID,eBird,NA
Melanerpes formicivorus,ID,eBird,NA
Melanerpes carolinus,ID,eBird,NA
Picoides dorsalis,ID,eBird,NA
Picoides arcticus,ID,eBird,NA
Dryobates pubescens,ID,eBird,NA
Leuconotopicus villosus,ID,eBird,NA
Leuconotopicus albolarvatus,ID,eBird,NA
Dryocopus pileatus,ID,eBird,NA
Colaptes auratus,ID,eBird,NA
Caracara plancus,ID,eBird,NA
Falco sparverius,ID,eBird,NA
Falco columbarius,ID,eBird,NA
Falco rusticolus,ID,eBird,NA
Falco peregrinus,ID,eBird,NA
Falco mexicanus,ID,eBird,NA
Nymphicus hollandicus,ID,eBird,NA
Melopsittacus undulatus,ID,eBird,NA
Agapornis personatus,ID,eBird,NA
Contopus cooperi,ID,eBird,NA
Contopus sordidulus,ID,eBird,NA
Empidonax alnorum,ID,eBird,NA
Empidonax traillii,ID,eBird,NA
Empidonax minimus,ID,eBird,NA
Empidonax hammondii,ID,eBird,NA
Empidonax wrightii,ID,eBird,NA
Empidonax oberholseri,ID,eBird,NA
Empidonax difficilis,ID,eBird,NA
Sayornis nigricans,ID,eBird,NA
Sayornis phoebe,ID,eBird,NA
Sayornis saya,ID,eBird,NA
Pyrocephalus rubinus,ID,eBird,NA
Myiarchus cinerascens,ID,eBird,NA
Myiarchus crinitus,ID,eBird,NA
Tyrannus melancholicus,ID,eBird,NA
Tyrannus vociferans,ID,eBird,NA
Tyrannus verticalis,ID,eBird,NA
Tyrannus tyrannus,ID,eBird,NA
Tyrannus forficatus,ID,eBird,NA
Tyrannus savana,ID,eBird,NA
Vireo griseus,ID,eBird,NA
Vireo bellii,ID,eBird,NA
Vireo flavifrons,ID,eBird,NA
Vireo cassinii,ID,eBird,NA
Vireo solitarius,ID,eBird,NA
Vireo plumbeus,ID,eBird,NA
Vireo philadelphicus,ID,eBird,NA
Vireo swainsoni,ID,eBird,NA
Vireo olivaceus,ID,eBird,NA
Lanius ludovicianus,ID,eBird,NA
Lanius borealis,ID,eBird,NA
Perisoreus canadensis,ID,eBird,NA
Gymnorhinus cyanocephalus,ID,eBird,NA
Cyanocitta stelleri,ID,eBird,NA
Cyanocitta cristata,ID,eBird,NA
Aphelocoma californica,ID,eBird,NA
Aphelocoma woodhouseii,ID,eBird,NA
Pica hudsonia,ID,eBird,NA
Nucifraga columbiana,ID,eBird,NA
Corvus brachyrhynchos,ID,eBird,NA
Corvus corax,ID,eBird,NA
Poecile atricapillus,ID,eBird,NA
Poecile gambeli,ID,eBird,NA
Poecile rufescens,ID,eBird,NA
Poecile hudsonicus,ID,eBird,NA
Baeolophus ridgwayi,ID,eBird,NA
Eremophila alpestris,ID,eBird,NA
Riparia riparia,ID,eBird,NA
Tachycineta bicolor,ID,eBird,NA
Tachycineta thalassina,ID,eBird,NA
Progne subis,ID,eBird,NA
Stelgidopteryx serripennis,ID,eBird,NA
Hirundo rustica,ID,eBird,NA
Petrochelidon pyrrhonota,ID,eBird,NA
Psaltriparus minimus,ID,eBird,NA
Corthylio calendula,ID,eBird,NA
Regulus satrapa,ID,eBird,NA
Sitta carolinensis,ID,eBird,NA
Sitta pygmaea,ID,eBird,NA
Sitta canadensis,ID,eBird,NA
Certhia americana,ID,eBird,NA
Polioptila caerulea,ID,eBird,NA
Salpinctes obsoletus,ID,eBird,NA
Catherpes mexicanus,ID,eBird,NA
Troglodytes aedon,ID,eBird,NA
Troglodytes pacificus,ID,eBird,NA
Troglodytes hiemalis,ID,eBird,NA
Cistothorus palustris,ID,eBird,NA
Thryomanes bewickii,ID,eBird,NA
Cinclus mexicanus,ID,eBird,NA
Sturnus vulgaris,ID,eBird,NA
Dumetella carolinensis,ID,eBird,NA
Toxostoma curvirostre,ID,eBird,NA
Toxostoma rufum,ID,eBird,NA
Oreoscoptes montanus,ID,eBird,NA
Mimus polyglottos,ID,eBird,NA
Sialia sialis,ID,eBird,NA
Sialia mexicana,ID,eBird,NA
Sialia currucoides,ID,eBird,NA
Myadestes townsendi,ID,eBird,NA
Ixoreus naevius,ID,eBird,NA
Catharus fuscescens,ID,eBird,NA
Catharus minimus,ID,eBird,NA
Catharus ustulatus,ID,eBird,NA
Catharus guttatus,ID,eBird,NA
Hylocichla mustelina,ID,eBird,NA
Turdus migratorius,ID,eBird,NA
Tarsiger cyanurus,ID,eBird,NA
Bombycilla garrulus,ID,eBird,NA
Bombycilla cedrorum,ID,eBird,NA
Phainopepla nitens,ID,eBird,NA
Taeniopygia guttata,ID,eBird,NA
Prunella montanella,ID,eBird,NA
Passer domesticus,ID,eBird,NA
Anthus rubescens,ID,eBird,NA
Fringilla montifringilla,ID,eBird,NA
Hesperiphona vespertina,ID,eBird,NA
Pinicola enucleator,ID,eBird,NA
Leucosticte tephrocotis,ID,eBird,NA
Leucosticte atrata,ID,eBird,NA
Haemorhous mexicanus,ID,eBird,NA
Haemorhous purpureus,ID,eBird,NA
Haemorhous cassinii,ID,eBird,NA
Acanthis flammea,ID,eBird,NA
Loxia curvirostra,ID,eBird,NA
Loxia sinesciuris,ID,eBird,NA
Loxia leucoptera,ID,eBird,NA
Spinus pinus,ID,eBird,NA
Spinus psaltria,ID,eBird,NA
Spinus tristis,ID,eBird,NA
Calcarius lapponicus,ID,eBird,NA
Calcarius ornatus,ID,eBird,NA
Rhynchophanes mccownii,ID,eBird,NA
Plectrophenax nivalis,ID,eBird,NA
Peucaea cassinii,ID,eBird,NA
Ammodramus savannarum,ID,eBird,NA
Spizella passerina,ID,eBird,NA
Spizella pallida,ID,eBird,NA
Spizella breweri,ID,eBird,NA
Amphispiza bilineata,ID,eBird,NA
Chondestes grammacus,ID,eBird,NA
Calamospiza melanocorys,ID,eBird,NA
Spizelloides arborea,ID,eBird,NA
Passerella iliaca,ID,eBird,NA
Junco hyemalis,ID,eBird,NA
Zonotrichia leucophrys,ID,eBird,NA
Zonotrichia atricapilla,ID,eBird,NA
Zonotrichia querula,ID,eBird,NA
Zonotrichia albicollis,ID,eBird,NA
Artemisiospiza nevadensis,ID,eBird,NA
Pooecetes gramineus,ID,eBird,NA
Ammospiza leconteii,ID,eBird,NA
Passerculus sandwichensis,ID,eBird,NA
Melospiza melodia,ID,eBird,NA
Melospiza lincolnii,ID,eBird,NA
Melospiza georgiana,ID,eBird,NA
Pipilo chlorurus,ID,eBird,NA
Pipilo maculatus,ID,eBird,NA
Pipilo erythrophthalmus,ID,eBird,NA
Icteria virens,ID,eBird,NA
Xanthocephalus xanthocephalus,ID,eBird,NA
Dolichonyx oryzivorus,ID,eBird,NA
Sturnella neglecta,ID,eBird,NA
Icterus spurius,ID,eBird,NA
Icterus cucullatus,ID,eBird,NA
Icterus bullockii,ID,eBird,NA
Icterus galbula,ID,eBird,NA
Icterus parisorum,ID,eBird,NA
Agelaius phoeniceus,ID,eBird,NA
Agelaius tricolor,ID,eBird,NA
Molothrus ater,ID,eBird,NA
Euphagus carolinus,ID,eBird,NA
Euphagus cyanocephalus,ID,eBird,NA
Quiscalus quiscula,ID,eBird,NA
Quiscalus mexicanus,ID,eBird,NA
Seiurus aurocapilla,ID,eBird,NA
Helmitheros vermivorum,ID,eBird,NA
Parkesia motacilla,ID,eBird,NA
Parkesia noveboracensis,ID,eBird,NA
Vermivora chrysoptera,ID,eBird,NA
Vermivora cyanoptera,ID,eBird,NA
Mniotilta varia,ID,eBird,NA
Protonotaria citrea,ID,eBird,NA
Leiothlypis peregrina,ID,eBird,NA
Leiothlypis celata,ID,eBird,NA
Leiothlypis luciae,ID,eBird,NA
Leiothlypis ruficapilla,ID,eBird,NA
Leiothlypis virginiae,ID,eBird,NA
Oporornis agilis,ID,eBird,NA
Geothlypis tolmiei,ID,eBird,NA
Geothlypis philadelphia,ID,eBird,NA
Geothlypis trichas,ID,eBird,NA
Setophaga citrina,ID,eBird,NA
Setophaga ruticilla,ID,eBird,NA
Setophaga tigrina,ID,eBird,NA
Setophaga americana,ID,eBird,NA
Setophaga magnolia,ID,eBird,NA
Setophaga castanea,ID,eBird,NA
Setophaga fusca,ID,eBird,NA
Setophaga aestiva,ID,eBird,NA
Setophaga pensylvanica,ID,eBird,NA
Setophaga striata,ID,eBird,NA
Setophaga caerulescens,ID,eBird,NA
Setophaga palmarum,ID,eBird,NA
Setophaga pinus,ID,eBird,NA
Setophaga coronata,ID,eBird,NA
Setophaga dominica,ID,eBird,NA
Setophaga discolor,ID,eBird,NA
Setophaga nigrescens,ID,eBird,NA
Setophaga townsendi,ID,eBird,NA
Setophaga occidentalis,ID,eBird,NA
Setophaga virens,ID,eBird,NA
Cardellina canadensis,ID,eBird,NA
Cardellina pusilla,ID,eBird,NA
Piranga rubra,ID,eBird,NA
Piranga olivacea,ID,eBird,NA
Piranga ludoviciana,ID,eBird,NA
Pheucticus ludovicianus,ID,eBird,NA
Pheucticus melanocephalus,ID,eBird,NA
Passerina caerulea,ID,eBird,NA
Passerina amoena,ID,eBird,NA
Passerina cyanea,ID,eBird,NA
Passerina ciris,ID,eBird,NA
Spiza americana,ID,eBird,NA
Dendrocygna autumnalis,IL,eBird,NA
Dendrocygna bicolor,IL,eBird,NA
Anser indicus,IL,eBird,NA
Anser caerulescens,IL,eBird,NA
Anser rossii,IL,eBird,NA
Anser anser,IL,eBird,NA
Anser cygnoides,IL,eBird,NA
Anser albifrons,IL,eBird,NA
Branta bernicla,IL,eBird,NA
Branta leucopsis,IL,eBird,NA
Branta hutchinsii,IL,eBird,NA
Branta canadensis,IL,eBird,NA
Cygnus olor,IL,eBird,NA
Cygnus atratus,IL,eBird,NA
Cygnus buccinator,IL,eBird,NA
Cygnus columbianus,IL,eBird,NA
Cygnus cygnus,IL,eBird,NA
Alopochen aegyptiaca,IL,eBird,NA
Tadorna ferruginea,IL,eBird,NA
Cairina moschata,IL,eBird,NA
Aix sponsa,IL,eBird,NA
Aix galericulata,IL,eBird,NA
Spatula querquedula,IL,eBird,NA
Spatula discors,IL,eBird,NA
Spatula cyanoptera,IL,eBird,NA
Spatula clypeata,IL,eBird,NA
Mareca strepera,IL,eBird,NA
Mareca penelope,IL,eBird,NA
Mareca americana,IL,eBird,NA
Anas platyrhynchos,IL,eBird,NA
Anas rubripes,IL,eBird,NA
Anas fulvigula,IL,eBird,NA
Anas acuta,IL,eBird,NA
Anas crecca,IL,eBird,NA
Aythya valisineria,IL,eBird,NA
Aythya americana,IL,eBird,NA
Aythya collaris,IL,eBird,NA
Aythya fuligula,IL,eBird,NA
Aythya marila,IL,eBird,NA
Aythya affinis,IL,eBird,NA
Somateria spectabilis,IL,eBird,NA
Somateria mollissima,IL,eBird,NA
Histrionicus histrionicus,IL,eBird,NA
Melanitta perspicillata,IL,eBird,NA
Melanitta deglandi,IL,eBird,NA
Melanitta americana,IL,eBird,NA
Clangula hyemalis,IL,eBird,NA
Bucephala albeola,IL,eBird,NA
Bucephala clangula,IL,eBird,NA
Bucephala islandica,IL,eBird,NA
Lophodytes cucullatus,IL,eBird,NA
Mergus merganser,IL,eBird,NA
Mergus serrator,IL,eBird,NA
Oxyura jamaicensis,IL,eBird,NA
Numida meleagris,IL,eBird,NA
Colinus virginianus,IL,eBird,NA
Callipepla gambelii,IL,eBird,NA
Meleagris gallopavo,IL,eBird,NA
Bonasa umbellus,IL,eBird,NA
Tympanuchus cupido,IL,eBird,NA
Perdix perdix,IL,eBird,NA
Chrysolophus pictus,IL,eBird,NA
Phasianus colchicus,IL,eBird,NA
Pavo cristatus,IL,eBird,NA
Gallus gallus,IL,eBird,NA
Coturnix coturnix,IL,eBird,NA
Alectoris chukar,IL,eBird,NA
Columba livia,IL,eBird,NA
Patagioenas fasciata,IL,eBird,NA
Ectopistes migratorius,IL,eBird,NA
Streptopelia decaocto,IL,eBird,NA
Streptopelia roseogrisea,IL,eBird,NA
Spilopelia chinensis,IL,eBird,NA
Geopelia cuneata,IL,eBird,NA
Columbina inca,IL,eBird,NA
Columbina passerina,IL,eBird,NA
Zenaida asiatica,IL,eBird,NA
Zenaida macroura,IL,eBird,NA
Crotophaga sulcirostris,IL,eBird,NA
Coccyzus americanus,IL,eBird,NA
Coccyzus erythropthalmus,IL,eBird,NA
Chordeiles minor,IL,eBird,NA
Antrostomus carolinensis,IL,eBird,NA
Antrostomus vociferus,IL,eBird,NA
Chaetura pelagica,IL,eBird,NA
Colibri thalassinus,IL,eBird,NA
Archilochus colubris,IL,eBird,NA
Calypte anna,IL,eBird,NA
Selasphorus rufus,IL,eBird,NA
Selasphorus sasin,IL,eBird,NA
Selasphorus platycercus,IL,eBird,NA
Cynanthus latirostris,IL,eBird,NA
Rallus elegans,IL,eBird,NA
Rallus crepitans,IL,eBird,NA
Rallus limicola,IL,eBird,NA
Porzana carolina,IL,eBird,NA
Gallinula galeata,IL,eBird,NA
Fulica americana,IL,eBird,NA
Porphyrio martinica,IL,eBird,NA
Coturnicops noveboracensis,IL,eBird,NA
Laterallus jamaicensis,IL,eBird,NA
Aramus guarauna,IL,eBird,NA
Antigone canadensis,IL,eBird,NA
Grus americana,IL,eBird,NA
Himantopus mexicanus,IL,eBird,NA
Recurvirostra americana,IL,eBird,NA
Pluvialis squatarola,IL,eBird,NA
Pluvialis dominica,IL,eBird,NA
Charadrius vociferus,IL,eBird,NA
Charadrius hiaticula,IL,eBird,NA
Charadrius semipalmatus,IL,eBird,NA
Charadrius melodus,IL,eBird,NA
Anarhynchus wilsonia,IL,eBird,NA
Anarhynchus montanus,IL,eBird,NA
Anarhynchus nivosus,IL,eBird,NA
Bartramia longicauda,IL,eBird,NA
Numenius hudsonicus,IL,eBird,NA
Numenius americanus,IL,eBird,NA
Limosa haemastica,IL,eBird,NA
Limosa fedoa,IL,eBird,NA
Limnodromus griseus,IL,eBird,NA
Limnodromus scolopaceus,IL,eBird,NA
Scolopax minor,IL,eBird,NA
Gallinago delicata,IL,eBird,NA
Phalaropus tricolor,IL,eBird,NA
Phalaropus fulicarius,IL,eBird,NA
Phalaropus lobatus,IL,eBird,NA
Actitis macularius,IL,eBird,NA
Tringa solitaria,IL,eBird,NA
Tringa incana,IL,eBird,NA
Tringa flavipes,IL,eBird,NA
Tringa semipalmata,IL,eBird,NA
Tringa melanoleuca,IL,eBird,NA
Arenaria interpres,IL,eBird,NA
Calidris canutus,IL,eBird,NA
Calidris pugnax,IL,eBird,NA
Calidris acuminata,IL,eBird,NA
Calidris ferruginea,IL,eBird,NA
Calidris himantopus,IL,eBird,NA
Calidris subruficollis,IL,eBird,NA
Calidris alba,IL,eBird,NA
Calidris alpina,IL,eBird,NA
Calidris maritima,IL,eBird,NA
Calidris bairdii,IL,eBird,NA
Calidris minuta,IL,eBird,NA
Calidris fuscicollis,IL,eBird,NA
Calidris minutilla,IL,eBird,NA
Calidris melanotos,IL,eBird,NA
Calidris mauri,IL,eBird,NA
Calidris pusilla,IL,eBird,NA
Stercorarius longicaudus,IL,eBird,NA
Stercorarius parasiticus,IL,eBird,NA
Stercorarius pomarinus,IL,eBird,NA
Alle alle,IL,eBird,NA
Synthliboramphus antiquus,IL,eBird,NA
Hydrocoloeus minutus,IL,eBird,NA
Rhodostethia rosea,IL,eBird,NA
Rissa tridactyla,IL,eBird,NA
Pagophila eburnea,IL,eBird,NA
Xema sabini,IL,eBird,NA
Chroicocephalus philadelphia,IL,eBird,NA
Chroicocephalus ridibundus,IL,eBird,NA
Leucophaeus atricilla,IL,eBird,NA
Leucophaeus pipixcan,IL,eBird,NA
Larus crassirostris,IL,eBird,NA
Larus canus,IL,eBird,NA
Larus brachyrhynchus,IL,eBird,NA
Larus delawarensis,IL,eBird,NA
Larus smithsonianus,IL,eBird,NA
Larus marinus,IL,eBird,NA
Larus hyperboreus,IL,eBird,NA
Larus fuscus,IL,eBird,NA
Larus californicus,IL,eBird,NA
Larus glaucescens,IL,eBird,NA
Larus schistisagus,IL,eBird,NA
Larus glaucoides,IL,eBird,NA
Rynchops niger,IL,eBird,NA
Onychoprion fuscatus,IL,eBird,NA
Sternula antillarum,IL,eBird,NA
Phaetusa simplex,IL,eBird,NA
Gelochelidon nilotica,IL,eBird,NA
Hydroprogne caspia,IL,eBird,NA
Chlidonias niger,IL,eBird,NA
Sterna forsteri,IL,eBird,NA
Sterna paradisaea,IL,eBird,NA
Sterna hirundo,IL,eBird,NA
Thalasseus sandvicensis,IL,eBird,NA
Thalasseus maximus,IL,eBird,NA
Podilymbus podiceps,IL,eBird,NA
Podiceps auritus,IL,eBird,NA
Podiceps grisegena,IL,eBird,NA
Podiceps nigricollis,IL,eBird,NA
Aechmophorus occidentalis,IL,eBird,NA
Gavia stellata,IL,eBird,NA
Gavia pacifica,IL,eBird,NA
Gavia immer,IL,eBird,NA
Gavia adamsii,IL,eBird,NA
Ardenna tenuirostris,IL,eBird,NA
Mycteria americana,IL,eBird,NA
Fregata magnificens,IL,eBird,NA
Morus bassanus,IL,eBird,NA
Anhinga anhinga,IL,eBird,NA
Nannopterum auritum,IL,eBird,NA
Nannopterum brasilianum,IL,eBird,NA
Eudocimus albus,IL,eBird,NA
Plegadis falcinellus,IL,eBird,NA
Plegadis chihi,IL,eBird,NA
Platalea ajaja,IL,eBird,NA
Botaurus lentiginosus,IL,eBird,NA
Botaurus exilis,IL,eBird,NA
Nyctanassa violacea,IL,eBird,NA
Nycticorax nycticorax,IL,eBird,NA
Egretta caerulea,IL,eBird,NA
Egretta tricolor,IL,eBird,NA
Egretta rufescens,IL,eBird,NA
Egretta thula,IL,eBird,NA
Butorides virescens,IL,eBird,NA
Ardea ibis,IL,eBird,NA
Ardea alba,IL,eBird,NA
Ardea herodias,IL,eBird,NA
Pelecanus erythrorhynchos,IL,eBird,NA
Pelecanus occidentalis,IL,eBird,NA
Coragyps atratus,IL,eBird,NA
Cathartes aura,IL,eBird,NA
Pandion haliaetus,IL,eBird,NA
Elanus leucurus,IL,eBird,NA
Elanoides forficatus,IL,eBird,NA
Aquila chrysaetos,IL,eBird,NA
Accipiter striatus,IL,eBird,NA
Astur cooperii,IL,eBird,NA
Astur atricapillus,IL,eBird,NA
Circus hudsonius,IL,eBird,NA
Haliaeetus leucocephalus,IL,eBird,NA
Ictinia mississippiensis,IL,eBird,NA
Buteo platypterus,IL,eBird,NA
Buteo lineatus,IL,eBird,NA
Buteo swainsoni,IL,eBird,NA
Buteo jamaicensis,IL,eBird,NA
Buteo lagopus,IL,eBird,NA
Buteo regalis,IL,eBird,NA
Tyto furcata,IL,eBird,NA
Megascops asio,IL,eBird,NA
Bubo scandiacus,IL,eBird,NA
Bubo virginianus,IL,eBird,NA
Athene cunicularia,IL,eBird,NA
Strix varia,IL,eBird,NA
Asio otus,IL,eBird,NA
Asio flammeus,IL,eBird,NA
Aegolius funereus,IL,eBird,NA
Aegolius acadicus,IL,eBird,NA
Megaceryle alcyon,IL,eBird,NA
Sphyrapicus thyroideus,IL,eBird,NA
Sphyrapicus varius,IL,eBird,NA
Melanerpes lewis,IL,eBird,NA
Melanerpes erythrocephalus,IL,eBird,NA
Melanerpes carolinus,IL,eBird,NA
Picoides arcticus,IL,eBird,NA
Dryobates pubescens,IL,eBird,NA
Leuconotopicus borealis,IL,eBird,NA
Leuconotopicus villosus,IL,eBird,NA
Dryocopus pileatus,IL,eBird,NA
Colaptes auratus,IL,eBird,NA
Caracara plancus,IL,eBird,NA
Falco sparverius,IL,eBird,NA
Falco columbarius,IL,eBird,NA
Falco rusticolus,IL,eBird,NA
Falco peregrinus,IL,eBird,NA
Falco mexicanus,IL,eBird,NA
Nymphicus hollandicus,IL,eBird,NA
Psittacula krameri,IL,eBird,NA
Melopsittacus undulatus,IL,eBird,NA
Agapornis roseicollis,IL,eBird,NA
Agapornis fischeri,IL,eBird,NA
Agapornis personatus,IL,eBird,NA
Myiopsitta monachus,IL,eBird,NA
Brotogeris versicolurus,IL,eBird,NA
Amazona viridigenalis,IL,eBird,NA
Amazona oratrix,IL,eBird,NA
Amazona xantholora,IL,eBird,NA
Eupsittula canicularis,IL,eBird,NA
Aratinga weddellii,IL,eBird,NA
Aratinga nenday,IL,eBird,NA
Aratinga solstitialis,IL,eBird,NA
Ara severus,IL,eBird,NA
Thectocercus acuticaudatus,IL,eBird,NA
Psittacara finschi,IL,eBird,NA
Psittacara mitratus,IL,eBird,NA
Psittacara chloropterus,IL,eBird,NA
Elaenia parvirostris,IL,eBird,NA
Contopus cooperi,IL,eBird,NA
Contopus virens,IL,eBird,NA
Empidonax flaviventris,IL,eBird,NA
Empidonax virescens,IL,eBird,NA
Empidonax alnorum,IL,eBird,NA
Empidonax traillii,IL,eBird,NA
Empidonax minimus,IL,eBird,NA
Sayornis phoebe,IL,eBird,NA
Sayornis saya,IL,eBird,NA
Pyrocephalus rubinus,IL,eBird,NA
Myiarchus cinerascens,IL,eBird,NA
Myiarchus crinitus,IL,eBird,NA
Pitangus sulphuratus,IL,eBird,NA
Tyrannus melancholicus,IL,eBird,NA
Tyrannus vociferans,IL,eBird,NA
Tyrannus verticalis,IL,eBird,NA
Tyrannus tyrannus,IL,eBird,NA
Tyrannus dominicensis,IL,eBird,NA
Tyrannus forficatus,IL,eBird,NA
Tyrannus savana,IL,eBird,NA
Vireo griseus,IL,eBird,NA
Vireo bellii,IL,eBird,NA
Vireo flavifrons,IL,eBird,NA
Vireo cassinii,IL,eBird,NA
Vireo solitarius,IL,eBird,NA
Vireo plumbeus,IL,eBird,NA
Vireo philadelphicus,IL,eBird,NA
Vireo gilvus,IL,eBird,NA
Vireo olivaceus,IL,eBird,NA
Lanius ludovicianus,IL,eBird,NA
Lanius borealis,IL,eBird,NA
Cyanocitta cristata,IL,eBird,NA
Aphelocoma woodhouseii,IL,eBird,NA
Garrulus glandarius,IL,eBird,NA
Pica hudsonia,IL,eBird,NA
Nucifraga columbiana,IL,eBird,NA
Corvus brachyrhynchos,IL,eBird,NA
Corvus ossifragus,IL,eBird,NA
Corvus cornix,IL,eBird,NA
Corvus corax,IL,eBird,NA
Poecile carolinensis,IL,eBird,NA
Poecile atricapillus,IL,eBird,NA
Cyanistes caeruleus,IL,eBird,NA
Baeolophus bicolor,IL,eBird,NA
Parus major,IL,eBird,NA
Eremophila alpestris,IL,eBird,NA
Riparia riparia,IL,eBird,NA
Tachycineta bicolor,IL,eBird,NA
Tachycineta thalassina,IL,eBird,NA
Progne subis,IL,eBird,NA
Stelgidopteryx serripennis,IL,eBird,NA
Hirundo rustica,IL,eBird,NA
Petrochelidon pyrrhonota,IL,eBird,NA
Petrochelidon fulva,IL,eBird,NA
Pycnonotus jocosus,IL,eBird,NA
Corthylio calendula,IL,eBird,NA
Regulus satrapa,IL,eBird,NA
Sitta carolinensis,IL,eBird,NA
Sitta pusilla,IL,eBird,NA
Sitta canadensis,IL,eBird,NA
Certhia americana,IL,eBird,NA
Polioptila caerulea,IL,eBird,NA
Salpinctes obsoletus,IL,eBird,NA
Troglodytes aedon,IL,eBird,NA
Troglodytes hiemalis,IL,eBird,NA
Cistothorus stellaris,IL,eBird,NA
Cistothorus palustris,IL,eBird,NA
Thryothorus ludovicianus,IL,eBird,NA
Thryomanes bewickii,IL,eBird,NA
Sturnus vulgaris,IL,eBird,NA
Dumetella carolinensis,IL,eBird,NA
Toxostoma curvirostre,IL,eBird,NA
Toxostoma rufum,IL,eBird,NA
Oreoscoptes montanus,IL,eBird,NA
Mimus polyglottos,IL,eBird,NA
Sialia sialis,IL,eBird,NA
Sialia currucoides,IL,eBird,NA
Myadestes townsendi,IL,eBird,NA
Ixoreus naevius,IL,eBird,NA
Catharus fuscescens,IL,eBird,NA
Catharus minimus,IL,eBird,NA
Catharus ustulatus,IL,eBird,NA
Catharus guttatus,IL,eBird,NA
Hylocichla mustelina,IL,eBird,NA
Turdus migratorius,IL,eBird,NA
Oenanthe oenanthe,IL,eBird,NA
Bombycilla garrulus,IL,eBird,NA
Bombycilla cedrorum,IL,eBird,NA
Euplectes franciscanus,IL,eBird,NA
Euplectes orix,IL,eBird,NA
Neochmia temporalis,IL,eBird,NA
Taeniopygia guttata,IL,eBird,NA
Padda oryzivora,IL,eBird,NA
Lonchura punctulata,IL,eBird,NA
Lonchura malacca,IL,eBird,NA
Estrilda melpoda,IL,eBird,NA
Estrilda troglodytes,IL,eBird,NA
Vidua macroura,IL,eBird,NA
Passer domesticus,IL,eBird,NA
Passer montanus,IL,eBird,NA
Anthus rubescens,IL,eBird,NA
Anthus spragueii,IL,eBird,NA
Hesperiphona vespertina,IL,eBird,NA
Pinicola enucleator,IL,eBird,NA
Leucosticte tephrocotis,IL,eBird,NA
Haemorhous mexicanus,IL,eBird,NA
Haemorhous purpureus,IL,eBird,NA
Chloris chloris,IL,eBird,NA
Crithagra mozambica,IL,eBird,NA
Acanthis flammea,IL,eBird,NA
Loxia curvirostra,IL,eBird,NA
Loxia leucoptera,IL,eBird,NA
Carduelis carduelis,IL,eBird,NA
Carduelis caniceps,IL,eBird,NA
Serinus canaria,IL,eBird,NA
Spinus pinus,IL,eBird,NA
Spinus psaltria,IL,eBird,NA
Spinus tristis,IL,eBird,NA
Calcarius lapponicus,IL,eBird,NA
Calcarius ornatus,IL,eBird,NA
Calcarius pictus,IL,eBird,NA
Plectrophenax nivalis,IL,eBird,NA
Peucaea cassinii,IL,eBird,NA
Peucaea aestivalis,IL,eBird,NA
Ammodramus savannarum,IL,eBird,NA
Spizella passerina,IL,eBird,NA
Spizella pallida,IL,eBird,NA
Spizella pusilla,IL,eBird,NA
Spizella breweri,IL,eBird,NA
Amphispiza bilineata,IL,eBird,NA
Chondestes grammacus,IL,eBird,NA
Calamospiza melanocorys,IL,eBird,NA
Spizelloides arborea,IL,eBird,NA
Passerella iliaca,IL,eBird,NA
Junco hyemalis,IL,eBird,NA
Zonotrichia leucophrys,IL,eBird,NA
Zonotrichia atricapilla,IL,eBird,NA
Zonotrichia querula,IL,eBird,NA
Zonotrichia albicollis,IL,eBird,NA
Pooecetes gramineus,IL,eBird,NA
Ammospiza leconteii,IL,eBird,NA
Ammospiza nelsoni,IL,eBird,NA
Passerculus sandwichensis,IL,eBird,NA
Centronyx henslowii,IL,eBird,NA
Melospiza melodia,IL,eBird,NA
Melospiza lincolnii,IL,eBird,NA
Melospiza georgiana,IL,eBird,NA
Pipilo chlorurus,IL,eBird,NA
Pipilo maculatus,IL,eBird,NA
Pipilo erythrophthalmus,IL,eBird,NA
Icteria virens,IL,eBird,NA
Xanthocephalus xanthocephalus,IL,eBird,NA
Dolichonyx oryzivorus,IL,eBird,NA
Sturnella neglecta,IL,eBird,NA
Sturnella magna,IL,eBird,NA
Icterus spurius,IL,eBird,NA
Icterus icterus,IL,eBird,NA
Icterus bullockii,IL,eBird,NA
Icterus galbula,IL,eBird,NA
Agelaius phoeniceus,IL,eBird,NA
Molothrus ater,IL,eBird,NA
Euphagus carolinus,IL,eBird,NA
Euphagus cyanocephalus,IL,eBird,NA
Quiscalus quiscula,IL,eBird,NA
Quiscalus mexicanus,IL,eBird,NA
Seiurus aurocapilla,IL,eBird,NA
Helmitheros vermivorum,IL,eBird,NA
Parkesia motacilla,IL,eBird,NA
Parkesia noveboracensis,IL,eBird,NA
Vermivora chrysoptera,IL,eBird,NA
Vermivora cyanoptera,IL,eBird,NA
Mniotilta varia,IL,eBird,NA
Protonotaria citrea,IL,eBird,NA
Limnothlypis swainsonii,IL,eBird,NA
Leiothlypis peregrina,IL,eBird,NA
Leiothlypis celata,IL,eBird,NA
Leiothlypis ruficapilla,IL,eBird,NA
Leiothlypis virginiae,IL,eBird,NA
Oporornis agilis,IL,eBird,NA
Geothlypis tolmiei,IL,eBird,NA
Geothlypis philadelphia,IL,eBird,NA
Geothlypis formosa,IL,eBird,NA
Geothlypis trichas,IL,eBird,NA
Setophaga citrina,IL,eBird,NA
Setophaga ruticilla,IL,eBird,NA
Setophaga kirtlandii,IL,eBird,NA
Setophaga tigrina,IL,eBird,NA
Setophaga cerulea,IL,eBird,NA
Setophaga americana,IL,eBird,NA
Setophaga magnolia,IL,eBird,NA
Setophaga castanea,IL,eBird,NA
Setophaga fusca,IL,eBird,NA
Setophaga aestiva,IL,eBird,NA
Setophaga pensylvanica,IL,eBird,NA
Setophaga striata,IL,eBird,NA
Setophaga caerulescens,IL,eBird,NA
Setophaga palmarum,IL,eBird,NA
Setophaga pinus,IL,eBird,NA
Setophaga coronata,IL,eBird,NA
Setophaga dominica,IL,eBird,NA
Setophaga discolor,IL,eBird,NA
Setophaga graciae,IL,eBird,NA
Setophaga nigrescens,IL,eBird,NA
Setophaga townsendi,IL,eBird,NA
Setophaga occidentalis,IL,eBird,NA
Setophaga virens,IL,eBird,NA
Cardellina canadensis,IL,eBird,NA
Cardellina pusilla,IL,eBird,NA
Myioborus pictus,IL,eBird,NA
Piranga flava,IL,eBird,NA
Piranga rubra,IL,eBird,NA
Piranga olivacea,IL,eBird,NA
Piranga ludoviciana,IL,eBird,NA
Cardinalis cardinalis,IL,eBird,NA
Pheucticus ludovicianus,IL,eBird,NA
Pheucticus melanocephalus,IL,eBird,NA
Passerina caerulea,IL,eBird,NA
Passerina amoena,IL,eBird,NA
Passerina cyanea,IL,eBird,NA
Passerina ciris,IL,eBird,NA
Spiza americana,IL,eBird,NA
Dendrocygna autumnalis,IN,eBird,NA
Dendrocygna bicolor,IN,eBird,NA
Anser indicus,IN,eBird,NA
Anser caerulescens,IN,eBird,NA
Anser rossii,IN,eBird,NA
Anser anser,IN,eBird,NA
Anser cygnoides,IN,eBird,NA
Anser albifrons,IN,eBird,NA
Branta bernicla,IN,eBird,NA
Branta leucopsis,IN,eBird,NA
Branta hutchinsii,IN,eBird,NA
Branta canadensis,IN,eBird,NA
Cygnus olor,IN,eBird,NA
Cygnus atratus,IN,eBird,NA
Cygnus buccinator,IN,eBird,NA
Cygnus columbianus,IN,eBird,NA
Cygnus cygnus,IN,eBird,NA
Alopochen aegyptiaca,IN,eBird,NA
Tadorna ferruginea,IN,eBird,NA
Cairina moschata,IN,eBird,NA
Aix sponsa,IN,eBird,NA
Aix galericulata,IN,eBird,NA
Spatula discors,IN,eBird,NA
Spatula cyanoptera,IN,eBird,NA
Spatula clypeata,IN,eBird,NA
Mareca strepera,IN,eBird,NA
Mareca penelope,IN,eBird,NA
Mareca americana,IN,eBird,NA
Anas platyrhynchos,IN,eBird,NA
Anas rubripes,IN,eBird,NA
Anas fulvigula,IN,eBird,NA
Anas acuta,IN,eBird,NA
Anas crecca,IN,eBird,NA
Aythya valisineria,IN,eBird,NA
Aythya americana,IN,eBird,NA
Aythya collaris,IN,eBird,NA
Aythya marila,IN,eBird,NA
Aythya affinis,IN,eBird,NA
Somateria spectabilis,IN,eBird,NA
Histrionicus histrionicus,IN,eBird,NA
Melanitta perspicillata,IN,eBird,NA
Melanitta deglandi,IN,eBird,NA
Melanitta americana,IN,eBird,NA
Clangula hyemalis,IN,eBird,NA
Bucephala albeola,IN,eBird,NA
Bucephala clangula,IN,eBird,NA
Bucephala islandica,IN,eBird,NA
Lophodytes cucullatus,IN,eBird,NA
Mergus merganser,IN,eBird,NA
Mergus serrator,IN,eBird,NA
Oxyura jamaicensis,IN,eBird,NA
Numida meleagris,IN,eBird,NA
Colinus virginianus,IN,eBird,NA
Callipepla californica,IN,eBird,NA
Meleagris gallopavo,IN,eBird,NA
Bonasa umbellus,IN,eBird,NA
Tympanuchus cupido,IN,eBird,NA
Perdix perdix,IN,eBird,NA
Chrysolophus pictus,IN,eBird,NA
Phasianus colchicus,IN,eBird,NA
Pavo cristatus,IN,eBird,NA
Gallus gallus,IN,eBird,NA
Alectoris chukar,IN,eBird,NA
Columba livia,IN,eBird,NA
Patagioenas fasciata,IN,eBird,NA
Streptopelia decaocto,IN,eBird,NA
Streptopelia roseogrisea,IN,eBird,NA
Columbina passerina,IN,eBird,NA
Zenaida asiatica,IN,eBird,NA
Zenaida macroura,IN,eBird,NA
Crotophaga sulcirostris,IN,eBird,NA
Coccyzus americanus,IN,eBird,NA
Coccyzus erythropthalmus,IN,eBird,NA
Chordeiles minor,IN,eBird,NA
Antrostomus carolinensis,IN,eBird,NA
Antrostomus vociferus,IN,eBird,NA
Chaetura pelagica,IN,eBird,NA
Colibri thalassinus,IN,eBird,NA
Archilochus colubris,IN,eBird,NA
Archilochus alexandri,IN,eBird,NA
Calypte anna,IN,eBird,NA
Selasphorus calliope,IN,eBird,NA
Selasphorus rufus,IN,eBird,NA
Rallus elegans,IN,eBird,NA
Rallus limicola,IN,eBird,NA
Porzana carolina,IN,eBird,NA
Gallinula galeata,IN,eBird,NA
Fulica americana,IN,eBird,NA
Porphyrio martinica,IN,eBird,NA
Coturnicops noveboracensis,IN,eBird,NA
Laterallus jamaicensis,IN,eBird,NA
Aramus guarauna,IN,eBird,NA
Antigone canadensis,IN,eBird,NA
Grus americana,IN,eBird,NA
Grus grus,IN,eBird,NA
Grus monacha,IN,eBird,NA
Himantopus mexicanus,IN,eBird,NA
Recurvirostra americana,IN,eBird,NA
Pluvialis squatarola,IN,eBird,NA
Pluvialis dominica,IN,eBird,NA
Charadrius vociferus,IN,eBird,NA
Charadrius semipalmatus,IN,eBird,NA
Charadrius melodus,IN,eBird,NA
Anarhynchus mongolus,IN,eBird,NA
Anarhynchus wilsonia,IN,eBird,NA
Anarhynchus montanus,IN,eBird,NA
Anarhynchus nivosus,IN,eBird,NA
Bartramia longicauda,IN,eBird,NA
Numenius hudsonicus,IN,eBird,NA
Numenius borealis,IN,eBird,NA
Limosa limosa,IN,eBird,NA
Limosa haemastica,IN,eBird,NA
Limosa fedoa,IN,eBird,NA
Limnodromus griseus,IN,eBird,NA
Limnodromus scolopaceus,IN,eBird,NA
Scolopax minor,IN,eBird,NA
Gallinago delicata,IN,eBird,NA
Phalaropus tricolor,IN,eBird,NA
Phalaropus fulicarius,IN,eBird,NA
Phalaropus lobatus,IN,eBird,NA
Actitis macularius,IN,eBird,NA
Tringa solitaria,IN,eBird,NA
Tringa incana,IN,eBird,NA
Tringa flavipes,IN,eBird,NA
Tringa semipalmata,IN,eBird,NA
Tringa erythropus,IN,eBird,NA
Tringa melanoleuca,IN,eBird,NA
Arenaria interpres,IN,eBird,NA
Calidris canutus,IN,eBird,NA
Calidris pugnax,IN,eBird,NA
Calidris acuminata,IN,eBird,NA
Calidris ferruginea,IN,eBird,NA
Calidris himantopus,IN,eBird,NA
Calidris ruficollis,IN,eBird,NA
Calidris subruficollis,IN,eBird,NA
Calidris alba,IN,eBird,NA
Calidris alpina,IN,eBird,NA
Calidris maritima,IN,eBird,NA
Calidris bairdii,IN,eBird,NA
Calidris fuscicollis,IN,eBird,NA
Calidris minutilla,IN,eBird,NA
Calidris melanotos,IN,eBird,NA
Calidris mauri,IN,eBird,NA
Calidris pusilla,IN,eBird,NA
Stercorarius longicaudus,IN,eBird,NA
Stercorarius parasiticus,IN,eBird,NA
Stercorarius pomarinus,IN,eBird,NA
Brachyramphus perdix,IN,eBird,NA
Uria lomvia,IN,eBird,NA
Synthliboramphus antiquus,IN,eBird,NA
Hydrocoloeus minutus,IN,eBird,NA
Rhodostethia rosea,IN,eBird,NA
Rissa tridactyla,IN,eBird,NA
Xema sabini,IN,eBird,NA
Chroicocephalus philadelphia,IN,eBird,NA
Chroicocephalus ridibundus,IN,eBird,NA
Leucophaeus atricilla,IN,eBird,NA
Leucophaeus pipixcan,IN,eBird,NA
Larus brachyrhynchus,IN,eBird,NA
Larus delawarensis,IN,eBird,NA
Larus dominicanus,IN,eBird,NA
Larus smithsonianus,IN,eBird,NA
Larus vegae,IN,eBird,NA
Larus marinus,IN,eBird,NA
Larus hyperboreus,IN,eBird,NA
Larus fuscus,IN,eBird,NA
Larus californicus,IN,eBird,NA
Larus schistisagus,IN,eBird,NA
Larus glaucoides,IN,eBird,NA
Rynchops niger,IN,eBird,NA
Onychoprion fuscatus,IN,eBird,NA
Sternula antillarum,IN,eBird,NA
Hydroprogne caspia,IN,eBird,NA
Chlidonias niger,IN,eBird,NA
Chlidonias leucopterus,IN,eBird,NA
Sterna forsteri,IN,eBird,NA
Sterna paradisaea,IN,eBird,NA
Sterna hirundo,IN,eBird,NA
Thalasseus maximus,IN,eBird,NA
Phoenicopterus ruber,IN,eBird,NA
Podilymbus podiceps,IN,eBird,NA
Podiceps auritus,IN,eBird,NA
Podiceps grisegena,IN,eBird,NA
Podiceps nigricollis,IN,eBird,NA
Aechmophorus occidentalis,IN,eBird,NA
Gavia stellata,IN,eBird,NA
Gavia pacifica,IN,eBird,NA
Gavia immer,IN,eBird,NA
Gavia adamsii,IN,eBird,NA
Hydrobates castro,IN,eBird,NA
Leptoptilos crumenifer,IN,eBird,NA
Mycteria americana,IN,eBird,NA
Fregata magnificens,IN,eBird,NA
Morus bassanus,IN,eBird,NA
Sula leucogaster,IN,eBird,NA
Anhinga anhinga,IN,eBird,NA
Nannopterum auritum,IN,eBird,NA
Nannopterum brasilianum,IN,eBird,NA
Eudocimus albus,IN,eBird,NA
Plegadis falcinellus,IN,eBird,NA
Plegadis chihi,IN,eBird,NA
Platalea ajaja,IN,eBird,NA
Botaurus lentiginosus,IN,eBird,NA
Botaurus exilis,IN,eBird,NA
Nyctanassa violacea,IN,eBird,NA
Nycticorax nycticorax,IN,eBird,NA
Egretta caerulea,IN,eBird,NA
Egretta tricolor,IN,eBird,NA
Egretta rufescens,IN,eBird,NA
Egretta thula,IN,eBird,NA
Butorides virescens,IN,eBird,NA
Ardea ibis,IN,eBird,NA
Ardea alba,IN,eBird,NA
Ardea herodias,IN,eBird,NA
Pelecanus erythrorhynchos,IN,eBird,NA
Pelecanus occidentalis,IN,eBird,NA
Coragyps atratus,IN,eBird,NA
Cathartes aura,IN,eBird,NA
Pandion haliaetus,IN,eBird,NA
Elanus leucurus,IN,eBird,NA
Elanoides forficatus,IN,eBird,NA
Aquila chrysaetos,IN,eBird,NA
Accipiter striatus,IN,eBird,NA
Astur cooperii,IN,eBird,NA
Astur atricapillus,IN,eBird,NA
Circus hudsonius,IN,eBird,NA
Haliaeetus leucocephalus,IN,eBird,NA
Ictinia mississippiensis,IN,eBird,NA
Buteo platypterus,IN,eBird,NA
Buteo lineatus,IN,eBird,NA
Buteo swainsoni,IN,eBird,NA
Buteo jamaicensis,IN,eBird,NA
Buteo lagopus,IN,eBird,NA
Buteo regalis,IN,eBird,NA
Tyto furcata,IN,eBird,NA
Megascops asio,IN,eBird,NA
Bubo scandiacus,IN,eBird,NA
Bubo virginianus,IN,eBird,NA
Athene cunicularia,IN,eBird,NA
Strix varia,IN,eBird,NA
Asio otus,IN,eBird,NA
Asio flammeus,IN,eBird,NA
Aegolius acadicus,IN,eBird,NA
Megaceryle alcyon,IN,eBird,NA
Sphyrapicus varius,IN,eBird,NA
Melanerpes erythrocephalus,IN,eBird,NA
Melanerpes carolinus,IN,eBird,NA
Picoides arcticus,IN,eBird,NA
Dryobates pubescens,IN,eBird,NA
Leuconotopicus villosus,IN,eBird,NA
Dryocopus pileatus,IN,eBird,NA
Colaptes auratus,IN,eBird,NA
Falco sparverius,IN,eBird,NA
Falco columbarius,IN,eBird,NA
Falco rusticolus,IN,eBird,NA
Falco peregrinus,IN,eBird,NA
Falco mexicanus,IN,eBird,NA
Nymphicus hollandicus,IN,eBird,NA
Melopsittacus undulatus,IN,eBird,NA
Myiopsitta monachus,IN,eBird,NA
Amazona viridigenalis,IN,eBird,NA
Contopus cooperi,IN,eBird,NA
Contopus sordidulus,IN,eBird,NA
Contopus virens,IN,eBird,NA
Empidonax flaviventris,IN,eBird,NA
Empidonax virescens,IN,eBird,NA
Empidonax alnorum,IN,eBird,NA
Empidonax traillii,IN,eBird,NA
Empidonax minimus,IN,eBird,NA
Sayornis phoebe,IN,eBird,NA
Sayornis saya,IN,eBird,NA
Pyrocephalus rubinus,IN,eBird,NA
Myiarchus crinitus,IN,eBird,NA
Pitangus sulphuratus,IN,eBird,NA
Tyrannus verticalis,IN,eBird,NA
Tyrannus tyrannus,IN,eBird,NA
Tyrannus dominicensis,IN,eBird,NA
Tyrannus forficatus,IN,eBird,NA
Tyrannus savana,IN,eBird,NA
Vireo griseus,IN,eBird,NA
Vireo bellii,IN,eBird,NA
Vireo flavifrons,IN,eBird,NA
Vireo solitarius,IN,eBird,NA
Vireo philadelphicus,IN,eBird,NA
Vireo gilvus,IN,eBird,NA
Vireo olivaceus,IN,eBird,NA
Lanius ludovicianus,IN,eBird,NA
Lanius borealis,IN,eBird,NA
Cyanocitta cristata,IN,eBird,NA
Aphelocoma woodhouseii,IN,eBird,NA
Pica hudsonia,IN,eBird,NA
Corvus brachyrhynchos,IN,eBird,NA
Corvus ossifragus,IN,eBird,NA
Corvus corax,IN,eBird,NA
Poecile carolinensis,IN,eBird,NA
Poecile atricapillus,IN,eBird,NA
Poecile hudsonicus,IN,eBird,NA
Baeolophus bicolor,IN,eBird,NA
Eremophila alpestris,IN,eBird,NA
Riparia riparia,IN,eBird,NA
Tachycineta bicolor,IN,eBird,NA
Progne subis,IN,eBird,NA
Stelgidopteryx serripennis,IN,eBird,NA
Hirundo rustica,IN,eBird,NA
Petrochelidon pyrrhonota,IN,eBird,NA
Petrochelidon fulva,IN,eBird,NA
Corthylio calendula,IN,eBird,NA
Regulus satrapa,IN,eBird,NA
Sitta carolinensis,IN,eBird,NA
Sitta canadensis,IN,eBird,NA
Certhia americana,IN,eBird,NA
Polioptila caerulea,IN,eBird,NA
Salpinctes obsoletus,IN,eBird,NA
Troglodytes aedon,IN,eBird,NA
Troglodytes hiemalis,IN,eBird,NA
Cistothorus stellaris,IN,eBird,NA
Cistothorus palustris,IN,eBird,NA
Thryothorus ludovicianus,IN,eBird,NA
Thryomanes bewickii,IN,eBird,NA
Sturnus vulgaris,IN,eBird,NA
Dumetella carolinensis,IN,eBird,NA
Toxostoma rufum,IN,eBird,NA
Oreoscoptes montanus,IN,eBird,NA
Mimus polyglottos,IN,eBird,NA
Sialia sialis,IN,eBird,NA
Sialia currucoides,IN,eBird,NA
Myadestes townsendi,IN,eBird,NA
Ixoreus naevius,IN,eBird,NA
Catharus fuscescens,IN,eBird,NA
Catharus minimus,IN,eBird,NA
Catharus ustulatus,IN,eBird,NA
Catharus guttatus,IN,eBird,NA
Hylocichla mustelina,IN,eBird,NA
Turdus migratorius,IN,eBird,NA
Oenanthe oenanthe,IN,eBird,NA
Bombycilla garrulus,IN,eBird,NA
Bombycilla cedrorum,IN,eBird,NA
Taeniopygia guttata,IN,eBird,NA
Glaucestrilda caerulescens,IN,eBird,NA
Passer domesticus,IN,eBird,NA
Passer montanus,IN,eBird,NA
Anthus rubescens,IN,eBird,NA
Fringilla coelebs,IN,eBird,NA
Fringilla montifringilla,IN,eBird,NA
Hesperiphona vespertina,IN,eBird,NA
Pinicola enucleator,IN,eBird,NA
Haemorhous mexicanus,IN,eBird,NA
Haemorhous purpureus,IN,eBird,NA
Chloris chloris,IN,eBird,NA
Acanthis flammea,IN,eBird,NA
Loxia curvirostra,IN,eBird,NA
Loxia leucoptera,IN,eBird,NA
Carduelis carduelis,IN,eBird,NA
Spinus pinus,IN,eBird,NA
Spinus tristis,IN,eBird,NA
Calcarius lapponicus,IN,eBird,NA
Calcarius ornatus,IN,eBird,NA
Calcarius pictus,IN,eBird,NA
Plectrophenax nivalis,IN,eBird,NA
Peucaea cassinii,IN,eBird,NA
Peucaea aestivalis,IN,eBird,NA
Ammodramus savannarum,IN,eBird,NA
Spizella passerina,IN,eBird,NA
Spizella pallida,IN,eBird,NA
Spizella pusilla,IN,eBird,NA
Chondestes grammacus,IN,eBird,NA
Calamospiza melanocorys,IN,eBird,NA
Spizelloides arborea,IN,eBird,NA
Passerella iliaca,IN,eBird,NA
Junco hyemalis,IN,eBird,NA
Zonotrichia leucophrys,IN,eBird,NA
Zonotrichia atricapilla,IN,eBird,NA
Zonotrichia querula,IN,eBird,NA
Zonotrichia albicollis,IN,eBird,NA
Pooecetes gramineus,IN,eBird,NA
Ammospiza leconteii,IN,eBird,NA
Ammospiza nelsoni,IN,eBird,NA
Passerculus sandwichensis,IN,eBird,NA
Centronyx henslowii,IN,eBird,NA
Melospiza melodia,IN,eBird,NA
Melospiza lincolnii,IN,eBird,NA
Melospiza georgiana,IN,eBird,NA
Pipilo chlorurus,IN,eBird,NA
Pipilo maculatus,IN,eBird,NA
Pipilo erythrophthalmus,IN,eBird,NA
Icteria virens,IN,eBird,NA
Xanthocephalus xanthocephalus,IN,eBird,NA
Dolichonyx oryzivorus,IN,eBird,NA
Sturnella neglecta,IN,eBird,NA
Sturnella magna,IN,eBird,NA
Icterus spurius,IN,eBird,NA
Icterus bullockii,IN,eBird,NA
Icterus graduacauda,IN,eBird,NA
Icterus galbula,IN,eBird,NA
Agelaius phoeniceus,IN,eBird,NA
Molothrus ater,IN,eBird,NA
Euphagus carolinus,IN,eBird,NA
Euphagus cyanocephalus,IN,eBird,NA
Quiscalus quiscula,IN,eBird,NA
Quiscalus mexicanus,IN,eBird,NA
Seiurus aurocapilla,IN,eBird,NA
Helmitheros vermivorum,IN,eBird,NA
Parkesia motacilla,IN,eBird,NA
Parkesia noveboracensis,IN,eBird,NA
Vermivora chrysoptera,IN,eBird,NA
Vermivora cyanoptera,IN,eBird,NA
Mniotilta varia,IN,eBird,NA
Protonotaria citrea,IN,eBird,NA
Limnothlypis swainsonii,IN,eBird,NA
Leiothlypis peregrina,IN,eBird,NA
Leiothlypis celata,IN,eBird,NA
Leiothlypis ruficapilla,IN,eBird,NA
Oporornis agilis,IN,eBird,NA
Geothlypis philadelphia,IN,eBird,NA
Geothlypis formosa,IN,eBird,NA
Geothlypis trichas,IN,eBird,NA
Setophaga citrina,IN,eBird,NA
Setophaga ruticilla,IN,eBird,NA
Setophaga kirtlandii,IN,eBird,NA
Setophaga tigrina,IN,eBird,NA
Setophaga cerulea,IN,eBird,NA
Setophaga americana,IN,eBird,NA
Setophaga magnolia,IN,eBird,NA
Setophaga castanea,IN,eBird,NA
Setophaga fusca,IN,eBird,NA
Setophaga aestiva,IN,eBird,NA
Setophaga pensylvanica,IN,eBird,NA
Setophaga striata,IN,eBird,NA
Setophaga caerulescens,IN,eBird,NA
Setophaga palmarum,IN,eBird,NA
Setophaga pinus,IN,eBird,NA
Setophaga coronata,IN,eBird,NA
Setophaga dominica,IN,eBird,NA
Setophaga discolor,IN,eBird,NA
Setophaga townsendi,IN,eBird,NA
Setophaga virens,IN,eBird,NA
Cardellina canadensis,IN,eBird,NA
Cardellina pusilla,IN,eBird,NA
Piranga rubra,IN,eBird,NA
Piranga olivacea,IN,eBird,NA
Piranga ludoviciana,IN,eBird,NA
Cardinalis cardinalis,IN,eBird,NA
Pheucticus ludovicianus,IN,eBird,NA
Pheucticus melanocephalus,IN,eBird,NA
Passerina caerulea,IN,eBird,NA
Passerina amoena,IN,eBird,NA
Passerina cyanea,IN,eBird,NA
Passerina ciris,IN,eBird,NA
Spiza americana,IN,eBird,NA
Dendrocygna autumnalis,IA,eBird,NA
Dendrocygna bicolor,IA,eBird,NA
Anser caerulescens,IA,eBird,NA
Anser rossii,IA,eBird,NA
Anser anser,IA,eBird,NA
Anser cygnoides,IA,eBird,NA
Anser albifrons,IA,eBird,NA
Anser fabalis,IA,eBird,NA
Anser serrirostris,IA,eBird,NA
Branta bernicla,IA,eBird,NA
Branta hutchinsii,IA,eBird,NA
Branta canadensis,IA,eBird,NA
Cygnus olor,IA,eBird,NA
Cygnus atratus,IA,eBird,NA
Cygnus buccinator,IA,eBird,NA
Cygnus columbianus,IA,eBird,NA
Cygnus cygnus,IA,eBird,NA
Alopochen aegyptiaca,IA,eBird,NA
Tadorna ferruginea,IA,eBird,NA
Cairina moschata,IA,eBird,NA
Callonetta leucophrys,IA,eBird,NA
Aix sponsa,IA,eBird,NA
Aix galericulata,IA,eBird,NA
Spatula querquedula,IA,eBird,NA
Spatula discors,IA,eBird,NA
Spatula cyanoptera,IA,eBird,NA
Spatula clypeata,IA,eBird,NA
Mareca strepera,IA,eBird,NA
Mareca penelope,IA,eBird,NA
Mareca americana,IA,eBird,NA
Anas platyrhynchos,IA,eBird,NA
Anas rubripes,IA,eBird,NA
Anas fulvigula,IA,eBird,NA
Anas acuta,IA,eBird,NA
Anas crecca,IA,eBird,NA
Aythya valisineria,IA,eBird,NA
Aythya americana,IA,eBird,NA
Aythya collaris,IA,eBird,NA
Aythya marila,IA,eBird,NA
Aythya affinis,IA,eBird,NA
Somateria spectabilis,IA,eBird,NA
Somateria mollissima,IA,eBird,NA
Histrionicus histrionicus,IA,eBird,NA
Melanitta perspicillata,IA,eBird,NA
Melanitta deglandi,IA,eBird,NA
Melanitta americana,IA,eBird,NA
Clangula hyemalis,IA,eBird,NA
Bucephala albeola,IA,eBird,NA
Bucephala clangula,IA,eBird,NA
Bucephala islandica,IA,eBird,NA
Lophodytes cucullatus,IA,eBird,NA
Mergus merganser,IA,eBird,NA
Mergus serrator,IA,eBird,NA
Oxyura jamaicensis,IA,eBird,NA
Numida meleagris,IA,eBird,NA
Colinus virginianus,IA,eBird,NA
Meleagris gallopavo,IA,eBird,NA
Bonasa umbellus,IA,eBird,NA
Tympanuchus phasianellus,IA,eBird,NA
Tympanuchus cupido,IA,eBird,NA
Perdix perdix,IA,eBird,NA
Phasianus colchicus,IA,eBird,NA
Pavo cristatus,IA,eBird,NA
Gallus gallus,IA,eBird,NA
Alectoris chukar,IA,eBird,NA
Columba livia,IA,eBird,NA
Ectopistes migratorius,IA,eBird,NA
Streptopelia decaocto,IA,eBird,NA
Columbina inca,IA,eBird,NA
Columbina passerina,IA,eBird,NA
Zenaida asiatica,IA,eBird,NA
Zenaida macroura,IA,eBird,NA
Crotophaga sulcirostris,IA,eBird,NA
Coccyzus americanus,IA,eBird,NA
Coccyzus erythropthalmus,IA,eBird,NA
Chordeiles minor,IA,eBird,NA
Antrostomus carolinensis,IA,eBird,NA
Antrostomus vociferus,IA,eBird,NA
Chaetura pelagica,IA,eBird,NA
Colibri thalassinus,IA,eBird,NA
Archilochus colubris,IA,eBird,NA
Calypte anna,IA,eBird,NA
Selasphorus rufus,IA,eBird,NA
Cynanthus latirostris,IA,eBird,NA
Rallus elegans,IA,eBird,NA
Rallus limicola,IA,eBird,NA
Porzana carolina,IA,eBird,NA
Gallinula galeata,IA,eBird,NA
Fulica americana,IA,eBird,NA
Porphyrio martinica,IA,eBird,NA
Coturnicops noveboracensis,IA,eBird,NA
Laterallus jamaicensis,IA,eBird,NA
Aramus guarauna,IA,eBird,NA
Antigone canadensis,IA,eBird,NA
Grus americana,IA,eBird,NA
Himantopus mexicanus,IA,eBird,NA
Recurvirostra americana,IA,eBird,NA
Pluvialis squatarola,IA,eBird,NA
Pluvialis dominica,IA,eBird,NA
Charadrius vociferus,IA,eBird,NA
Charadrius semipalmatus,IA,eBird,NA
Charadrius melodus,IA,eBird,NA
Anarhynchus nivosus,IA,eBird,NA
Bartramia longicauda,IA,eBird,NA
Numenius hudsonicus,IA,eBird,NA
Numenius borealis,IA,eBird,NA
Numenius americanus,IA,eBird,NA
Limosa lapponica,IA,eBird,NA
Limosa haemastica,IA,eBird,NA
Limosa fedoa,IA,eBird,NA
Limnodromus griseus,IA,eBird,NA
Limnodromus scolopaceus,IA,eBird,NA
Scolopax minor,IA,eBird,NA
Gallinago delicata,IA,eBird,NA
Phalaropus tricolor,IA,eBird,NA
Phalaropus fulicarius,IA,eBird,NA
Phalaropus lobatus,IA,eBird,NA
Actitis macularius,IA,eBird,NA
Tringa solitaria,IA,eBird,NA
Tringa flavipes,IA,eBird,NA
Tringa semipalmata,IA,eBird,NA
Tringa melanoleuca,IA,eBird,NA
Arenaria interpres,IA,eBird,NA
Calidris canutus,IA,eBird,NA
Calidris pugnax,IA,eBird,NA
Calidris acuminata,IA,eBird,NA
Calidris ferruginea,IA,eBird,NA
Calidris himantopus,IA,eBird,NA
Calidris subruficollis,IA,eBird,NA
Calidris alba,IA,eBird,NA
Calidris alpina,IA,eBird,NA
Calidris bairdii,IA,eBird,NA
Calidris fuscicollis,IA,eBird,NA
Calidris minutilla,IA,eBird,NA
Calidris melanotos,IA,eBird,NA
Calidris mauri,IA,eBird,NA
Calidris pusilla,IA,eBird,NA
Stercorarius longicaudus,IA,eBird,NA
Stercorarius parasiticus,IA,eBird,NA
Stercorarius pomarinus,IA,eBird,NA
Brachyramphus perdix,IA,eBird,NA
Uria lomvia,IA,eBird,NA
Synthliboramphus antiquus,IA,eBird,NA
Hydrocoloeus minutus,IA,eBird,NA
Rhodostethia rosea,IA,eBird,NA
Rissa tridactyla,IA,eBird,NA
Pagophila eburnea,IA,eBird,NA
Xema sabini,IA,eBird,NA
Chroicocephalus philadelphia,IA,eBird,NA
Chroicocephalus ridibundus,IA,eBird,NA
Leucophaeus atricilla,IA,eBird,NA
Leucophaeus pipixcan,IA,eBird,NA
Larus crassirostris,IA,eBird,NA
Larus heermanni,IA,eBird,NA
Larus brachyrhynchus,IA,eBird,NA
Larus delawarensis,IA,eBird,NA
Larus smithsonianus,IA,eBird,NA
Larus marinus,IA,eBird,NA
Larus hyperboreus,IA,eBird,NA
Larus fuscus,IA,eBird,NA
Larus californicus,IA,eBird,NA
Larus glaucescens,IA,eBird,NA
Larus schistisagus,IA,eBird,NA
Larus glaucoides,IA,eBird,NA
Sternula antillarum,IA,eBird,NA
Hydroprogne caspia,IA,eBird,NA
Chlidonias niger,IA,eBird,NA
Sterna forsteri,IA,eBird,NA
Sterna paradisaea,IA,eBird,NA
Sterna hirundo,IA,eBird,NA
Thalasseus maximus,IA,eBird,NA
Podilymbus podiceps,IA,eBird,NA
Podiceps auritus,IA,eBird,NA
Podiceps grisegena,IA,eBird,NA
Podiceps nigricollis,IA,eBird,NA
Aechmophorus occidentalis,IA,eBird,NA
Aechmophorus clarkii,IA,eBird,NA
Gavia stellata,IA,eBird,NA
Gavia pacifica,IA,eBird,NA
Gavia immer,IA,eBird,NA
Gavia adamsii,IA,eBird,NA
Mycteria americana,IA,eBird,NA
Fregata magnificens,IA,eBird,NA
Sula leucogaster,IA,eBird,NA
Anhinga anhinga,IA,eBird,NA
Nannopterum auritum,IA,eBird,NA
Nannopterum brasilianum,IA,eBird,NA
Eudocimus albus,IA,eBird,NA
Plegadis falcinellus,IA,eBird,NA
Plegadis chihi,IA,eBird,NA
Platalea ajaja,IA,eBird,NA
Botaurus lentiginosus,IA,eBird,NA
Botaurus exilis,IA,eBird,NA
Nyctanassa violacea,IA,eBird,NA
Nycticorax nycticorax,IA,eBird,NA
Egretta caerulea,IA,eBird,NA
Egretta tricolor,IA,eBird,NA
Egretta rufescens,IA,eBird,NA
Egretta thula,IA,eBird,NA
Butorides virescens,IA,eBird,NA
Ardea ibis,IA,eBird,NA
Ardea alba,IA,eBird,NA
Ardea herodias,IA,eBird,NA
Pelecanus erythrorhynchos,IA,eBird,NA
Pelecanus occidentalis,IA,eBird,NA
Coragyps atratus,IA,eBird,NA
Cathartes aura,IA,eBird,NA
Pandion haliaetus,IA,eBird,NA
Elanus leucurus,IA,eBird,NA
Elanoides forficatus,IA,eBird,NA
Aquila chrysaetos,IA,eBird,NA
Accipiter striatus,IA,eBird,NA
Astur cooperii,IA,eBird,NA
Astur atricapillus,IA,eBird,NA
Circus hudsonius,IA,eBird,NA
Haliaeetus leucocephalus,IA,eBird,NA
Ictinia mississippiensis,IA,eBird,NA
Buteo platypterus,IA,eBird,NA
Buteo lineatus,IA,eBird,NA
Buteo swainsoni,IA,eBird,NA
Buteo jamaicensis,IA,eBird,NA
Buteo lagopus,IA,eBird,NA
Buteo regalis,IA,eBird,NA
Tyto furcata,IA,eBird,NA
Megascops asio,IA,eBird,NA
Bubo scandiacus,IA,eBird,NA
Bubo virginianus,IA,eBird,NA
Surnia ulula,IA,eBird,NA
Athene cunicularia,IA,eBird,NA
Strix varia,IA,eBird,NA
Strix nebulosa,IA,eBird,NA
Asio otus,IA,eBird,NA
Asio flammeus,IA,eBird,NA
Aegolius funereus,IA,eBird,NA
Aegolius acadicus,IA,eBird,NA
Megaceryle alcyon,IA,eBird,NA
Sphyrapicus varius,IA,eBird,NA
Sphyrapicus ruber,IA,eBird,NA
Melanerpes lewis,IA,eBird,NA
Melanerpes erythrocephalus,IA,eBird,NA
Melanerpes formicivorus,IA,eBird,NA
Melanerpes carolinus,IA,eBird,NA
Picoides arcticus,IA,eBird,NA
Dryobates pubescens,IA,eBird,NA
Leuconotopicus villosus,IA,eBird,NA
Dryocopus pileatus,IA,eBird,NA
Colaptes auratus,IA,eBird,NA
Caracara plancus,IA,eBird,NA
Falco sparverius,IA,eBird,NA
Falco columbarius,IA,eBird,NA
Falco rusticolus,IA,eBird,NA
Falco peregrinus,IA,eBird,NA
Falco mexicanus,IA,eBird,NA
Melopsittacus undulatus,IA,eBird,NA
Myiopsitta monachus,IA,eBird,NA
Conuropsis carolinensis,IA,eBird,NA
Contopus cooperi,IA,eBird,NA
Contopus sordidulus,IA,eBird,NA
Contopus virens,IA,eBird,NA
Empidonax flaviventris,IA,eBird,NA
Empidonax virescens,IA,eBird,NA
Empidonax alnorum,IA,eBird,NA
Empidonax traillii,IA,eBird,NA
Empidonax minimus,IA,eBird,NA
Empidonax difficilis,IA,eBird,NA
Sayornis phoebe,IA,eBird,NA
Sayornis saya,IA,eBird,NA
Pyrocephalus rubinus,IA,eBird,NA
Myiarchus crinitus,IA,eBird,NA
Tyrannus verticalis,IA,eBird,NA
Tyrannus tyrannus,IA,eBird,NA
Tyrannus forficatus,IA,eBird,NA
Tyrannus savana,IA,eBird,NA
Vireo griseus,IA,eBird,NA
Vireo bellii,IA,eBird,NA
Vireo flavifrons,IA,eBird,NA
Vireo solitarius,IA,eBird,NA
Vireo philadelphicus,IA,eBird,NA
Vireo gilvus,IA,eBird,NA
Vireo olivaceus,IA,eBird,NA
Lanius ludovicianus,IA,eBird,NA
Lanius borealis,IA,eBird,NA
Perisoreus canadensis,IA,eBird,NA
Gymnorhinus cyanocephalus,IA,eBird,NA
Cyanocitta cristata,IA,eBird,NA
Pica hudsonia,IA,eBird,NA
Nucifraga columbiana,IA,eBird,NA
Corvus brachyrhynchos,IA,eBird,NA
Corvus ossifragus,IA,eBird,NA
Corvus corax,IA,eBird,NA
Poecile atricapillus,IA,eBird,NA
Poecile hudsonicus,IA,eBird,NA
Baeolophus bicolor,IA,eBird,NA
Eremophila alpestris,IA,eBird,NA
Riparia riparia,IA,eBird,NA
Tachycineta bicolor,IA,eBird,NA
Tachycineta thalassina,IA,eBird,NA
Progne subis,IA,eBird,NA
Stelgidopteryx serripennis,IA,eBird,NA
Hirundo rustica,IA,eBird,NA
Petrochelidon pyrrhonota,IA,eBird,NA
Petrochelidon fulva,IA,eBird,NA
Corthylio calendula,IA,eBird,NA
Regulus satrapa,IA,eBird,NA
Sitta carolinensis,IA,eBird,NA
Sitta pygmaea,IA,eBird,NA
Sitta canadensis,IA,eBird,NA
Certhia americana,IA,eBird,NA
Polioptila caerulea,IA,eBird,NA
Salpinctes obsoletus,IA,eBird,NA
Troglodytes aedon,IA,eBird,NA
Troglodytes pacificus,IA,eBird,NA
Troglodytes hiemalis,IA,eBird,NA
Cistothorus stellaris,IA,eBird,NA
Cistothorus palustris,IA,eBird,NA
Thryothorus ludovicianus,IA,eBird,NA
Thryomanes bewickii,IA,eBird,NA
Sturnus vulgaris,IA,eBird,NA
Dumetella carolinensis,IA,eBird,NA
Toxostoma curvirostre,IA,eBird,NA
Toxostoma rufum,IA,eBird,NA
Oreoscoptes montanus,IA,eBird,NA
Mimus polyglottos,IA,eBird,NA
Sialia sialis,IA,eBird,NA
Sialia currucoides,IA,eBird,NA
Myadestes townsendi,IA,eBird,NA
Ixoreus naevius,IA,eBird,NA
Catharus fuscescens,IA,eBird,NA
Catharus minimus,IA,eBird,NA
Catharus ustulatus,IA,eBird,NA
Catharus guttatus,IA,eBird,NA
Hylocichla mustelina,IA,eBird,NA
Turdus migratorius,IA,eBird,NA
Bombycilla garrulus,IA,eBird,NA
Bombycilla cedrorum,IA,eBird,NA
Passer domesticus,IA,eBird,NA
Passer montanus,IA,eBird,NA
Anthus rubescens,IA,eBird,NA
Anthus spragueii,IA,eBird,NA
Fringilla montifringilla,IA,eBird,NA
Hesperiphona vespertina,IA,eBird,NA
Pinicola enucleator,IA,eBird,NA
Leucosticte tephrocotis,IA,eBird,NA
Haemorhous mexicanus,IA,eBird,NA
Haemorhous purpureus,IA,eBird,NA
Acanthis flammea,IA,eBird,NA
Loxia curvirostra,IA,eBird,NA
Loxia leucoptera,IA,eBird,NA
Spinus pinus,IA,eBird,NA
Spinus psaltria,IA,eBird,NA
Spinus tristis,IA,eBird,NA
Calcarius lapponicus,IA,eBird,NA
Calcarius ornatus,IA,eBird,NA
Calcarius pictus,IA,eBird,NA
Plectrophenax nivalis,IA,eBird,NA
Ammodramus savannarum,IA,eBird,NA
Spizella passerina,IA,eBird,NA
Spizella pallida,IA,eBird,NA
Spizella pusilla,IA,eBird,NA
Amphispiza bilineata,IA,eBird,NA
Chondestes grammacus,IA,eBird,NA
Calamospiza melanocorys,IA,eBird,NA
Spizelloides arborea,IA,eBird,NA
Passerella iliaca,IA,eBird,NA
Junco hyemalis,IA,eBird,NA
Zonotrichia leucophrys,IA,eBird,NA
Zonotrichia atricapilla,IA,eBird,NA
Zonotrichia querula,IA,eBird,NA
Zonotrichia albicollis,IA,eBird,NA
Pooecetes gramineus,IA,eBird,NA
Ammospiza leconteii,IA,eBird,NA
Ammospiza nelsoni,IA,eBird,NA
Passerculus sandwichensis,IA,eBird,NA
Centronyx bairdii,IA,eBird,NA
Centronyx henslowii,IA,eBird,NA
Melospiza melodia,IA,eBird,NA
Melospiza lincolnii,IA,eBird,NA
Melospiza georgiana,IA,eBird,NA
Pipilo chlorurus,IA,eBird,NA
Pipilo maculatus,IA,eBird,NA
Pipilo erythrophthalmus,IA,eBird,NA
Icteria virens,IA,eBird,NA
Xanthocephalus xanthocephalus,IA,eBird,NA
Dolichonyx oryzivorus,IA,eBird,NA
Sturnella neglecta,IA,eBird,NA
Sturnella magna,IA,eBird,NA
Icterus spurius,IA,eBird,NA
Icterus cucullatus,IA,eBird,NA
Icterus bullockii,IA,eBird,NA
Icterus galbula,IA,eBird,NA
Icterus parisorum,IA,eBird,NA
Agelaius phoeniceus,IA,eBird,NA
Molothrus ater,IA,eBird,NA
Euphagus carolinus,IA,eBird,NA
Euphagus cyanocephalus,IA,eBird,NA
Quiscalus quiscula,IA,eBird,NA
Quiscalus mexicanus,IA,eBird,NA
Seiurus aurocapilla,IA,eBird,NA
Helmitheros vermivorum,IA,eBird,NA
Parkesia motacilla,IA,eBird,NA
Parkesia noveboracensis,IA,eBird,NA
Vermivora chrysoptera,IA,eBird,NA
Vermivora cyanoptera,IA,eBird,NA
Mniotilta varia,IA,eBird,NA
Protonotaria citrea,IA,eBird,NA
Limnothlypis swainsonii,IA,eBird,NA
Leiothlypis peregrina,IA,eBird,NA
Leiothlypis celata,IA,eBird,NA
Leiothlypis ruficapilla,IA,eBird,NA
Oporornis agilis,IA,eBird,NA
Geothlypis tolmiei,IA,eBird,NA
Geothlypis philadelphia,IA,eBird,NA
Geothlypis formosa,IA,eBird,NA
Geothlypis trichas,IA,eBird,NA
Setophaga citrina,IA,eBird,NA
Setophaga ruticilla,IA,eBird,NA
Setophaga tigrina,IA,eBird,NA
Setophaga cerulea,IA,eBird,NA
Setophaga americana,IA,eBird,NA
Setophaga magnolia,IA,eBird,NA
Setophaga castanea,IA,eBird,NA
Setophaga fusca,IA,eBird,NA
Setophaga aestiva,IA,eBird,NA
Setophaga pensylvanica,IA,eBird,NA
Setophaga striata,IA,eBird,NA
Setophaga caerulescens,IA,eBird,NA
Setophaga palmarum,IA,eBird,NA
Setophaga pinus,IA,eBird,NA
Setophaga coronata,IA,eBird,NA
Setophaga dominica,IA,eBird,NA
Setophaga discolor,IA,eBird,NA
Setophaga nigrescens,IA,eBird,NA
Setophaga townsendi,IA,eBird,NA
Setophaga virens,IA,eBird,NA
Cardellina canadensis,IA,eBird,NA
Cardellina pusilla,IA,eBird,NA
Piranga rubra,IA,eBird,NA
Piranga olivacea,IA,eBird,NA
Piranga ludoviciana,IA,eBird,NA
Cardinalis cardinalis,IA,eBird,NA
Pheucticus chrysopeplus,IA,eBird,NA
Pheucticus ludovicianus,IA,eBird,NA
Pheucticus melanocephalus,IA,eBird,NA
Passerina caerulea,IA,eBird,NA
Passerina amoena,IA,eBird,NA
Passerina cyanea,IA,eBird,NA
Passerina ciris,IA,eBird,NA
Spiza americana,IA,eBird,NA
Dromaius novaehollandiae,KS,eBird,NA
Dendrocygna autumnalis,KS,eBird,NA
Dendrocygna bicolor,KS,eBird,NA
Anser indicus,KS,eBird,NA
Anser caerulescens,KS,eBird,NA
Anser rossii,KS,eBird,NA
Anser anser,KS,eBird,NA
Anser cygnoides,KS,eBird,NA
Anser albifrons,KS,eBird,NA
Branta bernicla,KS,eBird,NA
Branta hutchinsii,KS,eBird,NA
Branta canadensis,KS,eBird,NA
Cygnus olor,KS,eBird,NA
Cygnus atratus,KS,eBird,NA
Cygnus buccinator,KS,eBird,NA
Cygnus columbianus,KS,eBird,NA
Alopochen aegyptiaca,KS,eBird,NA
Tadorna tadorna,KS,eBird,NA
Cairina moschata,KS,eBird,NA
Aix sponsa,KS,eBird,NA
Aix galericulata,KS,eBird,NA
Spatula querquedula,KS,eBird,NA
Spatula discors,KS,eBird,NA
Spatula cyanoptera,KS,eBird,NA
Spatula clypeata,KS,eBird,NA
Mareca strepera,KS,eBird,NA
Mareca penelope,KS,eBird,NA
Mareca americana,KS,eBird,NA
Anas platyrhynchos,KS,eBird,NA
Anas diazi,KS,eBird,NA
Anas rubripes,KS,eBird,NA
Anas fulvigula,KS,eBird,NA
Anas bahamensis,KS,eBird,NA
Anas acuta,KS,eBird,NA
Anas crecca,KS,eBird,NA
Aythya valisineria,KS,eBird,NA
Aythya americana,KS,eBird,NA
Aythya collaris,KS,eBird,NA
Aythya marila,KS,eBird,NA
Aythya affinis,KS,eBird,NA
Somateria spectabilis,KS,eBird,NA
Histrionicus histrionicus,KS,eBird,NA
Melanitta perspicillata,KS,eBird,NA
Melanitta deglandi,KS,eBird,NA
Melanitta americana,KS,eBird,NA
Clangula hyemalis,KS,eBird,NA
Bucephala albeola,KS,eBird,NA
Bucephala clangula,KS,eBird,NA
Bucephala islandica,KS,eBird,NA
Lophodytes cucullatus,KS,eBird,NA
Mergus merganser,KS,eBird,NA
Mergus serrator,KS,eBird,NA
Oxyura jamaicensis,KS,eBird,NA
Numida meleagris,KS,eBird,NA
Colinus virginianus,KS,eBird,NA
Callipepla squamata,KS,eBird,NA
Meleagris gallopavo,KS,eBird,NA
Bonasa umbellus,KS,eBird,NA
Tympanuchus cupido,KS,eBird,NA
Tympanuchus pallidicinctus,KS,eBird,NA
Phasianus colchicus,KS,eBird,NA
Pavo cristatus,KS,eBird,NA
Gallus gallus,KS,eBird,NA
Alectoris chukar,KS,eBird,NA
Columba livia,KS,eBird,NA
Streptopelia decaocto,KS,eBird,NA
Streptopelia roseogrisea,KS,eBird,NA
Columbina inca,KS,eBird,NA
Columbina passerina,KS,eBird,NA
Zenaida asiatica,KS,eBird,NA
Zenaida macroura,KS,eBird,NA
Crotophaga sulcirostris,KS,eBird,NA
Geococcyx californianus,KS,eBird,NA
Coccyzus americanus,KS,eBird,NA
Coccyzus erythropthalmus,KS,eBird,NA
Chordeiles acutipennis,KS,eBird,NA
Chordeiles minor,KS,eBird,NA
Phalaenoptilus nuttallii,KS,eBird,NA
Antrostomus carolinensis,KS,eBird,NA
Antrostomus vociferus,KS,eBird,NA
Chaetura pelagica,KS,eBird,NA
Aeronautes saxatalis,KS,eBird,NA
Colibri thalassinus,KS,eBird,NA
Eugenes fulgens,KS,eBird,NA
Archilochus colubris,KS,eBird,NA
Archilochus alexandri,KS,eBird,NA
Calypte anna,KS,eBird,NA
Calypte costae,KS,eBird,NA
Selasphorus calliope,KS,eBird,NA
Selasphorus rufus,KS,eBird,NA
Selasphorus platycercus,KS,eBird,NA
Cynanthus latirostris,KS,eBird,NA
Rallus elegans,KS,eBird,NA
Rallus limicola,KS,eBird,NA
Porzana carolina,KS,eBird,NA
Gallinula galeata,KS,eBird,NA
Fulica americana,KS,eBird,NA
Porphyrio martinica,KS,eBird,NA
Coturnicops noveboracensis,KS,eBird,NA
Laterallus jamaicensis,KS,eBird,NA
Aramus guarauna,KS,eBird,NA
Antigone canadensis,KS,eBird,NA
Grus americana,KS,eBird,NA
Grus grus,KS,eBird,NA
Himantopus mexicanus,KS,eBird,NA
Recurvirostra americana,KS,eBird,NA
Pluvialis squatarola,KS,eBird,NA
Pluvialis dominica,KS,eBird,NA
Charadrius vociferus,KS,eBird,NA
Charadrius semipalmatus,KS,eBird,NA
Charadrius melodus,KS,eBird,NA
Anarhynchus montanus,KS,eBird,NA
Anarhynchus nivosus,KS,eBird,NA
Bartramia longicauda,KS,eBird,NA
Numenius hudsonicus,KS,eBird,NA
Numenius borealis,KS,eBird,NA
Numenius americanus,KS,eBird,NA
Limosa haemastica,KS,eBird,NA
Limosa fedoa,KS,eBird,NA
Limnodromus griseus,KS,eBird,NA
Limnodromus scolopaceus,KS,eBird,NA
Scolopax minor,KS,eBird,NA
Gallinago delicata,KS,eBird,NA
Phalaropus tricolor,KS,eBird,NA
Phalaropus fulicarius,KS,eBird,NA
Phalaropus lobatus,KS,eBird,NA
Actitis macularius,KS,eBird,NA
Tringa solitaria,KS,eBird,NA
Tringa flavipes,KS,eBird,NA
Tringa semipalmata,KS,eBird,NA
Tringa erythropus,KS,eBird,NA
Tringa melanoleuca,KS,eBird,NA
Arenaria interpres,KS,eBird,NA
Calidris canutus,KS,eBird,NA
Calidris pugnax,KS,eBird,NA
Calidris acuminata,KS,eBird,NA
Calidris ferruginea,KS,eBird,NA
Calidris himantopus,KS,eBird,NA
Calidris ruficollis,KS,eBird,NA
Calidris subruficollis,KS,eBird,NA
Calidris alba,KS,eBird,NA
Calidris alpina,KS,eBird,NA
Calidris maritima,KS,eBird,NA
Calidris bairdii,KS,eBird,NA
Calidris fuscicollis,KS,eBird,NA
Calidris minutilla,KS,eBird,NA
Calidris melanotos,KS,eBird,NA
Calidris mauri,KS,eBird,NA
Calidris pusilla,KS,eBird,NA
Stercorarius longicaudus,KS,eBird,NA
Stercorarius parasiticus,KS,eBird,NA
Stercorarius pomarinus,KS,eBird,NA
Brachyramphus perdix,KS,eBird,NA
Hydrocoloeus minutus,KS,eBird,NA
Rhodostethia rosea,KS,eBird,NA
Rissa tridactyla,KS,eBird,NA
Xema sabini,KS,eBird,NA
Chroicocephalus philadelphia,KS,eBird,NA
Chroicocephalus ridibundus,KS,eBird,NA
Leucophaeus atricilla,KS,eBird,NA
Leucophaeus pipixcan,KS,eBird,NA
Larus brachyrhynchus,KS,eBird,NA
Larus delawarensis,KS,eBird,NA
Larus smithsonianus,KS,eBird,NA
Larus marinus,KS,eBird,NA
Larus hyperboreus,KS,eBird,NA
Larus fuscus,KS,eBird,NA
Larus californicus,KS,eBird,NA
Larus glaucescens,KS,eBird,NA
Larus schistisagus,KS,eBird,NA
Larus glaucoides,KS,eBird,NA
Rynchops niger,KS,eBird,NA
Sternula antillarum,KS,eBird,NA
Gelochelidon nilotica,KS,eBird,NA
Hydroprogne caspia,KS,eBird,NA
Chlidonias niger,KS,eBird,NA
Sterna forsteri,KS,eBird,NA
Sterna paradisaea,KS,eBird,NA
Sterna hirundo,KS,eBird,NA
Thalasseus maximus,KS,eBird,NA
Phoenicopterus ruber,KS,eBird,NA
Podilymbus podiceps,KS,eBird,NA
Podiceps auritus,KS,eBird,NA
Podiceps grisegena,KS,eBird,NA
Podiceps nigricollis,KS,eBird,NA
Aechmophorus occidentalis,KS,eBird,NA
Aechmophorus clarkii,KS,eBird,NA
Gavia stellata,KS,eBird,NA
Gavia pacifica,KS,eBird,NA
Gavia immer,KS,eBird,NA
Gavia adamsii,KS,eBird,NA
Mycteria americana,KS,eBird,NA
Fregata magnificens,KS,eBird,NA
Anhinga anhinga,KS,eBird,NA
Nannopterum auritum,KS,eBird,NA
Nannopterum brasilianum,KS,eBird,NA
Eudocimus albus,KS,eBird,NA
Plegadis falcinellus,KS,eBird,NA
Plegadis chihi,KS,eBird,NA
Platalea ajaja,KS,eBird,NA
Botaurus lentiginosus,KS,eBird,NA
Botaurus exilis,KS,eBird,NA
Nyctanassa violacea,KS,eBird,NA
Nycticorax nycticorax,KS,eBird,NA
Egretta caerulea,KS,eBird,NA
Egretta tricolor,KS,eBird,NA
Egretta rufescens,KS,eBird,NA
Egretta thula,KS,eBird,NA
Butorides virescens,KS,eBird,NA
Ardea ibis,KS,eBird,NA
Ardea alba,KS,eBird,NA
Ardea herodias,KS,eBird,NA
Pelecanus erythrorhynchos,KS,eBird,NA
Pelecanus occidentalis,KS,eBird,NA
Coragyps atratus,KS,eBird,NA
Cathartes aura,KS,eBird,NA
Pandion haliaetus,KS,eBird,NA
Elanus leucurus,KS,eBird,NA
Elanoides forficatus,KS,eBird,NA
Aquila chrysaetos,KS,eBird,NA
Accipiter striatus,KS,eBird,NA
Astur cooperii,KS,eBird,NA
Astur atricapillus,KS,eBird,NA
Circus hudsonius,KS,eBird,NA
Haliaeetus leucocephalus,KS,eBird,NA
Ictinia mississippiensis,KS,eBird,NA
Parabuteo unicinctus,KS,eBird,NA
Buteo plagiatus,KS,eBird,NA
Buteo platypterus,KS,eBird,NA
Buteo lineatus,KS,eBird,NA
Buteo swainsoni,KS,eBird,NA
Buteo jamaicensis,KS,eBird,NA
Buteo lagopus,KS,eBird,NA
Buteo regalis,KS,eBird,NA
Tyto furcata,KS,eBird,NA
Psiloscops flammeolus,KS,eBird,NA
Megascops kennicottii,KS,eBird,NA
Megascops asio,KS,eBird,NA
Bubo scandiacus,KS,eBird,NA
Bubo virginianus,KS,eBird,NA
Athene cunicularia,KS,eBird,NA
Strix varia,KS,eBird,NA
Asio otus,KS,eBird,NA
Asio flammeus,KS,eBird,NA
Aegolius acadicus,KS,eBird,NA
Megaceryle alcyon,KS,eBird,NA
Sphyrapicus thyroideus,KS,eBird,NA
Sphyrapicus varius,KS,eBird,NA
Sphyrapicus nuchalis,KS,eBird,NA
Melanerpes lewis,KS,eBird,NA
Melanerpes erythrocephalus,KS,eBird,NA
Melanerpes carolinus,KS,eBird,NA
Picoides dorsalis,KS,eBird,NA
Dryobates pubescens,KS,eBird,NA
Dryobates scalaris,KS,eBird,NA
Leuconotopicus villosus,KS,eBird,NA
Dryocopus pileatus,KS,eBird,NA
Colaptes auratus,KS,eBird,NA
Caracara plancus,KS,eBird,NA
Falco sparverius,KS,eBird,NA
Falco columbarius,KS,eBird,NA
Falco rusticolus,KS,eBird,NA
Falco peregrinus,KS,eBird,NA
Falco mexicanus,KS,eBird,NA
Nymphicus hollandicus,KS,eBird,NA
Melopsittacus undulatus,KS,eBird,NA
Agapornis roseicollis,KS,eBird,NA
Contopus cooperi,KS,eBird,NA
Contopus sordidulus,KS,eBird,NA
Contopus virens,KS,eBird,NA
Empidonax flaviventris,KS,eBird,NA
Empidonax virescens,KS,eBird,NA
Empidonax alnorum,KS,eBird,NA
Empidonax traillii,KS,eBird,NA
Empidonax minimus,KS,eBird,NA
Empidonax hammondii,KS,eBird,NA
Empidonax wrightii,KS,eBird,NA
Empidonax oberholseri,KS,eBird,NA
Empidonax difficilis,KS,eBird,NA
Sayornis nigricans,KS,eBird,NA
Sayornis phoebe,KS,eBird,NA
Sayornis saya,KS,eBird,NA
Pyrocephalus rubinus,KS,eBird,NA
Myiarchus cinerascens,KS,eBird,NA
Myiarchus crinitus,KS,eBird,NA
Pitangus sulphuratus,KS,eBird,NA
Legatus leucophaius,KS,eBird,NA
Tyrannus vociferans,KS,eBird,NA
Tyrannus verticalis,KS,eBird,NA
Tyrannus tyrannus,KS,eBird,NA
Tyrannus forficatus,KS,eBird,NA
Tyrannus savana,KS,eBird,NA
Vireo griseus,KS,eBird,NA
Vireo bellii,KS,eBird,NA
Vireo vicinior,KS,eBird,NA
Vireo flavifrons,KS,eBird,NA
Vireo cassinii,KS,eBird,NA
Vireo solitarius,KS,eBird,NA
Vireo plumbeus,KS,eBird,NA
Vireo philadelphicus,KS,eBird,NA
Vireo gilvus,KS,eBird,NA
Vireo swainsoni,KS,eBird,NA
Vireo olivaceus,KS,eBird,NA
Lanius ludovicianus,KS,eBird,NA
Lanius borealis,KS,eBird,NA
Gymnorhinus cyanocephalus,KS,eBird,NA
Cyanocitta stelleri,KS,eBird,NA
Cyanocitta cristata,KS,eBird,NA
Aphelocoma woodhouseii,KS,eBird,NA
Pica hudsonia,KS,eBird,NA
Nucifraga columbiana,KS,eBird,NA
Corvus brachyrhynchos,KS,eBird,NA
Corvus ossifragus,KS,eBird,NA
Corvus cryptoleucus,KS,eBird,NA
Corvus corax,KS,eBird,NA
Poecile carolinensis,KS,eBird,NA
Poecile atricapillus,KS,eBird,NA
Poecile gambeli,KS,eBird,NA
Baeolophus ridgwayi,KS,eBird,NA
Baeolophus bicolor,KS,eBird,NA
Eremophila alpestris,KS,eBird,NA
Riparia riparia,KS,eBird,NA
Tachycineta bicolor,KS,eBird,NA
Tachycineta thalassina,KS,eBird,NA
Progne subis,KS,eBird,NA
Stelgidopteryx serripennis,KS,eBird,NA
Hirundo rustica,KS,eBird,NA
Petrochelidon pyrrhonota,KS,eBird,NA
Petrochelidon fulva,KS,eBird,NA
Psaltriparus minimus,KS,eBird,NA
Corthylio calendula,KS,eBird,NA
Regulus satrapa,KS,eBird,NA
Sitta carolinensis,KS,eBird,NA
Sitta pygmaea,KS,eBird,NA
Sitta pusilla,KS,eBird,NA
Sitta canadensis,KS,eBird,NA
Certhia americana,KS,eBird,NA
Polioptila caerulea,KS,eBird,NA
Salpinctes obsoletus,KS,eBird,NA
Catherpes mexicanus,KS,eBird,NA
Troglodytes aedon,KS,eBird,NA
Troglodytes pacificus,KS,eBird,NA
Troglodytes hiemalis,KS,eBird,NA
Cistothorus stellaris,KS,eBird,NA
Cistothorus palustris,KS,eBird,NA
Thryothorus ludovicianus,KS,eBird,NA
Thryomanes bewickii,KS,eBird,NA
Sturnus vulgaris,KS,eBird,NA
Dumetella carolinensis,KS,eBird,NA
Toxostoma curvirostre,KS,eBird,NA
Toxostoma rufum,KS,eBird,NA
Oreoscoptes montanus,KS,eBird,NA
Mimus polyglottos,KS,eBird,NA
Sialia sialis,KS,eBird,NA
Sialia currucoides,KS,eBird,NA
Myadestes townsendi,KS,eBird,NA
Ixoreus naevius,KS,eBird,NA
Catharus fuscescens,KS,eBird,NA
Catharus minimus,KS,eBird,NA
Catharus ustulatus,KS,eBird,NA
Catharus guttatus,KS,eBird,NA
Hylocichla mustelina,KS,eBird,NA
Turdus migratorius,KS,eBird,NA
Bombycilla garrulus,KS,eBird,NA
Bombycilla cedrorum,KS,eBird,NA
Phainopepla nitens,KS,eBird,NA
Lonchura punctulata,KS,eBird,NA
Passer domesticus,KS,eBird,NA
Passer montanus,KS,eBird,NA
Anthus rubescens,KS,eBird,NA
Anthus spragueii,KS,eBird,NA
Fringilla montifringilla,KS,eBird,NA
Hesperiphona vespertina,KS,eBird,NA
Pinicola enucleator,KS,eBird,NA
Leucosticte tephrocotis,KS,eBird,NA
Haemorhous mexicanus,KS,eBird,NA
Haemorhous purpureus,KS,eBird,NA
Haemorhous cassinii,KS,eBird,NA
Acanthis flammea,KS,eBird,NA
Loxia curvirostra,KS,eBird,NA
Loxia leucoptera,KS,eBird,NA
Spinus pinus,KS,eBird,NA
Spinus psaltria,KS,eBird,NA
Spinus lawrencei,KS,eBird,NA
Spinus tristis,KS,eBird,NA
Calcarius lapponicus,KS,eBird,NA
Calcarius ornatus,KS,eBird,NA
Calcarius pictus,KS,eBird,NA
Rhynchophanes mccownii,KS,eBird,NA
Plectrophenax nivalis,KS,eBird,NA
Peucaea cassinii,KS,eBird,NA
Ammodramus savannarum,KS,eBird,NA
Spizella passerina,KS,eBird,NA
Spizella pallida,KS,eBird,NA
Spizella pusilla,KS,eBird,NA
Spizella breweri,KS,eBird,NA
Amphispiza bilineata,KS,eBird,NA
Chondestes grammacus,KS,eBird,NA
Calamospiza melanocorys,KS,eBird,NA
Spizelloides arborea,KS,eBird,NA
Passerella iliaca,KS,eBird,NA
Junco hyemalis,KS,eBird,NA
Junco phaeonotus,KS,eBird,NA
Zonotrichia leucophrys,KS,eBird,NA
Zonotrichia atricapilla,KS,eBird,NA
Zonotrichia querula,KS,eBird,NA
Zonotrichia albicollis,KS,eBird,NA
Artemisiospiza nevadensis,KS,eBird,NA
Pooecetes gramineus,KS,eBird,NA
Ammospiza leconteii,KS,eBird,NA
Ammospiza nelsoni,KS,eBird,NA
Passerculus sandwichensis,KS,eBird,NA
Centronyx bairdii,KS,eBird,NA
Centronyx henslowii,KS,eBird,NA
Melospiza melodia,KS,eBird,NA
Melospiza lincolnii,KS,eBird,NA
Melospiza georgiana,KS,eBird,NA
Melozone fusca,KS,eBird,NA
Aimophila ruficeps,KS,eBird,NA
Pipilo chlorurus,KS,eBird,NA
Pipilo maculatus,KS,eBird,NA
Pipilo erythrophthalmus,KS,eBird,NA
Icteria virens,KS,eBird,NA
Xanthocephalus xanthocephalus,KS,eBird,NA
Dolichonyx oryzivorus,KS,eBird,NA
Sturnella neglecta,KS,eBird,NA
Sturnella magna,KS,eBird,NA
Icterus spurius,KS,eBird,NA
Icterus cucullatus,KS,eBird,NA
Icterus bullockii,KS,eBird,NA
Icterus galbula,KS,eBird,NA
Icterus parisorum,KS,eBird,NA
Agelaius phoeniceus,KS,eBird,NA
Molothrus aeneus,KS,eBird,NA
Molothrus ater,KS,eBird,NA
Euphagus carolinus,KS,eBird,NA
Euphagus cyanocephalus,KS,eBird,NA
Quiscalus quiscula,KS,eBird,NA
Quiscalus mexicanus,KS,eBird,NA
Seiurus aurocapilla,KS,eBird,NA
Helmitheros vermivorum,KS,eBird,NA
Parkesia motacilla,KS,eBird,NA
Parkesia noveboracensis,KS,eBird,NA
Vermivora chrysoptera,KS,eBird,NA
Vermivora cyanoptera,KS,eBird,NA
Mniotilta varia,KS,eBird,NA
Protonotaria citrea,KS,eBird,NA
Limnothlypis swainsonii,KS,eBird,NA
Leiothlypis peregrina,KS,eBird,NA
Leiothlypis celata,KS,eBird,NA
Leiothlypis ruficapilla,KS,eBird,NA
Leiothlypis virginiae,KS,eBird,NA
Oporornis agilis,KS,eBird,NA
Geothlypis tolmiei,KS,eBird,NA
Geothlypis philadelphia,KS,eBird,NA
Geothlypis formosa,KS,eBird,NA
Geothlypis trichas,KS,eBird,NA
Setophaga citrina,KS,eBird,NA
Setophaga ruticilla,KS,eBird,NA
Setophaga tigrina,KS,eBird,NA
Setophaga cerulea,KS,eBird,NA
Setophaga americana,KS,eBird,NA
Setophaga pitiayumi,KS,eBird,NA
Setophaga magnolia,KS,eBird,NA
Setophaga castanea,KS,eBird,NA
Setophaga fusca,KS,eBird,NA
Setophaga aestiva,KS,eBird,NA
Setophaga pensylvanica,KS,eBird,NA
Setophaga striata,KS,eBird,NA
Setophaga caerulescens,KS,eBird,NA
Setophaga palmarum,KS,eBird,NA
Setophaga pinus,KS,eBird,NA
Setophaga coronata,KS,eBird,NA
Setophaga dominica,KS,eBird,NA
Setophaga discolor,KS,eBird,NA
Setophaga nigrescens,KS,eBird,NA
Setophaga townsendi,KS,eBird,NA
Setophaga virens,KS,eBird,NA
Cardellina canadensis,KS,eBird,NA
Cardellina pusilla,KS,eBird,NA
Myioborus pictus,KS,eBird,NA
Piranga flava,KS,eBird,NA
Piranga rubra,KS,eBird,NA
Piranga olivacea,KS,eBird,NA
Piranga ludoviciana,KS,eBird,NA
Cardinalis cardinalis,KS,eBird,NA
Cardinalis sinuatus,KS,eBird,NA
Pheucticus ludovicianus,KS,eBird,NA
Pheucticus melanocephalus,KS,eBird,NA
Passerina caerulea,KS,eBird,NA
Passerina amoena,KS,eBird,NA
Passerina cyanea,KS,eBird,NA
Passerina ciris,KS,eBird,NA
Spiza americana,KS,eBird,NA
Dendrocygna autumnalis,KY,eBird,NA
Dendrocygna bicolor,KY,eBird,NA
Anser indicus,KY,eBird,NA
Anser caerulescens,KY,eBird,NA
Anser rossii,KY,eBird,NA
Anser anser,KY,eBird,NA
Anser cygnoides,KY,eBird,NA
Anser albifrons,KY,eBird,NA
Anser brachyrhynchus,KY,eBird,NA
Branta bernicla,KY,eBird,NA
Branta hutchinsii,KY,eBird,NA
Branta canadensis,KY,eBird,NA
Cygnus olor,KY,eBird,NA
Cygnus atratus,KY,eBird,NA
Cygnus buccinator,KY,eBird,NA
Cygnus columbianus,KY,eBird,NA
Alopochen aegyptiaca,KY,eBird,NA
Cairina moschata,KY,eBird,NA
Aix sponsa,KY,eBird,NA
Aix galericulata,KY,eBird,NA
Spatula discors,KY,eBird,NA
Spatula cyanoptera,KY,eBird,NA
Spatula clypeata,KY,eBird,NA
Mareca strepera,KY,eBird,NA
Mareca penelope,KY,eBird,NA
Mareca americana,KY,eBird,NA
Anas platyrhynchos,KY,eBird,NA
Anas rubripes,KY,eBird,NA
Anas fulvigula,KY,eBird,NA
Anas bahamensis,KY,eBird,NA
Anas acuta,KY,eBird,NA
Anas crecca,KY,eBird,NA
Aythya valisineria,KY,eBird,NA
Aythya americana,KY,eBird,NA
Aythya collaris,KY,eBird,NA
Aythya fuligula,KY,eBird,NA
Aythya marila,KY,eBird,NA
Aythya affinis,KY,eBird,NA
Somateria spectabilis,KY,eBird,NA
Histrionicus histrionicus,KY,eBird,NA
Melanitta perspicillata,KY,eBird,NA
Melanitta deglandi,KY,eBird,NA
Melanitta americana,KY,eBird,NA
Clangula hyemalis,KY,eBird,NA
Bucephala albeola,KY,eBird,NA
Bucephala clangula,KY,eBird,NA
Bucephala islandica,KY,eBird,NA
Lophodytes cucullatus,KY,eBird,NA
Mergus merganser,KY,eBird,NA
Mergus serrator,KY,eBird,NA
Oxyura jamaicensis,KY,eBird,NA
Numida meleagris,KY,eBird,NA
Colinus virginianus,KY,eBird,NA
Meleagris gallopavo,KY,eBird,NA
Bonasa umbellus,KY,eBird,NA
Tympanuchus cupido,KY,eBird,NA
Phasianus colchicus,KY,eBird,NA
Pavo cristatus,KY,eBird,NA
Alectoris chukar,KY,eBird,NA
Columba livia,KY,eBird,NA
Patagioenas fasciata,KY,eBird,NA
Ectopistes migratorius,KY,eBird,NA
Streptopelia decaocto,KY,eBird,NA
Streptopelia roseogrisea,KY,eBird,NA
Columbina inca,KY,eBird,NA
Columbina passerina,KY,eBird,NA
Zenaida asiatica,KY,eBird,NA
Zenaida macroura,KY,eBird,NA
Crotophaga sulcirostris,KY,eBird,NA
Coccyzus americanus,KY,eBird,NA
Coccyzus erythropthalmus,KY,eBird,NA
Chordeiles acutipennis,KY,eBird,NA
Chordeiles minor,KY,eBird,NA
Antrostomus carolinensis,KY,eBird,NA
Antrostomus vociferus,KY,eBird,NA
Chaetura pelagica,KY,eBird,NA
Colibri thalassinus,KY,eBird,NA
Archilochus colubris,KY,eBird,NA
Archilochus alexandri,KY,eBird,NA
Calypte anna,KY,eBird,NA
Selasphorus rufus,KY,eBird,NA
Selasphorus sasin,KY,eBird,NA
Rallus elegans,KY,eBird,NA
Rallus crepitans,KY,eBird,NA
Rallus limicola,KY,eBird,NA
Porzana carolina,KY,eBird,NA
Gallinula galeata,KY,eBird,NA
Fulica americana,KY,eBird,NA
Porphyrio martinica,KY,eBird,NA
Coturnicops noveboracensis,KY,eBird,NA
Aramus guarauna,KY,eBird,NA
Antigone canadensis,KY,eBird,NA
Grus americana,KY,eBird,NA
Himantopus mexicanus,KY,eBird,NA
Recurvirostra americana,KY,eBird,NA
Haematopus palliatus,KY,eBird,NA
Pluvialis squatarola,KY,eBird,NA
Pluvialis dominica,KY,eBird,NA
Charadrius vociferus,KY,eBird,NA
Charadrius semipalmatus,KY,eBird,NA
Charadrius melodus,KY,eBird,NA
Bartramia longicauda,KY,eBird,NA
Numenius hudsonicus,KY,eBird,NA
Limosa haemastica,KY,eBird,NA
Limosa fedoa,KY,eBird,NA
Limnodromus griseus,KY,eBird,NA
Limnodromus scolopaceus,KY,eBird,NA
Scolopax minor,KY,eBird,NA
Gallinago delicata,KY,eBird,NA
Phalaropus tricolor,KY,eBird,NA
Phalaropus fulicarius,KY,eBird,NA
Phalaropus lobatus,KY,eBird,NA
Actitis macularius,KY,eBird,NA
Tringa solitaria,KY,eBird,NA
Tringa flavipes,KY,eBird,NA
Tringa semipalmata,KY,eBird,NA
Tringa melanoleuca,KY,eBird,NA
Arenaria interpres,KY,eBird,NA
Calidris canutus,KY,eBird,NA
Calidris pugnax,KY,eBird,NA
Calidris ferruginea,KY,eBird,NA
Calidris himantopus,KY,eBird,NA
Calidris ruficollis,KY,eBird,NA
Calidris subruficollis,KY,eBird,NA
Calidris alba,KY,eBird,NA
Calidris alpina,KY,eBird,NA
Calidris bairdii,KY,eBird,NA
Calidris minuta,KY,eBird,NA
Calidris fuscicollis,KY,eBird,NA
Calidris minutilla,KY,eBird,NA
Calidris melanotos,KY,eBird,NA
Calidris mauri,KY,eBird,NA
Calidris pusilla,KY,eBird,NA
Stercorarius longicaudus,KY,eBird,NA
Stercorarius parasiticus,KY,eBird,NA
Stercorarius pomarinus,KY,eBird,NA
Brachyramphus perdix,KY,eBird,NA
Hydrocoloeus minutus,KY,eBird,NA
Rissa tridactyla,KY,eBird,NA
Xema sabini,KY,eBird,NA
Chroicocephalus philadelphia,KY,eBird,NA
Chroicocephalus ridibundus,KY,eBird,NA
Leucophaeus atricilla,KY,eBird,NA
Leucophaeus pipixcan,KY,eBird,NA
Larus brachyrhynchus,KY,eBird,NA
Larus delawarensis,KY,eBird,NA
Larus smithsonianus,KY,eBird,NA
Larus marinus,KY,eBird,NA
Larus hyperboreus,KY,eBird,NA
Larus fuscus,KY,eBird,NA
Larus californicus,KY,eBird,NA
Larus glaucescens,KY,eBird,NA
Larus glaucoides,KY,eBird,NA
Rynchops niger,KY,eBird,NA
Onychoprion fuscatus,KY,eBird,NA
Sternula antillarum,KY,eBird,NA
Gelochelidon nilotica,KY,eBird,NA
Hydroprogne caspia,KY,eBird,NA
Chlidonias niger,KY,eBird,NA
Sterna forsteri,KY,eBird,NA
Sterna paradisaea,KY,eBird,NA
Sterna hirundo,KY,eBird,NA
Thalasseus sandvicensis,KY,eBird,NA
Phoenicopterus ruber,KY,eBird,NA
Podilymbus podiceps,KY,eBird,NA
Podiceps auritus,KY,eBird,NA
Podiceps grisegena,KY,eBird,NA
Podiceps nigricollis,KY,eBird,NA
Aechmophorus occidentalis,KY,eBird,NA
Gavia stellata,KY,eBird,NA
Gavia pacifica,KY,eBird,NA
Gavia immer,KY,eBird,NA
Gavia adamsii,KY,eBird,NA
Hydrobates castro,KY,eBird,NA
Pterodroma hasitata,KY,eBird,NA
Ardenna gravis,KY,eBird,NA
Puffinus lherminieri,KY,eBird,NA
Mycteria americana,KY,eBird,NA
Fregata magnificens,KY,eBird,NA
Morus bassanus,KY,eBird,NA
Sula leucogaster,KY,eBird,NA
Anhinga anhinga,KY,eBird,NA
Nannopterum auritum,KY,eBird,NA
Nannopterum brasilianum,KY,eBird,NA
Eudocimus albus,KY,eBird,NA
Plegadis falcinellus,KY,eBird,NA
Plegadis chihi,KY,eBird,NA
Platalea ajaja,KY,eBird,NA
Botaurus lentiginosus,KY,eBird,NA
Botaurus exilis,KY,eBird,NA
Nyctanassa violacea,KY,eBird,NA
Nycticorax nycticorax,KY,eBird,NA
Egretta caerulea,KY,eBird,NA
Egretta tricolor,KY,eBird,NA
Egretta rufescens,KY,eBird,NA
Egretta thula,KY,eBird,NA
Butorides virescens,KY,eBird,NA
Ardea ibis,KY,eBird,NA
Ardea alba,KY,eBird,NA
Ardea herodias,KY,eBird,NA
Pelecanus erythrorhynchos,KY,eBird,NA
Pelecanus occidentalis,KY,eBird,NA
Coragyps atratus,KY,eBird,NA
Cathartes aura,KY,eBird,NA
Pandion haliaetus,KY,eBird,NA
Elanus leucurus,KY,eBird,NA
Elanoides forficatus,KY,eBird,NA
Aquila chrysaetos,KY,eBird,NA
Accipiter striatus,KY,eBird,NA
Astur cooperii,KY,eBird,NA
Astur atricapillus,KY,eBird,NA
Circus hudsonius,KY,eBird,NA
Haliaeetus leucocephalus,KY,eBird,NA
Ictinia mississippiensis,KY,eBird,NA
Buteo platypterus,KY,eBird,NA
Buteo lineatus,KY,eBird,NA
Buteo swainsoni,KY,eBird,NA
Buteo jamaicensis,KY,eBird,NA
Buteo lagopus,KY,eBird,NA
Buteo regalis,KY,eBird,NA
Tyto furcata,KY,eBird,NA
Megascops asio,KY,eBird,NA
Bubo scandiacus,KY,eBird,NA
Bubo virginianus,KY,eBird,NA
Athene cunicularia,KY,eBird,NA
Strix varia,KY,eBird,NA
Asio otus,KY,eBird,NA
Asio flammeus,KY,eBird,NA
Aegolius acadicus,KY,eBird,NA
Megaceryle alcyon,KY,eBird,NA
Sphyrapicus varius,KY,eBird,NA
Melanerpes erythrocephalus,KY,eBird,NA
Melanerpes carolinus,KY,eBird,NA
Dryobates pubescens,KY,eBird,NA
Leuconotopicus borealis,KY,eBird,NA
Leuconotopicus villosus,KY,eBird,NA
Campephilus principalis,KY,eBird,NA
Dryocopus pileatus,KY,eBird,NA
Colaptes auratus,KY,eBird,NA
Falco sparverius,KY,eBird,NA
Falco columbarius,KY,eBird,NA
Falco peregrinus,KY,eBird,NA
Falco mexicanus,KY,eBird,NA
Nymphicus hollandicus,KY,eBird,NA
Melopsittacus undulatus,KY,eBird,NA
Conuropsis carolinensis,KY,eBird,NA
Contopus cooperi,KY,eBird,NA
Contopus virens,KY,eBird,NA
Empidonax flaviventris,KY,eBird,NA
Empidonax virescens,KY,eBird,NA
Empidonax alnorum,KY,eBird,NA
Empidonax traillii,KY,eBird,NA
Empidonax minimus,KY,eBird,NA
Sayornis phoebe,KY,eBird,NA
Sayornis saya,KY,eBird,NA
Pyrocephalus rubinus,KY,eBird,NA
Myiarchus cinerascens,KY,eBird,NA
Myiarchus crinitus,KY,eBird,NA
Tyrannus verticalis,KY,eBird,NA
Tyrannus tyrannus,KY,eBird,NA
Tyrannus dominicensis,KY,eBird,NA
Tyrannus forficatus,KY,eBird,NA
Vireo griseus,KY,eBird,NA
Vireo bellii,KY,eBird,NA
Vireo flavifrons,KY,eBird,NA
Vireo solitarius,KY,eBird,NA
Vireo plumbeus,KY,eBird,NA
Vireo philadelphicus,KY,eBird,NA
Vireo gilvus,KY,eBird,NA
Vireo olivaceus,KY,eBird,NA
Lanius ludovicianus,KY,eBird,NA
Lanius borealis,KY,eBird,NA
Cyanocitta cristata,KY,eBird,NA
Corvus brachyrhynchos,KY,eBird,NA
Corvus ossifragus,KY,eBird,NA
Corvus corax,KY,eBird,NA
Poecile carolinensis,KY,eBird,NA
Poecile atricapillus,KY,eBird,NA
Baeolophus bicolor,KY,eBird,NA
Eremophila alpestris,KY,eBird,NA
Riparia riparia,KY,eBird,NA
Tachycineta bicolor,KY,eBird,NA
Progne subis,KY,eBird,NA
Stelgidopteryx serripennis,KY,eBird,NA
Hirundo rustica,KY,eBird,NA
Petrochelidon pyrrhonota,KY,eBird,NA
Petrochelidon fulva,KY,eBird,NA
Corthylio calendula,KY,eBird,NA
Regulus satrapa,KY,eBird,NA
Sitta carolinensis,KY,eBird,NA
Sitta pusilla,KY,eBird,NA
Sitta canadensis,KY,eBird,NA
Certhia americana,KY,eBird,NA
Polioptila caerulea,KY,eBird,NA
Salpinctes obsoletus,KY,eBird,NA
Troglodytes aedon,KY,eBird,NA
Troglodytes hiemalis,KY,eBird,NA
Cistothorus stellaris,KY,eBird,NA
Cistothorus palustris,KY,eBird,NA
Thryothorus ludovicianus,KY,eBird,NA
Thryomanes bewickii,KY,eBird,NA
Sturnus vulgaris,KY,eBird,NA
Dumetella carolinensis,KY,eBird,NA
Toxostoma rufum,KY,eBird,NA
Mimus polyglottos,KY,eBird,NA
Sialia sialis,KY,eBird,NA
Sialia currucoides,KY,eBird,NA
Myadestes townsendi,KY,eBird,NA
Ixoreus naevius,KY,eBird,NA
Catharus fuscescens,KY,eBird,NA
Catharus minimus,KY,eBird,NA
Catharus ustulatus,KY,eBird,NA
Catharus guttatus,KY,eBird,NA
Hylocichla mustelina,KY,eBird,NA
Turdus migratorius,KY,eBird,NA
Bombycilla cedrorum,KY,eBird,NA
Euplectes franciscanus,KY,eBird,NA
Taeniopygia guttata,KY,eBird,NA
Passer domesticus,KY,eBird,NA
Passer montanus,KY,eBird,NA
Anthus rubescens,KY,eBird,NA
Hesperiphona vespertina,KY,eBird,NA
Haemorhous mexicanus,KY,eBird,NA
Haemorhous purpureus,KY,eBird,NA
Acanthis flammea,KY,eBird,NA
Loxia curvirostra,KY,eBird,NA
Loxia leucoptera,KY,eBird,NA
Carduelis carduelis,KY,eBird,NA
Spinus pinus,KY,eBird,NA
Spinus psaltria,KY,eBird,NA
Spinus tristis,KY,eBird,NA
Calcarius lapponicus,KY,eBird,NA
Calcarius pictus,KY,eBird,NA
Plectrophenax nivalis,KY,eBird,NA
Peucaea aestivalis,KY,eBird,NA
Ammodramus savannarum,KY,eBird,NA
Spizella passerina,KY,eBird,NA
Spizella pallida,KY,eBird,NA
Spizella pusilla,KY,eBird,NA
Spizella breweri,KY,eBird,NA
Chondestes grammacus,KY,eBird,NA
Calamospiza melanocorys,KY,eBird,NA
Spizelloides arborea,KY,eBird,NA
Passerella iliaca,KY,eBird,NA
Junco hyemalis,KY,eBird,NA
Zonotrichia leucophrys,KY,eBird,NA
Zonotrichia querula,KY,eBird,NA
Zonotrichia albicollis,KY,eBird,NA
Artemisiospiza nevadensis,KY,eBird,NA
Pooecetes gramineus,KY,eBird,NA
Ammospiza leconteii,KY,eBird,NA
Ammospiza nelsoni,KY,eBird,NA
Passerculus sandwichensis,KY,eBird,NA
Centronyx henslowii,KY,eBird,NA
Melospiza melodia,KY,eBird,NA
Melospiza lincolnii,KY,eBird,NA
Melospiza georgiana,KY,eBird,NA
Pipilo chlorurus,KY,eBird,NA
Pipilo maculatus,KY,eBird,NA
Pipilo erythrophthalmus,KY,eBird,NA
Icteria virens,KY,eBird,NA
Xanthocephalus xanthocephalus,KY,eBird,NA
Dolichonyx oryzivorus,KY,eBird,NA
Sturnella neglecta,KY,eBird,NA
Sturnella magna,KY,eBird,NA
Icterus spurius,KY,eBird,NA
Icterus cucullatus,KY,eBird,NA
Icterus bullockii,KY,eBird,NA
Icterus galbula,KY,eBird,NA
Icterus parisorum,KY,eBird,NA
Agelaius phoeniceus,KY,eBird,NA
Molothrus ater,KY,eBird,NA
Euphagus carolinus,KY,eBird,NA
Euphagus cyanocephalus,KY,eBird,NA
Quiscalus quiscula,KY,eBird,NA
Seiurus aurocapilla,KY,eBird,NA
Helmitheros vermivorum,KY,eBird,NA
Parkesia motacilla,KY,eBird,NA
Parkesia noveboracensis,KY,eBird,NA
Vermivora bachmanii,KY,eBird,NA
Vermivora chrysoptera,KY,eBird,NA
Vermivora cyanoptera,KY,eBird,NA
Mniotilta varia,KY,eBird,NA
Protonotaria citrea,KY,eBird,NA
Limnothlypis swainsonii,KY,eBird,NA
Leiothlypis peregrina,KY,eBird,NA
Leiothlypis celata,KY,eBird,NA
Leiothlypis ruficapilla,KY,eBird,NA
Oporornis agilis,KY,eBird,NA
Geothlypis philadelphia,KY,eBird,NA
Geothlypis formosa,KY,eBird,NA
Geothlypis trichas,KY,eBird,NA
Setophaga citrina,KY,eBird,NA
Setophaga ruticilla,KY,eBird,NA
Setophaga tigrina,KY,eBird,NA
Setophaga cerulea,KY,eBird,NA
Setophaga americana,KY,eBird,NA
Setophaga magnolia,KY,eBird,NA
Setophaga castanea,KY,eBird,NA
Setophaga fusca,KY,eBird,NA
Setophaga aestiva,KY,eBird,NA
Setophaga pensylvanica,KY,eBird,NA
Setophaga striata,KY,eBird,NA
Setophaga caerulescens,KY,eBird,NA
Setophaga palmarum,KY,eBird,NA
Setophaga pinus,KY,eBird,NA
Setophaga coronata,KY,eBird,NA
Setophaga dominica,KY,eBird,NA
Setophaga discolor,KY,eBird,NA
Setophaga nigrescens,KY,eBird,NA
Setophaga virens,KY,eBird,NA
Cardellina canadensis,KY,eBird,NA
Cardellina pusilla,KY,eBird,NA
Piranga rubra,KY,eBird,NA
Piranga olivacea,KY,eBird,NA
Piranga ludoviciana,KY,eBird,NA
Cardinalis cardinalis,KY,eBird,NA
Pheucticus ludovicianus,KY,eBird,NA
Pheucticus melanocephalus,KY,eBird,NA
Passerina caerulea,KY,eBird,NA
Passerina cyanea,KY,eBird,NA
Passerina ciris,KY,eBird,NA
Spiza americana,KY,eBird,NA
Dendrocygna viduata,LA,eBird,NA
Dendrocygna autumnalis,LA,eBird,NA
Dendrocygna bicolor,LA,eBird,NA
Anser caerulescens,LA,eBird,NA
Anser rossii,LA,eBird,NA
Anser anser,LA,eBird,NA
Anser cygnoides,LA,eBird,NA
Anser albifrons,LA,eBird,NA
Branta bernicla,LA,eBird,NA
Branta leucopsis,LA,eBird,NA
Branta hutchinsii,LA,eBird,NA
Branta canadensis,LA,eBird,NA
Cygnus olor,LA,eBird,NA
Cygnus atratus,LA,eBird,NA
Cygnus buccinator,LA,eBird,NA
Cygnus columbianus,LA,eBird,NA
Alopochen aegyptiaca,LA,eBird,NA
Tadorna ferruginea,LA,eBird,NA
Cairina moschata,LA,eBird,NA
Callonetta leucophrys,LA,eBird,NA
Aix sponsa,LA,eBird,NA
Aix galericulata,LA,eBird,NA
Spatula discors,LA,eBird,NA
Spatula cyanoptera,LA,eBird,NA
Spatula clypeata,LA,eBird,NA
Mareca strepera,LA,eBird,NA
Mareca penelope,LA,eBird,NA
Mareca americana,LA,eBird,NA
Anas platyrhynchos,LA,eBird,NA
Anas rubripes,LA,eBird,NA
Anas fulvigula,LA,eBird,NA
Anas bahamensis,LA,eBird,NA
Anas acuta,LA,eBird,NA
Anas crecca,LA,eBird,NA
Netta peposaca,LA,eBird,NA
Aythya valisineria,LA,eBird,NA
Aythya americana,LA,eBird,NA
Aythya collaris,LA,eBird,NA
Aythya nyroca,LA,eBird,NA
Aythya marila,LA,eBird,NA
Aythya affinis,LA,eBird,NA
Somateria spectabilis,LA,eBird,NA
Melanitta perspicillata,LA,eBird,NA
Melanitta deglandi,LA,eBird,NA
Melanitta americana,LA,eBird,NA
Clangula hyemalis,LA,eBird,NA
Bucephala albeola,LA,eBird,NA
Bucephala clangula,LA,eBird,NA
Lophodytes cucullatus,LA,eBird,NA
Mergus merganser,LA,eBird,NA
Mergus serrator,LA,eBird,NA
Nomonyx dominicus,LA,eBird,NA
Oxyura jamaicensis,LA,eBird,NA
Numida meleagris,LA,eBird,NA
Colinus virginianus,LA,eBird,NA
Meleagris gallopavo,LA,eBird,NA
Chrysolophus pictus,LA,eBird,NA
Phasianus colchicus,LA,eBird,NA
Pavo cristatus,LA,eBird,NA
Gallus gallus,LA,eBird,NA
Francolinus francolinus,LA,eBird,NA
Alectoris chukar,LA,eBird,NA
Columba livia,LA,eBird,NA
Patagioenas fasciata,LA,eBird,NA
Streptopelia decaocto,LA,eBird,NA
Streptopelia roseogrisea,LA,eBird,NA
Geopelia cuneata,LA,eBird,NA
Columbina inca,LA,eBird,NA
Columbina passerina,LA,eBird,NA
Zenaida asiatica,LA,eBird,NA
Zenaida macroura,LA,eBird,NA
Crotophaga ani,LA,eBird,NA
Crotophaga sulcirostris,LA,eBird,NA
Geococcyx californianus,LA,eBird,NA
Coccyzus americanus,LA,eBird,NA
Coccyzus minor,LA,eBird,NA
Coccyzus erythropthalmus,LA,eBird,NA
Chordeiles acutipennis,LA,eBird,NA
Chordeiles minor,LA,eBird,NA
Chordeiles gundlachii,LA,eBird,NA
Antrostomus carolinensis,LA,eBird,NA
Antrostomus vociferus,LA,eBird,NA
Chaetura pelagica,LA,eBird,NA
Chaetura vauxi,LA,eBird,NA
Colibri thalassinus,LA,eBird,NA
Anthracothorax prevostii,LA,eBird,NA
Eugenes fulgens,LA,eBird,NA
Lampornis clemenciae,LA,eBird,NA
Calothorax lucifer,LA,eBird,NA
Archilochus colubris,LA,eBird,NA
Archilochus alexandri,LA,eBird,NA
Calypte anna,LA,eBird,NA
Selasphorus calliope,LA,eBird,NA
Selasphorus rufus,LA,eBird,NA
Selasphorus sasin,LA,eBird,NA
Selasphorus platycercus,LA,eBird,NA
Cynanthus latirostris,LA,eBird,NA
Amazilia yucatanensis,LA,eBird,NA
Rallus elegans,LA,eBird,NA
Rallus crepitans,LA,eBird,NA
Rallus limicola,LA,eBird,NA
Porzana carolina,LA,eBird,NA
Gallinula galeata,LA,eBird,NA
Fulica americana,LA,eBird,NA
Porphyrio martinica,LA,eBird,NA
Coturnicops noveboracensis,LA,eBird,NA
Laterallus jamaicensis,LA,eBird,NA
Aramus guarauna,LA,eBird,NA
Antigone canadensis,LA,eBird,NA
Grus americana,LA,eBird,NA
Himantopus mexicanus,LA,eBird,NA
Recurvirostra americana,LA,eBird,NA
Haematopus palliatus,LA,eBird,NA
Pluvialis squatarola,LA,eBird,NA
Pluvialis dominica,LA,eBird,NA
Charadrius vociferus,LA,eBird,NA
Charadrius semipalmatus,LA,eBird,NA
Charadrius melodus,LA,eBird,NA
Anarhynchus mongolus,LA,eBird,NA
Anarhynchus wilsonia,LA,eBird,NA
Anarhynchus montanus,LA,eBird,NA
Anarhynchus nivosus,LA,eBird,NA
Bartramia longicauda,LA,eBird,NA
Numenius hudsonicus,LA,eBird,NA
Numenius americanus,LA,eBird,NA
Limosa limosa,LA,eBird,NA
Limosa haemastica,LA,eBird,NA
Limosa fedoa,LA,eBird,NA
Limnodromus griseus,LA,eBird,NA
Limnodromus scolopaceus,LA,eBird,NA
Scolopax minor,LA,eBird,NA
Gallinago delicata,LA,eBird,NA
Phalaropus tricolor,LA,eBird,NA
Phalaropus fulicarius,LA,eBird,NA
Phalaropus lobatus,LA,eBird,NA
Actitis macularius,LA,eBird,NA
Tringa solitaria,LA,eBird,NA
Tringa flavipes,LA,eBird,NA
Tringa semipalmata,LA,eBird,NA
Tringa melanoleuca,LA,eBird,NA
Arenaria interpres,LA,eBird,NA
Calidris canutus,LA,eBird,NA
Calidris pugnax,LA,eBird,NA
Calidris ferruginea,LA,eBird,NA
Calidris himantopus,LA,eBird,NA
Calidris subruficollis,LA,eBird,NA
Calidris alba,LA,eBird,NA
Calidris alpina,LA,eBird,NA
Calidris maritima,LA,eBird,NA
Calidris bairdii,LA,eBird,NA
Calidris fuscicollis,LA,eBird,NA
Calidris minutilla,LA,eBird,NA
Calidris melanotos,LA,eBird,NA
Calidris mauri,LA,eBird,NA
Calidris pusilla,LA,eBird,NA
Stercorarius longicaudus,LA,eBird,NA
Stercorarius parasiticus,LA,eBird,NA
Stercorarius pomarinus,LA,eBird,NA
Stercorarius maccormicki,LA,eBird,NA
Alca torda,LA,eBird,NA
Hydrocoloeus minutus,LA,eBird,NA
Rissa tridactyla,LA,eBird,NA
Xema sabini,LA,eBird,NA
Chroicocephalus philadelphia,LA,eBird,NA
Chroicocephalus ridibundus,LA,eBird,NA
Leucophaeus modestus,LA,eBird,NA
Leucophaeus atricilla,LA,eBird,NA
Leucophaeus pipixcan,LA,eBird,NA
Larus heermanni,LA,eBird,NA
Larus brachyrhynchus,LA,eBird,NA
Larus delawarensis,LA,eBird,NA
Larus occidentalis,LA,eBird,NA
Larus dominicanus,LA,eBird,NA
Larus smithsonianus,LA,eBird,NA
Larus marinus,LA,eBird,NA
Larus hyperboreus,LA,eBird,NA
Larus fuscus,LA,eBird,NA
Larus californicus,LA,eBird,NA
Larus schistisagus,LA,eBird,NA
Larus glaucoides,LA,eBird,NA
Rynchops niger,LA,eBird,NA
Anous stolidus,LA,eBird,NA
Onychoprion fuscatus,LA,eBird,NA
Onychoprion anaethetus,LA,eBird,NA
Sternula antillarum,LA,eBird,NA
Gelochelidon nilotica,LA,eBird,NA
Hydroprogne caspia,LA,eBird,NA
Chlidonias niger,LA,eBird,NA
Sterna forsteri,LA,eBird,NA
Sterna paradisaea,LA,eBird,NA
Sterna hirundo,LA,eBird,NA
Thalasseus sandvicensis,LA,eBird,NA
Thalasseus maximus,LA,eBird,NA
Phoenicopterus ruber,LA,eBird,NA
Tachybaptus dominicus,LA,eBird,NA
Podilymbus podiceps,LA,eBird,NA
Podiceps auritus,LA,eBird,NA
Podiceps grisegena,LA,eBird,NA
Podiceps nigricollis,LA,eBird,NA
Aechmophorus occidentalis,LA,eBird,NA
Phaethon lepturus,LA,eBird,NA
Phaethon aethereus,LA,eBird,NA
Gavia stellata,LA,eBird,NA
Gavia pacifica,LA,eBird,NA
Gavia immer,LA,eBird,NA
Thalassarche chlororhynchos,LA,eBird,NA
Oceanites oceanicus,LA,eBird,NA
Hydrobates leucorhous,LA,eBird,NA
Hydrobates castro,LA,eBird,NA
Calonectris borealis,LA,eBird,NA
Calonectris diomedea,LA,eBird,NA
Ardenna gravis,LA,eBird,NA
Ardenna grisea,LA,eBird,NA
Puffinus puffinus,LA,eBird,NA
Puffinus lherminieri,LA,eBird,NA
Jabiru mycteria,LA,eBird,NA
Mycteria americana,LA,eBird,NA
Fregata magnificens,LA,eBird,NA
Morus bassanus,LA,eBird,NA
Sula sula,LA,eBird,NA
Sula leucogaster,LA,eBird,NA
Sula dactylatra,LA,eBird,NA
Anhinga anhinga,LA,eBird,NA
Nannopterum auritum,LA,eBird,NA
Nannopterum brasilianum,LA,eBird,NA
Eudocimus albus,LA,eBird,NA
Plegadis falcinellus,LA,eBird,NA
Plegadis chihi,LA,eBird,NA
Platalea ajaja,LA,eBird,NA
Botaurus lentiginosus,LA,eBird,NA
Botaurus exilis,LA,eBird,NA
Nyctanassa violacea,LA,eBird,NA
Nycticorax nycticorax,LA,eBird,NA
Egretta caerulea,LA,eBird,NA
Egretta tricolor,LA,eBird,NA
Egretta rufescens,LA,eBird,NA
Egretta thula,LA,eBird,NA
Butorides virescens,LA,eBird,NA
Ardea ibis,LA,eBird,NA
Ardea alba,LA,eBird,NA
Ardea herodias,LA,eBird,NA
Pelecanus erythrorhynchos,LA,eBird,NA
Pelecanus occidentalis,LA,eBird,NA
Coragyps atratus,LA,eBird,NA
Cathartes aura,LA,eBird,NA
Pandion haliaetus,LA,eBird,NA
Elanus leucurus,LA,eBird,NA
Elanoides forficatus,LA,eBird,NA
Aquila chrysaetos,LA,eBird,NA
Accipiter striatus,LA,eBird,NA
Astur cooperii,LA,eBird,NA
Circus hudsonius,LA,eBird,NA
Haliaeetus leucocephalus,LA,eBird,NA
Ictinia mississippiensis,LA,eBird,NA
Rostrhamus sociabilis,LA,eBird,NA
Parabuteo unicinctus,LA,eBird,NA
Geranoaetus albicaudatus,LA,eBird,NA
Buteo platypterus,LA,eBird,NA
Buteo lineatus,LA,eBird,NA
Buteo albonotatus,LA,eBird,NA
Buteo swainsoni,LA,eBird,NA
Buteo jamaicensis,LA,eBird,NA
Buteo lagopus,LA,eBird,NA
Buteo regalis,LA,eBird,NA
Tyto furcata,LA,eBird,NA
Psiloscops flammeolus,LA,eBird,NA
Megascops asio,LA,eBird,NA
Bubo scandiacus,LA,eBird,NA
Bubo virginianus,LA,eBird,NA
Athene cunicularia,LA,eBird,NA
Strix varia,LA,eBird,NA
Asio otus,LA,eBird,NA
Asio flammeus,LA,eBird,NA
Megaceryle torquata,LA,eBird,NA
Megaceryle alcyon,LA,eBird,NA
Sphyrapicus thyroideus,LA,eBird,NA
Sphyrapicus varius,LA,eBird,NA
Sphyrapicus nuchalis,LA,eBird,NA
Melanerpes erythrocephalus,LA,eBird,NA
Melanerpes carolinus,LA,eBird,NA
Dryobates pubescens,LA,eBird,NA
Dryobates scalaris,LA,eBird,NA
Leuconotopicus borealis,LA,eBird,NA
Leuconotopicus villosus,LA,eBird,NA
Campephilus principalis,LA,eBird,NA
Dryocopus pileatus,LA,eBird,NA
Colaptes auratus,LA,eBird,NA
Caracara plancus,LA,eBird,NA
Falco sparverius,LA,eBird,NA
Falco columbarius,LA,eBird,NA
Falco peregrinus,LA,eBird,NA
Falco mexicanus,LA,eBird,NA
Nymphicus hollandicus,LA,eBird,NA
Melopsittacus undulatus,LA,eBird,NA
Agapornis roseicollis,LA,eBird,NA
Myiopsitta monachus,LA,eBird,NA
Contopus cooperi,LA,eBird,NA
Contopus sordidulus,LA,eBird,NA
Contopus virens,LA,eBird,NA
Empidonax flaviventris,LA,eBird,NA
Empidonax virescens,LA,eBird,NA
Empidonax alnorum,LA,eBird,NA
Empidonax traillii,LA,eBird,NA
Empidonax minimus,LA,eBird,NA
Empidonax hammondii,LA,eBird,NA
Empidonax wrightii,LA,eBird,NA
Empidonax difficilis,LA,eBird,NA
Sayornis phoebe,LA,eBird,NA
Sayornis saya,LA,eBird,NA
Pyrocephalus rubinus,LA,eBird,NA
Myiarchus tuberculifer,LA,eBird,NA
Myiarchus cinerascens,LA,eBird,NA
Myiarchus crinitus,LA,eBird,NA
Myiarchus tyrannulus,LA,eBird,NA
Pitangus sulphuratus,LA,eBird,NA
Myiodynastes luteiventris,LA,eBird,NA
Empidonomus aurantioatrocristatus,LA,eBird,NA
Tyrannus melancholicus,LA,eBird,NA
Tyrannus couchii,LA,eBird,NA
Tyrannus vociferans,LA,eBird,NA
Tyrannus verticalis,LA,eBird,NA
Tyrannus tyrannus,LA,eBird,NA
Tyrannus dominicensis,LA,eBird,NA
Tyrannus forficatus,LA,eBird,NA
Tyrannus savana,LA,eBird,NA
Vireo atricapilla,LA,eBird,NA
Vireo griseus,LA,eBird,NA
Vireo bellii,LA,eBird,NA
Vireo flavifrons,LA,eBird,NA
Vireo cassinii,LA,eBird,NA
Vireo solitarius,LA,eBird,NA
Vireo plumbeus,LA,eBird,NA
Vireo philadelphicus,LA,eBird,NA
Vireo gilvus,LA,eBird,NA
Vireo swainsoni,LA,eBird,NA
Vireo olivaceus,LA,eBird,NA
Vireo flavoviridis,LA,eBird,NA
Vireo altiloquus,LA,eBird,NA
Lanius ludovicianus,LA,eBird,NA
Cyanocitta cristata,LA,eBird,NA
Nucifraga columbiana,LA,eBird,NA
Corvus splendens,LA,eBird,NA
Corvus brachyrhynchos,LA,eBird,NA
Corvus ossifragus,LA,eBird,NA
Corvus cryptoleucus,LA,eBird,NA
Poecile carolinensis,LA,eBird,NA
Baeolophus bicolor,LA,eBird,NA
Eremophila alpestris,LA,eBird,NA
Riparia riparia,LA,eBird,NA
Tachycineta bicolor,LA,eBird,NA
Tachycineta thalassina,LA,eBird,NA
Progne subis,LA,eBird,NA
Progne tapera,LA,eBird,NA
Stelgidopteryx serripennis,LA,eBird,NA
Hirundo rustica,LA,eBird,NA
Petrochelidon pyrrhonota,LA,eBird,NA
Petrochelidon fulva,LA,eBird,NA
Corthylio calendula,LA,eBird,NA
Regulus satrapa,LA,eBird,NA
Sitta carolinensis,LA,eBird,NA
Sitta pusilla,LA,eBird,NA
Sitta canadensis,LA,eBird,NA
Certhia americana,LA,eBird,NA
Polioptila caerulea,LA,eBird,NA
Salpinctes obsoletus,LA,eBird,NA
Troglodytes aedon,LA,eBird,NA
Troglodytes hiemalis,LA,eBird,NA
Cistothorus stellaris,LA,eBird,NA
Cistothorus palustris,LA,eBird,NA
Thryothorus ludovicianus,LA,eBird,NA
Thryomanes bewickii,LA,eBird,NA
Sturnus vulgaris,LA,eBird,NA
Dumetella carolinensis,LA,eBird,NA
Toxostoma curvirostre,LA,eBird,NA
Toxostoma rufum,LA,eBird,NA
Oreoscoptes montanus,LA,eBird,NA
Mimus polyglottos,LA,eBird,NA
Sialia sialis,LA,eBird,NA
Sialia currucoides,LA,eBird,NA
Myadestes townsendi,LA,eBird,NA
Ixoreus naevius,LA,eBird,NA
Catharus fuscescens,LA,eBird,NA
Catharus minimus,LA,eBird,NA
Catharus ustulatus,LA,eBird,NA
Catharus guttatus,LA,eBird,NA
Hylocichla mustelina,LA,eBird,NA
Turdus migratorius,LA,eBird,NA
Oenanthe oenanthe,LA,eBird,NA
Bombycilla cedrorum,LA,eBird,NA
Lonchura punctulata,LA,eBird,NA
Passer domesticus,LA,eBird,NA
Anthus rubescens,LA,eBird,NA
Anthus spragueii,LA,eBird,NA
Hesperiphona vespertina,LA,eBird,NA
Haemorhous mexicanus,LA,eBird,NA
Haemorhous purpureus,LA,eBird,NA
Haemorhous cassinii,LA,eBird,NA
Crithagra mozambica,LA,eBird,NA
Loxia curvirostra,LA,eBird,NA
Spinus pinus,LA,eBird,NA
Spinus psaltria,LA,eBird,NA
Spinus tristis,LA,eBird,NA
Calcarius lapponicus,LA,eBird,NA
Calcarius ornatus,LA,eBird,NA
Calcarius pictus,LA,eBird,NA
Rhynchophanes mccownii,LA,eBird,NA
Peucaea cassinii,LA,eBird,NA
Peucaea aestivalis,LA,eBird,NA
Ammodramus savannarum,LA,eBird,NA
Spizella passerina,LA,eBird,NA
Spizella pallida,LA,eBird,NA
Spizella pusilla,LA,eBird,NA
Spizella breweri,LA,eBird,NA
Chondestes grammacus,LA,eBird,NA
Calamospiza melanocorys,LA,eBird,NA
Passerella iliaca,LA,eBird,NA
Junco hyemalis,LA,eBird,NA
Zonotrichia leucophrys,LA,eBird,NA
Zonotrichia atricapilla,LA,eBird,NA
Zonotrichia querula,LA,eBird,NA
Zonotrichia albicollis,LA,eBird,NA
Pooecetes gramineus,LA,eBird,NA
Ammospiza leconteii,LA,eBird,NA
Ammospiza maritima,LA,eBird,NA
Ammospiza nelsoni,LA,eBird,NA
Passerculus sandwichensis,LA,eBird,NA
Centronyx bairdii,LA,eBird,NA
Centronyx henslowii,LA,eBird,NA
Melospiza melodia,LA,eBird,NA
Melospiza lincolnii,LA,eBird,NA
Melospiza georgiana,LA,eBird,NA
Pipilo chlorurus,LA,eBird,NA
Pipilo maculatus,LA,eBird,NA
Pipilo erythrophthalmus,LA,eBird,NA
Icteria virens,LA,eBird,NA
Xanthocephalus xanthocephalus,LA,eBird,NA
Dolichonyx oryzivorus,LA,eBird,NA
Sturnella neglecta,LA,eBird,NA
Sturnella magna,LA,eBird,NA
Icterus spurius,LA,eBird,NA
Icterus cucullatus,LA,eBird,NA
Icterus bullockii,LA,eBird,NA
Icterus galbula,LA,eBird,NA
Icterus parisorum,LA,eBird,NA
Agelaius phoeniceus,LA,eBird,NA
Molothrus bonariensis,LA,eBird,NA
Molothrus aeneus,LA,eBird,NA
Molothrus ater,LA,eBird,NA
Euphagus carolinus,LA,eBird,NA
Euphagus cyanocephalus,LA,eBird,NA
Quiscalus quiscula,LA,eBird,NA
Quiscalus major,LA,eBird,NA
Quiscalus mexicanus,LA,eBird,NA
Seiurus aurocapilla,LA,eBird,NA
Helmitheros vermivorum,LA,eBird,NA
Parkesia motacilla,LA,eBird,NA
Parkesia noveboracensis,LA,eBird,NA
Vermivora bachmanii,LA,eBird,NA
Vermivora chrysoptera,LA,eBird,NA
Vermivora cyanoptera,LA,eBird,NA
Mniotilta varia,LA,eBird,NA
Protonotaria citrea,LA,eBird,NA
Limnothlypis swainsonii,LA,eBird,NA
Leiothlypis peregrina,LA,eBird,NA
Leiothlypis celata,LA,eBird,NA
Leiothlypis luciae,LA,eBird,NA
Leiothlypis ruficapilla,LA,eBird,NA
Leiothlypis virginiae,LA,eBird,NA
Oporornis agilis,LA,eBird,NA
Geothlypis tolmiei,LA,eBird,NA
Geothlypis philadelphia,LA,eBird,NA
Geothlypis formosa,LA,eBird,NA
Geothlypis trichas,LA,eBird,NA
Setophaga citrina,LA,eBird,NA
Setophaga ruticilla,LA,eBird,NA
Setophaga tigrina,LA,eBird,NA
Setophaga cerulea,LA,eBird,NA
Setophaga americana,LA,eBird,NA
Setophaga pitiayumi,LA,eBird,NA
Setophaga magnolia,LA,eBird,NA
Setophaga castanea,LA,eBird,NA
Setophaga fusca,LA,eBird,NA
Setophaga aestiva,LA,eBird,NA
Setophaga petechia,LA,eBird,NA
Setophaga pensylvanica,LA,eBird,NA
Setophaga striata,LA,eBird,NA
Setophaga caerulescens,LA,eBird,NA
Setophaga palmarum,LA,eBird,NA
Setophaga pinus,LA,eBird,NA
Setophaga coronata,LA,eBird,NA
Setophaga dominica,LA,eBird,NA
Setophaga discolor,LA,eBird,NA
Setophaga nigrescens,LA,eBird,NA
Setophaga townsendi,LA,eBird,NA
Setophaga occidentalis,LA,eBird,NA
Setophaga virens,LA,eBird,NA
Basileuterus culicivorus,LA,eBird,NA
Cardellina canadensis,LA,eBird,NA
Cardellina pusilla,LA,eBird,NA
Cardellina rubrifrons,LA,eBird,NA
Myioborus pictus,LA,eBird,NA
Piranga flava,LA,eBird,NA
Piranga rubra,LA,eBird,NA
Piranga olivacea,LA,eBird,NA
Piranga ludoviciana,LA,eBird,NA
Cardinalis cardinalis,LA,eBird,NA
Cardinalis sinuatus,LA,eBird,NA
Pheucticus ludovicianus,LA,eBird,NA
Pheucticus melanocephalus,LA,eBird,NA
Cyanocompsa parellina,LA,eBird,NA
Passerina caerulea,LA,eBird,NA
Passerina amoena,LA,eBird,NA
Passerina cyanea,LA,eBird,NA
Passerina versicolor,LA,eBird,NA
Passerina ciris,LA,eBird,NA
Spiza americana,LA,eBird,NA
Cyanerpes cyaneus,LA,eBird,NA
Dendrocygna autumnalis,ME,eBird,NA
Anser caerulescens,ME,eBird,NA
Anser rossii,ME,eBird,NA
Anser anser,ME,eBird,NA
Anser cygnoides,ME,eBird,NA
Anser albifrons,ME,eBird,NA
Anser brachyrhynchus,ME,eBird,NA
Branta bernicla,ME,eBird,NA
Branta leucopsis,ME,eBird,NA
Branta hutchinsii,ME,eBird,NA
Branta canadensis,ME,eBird,NA
Cygnus olor,ME,eBird,NA
Cygnus atratus,ME,eBird,NA
Cygnus buccinator,ME,eBird,NA
Cygnus columbianus,ME,eBird,NA
Cygnus cygnus,ME,eBird,NA
Alopochen aegyptiaca,ME,eBird,NA
Tadorna tadorna,ME,eBird,NA
Cairina moschata,ME,eBird,NA
Aix sponsa,ME,eBird,NA
Aix galericulata,ME,eBird,NA
Spatula querquedula,ME,eBird,NA
Spatula discors,ME,eBird,NA
Spatula clypeata,ME,eBird,NA
Mareca strepera,ME,eBird,NA
Mareca penelope,ME,eBird,NA
Mareca americana,ME,eBird,NA
Anas platyrhynchos,ME,eBird,NA
Anas rubripes,ME,eBird,NA
Anas acuta,ME,eBird,NA
Anas crecca,ME,eBird,NA
Aythya valisineria,ME,eBird,NA
Aythya americana,ME,eBird,NA
Aythya collaris,ME,eBird,NA
Aythya fuligula,ME,eBird,NA
Aythya marila,ME,eBird,NA
Aythya affinis,ME,eBird,NA
Somateria spectabilis,ME,eBird,NA
Somateria mollissima,ME,eBird,NA
Histrionicus histrionicus,ME,eBird,NA
Melanitta perspicillata,ME,eBird,NA
Melanitta deglandi,ME,eBird,NA
Melanitta americana,ME,eBird,NA
Clangula hyemalis,ME,eBird,NA
Bucephala albeola,ME,eBird,NA
Bucephala clangula,ME,eBird,NA
Bucephala islandica,ME,eBird,NA
Lophodytes cucullatus,ME,eBird,NA
Mergus merganser,ME,eBird,NA
Mergus serrator,ME,eBird,NA
Oxyura jamaicensis,ME,eBird,NA
Numida meleagris,ME,eBird,NA
Colinus virginianus,ME,eBird,NA
Meleagris gallopavo,ME,eBird,NA
Bonasa umbellus,ME,eBird,NA
Lagopus lagopus,ME,eBird,NA
Canachites canadensis,ME,eBird,NA
Chrysolophus amherstiae,ME,eBird,NA
Phasianus colchicus,ME,eBird,NA
Pavo cristatus,ME,eBird,NA
Gallus gallus,ME,eBird,NA
Alectoris chukar,ME,eBird,NA
Columba livia,ME,eBird,NA
Patagioenas fasciata,ME,eBird,NA
Streptopelia decaocto,ME,eBird,NA
Streptopelia roseogrisea,ME,eBird,NA
Zenaida asiatica,ME,eBird,NA
Zenaida macroura,ME,eBird,NA
Coccyzus americanus,ME,eBird,NA
Coccyzus erythropthalmus,ME,eBird,NA
Chordeiles minor,ME,eBird,NA
Antrostomus carolinensis,ME,eBird,NA
Antrostomus vociferus,ME,eBird,NA
Chaetura pelagica,ME,eBird,NA
Colibri thalassinus,ME,eBird,NA
Archilochus colubris,ME,eBird,NA
Selasphorus calliope,ME,eBird,NA
Selasphorus rufus,ME,eBird,NA
Selasphorus platycercus,ME,eBird,NA
Rallus elegans,ME,eBird,NA
Rallus crepitans,ME,eBird,NA
Rallus limicola,ME,eBird,NA
Crex crex,ME,eBird,NA
Porzana carolina,ME,eBird,NA
Gallinula galeata,ME,eBird,NA
Fulica americana,ME,eBird,NA
Porphyrio martinica,ME,eBird,NA
Coturnicops noveboracensis,ME,eBird,NA
Antigone canadensis,ME,eBird,NA
Himantopus mexicanus,ME,eBird,NA
Recurvirostra americana,ME,eBird,NA
Haematopus palliatus,ME,eBird,NA
Pluvialis squatarola,ME,eBird,NA
Pluvialis apricaria,ME,eBird,NA
Pluvialis dominica,ME,eBird,NA
Pluvialis fulva,ME,eBird,NA
Charadrius vociferus,ME,eBird,NA
Charadrius hiaticula,ME,eBird,NA
Charadrius semipalmatus,ME,eBird,NA
Charadrius melodus,ME,eBird,NA
Vanellus vanellus,ME,eBird,NA
Anarhynchus wilsonia,ME,eBird,NA
Anarhynchus nivosus,ME,eBird,NA
Bartramia longicauda,ME,eBird,NA
Numenius hudsonicus,ME,eBird,NA
Numenius phaeopus,ME,eBird,NA
Numenius borealis,ME,eBird,NA
Limosa lapponica,ME,eBird,NA
Limosa haemastica,ME,eBird,NA
Limosa fedoa,ME,eBird,NA
Limnodromus griseus,ME,eBird,NA
Limnodromus scolopaceus,ME,eBird,NA
Scolopax minor,ME,eBird,NA
Gallinago delicata,ME,eBird,NA
Phalaropus tricolor,ME,eBird,NA
Phalaropus fulicarius,ME,eBird,NA
Phalaropus lobatus,ME,eBird,NA
Actitis macularius,ME,eBird,NA
Tringa solitaria,ME,eBird,NA
Tringa brevipes,ME,eBird,NA
Tringa flavipes,ME,eBird,NA
Tringa semipalmata,ME,eBird,NA
Tringa melanoleuca,ME,eBird,NA
Arenaria interpres,ME,eBird,NA
Calidris tenuirostris,ME,eBird,NA
Calidris canutus,ME,eBird,NA
Calidris virgata,ME,eBird,NA
Calidris pugnax,ME,eBird,NA
Calidris ferruginea,ME,eBird,NA
Calidris himantopus,ME,eBird,NA
Calidris ruficollis,ME,eBird,NA
Calidris subruficollis,ME,eBird,NA
Calidris alba,ME,eBird,NA
Calidris alpina,ME,eBird,NA
Calidris maritima,ME,eBird,NA
Calidris bairdii,ME,eBird,NA
Calidris fuscicollis,ME,eBird,NA
Calidris minutilla,ME,eBird,NA
Calidris melanotos,ME,eBird,NA
Calidris mauri,ME,eBird,NA
Calidris pusilla,ME,eBird,NA
Stercorarius longicaudus,ME,eBird,NA
Stercorarius parasiticus,ME,eBird,NA
Stercorarius pomarinus,ME,eBird,NA
Stercorarius skua,ME,eBird,NA
Stercorarius maccormicki,ME,eBird,NA
Fratercula cirrhata,ME,eBird,NA
Fratercula arctica,ME,eBird,NA
Cepphus grylle,ME,eBird,NA
Alca torda,ME,eBird,NA
Alle alle,ME,eBird,NA
Uria lomvia,ME,eBird,NA
Uria aalge,ME,eBird,NA
Synthliboramphus antiquus,ME,eBird,NA
Hydrocoloeus minutus,ME,eBird,NA
Rissa tridactyla,ME,eBird,NA
Pagophila eburnea,ME,eBird,NA
Xema sabini,ME,eBird,NA
Chroicocephalus philadelphia,ME,eBird,NA
Chroicocephalus ridibundus,ME,eBird,NA
Leucophaeus atricilla,ME,eBird,NA
Leucophaeus pipixcan,ME,eBird,NA
Larus canus,ME,eBird,NA
Larus brachyrhynchus,ME,eBird,NA
Larus delawarensis,ME,eBird,NA
Larus smithsonianus,ME,eBird,NA
Larus marinus,ME,eBird,NA
Larus hyperboreus,ME,eBird,NA
Larus fuscus,ME,eBird,NA
Larus schistisagus,ME,eBird,NA
Larus glaucoides,ME,eBird,NA
Rynchops niger,ME,eBird,NA
Onychoprion fuscatus,ME,eBird,NA
Onychoprion anaethetus,ME,eBird,NA
Sternula antillarum,ME,eBird,NA
Gelochelidon nilotica,ME,eBird,NA
Hydroprogne caspia,ME,eBird,NA
Chlidonias niger,ME,eBird,NA
Chlidonias leucopterus,ME,eBird,NA
Sterna forsteri,ME,eBird,NA
Sterna paradisaea,ME,eBird,NA
Sterna hirundo,ME,eBird,NA
Sterna dougallii,ME,eBird,NA
Thalasseus sandvicensis,ME,eBird,NA
Thalasseus maximus,ME,eBird,NA
Podilymbus podiceps,ME,eBird,NA
Podiceps auritus,ME,eBird,NA
Podiceps grisegena,ME,eBird,NA
Podiceps nigricollis,ME,eBird,NA
Aechmophorus occidentalis,ME,eBird,NA
Aechmophorus clarkii,ME,eBird,NA
Phaethon aethereus,ME,eBird,NA
Gavia stellata,ME,eBird,NA
Gavia pacifica,ME,eBird,NA
Gavia immer,ME,eBird,NA
Gavia adamsii,ME,eBird,NA
Thalassarche chlororhynchos,ME,eBird,NA
Oceanites oceanicus,ME,eBird,NA
Hydrobates leucorhous,ME,eBird,NA
Fulmarus glacialis,ME,eBird,NA
Pterodroma arminjoniana,ME,eBird,NA
Calonectris borealis,ME,eBird,NA
Ardenna gravis,ME,eBird,NA
Ardenna grisea,ME,eBird,NA
Puffinus puffinus,ME,eBird,NA
Puffinus baroli,ME,eBird,NA
Fregata magnificens,ME,eBird,NA
Fregata ariel,ME,eBird,NA
Morus bassanus,ME,eBird,NA
Sula sula,ME,eBird,NA
Sula leucogaster,ME,eBird,NA
Sula dactylatra,ME,eBird,NA
Anhinga anhinga,ME,eBird,NA
Phalacrocorax carbo,ME,eBird,NA
Nannopterum auritum,ME,eBird,NA
Eudocimus albus,ME,eBird,NA
Plegadis falcinellus,ME,eBird,NA
Plegadis chihi,ME,eBird,NA
Platalea ajaja,ME,eBird,NA
Botaurus lentiginosus,ME,eBird,NA
Botaurus exilis,ME,eBird,NA
Nyctanassa violacea,ME,eBird,NA
Nycticorax nycticorax,ME,eBird,NA
Egretta caerulea,ME,eBird,NA
Egretta tricolor,ME,eBird,NA
Egretta thula,ME,eBird,NA
Egretta garzetta,ME,eBird,NA
Egretta gularis,ME,eBird,NA
Butorides virescens,ME,eBird,NA
Ardea ibis,ME,eBird,NA
Ardea alba,ME,eBird,NA
Ardea herodias,ME,eBird,NA
Pelecanus erythrorhynchos,ME,eBird,NA
Pelecanus occidentalis,ME,eBird,NA
Coragyps atratus,ME,eBird,NA
Cathartes aura,ME,eBird,NA
Pandion haliaetus,ME,eBird,NA
Elanoides forficatus,ME,eBird,NA
Aquila chrysaetos,ME,eBird,NA
Accipiter striatus,ME,eBird,NA
Astur cooperii,ME,eBird,NA
Astur atricapillus,ME,eBird,NA
Circus aeruginosus,ME,eBird,NA
Circus hudsonius,ME,eBird,NA
Haliaeetus leucocephalus,ME,eBird,NA
Haliaeetus pelagicus,ME,eBird,NA
Ictinia mississippiensis,ME,eBird,NA
Buteogallus urubitinga,ME,eBird,NA
Buteo platypterus,ME,eBird,NA
Buteo lineatus,ME,eBird,NA
Buteo swainsoni,ME,eBird,NA
Buteo jamaicensis,ME,eBird,NA
Buteo lagopus,ME,eBird,NA
Buteo regalis,ME,eBird,NA
Tyto furcata,ME,eBird,NA
Megascops asio,ME,eBird,NA
Bubo scandiacus,ME,eBird,NA
Bubo virginianus,ME,eBird,NA
Surnia ulula,ME,eBird,NA
Athene cunicularia,ME,eBird,NA
Strix varia,ME,eBird,NA
Strix nebulosa,ME,eBird,NA
Asio otus,ME,eBird,NA
Asio flammeus,ME,eBird,NA
Aegolius funereus,ME,eBird,NA
Aegolius acadicus,ME,eBird,NA
Megaceryle alcyon,ME,eBird,NA
Sphyrapicus varius,ME,eBird,NA
Melanerpes erythrocephalus,ME,eBird,NA
Melanerpes carolinus,ME,eBird,NA
Picoides dorsalis,ME,eBird,NA
Picoides arcticus,ME,eBird,NA
Dryobates pubescens,ME,eBird,NA
Leuconotopicus villosus,ME,eBird,NA
Dryocopus pileatus,ME,eBird,NA
Colaptes auratus,ME,eBird,NA
Caracara plancus,ME,eBird,NA
Falco sparverius,ME,eBird,NA
Falco columbarius,ME,eBird,NA
Falco rusticolus,ME,eBird,NA
Falco peregrinus,ME,eBird,NA
Melopsittacus undulatus,ME,eBird,NA
Myiopsitta monachus,ME,eBird,NA
Contopus cooperi,ME,eBird,NA
Contopus sordidulus,ME,eBird,NA
Contopus virens,ME,eBird,NA
Empidonax flaviventris,ME,eBird,NA
Empidonax virescens,ME,eBird,NA
Empidonax alnorum,ME,eBird,NA
Empidonax traillii,ME,eBird,NA
Empidonax minimus,ME,eBird,NA
Empidonax hammondii,ME,eBird,NA
Empidonax wrightii,ME,eBird,NA
Empidonax difficilis,ME,eBird,NA
Sayornis phoebe,ME,eBird,NA
Sayornis saya,ME,eBird,NA
Pyrocephalus rubinus,ME,eBird,NA
Myiarchus cinerascens,ME,eBird,NA
Myiarchus crinitus,ME,eBird,NA
Empidonomus varius,ME,eBird,NA
Tyrannus melancholicus,ME,eBird,NA
Tyrannus verticalis,ME,eBird,NA
Tyrannus tyrannus,ME,eBird,NA
Tyrannus dominicensis,ME,eBird,NA
Tyrannus forficatus,ME,eBird,NA
Tyrannus savana,ME,eBird,NA
Vireo griseus,ME,eBird,NA
Vireo bellii,ME,eBird,NA
Vireo flavifrons,ME,eBird,NA
Vireo cassinii,ME,eBird,NA
Vireo solitarius,ME,eBird,NA
Vireo philadelphicus,ME,eBird,NA
Vireo gilvus,ME,eBird,NA
Vireo olivaceus,ME,eBird,NA
Lanius ludovicianus,ME,eBird,NA
Lanius borealis,ME,eBird,NA
Perisoreus canadensis,ME,eBird,NA
Cyanocitta cristata,ME,eBird,NA
Corvus brachyrhynchos,ME,eBird,NA
Corvus ossifragus,ME,eBird,NA
Corvus corax,ME,eBird,NA
Poecile atricapillus,ME,eBird,NA
Poecile hudsonicus,ME,eBird,NA
Baeolophus bicolor,ME,eBird,NA
Eremophila alpestris,ME,eBird,NA
Riparia riparia,ME,eBird,NA
Tachycineta bicolor,ME,eBird,NA
Tachycineta thalassina,ME,eBird,NA
Progne subis,ME,eBird,NA
Stelgidopteryx serripennis,ME,eBird,NA
Hirundo rustica,ME,eBird,NA
Petrochelidon pyrrhonota,ME,eBird,NA
Petrochelidon fulva,ME,eBird,NA
Corthylio calendula,ME,eBird,NA
Regulus satrapa,ME,eBird,NA
Sitta carolinensis,ME,eBird,NA
Sitta canadensis,ME,eBird,NA
Certhia americana,ME,eBird,NA
Polioptila caerulea,ME,eBird,NA
Salpinctes obsoletus,ME,eBird,NA
Troglodytes aedon,ME,eBird,NA
Troglodytes hiemalis,ME,eBird,NA
Cistothorus stellaris,ME,eBird,NA
Cistothorus palustris,ME,eBird,NA
Thryothorus ludovicianus,ME,eBird,NA
Sturnus vulgaris,ME,eBird,NA
Dumetella carolinensis,ME,eBird,NA
Toxostoma rufum,ME,eBird,NA
Oreoscoptes montanus,ME,eBird,NA
Mimus polyglottos,ME,eBird,NA
Sialia sialis,ME,eBird,NA
Sialia currucoides,ME,eBird,NA
Myadestes townsendi,ME,eBird,NA
Ixoreus naevius,ME,eBird,NA
Catharus fuscescens,ME,eBird,NA
Catharus minimus,ME,eBird,NA
Catharus bicknelli,ME,eBird,NA
Catharus ustulatus,ME,eBird,NA
Catharus guttatus,ME,eBird,NA
Hylocichla mustelina,ME,eBird,NA
Turdus iliacus,ME,eBird,NA
Turdus pilaris,ME,eBird,NA
Turdus migratorius,ME,eBird,NA
Oenanthe oenanthe,ME,eBird,NA
Bombycilla garrulus,ME,eBird,NA
Bombycilla cedrorum,ME,eBird,NA
Passer domesticus,ME,eBird,NA
Anthus rubescens,ME,eBird,NA
Fringilla coelebs,ME,eBird,NA
Hesperiphona vespertina,ME,eBird,NA
Pinicola enucleator,ME,eBird,NA
Haemorhous mexicanus,ME,eBird,NA
Haemorhous purpureus,ME,eBird,NA
Acanthis flammea,ME,eBird,NA
Loxia curvirostra,ME,eBird,NA
Loxia leucoptera,ME,eBird,NA
Carduelis carduelis,ME,eBird,NA
Spinus spinus,ME,eBird,NA
Spinus pinus,ME,eBird,NA
Spinus psaltria,ME,eBird,NA
Spinus tristis,ME,eBird,NA
Calcarius lapponicus,ME,eBird,NA
Calcarius ornatus,ME,eBird,NA
Calcarius pictus,ME,eBird,NA
Plectrophenax nivalis,ME,eBird,NA
Peucaea cassinii,ME,eBird,NA
Ammodramus savannarum,ME,eBird,NA
Spizella passerina,ME,eBird,NA
Spizella pallida,ME,eBird,NA
Spizella pusilla,ME,eBird,NA
Spizella breweri,ME,eBird,NA
Amphispiza bilineata,ME,eBird,NA
Chondestes grammacus,ME,eBird,NA
Calamospiza melanocorys,ME,eBird,NA
Spizelloides arborea,ME,eBird,NA
Passerella iliaca,ME,eBird,NA
Junco hyemalis,ME,eBird,NA
Zonotrichia leucophrys,ME,eBird,NA
Zonotrichia atricapilla,ME,eBird,NA
Zonotrichia querula,ME,eBird,NA
Zonotrichia albicollis,ME,eBird,NA
Pooecetes gramineus,ME,eBird,NA
Ammospiza leconteii,ME,eBird,NA
Ammospiza maritima,ME,eBird,NA
Ammospiza nelsoni,ME,eBird,NA
Ammospiza caudacuta,ME,eBird,NA
Passerculus sandwichensis,ME,eBird,NA
Centronyx henslowii,ME,eBird,NA
Melospiza melodia,ME,eBird,NA
Melospiza lincolnii,ME,eBird,NA
Melospiza georgiana,ME,eBird,NA
Pipilo chlorurus,ME,eBird,NA
Pipilo maculatus,ME,eBird,NA
Pipilo erythrophthalmus,ME,eBird,NA
Icteria virens,ME,eBird,NA
Xanthocephalus xanthocephalus,ME,eBird,NA
Dolichonyx oryzivorus,ME,eBird,NA
Sturnella neglecta,ME,eBird,NA
Sturnella magna,ME,eBird,NA
Icterus spurius,ME,eBird,NA
Icterus bullockii,ME,eBird,NA
Icterus galbula,ME,eBird,NA
Agelaius phoeniceus,ME,eBird,NA
Molothrus bonariensis,ME,eBird,NA
Molothrus aeneus,ME,eBird,NA
Molothrus ater,ME,eBird,NA
Euphagus carolinus,ME,eBird,NA
Quiscalus quiscula,ME,eBird,NA
Seiurus aurocapilla,ME,eBird,NA
Helmitheros vermivorum,ME,eBird,NA
Parkesia motacilla,ME,eBird,NA
Parkesia noveboracensis,ME,eBird,NA
Vermivora chrysoptera,ME,eBird,NA
Vermivora cyanoptera,ME,eBird,NA
Mniotilta varia,ME,eBird,NA
Protonotaria citrea,ME,eBird,NA
Limnothlypis swainsonii,ME,eBird,NA
Leiothlypis peregrina,ME,eBird,NA
Leiothlypis celata,ME,eBird,NA
Leiothlypis ruficapilla,ME,eBird,NA
Leiothlypis virginiae,ME,eBird,NA
Oporornis agilis,ME,eBird,NA
Geothlypis tolmiei,ME,eBird,NA
Geothlypis philadelphia,ME,eBird,NA
Geothlypis formosa,ME,eBird,NA
Geothlypis trichas,ME,eBird,NA
Setophaga citrina,ME,eBird,NA
Setophaga ruticilla,ME,eBird,NA
Setophaga kirtlandii,ME,eBird,NA
Setophaga tigrina,ME,eBird,NA
Setophaga cerulea,ME,eBird,NA
Setophaga americana,ME,eBird,NA
Setophaga magnolia,ME,eBird,NA
Setophaga castanea,ME,eBird,NA
Setophaga fusca,ME,eBird,NA
Setophaga aestiva,ME,eBird,NA
Setophaga pensylvanica,ME,eBird,NA
Setophaga striata,ME,eBird,NA
Setophaga caerulescens,ME,eBird,NA
Setophaga palmarum,ME,eBird,NA
Setophaga pinus,ME,eBird,NA
Setophaga coronata,ME,eBird,NA
Setophaga dominica,ME,eBird,NA
Setophaga discolor,ME,eBird,NA
Setophaga nigrescens,ME,eBird,NA
Setophaga townsendi,ME,eBird,NA
Setophaga occidentalis,ME,eBird,NA
Setophaga virens,ME,eBird,NA
Cardellina canadensis,ME,eBird,NA
Cardellina pusilla,ME,eBird,NA
Piranga flava,ME,eBird,NA
Piranga rubra,ME,eBird,NA
Piranga olivacea,ME,eBird,NA
Piranga ludoviciana,ME,eBird,NA
Cardinalis cardinalis,ME,eBird,NA
Pheucticus ludovicianus,ME,eBird,NA
Pheucticus melanocephalus,ME,eBird,NA
Passerina caerulea,ME,eBird,NA
Passerina amoena,ME,eBird,NA
Passerina cyanea,ME,eBird,NA
Passerina ciris,ME,eBird,NA
Spiza americana,ME,eBird,NA
Dromaius novaehollandiae,MD,eBird,NA
Dendrocygna autumnalis,MD,eBird,NA
Dendrocygna bicolor,MD,eBird,NA
Anser indicus,MD,eBird,NA
Anser caerulescens,MD,eBird,NA
Anser rossii,MD,eBird,NA
Anser anser,MD,eBird,NA
Anser cygnoides,MD,eBird,NA
Anser albifrons,MD,eBird,NA
Anser brachyrhynchus,MD,eBird,NA
Branta bernicla,MD,eBird,NA
Branta leucopsis,MD,eBird,NA
Branta hutchinsii,MD,eBird,NA
Branta canadensis,MD,eBird,NA
Cygnus olor,MD,eBird,NA
Cygnus atratus,MD,eBird,NA
Cygnus buccinator,MD,eBird,NA
Cygnus columbianus,MD,eBird,NA
Cygnus cygnus,MD,eBird,NA
Alopochen aegyptiaca,MD,eBird,NA
Tadorna ferruginea,MD,eBird,NA
Tadorna tadorna,MD,eBird,NA
Cairina moschata,MD,eBird,NA
Callonetta leucophrys,MD,eBird,NA
Aix sponsa,MD,eBird,NA
Aix galericulata,MD,eBird,NA
Sibirionetta formosa,MD,eBird,NA
Spatula discors,MD,eBird,NA
Spatula cyanoptera,MD,eBird,NA
Spatula clypeata,MD,eBird,NA
Mareca strepera,MD,eBird,NA
Mareca falcata,MD,eBird,NA
Mareca penelope,MD,eBird,NA
Mareca americana,MD,eBird,NA
Mareca sibilatrix,MD,eBird,NA
Anas platyrhynchos,MD,eBird,NA
Anas rubripes,MD,eBird,NA
Anas fulvigula,MD,eBird,NA
Anas bahamensis,MD,eBird,NA
Anas acuta,MD,eBird,NA
Anas crecca,MD,eBird,NA
Netta rufina,MD,eBird,NA
Aythya valisineria,MD,eBird,NA
Aythya americana,MD,eBird,NA
Aythya collaris,MD,eBird,NA
Aythya fuligula,MD,eBird,NA
Aythya marila,MD,eBird,NA
Aythya affinis,MD,eBird,NA
Somateria spectabilis,MD,eBird,NA
Somateria mollissima,MD,eBird,NA
Histrionicus histrionicus,MD,eBird,NA
Melanitta perspicillata,MD,eBird,NA
Melanitta deglandi,MD,eBird,NA
Melanitta americana,MD,eBird,NA
Clangula hyemalis,MD,eBird,NA
Bucephala albeola,MD,eBird,NA
Bucephala clangula,MD,eBird,NA
Bucephala islandica,MD,eBird,NA
Lophodytes cucullatus,MD,eBird,NA
Mergus merganser,MD,eBird,NA
Mergus serrator,MD,eBird,NA
Nomonyx dominicus,MD,eBird,NA
Oxyura jamaicensis,MD,eBird,NA
Numida meleagris,MD,eBird,NA
Colinus virginianus,MD,eBird,NA
Meleagris gallopavo,MD,eBird,NA
Bonasa umbellus,MD,eBird,NA
Perdix perdix,MD,eBird,NA
Chrysolophus pictus,MD,eBird,NA
Phasianus colchicus,MD,eBird,NA
Lophura nycthemera,MD,eBird,NA
Pavo cristatus,MD,eBird,NA
Gallus gallus,MD,eBird,NA
Alectoris chukar,MD,eBird,NA
Columba livia,MD,eBird,NA
Ectopistes migratorius,MD,eBird,NA
Streptopelia decaocto,MD,eBird,NA
Streptopelia roseogrisea,MD,eBird,NA
Columbina inca,MD,eBird,NA
Columbina passerina,MD,eBird,NA
Zenaida asiatica,MD,eBird,NA
Zenaida macroura,MD,eBird,NA
Crotophaga sulcirostris,MD,eBird,NA
Coccyzus americanus,MD,eBird,NA
Coccyzus erythropthalmus,MD,eBird,NA
Chordeiles minor,MD,eBird,NA
Antrostomus carolinensis,MD,eBird,NA
Antrostomus vociferus,MD,eBird,NA
Chaetura pelagica,MD,eBird,NA
Colibri thalassinus,MD,eBird,NA
Archilochus colubris,MD,eBird,NA
Archilochus alexandri,MD,eBird,NA
Calypte anna,MD,eBird,NA
Selasphorus calliope,MD,eBird,NA
Selasphorus rufus,MD,eBird,NA
Selasphorus sasin,MD,eBird,NA
Rallus elegans,MD,eBird,NA
Rallus crepitans,MD,eBird,NA
Rallus limicola,MD,eBird,NA
Crex crex,MD,eBird,NA
Porzana carolina,MD,eBird,NA
Gallinula galeata,MD,eBird,NA
Fulica americana,MD,eBird,NA
Porphyrio martinica,MD,eBird,NA
Coturnicops noveboracensis,MD,eBird,NA
Laterallus jamaicensis,MD,eBird,NA
Aramus guarauna,MD,eBird,NA
Antigone canadensis,MD,eBird,NA
Grus paradiseus,MD,eBird,NA
Himantopus mexicanus,MD,eBird,NA
Recurvirostra americana,MD,eBird,NA
Haematopus palliatus,MD,eBird,NA
Pluvialis squatarola,MD,eBird,NA
Pluvialis dominica,MD,eBird,NA
Charadrius vociferus,MD,eBird,NA
Charadrius semipalmatus,MD,eBird,NA
Charadrius melodus,MD,eBird,NA
Vanellus vanellus,MD,eBird,NA
Vanellus chilensis,MD,eBird,NA
Anarhynchus wilsonia,MD,eBird,NA
Anarhynchus nivosus,MD,eBird,NA
Bartramia longicauda,MD,eBird,NA
Numenius hudsonicus,MD,eBird,NA
Numenius phaeopus,MD,eBird,NA
Numenius borealis,MD,eBird,NA
Numenius americanus,MD,eBird,NA
Limosa haemastica,MD,eBird,NA
Limosa fedoa,MD,eBird,NA
Limnodromus griseus,MD,eBird,NA
Limnodromus scolopaceus,MD,eBird,NA
Scolopax minor,MD,eBird,NA
Gallinago delicata,MD,eBird,NA
Phalaropus tricolor,MD,eBird,NA
Phalaropus fulicarius,MD,eBird,NA
Phalaropus lobatus,MD,eBird,NA
Actitis macularius,MD,eBird,NA
Tringa solitaria,MD,eBird,NA
Tringa flavipes,MD,eBird,NA
Tringa semipalmata,MD,eBird,NA
Tringa melanoleuca,MD,eBird,NA
Arenaria interpres,MD,eBird,NA
Calidris canutus,MD,eBird,NA
Calidris pugnax,MD,eBird,NA
Calidris acuminata,MD,eBird,NA
Calidris ferruginea,MD,eBird,NA
Calidris himantopus,MD,eBird,NA
Calidris ruficollis,MD,eBird,NA
Calidris subruficollis,MD,eBird,NA
Calidris alba,MD,eBird,NA
Calidris alpina,MD,eBird,NA
Calidris maritima,MD,eBird,NA
Calidris bairdii,MD,eBird,NA
Calidris minuta,MD,eBird,NA
Calidris fuscicollis,MD,eBird,NA
Calidris minutilla,MD,eBird,NA
Calidris melanotos,MD,eBird,NA
Calidris mauri,MD,eBird,NA
Calidris pusilla,MD,eBird,NA
Stercorarius longicaudus,MD,eBird,NA
Stercorarius parasiticus,MD,eBird,NA
Stercorarius pomarinus,MD,eBird,NA
Stercorarius skua,MD,eBird,NA
Stercorarius maccormicki,MD,eBird,NA
Fratercula arctica,MD,eBird,NA
Cepphus grylle,MD,eBird,NA
Alca torda,MD,eBird,NA
Alle alle,MD,eBird,NA
Uria lomvia,MD,eBird,NA
Uria aalge,MD,eBird,NA
Hydrocoloeus minutus,MD,eBird,NA
Rhodostethia rosea,MD,eBird,NA
Rissa tridactyla,MD,eBird,NA
Xema sabini,MD,eBird,NA
Chroicocephalus philadelphia,MD,eBird,NA
Chroicocephalus novaehollandiae,MD,eBird,NA
Chroicocephalus ridibundus,MD,eBird,NA
Leucophaeus atricilla,MD,eBird,NA
Leucophaeus pipixcan,MD,eBird,NA
Larus crassirostris,MD,eBird,NA
Larus heermanni,MD,eBird,NA
Larus canus,MD,eBird,NA
Larus delawarensis,MD,eBird,NA
Larus dominicanus,MD,eBird,NA
Larus smithsonianus,MD,eBird,NA
Larus vegae,MD,eBird,NA
Larus argentatus,MD,eBird,NA
Larus michahellis,MD,eBird,NA
Larus marinus,MD,eBird,NA
Larus hyperboreus,MD,eBird,NA
Larus fuscus,MD,eBird,NA
Larus californicus,MD,eBird,NA
Larus schistisagus,MD,eBird,NA
Larus glaucoides,MD,eBird,NA
Rynchops niger,MD,eBird,NA
Onychoprion fuscatus,MD,eBird,NA
Onychoprion anaethetus,MD,eBird,NA
Sternula antillarum,MD,eBird,NA
Gelochelidon nilotica,MD,eBird,NA
Hydroprogne caspia,MD,eBird,NA
Chlidonias niger,MD,eBird,NA
Sterna forsteri,MD,eBird,NA
Sterna paradisaea,MD,eBird,NA
Sterna hirundo,MD,eBird,NA
Sterna dougallii,MD,eBird,NA
Thalasseus sandvicensis,MD,eBird,NA
Thalasseus maximus,MD,eBird,NA
Phoenicopterus ruber,MD,eBird,NA
Podilymbus podiceps,MD,eBird,NA
Podiceps auritus,MD,eBird,NA
Podiceps grisegena,MD,eBird,NA
Podiceps nigricollis,MD,eBird,NA
Aechmophorus occidentalis,MD,eBird,NA
Phaethon lepturus,MD,eBird,NA
Phaethon aethereus,MD,eBird,NA
Gavia stellata,MD,eBird,NA
Gavia pacifica,MD,eBird,NA
Gavia immer,MD,eBird,NA
Gavia adamsii,MD,eBird,NA
Thalassarche chlororhynchos,MD,eBird,NA
Oceanites oceanicus,MD,eBird,NA
Pelagodroma marina,MD,eBird,NA
Hydrobates leucorhous,MD,eBird,NA
Hydrobates castro,MD,eBird,NA
Fulmarus glacialis,MD,eBird,NA
Pterodroma arminjoniana,MD,eBird,NA
Pterodroma hasitata,MD,eBird,NA
Calonectris borealis,MD,eBird,NA
Calonectris diomedea,MD,eBird,NA
Ardenna gravis,MD,eBird,NA
Ardenna grisea,MD,eBird,NA
Puffinus puffinus,MD,eBird,NA
Puffinus lherminieri,MD,eBird,NA
Mycteria americana,MD,eBird,NA
Fregata magnificens,MD,eBird,NA
Morus bassanus,MD,eBird,NA
Sula sula,MD,eBird,NA
Sula leucogaster,MD,eBird,NA
Sula dactylatra,MD,eBird,NA
Anhinga anhinga,MD,eBird,NA
Phalacrocorax carbo,MD,eBird,NA
Nannopterum auritum,MD,eBird,NA
Nannopterum brasilianum,MD,eBird,NA
Eudocimus albus,MD,eBird,NA
Plegadis falcinellus,MD,eBird,NA
Plegadis chihi,MD,eBird,NA
Platalea ajaja,MD,eBird,NA
Botaurus lentiginosus,MD,eBird,NA
Botaurus exilis,MD,eBird,NA
Nyctanassa violacea,MD,eBird,NA
Nycticorax nycticorax,MD,eBird,NA
Egretta caerulea,MD,eBird,NA
Egretta tricolor,MD,eBird,NA
Egretta rufescens,MD,eBird,NA
Egretta thula,MD,eBird,NA
Egretta garzetta,MD,eBird,NA
Butorides virescens,MD,eBird,NA
Ardea ibis,MD,eBird,NA
Ardea alba,MD,eBird,NA
Ardea herodias,MD,eBird,NA
Pelecanus erythrorhynchos,MD,eBird,NA
Pelecanus occidentalis,MD,eBird,NA
Pelecanus rufescens,MD,eBird,NA
Coragyps atratus,MD,eBird,NA
Cathartes aura,MD,eBird,NA
Pandion haliaetus,MD,eBird,NA
Elanus leucurus,MD,eBird,NA
Elanoides forficatus,MD,eBird,NA
Aquila chrysaetos,MD,eBird,NA
Accipiter striatus,MD,eBird,NA
Astur cooperii,MD,eBird,NA
Astur atricapillus,MD,eBird,NA
Circus hudsonius,MD,eBird,NA
Haliaeetus leucocephalus,MD,eBird,NA
Ictinia mississippiensis,MD,eBird,NA
Buteo platypterus,MD,eBird,NA
Buteo lineatus,MD,eBird,NA
Buteo albonotatus,MD,eBird,NA
Buteo swainsoni,MD,eBird,NA
Buteo jamaicensis,MD,eBird,NA
Buteo lagopus,MD,eBird,NA
Tyto furcata,MD,eBird,NA
Megascops asio,MD,eBird,NA
Bubo scandiacus,MD,eBird,NA
Bubo virginianus,MD,eBird,NA
Athene cunicularia,MD,eBird,NA
Strix varia,MD,eBird,NA
Asio otus,MD,eBird,NA
Asio flammeus,MD,eBird,NA
Aegolius acadicus,MD,eBird,NA
Megaceryle alcyon,MD,eBird,NA
Sphyrapicus varius,MD,eBird,NA
Melanerpes erythrocephalus,MD,eBird,NA
Melanerpes carolinus,MD,eBird,NA
Dryobates pubescens,MD,eBird,NA
Leuconotopicus borealis,MD,eBird,NA
Leuconotopicus villosus,MD,eBird,NA
Dryocopus pileatus,MD,eBird,NA
Colaptes auratus,MD,eBird,NA
Caracara plancus,MD,eBird,NA
Falco sparverius,MD,eBird,NA
Falco columbarius,MD,eBird,NA
Falco rusticolus,MD,eBird,NA
Falco peregrinus,MD,eBird,NA
Nymphicus hollandicus,MD,eBird,NA
Cacatua alba,MD,eBird,NA
Psittacula krameri,MD,eBird,NA
Melopsittacus undulatus,MD,eBird,NA
Agapornis roseicollis,MD,eBird,NA
Poicephalus senegalus,MD,eBird,NA
Myiopsitta monachus,MD,eBird,NA
Aratinga nenday,MD,eBird,NA
Contopus cooperi,MD,eBird,NA
Contopus virens,MD,eBird,NA
Empidonax flaviventris,MD,eBird,NA
Empidonax virescens,MD,eBird,NA
Empidonax alnorum,MD,eBird,NA
Empidonax traillii,MD,eBird,NA
Empidonax minimus,MD,eBird,NA
Empidonax hammondii,MD,eBird,NA
Empidonax difficilis,MD,eBird,NA
Sayornis phoebe,MD,eBird,NA
Sayornis saya,MD,eBird,NA
Pyrocephalus rubinus,MD,eBird,NA
Myiarchus cinerascens,MD,eBird,NA
Myiarchus crinitus,MD,eBird,NA
Pitangus sulphuratus,MD,eBird,NA
Tyrannus melancholicus,MD,eBird,NA
Tyrannus couchii,MD,eBird,NA
Tyrannus verticalis,MD,eBird,NA
Tyrannus tyrannus,MD,eBird,NA
Tyrannus dominicensis,MD,eBird,NA
Tyrannus forficatus,MD,eBird,NA
Tyrannus savana,MD,eBird,NA
Vireo griseus,MD,eBird,NA
Vireo bellii,MD,eBird,NA
Vireo flavifrons,MD,eBird,NA
Vireo solitarius,MD,eBird,NA
Vireo philadelphicus,MD,eBird,NA
Vireo gilvus,MD,eBird,NA
Vireo olivaceus,MD,eBird,NA
Lanius ludovicianus,MD,eBird,NA
Lanius borealis,MD,eBird,NA
Cyanocitta cristata,MD,eBird,NA
Pica hudsonia,MD,eBird,NA
Corvus brachyrhynchos,MD,eBird,NA
Corvus ossifragus,MD,eBird,NA
Corvus albus,MD,eBird,NA
Corvus corax,MD,eBird,NA
Poecile carolinensis,MD,eBird,NA
Poecile atricapillus,MD,eBird,NA
Poecile hudsonicus,MD,eBird,NA
Baeolophus bicolor,MD,eBird,NA
Eremophila alpestris,MD,eBird,NA
Riparia riparia,MD,eBird,NA
Tachycineta bicolor,MD,eBird,NA
Progne subis,MD,eBird,NA
Stelgidopteryx serripennis,MD,eBird,NA
Hirundo rustica,MD,eBird,NA
Petrochelidon pyrrhonota,MD,eBird,NA
Petrochelidon fulva,MD,eBird,NA
Zosterops simplex,MD,eBird,NA
Corthylio calendula,MD,eBird,NA
Regulus satrapa,MD,eBird,NA
Sitta carolinensis,MD,eBird,NA
Sitta pusilla,MD,eBird,NA
Sitta canadensis,MD,eBird,NA
Certhia americana,MD,eBird,NA
Polioptila caerulea,MD,eBird,NA
Salpinctes obsoletus,MD,eBird,NA
Troglodytes aedon,MD,eBird,NA
Troglodytes hiemalis,MD,eBird,NA
Cistothorus stellaris,MD,eBird,NA
Cistothorus palustris,MD,eBird,NA
Thryothorus ludovicianus,MD,eBird,NA
Thryomanes bewickii,MD,eBird,NA
Sturnus vulgaris,MD,eBird,NA
Dumetella carolinensis,MD,eBird,NA
Toxostoma rufum,MD,eBird,NA
Oreoscoptes montanus,MD,eBird,NA
Mimus polyglottos,MD,eBird,NA
Sialia sialis,MD,eBird,NA
Sialia currucoides,MD,eBird,NA
Myadestes townsendi,MD,eBird,NA
Ixoreus naevius,MD,eBird,NA
Catharus fuscescens,MD,eBird,NA
Catharus minimus,MD,eBird,NA
Catharus bicknelli,MD,eBird,NA
Catharus ustulatus,MD,eBird,NA
Catharus guttatus,MD,eBird,NA
Hylocichla mustelina,MD,eBird,NA
Turdus migratorius,MD,eBird,NA
Tarsiger cyanurus,MD,eBird,NA
Oenanthe oenanthe,MD,eBird,NA
Bombycilla garrulus,MD,eBird,NA
Bombycilla cedrorum,MD,eBird,NA
Lonchura punctulata,MD,eBird,NA
Passer domesticus,MD,eBird,NA
Anthus rubescens,MD,eBird,NA
Hesperiphona vespertina,MD,eBird,NA
Pinicola enucleator,MD,eBird,NA
Haemorhous mexicanus,MD,eBird,NA
Haemorhous purpureus,MD,eBird,NA
Chloris chloris,MD,eBird,NA
Crithagra mozambica,MD,eBird,NA
Acanthis flammea,MD,eBird,NA
Loxia curvirostra,MD,eBird,NA
Loxia leucoptera,MD,eBird,NA
Carduelis carduelis,MD,eBird,NA
Spinus pinus,MD,eBird,NA
Spinus tristis,MD,eBird,NA
Calcarius lapponicus,MD,eBird,NA
Calcarius ornatus,MD,eBird,NA
Calcarius pictus,MD,eBird,NA
Plectrophenax nivalis,MD,eBird,NA
Peucaea cassinii,MD,eBird,NA
Peucaea aestivalis,MD,eBird,NA
Ammodramus savannarum,MD,eBird,NA
Spizella passerina,MD,eBird,NA
Spizella pallida,MD,eBird,NA
Spizella pusilla,MD,eBird,NA
Chondestes grammacus,MD,eBird,NA
Calamospiza melanocorys,MD,eBird,NA
Spizelloides arborea,MD,eBird,NA
Passerella iliaca,MD,eBird,NA
Junco hyemalis,MD,eBird,NA
Zonotrichia leucophrys,MD,eBird,NA
Zonotrichia atricapilla,MD,eBird,NA
Zonotrichia querula,MD,eBird,NA
Zonotrichia albicollis,MD,eBird,NA
Pooecetes gramineus,MD,eBird,NA
Ammospiza leconteii,MD,eBird,NA
Ammospiza maritima,MD,eBird,NA
Ammospiza nelsoni,MD,eBird,NA
Ammospiza caudacuta,MD,eBird,NA
Passerculus sandwichensis,MD,eBird,NA
Centronyx bairdii,MD,eBird,NA
Centronyx henslowii,MD,eBird,NA
Melospiza melodia,MD,eBird,NA
Melospiza lincolnii,MD,eBird,NA
Melospiza georgiana,MD,eBird,NA
Pipilo chlorurus,MD,eBird,NA
Pipilo maculatus,MD,eBird,NA
Pipilo erythrophthalmus,MD,eBird,NA
Icteria virens,MD,eBird,NA
Xanthocephalus xanthocephalus,MD,eBird,NA
Dolichonyx oryzivorus,MD,eBird,NA
Sturnella neglecta,MD,eBird,NA
Sturnella magna,MD,eBird,NA
Icterus spurius,MD,eBird,NA
Icterus bullockii,MD,eBird,NA
Icterus galbula,MD,eBird,NA
Agelaius phoeniceus,MD,eBird,NA
Molothrus bonariensis,MD,eBird,NA
Molothrus ater,MD,eBird,NA
Euphagus carolinus,MD,eBird,NA
Euphagus cyanocephalus,MD,eBird,NA
Quiscalus quiscula,MD,eBird,NA
Quiscalus major,MD,eBird,NA
Seiurus aurocapilla,MD,eBird,NA
Helmitheros vermivorum,MD,eBird,NA
Parkesia motacilla,MD,eBird,NA
Parkesia noveboracensis,MD,eBird,NA
Vermivora chrysoptera,MD,eBird,NA
Vermivora cyanoptera,MD,eBird,NA
Mniotilta varia,MD,eBird,NA
Protonotaria citrea,MD,eBird,NA
Limnothlypis swainsonii,MD,eBird,NA
Leiothlypis peregrina,MD,eBird,NA
Leiothlypis celata,MD,eBird,NA
Leiothlypis ruficapilla,MD,eBird,NA
Leiothlypis virginiae,MD,eBird,NA
Oporornis agilis,MD,eBird,NA
Geothlypis philadelphia,MD,eBird,NA
Geothlypis formosa,MD,eBird,NA
Geothlypis trichas,MD,eBird,NA
Setophaga citrina,MD,eBird,NA
Setophaga ruticilla,MD,eBird,NA
Setophaga kirtlandii,MD,eBird,NA
Setophaga tigrina,MD,eBird,NA
Setophaga cerulea,MD,eBird,NA
Setophaga americana,MD,eBird,NA
Setophaga magnolia,MD,eBird,NA
Setophaga castanea,MD,eBird,NA
Setophaga fusca,MD,eBird,NA
Setophaga aestiva,MD,eBird,NA
Setophaga pensylvanica,MD,eBird,NA
Setophaga striata,MD,eBird,NA
Setophaga caerulescens,MD,eBird,NA
Setophaga palmarum,MD,eBird,NA
Setophaga pinus,MD,eBird,NA
Setophaga coronata,MD,eBird,NA
Setophaga dominica,MD,eBird,NA
Setophaga discolor,MD,eBird,NA
Setophaga nigrescens,MD,eBird,NA
Setophaga townsendi,MD,eBird,NA
Setophaga occidentalis,MD,eBird,NA
Setophaga virens,MD,eBird,NA
Cardellina canadensis,MD,eBird,NA
Cardellina pusilla,MD,eBird,NA
Piranga rubra,MD,eBird,NA
Piranga olivacea,MD,eBird,NA
Piranga ludoviciana,MD,eBird,NA
Cardinalis cardinalis,MD,eBird,NA
Pheucticus ludovicianus,MD,eBird,NA
Pheucticus melanocephalus,MD,eBird,NA
Passerina caerulea,MD,eBird,NA
Passerina amoena,MD,eBird,NA
Passerina cyanea,MD,eBird,NA
Passerina ciris,MD,eBird,NA
Spiza americana,MD,eBird,NA
Paroaria coronata,MD,eBird,NA
Dendrocygna autumnalis,MA,eBird,NA
Dendrocygna bicolor,MA,eBird,NA
Anser indicus,MA,eBird,NA
Anser caerulescens,MA,eBird,NA
Anser rossii,MA,eBird,NA
Anser anser,MA,eBird,NA
Anser cygnoides,MA,eBird,NA
Anser albifrons,MA,eBird,NA
Anser brachyrhynchus,MA,eBird,NA
Branta bernicla,MA,eBird,NA
Branta leucopsis,MA,eBird,NA
Branta hutchinsii,MA,eBird,NA
Branta canadensis,MA,eBird,NA
Cygnus olor,MA,eBird,NA
Cygnus atratus,MA,eBird,NA
Cygnus buccinator,MA,eBird,NA
Cygnus columbianus,MA,eBird,NA
Cygnus cygnus,MA,eBird,NA
Alopochen aegyptiaca,MA,eBird,NA
Tadorna ferruginea,MA,eBird,NA
Tadorna cana,MA,eBird,NA
Tadorna tadorna,MA,eBird,NA
Cairina moschata,MA,eBird,NA
Aix sponsa,MA,eBird,NA
Aix galericulata,MA,eBird,NA
Spatula querquedula,MA,eBird,NA
Spatula discors,MA,eBird,NA
Spatula cyanoptera,MA,eBird,NA
Spatula clypeata,MA,eBird,NA
Mareca strepera,MA,eBird,NA
Mareca penelope,MA,eBird,NA
Mareca americana,MA,eBird,NA
Anas platyrhynchos,MA,eBird,NA
Anas rubripes,MA,eBird,NA
Anas acuta,MA,eBird,NA
Anas crecca,MA,eBird,NA
Anas flavirostris,MA,eBird,NA
Aythya valisineria,MA,eBird,NA
Aythya americana,MA,eBird,NA
Aythya collaris,MA,eBird,NA
Aythya baeri,MA,eBird,NA
Aythya fuligula,MA,eBird,NA
Aythya marila,MA,eBird,NA
Aythya affinis,MA,eBird,NA
Polysticta stelleri,MA,eBird,NA
Somateria spectabilis,MA,eBird,NA
Somateria mollissima,MA,eBird,NA
Histrionicus histrionicus,MA,eBird,NA
Melanitta perspicillata,MA,eBird,NA
Melanitta deglandi,MA,eBird,NA
Melanitta americana,MA,eBird,NA
Clangula hyemalis,MA,eBird,NA
Bucephala albeola,MA,eBird,NA
Bucephala clangula,MA,eBird,NA
Bucephala islandica,MA,eBird,NA
Lophodytes cucullatus,MA,eBird,NA
Mergus merganser,MA,eBird,NA
Mergus serrator,MA,eBird,NA
Nomonyx dominicus,MA,eBird,NA
Oxyura jamaicensis,MA,eBird,NA
Numida meleagris,MA,eBird,NA
Colinus virginianus,MA,eBird,NA
Callipepla californica,MA,eBird,NA
Callipepla gambelii,MA,eBird,NA
Meleagris gallopavo,MA,eBird,NA
Bonasa umbellus,MA,eBird,NA
Tympanuchus phasianellus,MA,eBird,NA
Tympanuchus cupido,MA,eBird,NA
Lagopus lagopus,MA,eBird,NA
Perdix perdix,MA,eBird,NA
Chrysolophus pictus,MA,eBird,NA
Chrysolophus amherstiae,MA,eBird,NA
Phasianus colchicus,MA,eBird,NA
Lophura nycthemera,MA,eBird,NA
Pavo cristatus,MA,eBird,NA
Gallus gallus,MA,eBird,NA
Synoicus chinensis,MA,eBird,NA
Coturnix coturnix,MA,eBird,NA
Coturnix japonica,MA,eBird,NA
Alectoris chukar,MA,eBird,NA
Columba livia,MA,eBird,NA
Patagioenas fasciata,MA,eBird,NA
Ectopistes migratorius,MA,eBird,NA
Streptopelia turtur,MA,eBird,NA
Streptopelia decaocto,MA,eBird,NA
Streptopelia roseogrisea,MA,eBird,NA
Spilopelia chinensis,MA,eBird,NA
Geopelia cuneata,MA,eBird,NA
Columbina passerina,MA,eBird,NA
Zenaida asiatica,MA,eBird,NA
Zenaida macroura,MA,eBird,NA
Coccyzus americanus,MA,eBird,NA
Coccyzus erythropthalmus,MA,eBird,NA
Cuculus canorus,MA,eBird,NA
Chordeiles minor,MA,eBird,NA
Antrostomus carolinensis,MA,eBird,NA
Antrostomus vociferus,MA,eBird,NA
Chaetura pelagica,MA,eBird,NA
Archilochus colubris,MA,eBird,NA
Archilochus alexandri,MA,eBird,NA
Selasphorus calliope,MA,eBird,NA
Selasphorus rufus,MA,eBird,NA
Selasphorus sasin,MA,eBird,NA
Cynanthus latirostris,MA,eBird,NA
Rallus elegans,MA,eBird,NA
Rallus crepitans,MA,eBird,NA
Rallus limicola,MA,eBird,NA
Porzana carolina,MA,eBird,NA
Gallinula galeata,MA,eBird,NA
Fulica americana,MA,eBird,NA
Porphyrio martinica,MA,eBird,NA
Coturnicops noveboracensis,MA,eBird,NA
Laterallus jamaicensis,MA,eBird,NA
Aramus guarauna,MA,eBird,NA
Antigone canadensis,MA,eBird,NA
Himantopus mexicanus,MA,eBird,NA
Recurvirostra americana,MA,eBird,NA
Haematopus palliatus,MA,eBird,NA
Pluvialis squatarola,MA,eBird,NA
Pluvialis apricaria,MA,eBird,NA
Pluvialis dominica,MA,eBird,NA
Pluvialis fulva,MA,eBird,NA
Charadrius vociferus,MA,eBird,NA
Charadrius hiaticula,MA,eBird,NA
Charadrius semipalmatus,MA,eBird,NA
Charadrius melodus,MA,eBird,NA
Vanellus vanellus,MA,eBird,NA
Anarhynchus mongolus,MA,eBird,NA
Anarhynchus wilsonia,MA,eBird,NA
Anarhynchus montanus,MA,eBird,NA
Anarhynchus nivosus,MA,eBird,NA
Bartramia longicauda,MA,eBird,NA
Numenius hudsonicus,MA,eBird,NA
Numenius phaeopus,MA,eBird,NA
Numenius borealis,MA,eBird,NA
Numenius americanus,MA,eBird,NA
Numenius arquata,MA,eBird,NA
Limosa lapponica,MA,eBird,NA
Limosa limosa,MA,eBird,NA
Limosa haemastica,MA,eBird,NA
Limosa fedoa,MA,eBird,NA
Limnodromus griseus,MA,eBird,NA
Limnodromus scolopaceus,MA,eBird,NA
Scolopax minor,MA,eBird,NA
Gallinago delicata,MA,eBird,NA
Phalaropus tricolor,MA,eBird,NA
Phalaropus fulicarius,MA,eBird,NA
Phalaropus lobatus,MA,eBird,NA
Xenus cinereus,MA,eBird,NA
Actitis macularius,MA,eBird,NA
Tringa solitaria,MA,eBird,NA
Tringa brevipes,MA,eBird,NA
Tringa incana,MA,eBird,NA
Tringa totanus,MA,eBird,NA
Tringa flavipes,MA,eBird,NA
Tringa semipalmata,MA,eBird,NA
Tringa erythropus,MA,eBird,NA
Tringa nebularia,MA,eBird,NA
Tringa melanoleuca,MA,eBird,NA
Arenaria interpres,MA,eBird,NA
Calidris canutus,MA,eBird,NA
Calidris pugnax,MA,eBird,NA
Calidris falcinellus,MA,eBird,NA
Calidris acuminata,MA,eBird,NA
Calidris ferruginea,MA,eBird,NA
Calidris himantopus,MA,eBird,NA
Calidris ruficollis,MA,eBird,NA
Calidris subruficollis,MA,eBird,NA
Calidris alba,MA,eBird,NA
Calidris alpina,MA,eBird,NA
Calidris maritima,MA,eBird,NA
Calidris bairdii,MA,eBird,NA
Calidris minuta,MA,eBird,NA
Calidris fuscicollis,MA,eBird,NA
Calidris minutilla,MA,eBird,NA
Calidris melanotos,MA,eBird,NA
Calidris mauri,MA,eBird,NA
Calidris pusilla,MA,eBird,NA
Stercorarius longicaudus,MA,eBird,NA
Stercorarius parasiticus,MA,eBird,NA
Stercorarius pomarinus,MA,eBird,NA
Stercorarius skua,MA,eBird,NA
Stercorarius maccormicki,MA,eBird,NA
Fratercula arctica,MA,eBird,NA
Brachyramphus perdix,MA,eBird,NA
Cepphus grylle,MA,eBird,NA
Alca torda,MA,eBird,NA
Alle alle,MA,eBird,NA
Uria lomvia,MA,eBird,NA
Uria aalge,MA,eBird,NA
Synthliboramphus antiquus,MA,eBird,NA
Hydrocoloeus minutus,MA,eBird,NA
Rhodostethia rosea,MA,eBird,NA
Rissa tridactyla,MA,eBird,NA
Pagophila eburnea,MA,eBird,NA
Xema sabini,MA,eBird,NA
Chroicocephalus philadelphia,MA,eBird,NA
Chroicocephalus ridibundus,MA,eBird,NA
Leucophaeus atricilla,MA,eBird,NA
Leucophaeus pipixcan,MA,eBird,NA
Larus crassirostris,MA,eBird,NA
Larus heermanni,MA,eBird,NA
Larus canus,MA,eBird,NA
Larus brachyrhynchus,MA,eBird,NA
Larus delawarensis,MA,eBird,NA
Larus smithsonianus,MA,eBird,NA
Larus vegae,MA,eBird,NA
Larus argentatus,MA,eBird,NA
Larus marinus,MA,eBird,NA
Larus hyperboreus,MA,eBird,NA
Larus fuscus,MA,eBird,NA
Larus californicus,MA,eBird,NA
Larus schistisagus,MA,eBird,NA
Larus glaucoides,MA,eBird,NA
Rynchops niger,MA,eBird,NA
Anous stolidus,MA,eBird,NA
Onychoprion fuscatus,MA,eBird,NA
Onychoprion anaethetus,MA,eBird,NA
Sternula antillarum,MA,eBird,NA
Gelochelidon nilotica,MA,eBird,NA
Hydroprogne caspia,MA,eBird,NA
Chlidonias niger,MA,eBird,NA
Chlidonias leucopterus,MA,eBird,NA
Sterna forsteri,MA,eBird,NA
Sterna paradisaea,MA,eBird,NA
Sterna hirundo,MA,eBird,NA
Sterna dougallii,MA,eBird,NA
Thalasseus sandvicensis,MA,eBird,NA
Thalasseus elegans,MA,eBird,NA
Thalasseus maximus,MA,eBird,NA
Phoenicopterus chilensis,MA,eBird,NA
Phoenicopterus ruber,MA,eBird,NA
Podilymbus podiceps,MA,eBird,NA
Podiceps auritus,MA,eBird,NA
Podiceps grisegena,MA,eBird,NA
Podiceps nigricollis,MA,eBird,NA
Aechmophorus occidentalis,MA,eBird,NA
Phaethon lepturus,MA,eBird,NA
Phaethon aethereus,MA,eBird,NA
Gavia stellata,MA,eBird,NA
Gavia pacifica,MA,eBird,NA
Gavia immer,MA,eBird,NA
Gavia adamsii,MA,eBird,NA
Thalassarche chlororhynchos,MA,eBird,NA
Thalassarche melanophris,MA,eBird,NA
Oceanites oceanicus,MA,eBird,NA
Pelagodroma marina,MA,eBird,NA
Hydrobates leucorhous,MA,eBird,NA
Hydrobates castro,MA,eBird,NA
Fulmarus glacialis,MA,eBird,NA
Pterodroma arminjoniana,MA,eBird,NA
Pterodroma deserta,MA,eBird,NA
Pterodroma cahow,MA,eBird,NA
Pterodroma hasitata,MA,eBird,NA
Pterodroma externa,MA,eBird,NA
Calonectris borealis,MA,eBird,NA
Calonectris diomedea,MA,eBird,NA
Calonectris edwardsii,MA,eBird,NA
Ardenna gravis,MA,eBird,NA
Ardenna grisea,MA,eBird,NA
Ardenna tenuirostris,MA,eBird,NA
Puffinus puffinus,MA,eBird,NA
Puffinus baroli,MA,eBird,NA
Puffinus lherminieri,MA,eBird,NA
Mycteria americana,MA,eBird,NA
Fregata magnificens,MA,eBird,NA
Morus bassanus,MA,eBird,NA
Sula sula,MA,eBird,NA
Sula leucogaster,MA,eBird,NA
Sula dactylatra,MA,eBird,NA
Anhinga anhinga,MA,eBird,NA
Phalacrocorax carbo,MA,eBird,NA
Nannopterum auritum,MA,eBird,NA
Eudocimus albus,MA,eBird,NA
Plegadis falcinellus,MA,eBird,NA
Plegadis chihi,MA,eBird,NA
Platalea ajaja,MA,eBird,NA
Botaurus lentiginosus,MA,eBird,NA
Botaurus exilis,MA,eBird,NA
Nyctanassa violacea,MA,eBird,NA
Nycticorax nycticorax,MA,eBird,NA
Egretta caerulea,MA,eBird,NA
Egretta tricolor,MA,eBird,NA
Egretta rufescens,MA,eBird,NA
Egretta thula,MA,eBird,NA
Egretta garzetta,MA,eBird,NA
Egretta gularis,MA,eBird,NA
Butorides virescens,MA,eBird,NA
Ardea ibis,MA,eBird,NA
Ardea alba,MA,eBird,NA
Ardea cinerea,MA,eBird,NA
Ardea herodias,MA,eBird,NA
Pelecanus erythrorhynchos,MA,eBird,NA
Pelecanus occidentalis,MA,eBird,NA
Coragyps atratus,MA,eBird,NA
Cathartes aura,MA,eBird,NA
Pandion haliaetus,MA,eBird,NA
Elanus leucurus,MA,eBird,NA
Elanoides forficatus,MA,eBird,NA
Aquila chrysaetos,MA,eBird,NA
Accipiter striatus,MA,eBird,NA
Astur cooperii,MA,eBird,NA
Astur atricapillus,MA,eBird,NA
Circus hudsonius,MA,eBird,NA
Haliaeetus leucocephalus,MA,eBird,NA
Haliaeetus pelagicus,MA,eBird,NA
Ictinia mississippiensis,MA,eBird,NA
Geranoaetus albicaudatus,MA,eBird,NA
Buteo platypterus,MA,eBird,NA
Buteo lineatus,MA,eBird,NA
Buteo albonotatus,MA,eBird,NA
Buteo swainsoni,MA,eBird,NA
Buteo jamaicensis,MA,eBird,NA
Buteo lagopus,MA,eBird,NA
Buteo regalis,MA,eBird,NA
Tyto furcata,MA,eBird,NA
Megascops asio,MA,eBird,NA
Bubo scandiacus,MA,eBird,NA
Bubo virginianus,MA,eBird,NA
Surnia ulula,MA,eBird,NA
Athene cunicularia,MA,eBird,NA
Strix varia,MA,eBird,NA
Strix nebulosa,MA,eBird,NA
Asio otus,MA,eBird,NA
Asio flammeus,MA,eBird,NA
Aegolius funereus,MA,eBird,NA
Aegolius acadicus,MA,eBird,NA
Megaceryle alcyon,MA,eBird,NA
Sphyrapicus varius,MA,eBird,NA
Melanerpes lewis,MA,eBird,NA
Melanerpes erythrocephalus,MA,eBird,NA
Melanerpes carolinus,MA,eBird,NA
Picoides dorsalis,MA,eBird,NA
Picoides arcticus,MA,eBird,NA
Dryobates pubescens,MA,eBird,NA
Leuconotopicus villosus,MA,eBird,NA
Dryocopus pileatus,MA,eBird,NA
Colaptes auratus,MA,eBird,NA
Caracara plancus,MA,eBird,NA
Falco tinnunculus,MA,eBird,NA
Falco sparverius,MA,eBird,NA
Falco vespertinus,MA,eBird,NA
Falco columbarius,MA,eBird,NA
Falco subbuteo,MA,eBird,NA
Falco rusticolus,MA,eBird,NA
Falco peregrinus,MA,eBird,NA
Falco mexicanus,MA,eBird,NA
Nymphicus hollandicus,MA,eBird,NA
Cacatua galerita,MA,eBird,NA
Melopsittacus undulatus,MA,eBird,NA
Agapornis roseicollis,MA,eBird,NA
Myiopsitta monachus,MA,eBird,NA
Brotogeris versicolurus,MA,eBird,NA
Amazona albifrons,MA,eBird,NA
Aratinga nenday,MA,eBird,NA
Psittacara erythrogenys,MA,eBird,NA
Contopus cooperi,MA,eBird,NA
Contopus sordidulus,MA,eBird,NA
Contopus virens,MA,eBird,NA
Empidonax flaviventris,MA,eBird,NA
Empidonax virescens,MA,eBird,NA
Empidonax alnorum,MA,eBird,NA
Empidonax traillii,MA,eBird,NA
Empidonax minimus,MA,eBird,NA
Empidonax hammondii,MA,eBird,NA
Empidonax wrightii,MA,eBird,NA
Empidonax difficilis,MA,eBird,NA
Sayornis phoebe,MA,eBird,NA
Sayornis saya,MA,eBird,NA
Pyrocephalus rubinus,MA,eBird,NA
Myiarchus cinerascens,MA,eBird,NA
Myiarchus crinitus,MA,eBird,NA
Tyrannus melancholicus,MA,eBird,NA
Tyrannus couchii,MA,eBird,NA
Tyrannus vociferans,MA,eBird,NA
Tyrannus verticalis,MA,eBird,NA
Tyrannus tyrannus,MA,eBird,NA
Tyrannus dominicensis,MA,eBird,NA
Tyrannus forficatus,MA,eBird,NA
Tyrannus savana,MA,eBird,NA
Vireo griseus,MA,eBird,NA
Vireo bellii,MA,eBird,NA
Vireo flavifrons,MA,eBird,NA
Vireo solitarius,MA,eBird,NA
Vireo philadelphicus,MA,eBird,NA
Vireo gilvus,MA,eBird,NA
Vireo olivaceus,MA,eBird,NA
Vireo flavoviridis,MA,eBird,NA
Vireo altiloquus,MA,eBird,NA
Lanius ludovicianus,MA,eBird,NA
Lanius borealis,MA,eBird,NA
Perisoreus canadensis,MA,eBird,NA
Cyanocitta cristata,MA,eBird,NA
Coloeus monedula,MA,eBird,NA
Corvus brachyrhynchos,MA,eBird,NA
Corvus ossifragus,MA,eBird,NA
Corvus corax,MA,eBird,NA
Poecile atricapillus,MA,eBird,NA
Poecile hudsonicus,MA,eBird,NA
Baeolophus bicolor,MA,eBird,NA
Parus major,MA,eBird,NA
Eremophila alpestris,MA,eBird,NA
Riparia riparia,MA,eBird,NA
Tachycineta bicolor,MA,eBird,NA
Tachycineta thalassina,MA,eBird,NA
Progne subis,MA,eBird,NA
Progne tapera,MA,eBird,NA
Stelgidopteryx serripennis,MA,eBird,NA
Hirundo rustica,MA,eBird,NA
Petrochelidon pyrrhonota,MA,eBird,NA
Petrochelidon fulva,MA,eBird,NA
Pycnonotus jocosus,MA,eBird,NA
Corthylio calendula,MA,eBird,NA
Regulus satrapa,MA,eBird,NA
Sitta carolinensis,MA,eBird,NA
Sitta canadensis,MA,eBird,NA
Certhia americana,MA,eBird,NA
Polioptila caerulea,MA,eBird,NA
Salpinctes obsoletus,MA,eBird,NA
Troglodytes aedon,MA,eBird,NA
Troglodytes hiemalis,MA,eBird,NA
Cistothorus stellaris,MA,eBird,NA
Cistothorus palustris,MA,eBird,NA
Thryothorus ludovicianus,MA,eBird,NA
Thryomanes bewickii,MA,eBird,NA
Sturnus vulgaris,MA,eBird,NA
Dumetella carolinensis,MA,eBird,NA
Toxostoma rufum,MA,eBird,NA
Oreoscoptes montanus,MA,eBird,NA
Mimus polyglottos,MA,eBird,NA
Sialia sialis,MA,eBird,NA
Sialia currucoides,MA,eBird,NA
Myadestes townsendi,MA,eBird,NA
Ixoreus naevius,MA,eBird,NA
Catharus fuscescens,MA,eBird,NA
Catharus minimus,MA,eBird,NA
Catharus bicknelli,MA,eBird,NA
Catharus ustulatus,MA,eBird,NA
Catharus guttatus,MA,eBird,NA
Hylocichla mustelina,MA,eBird,NA
Turdus pilaris,MA,eBird,NA
Turdus migratorius,MA,eBird,NA
Oenanthe oenanthe,MA,eBird,NA
Bombycilla garrulus,MA,eBird,NA
Bombycilla cedrorum,MA,eBird,NA
Phainopepla nitens,MA,eBird,NA
Euplectes franciscanus,MA,eBird,NA
Euplectes albonotatus,MA,eBird,NA
Taeniopygia guttata,MA,eBird,NA
Lonchura punctulata,MA,eBird,NA
Lonchura atricapilla,MA,eBird,NA
Estrilda melpoda,MA,eBird,NA
Passer domesticus,MA,eBird,NA
Passer montanus,MA,eBird,NA
Anthus rubescens,MA,eBird,NA
Anthus spragueii,MA,eBird,NA
Fringilla coelebs,MA,eBird,NA
Fringilla montifringilla,MA,eBird,NA
Hesperiphona vespertina,MA,eBird,NA
Pinicola enucleator,MA,eBird,NA
Haemorhous mexicanus,MA,eBird,NA
Haemorhous purpureus,MA,eBird,NA
Crithagra mozambica,MA,eBird,NA
Acanthis flammea,MA,eBird,NA
Loxia curvirostra,MA,eBird,NA
Loxia leucoptera,MA,eBird,NA
Carduelis carduelis,MA,eBird,NA
Carduelis caniceps,MA,eBird,NA
Serinus canaria,MA,eBird,NA
Spinus pinus,MA,eBird,NA
Spinus tristis,MA,eBird,NA
Calcarius lapponicus,MA,eBird,NA
Calcarius ornatus,MA,eBird,NA
Calcarius pictus,MA,eBird,NA
Rhynchophanes mccownii,MA,eBird,NA
Plectrophenax nivalis,MA,eBird,NA
Peucaea cassinii,MA,eBird,NA
Ammodramus savannarum,MA,eBird,NA
Spizella passerina,MA,eBird,NA
Spizella pallida,MA,eBird,NA
Spizella pusilla,MA,eBird,NA
Spizella breweri,MA,eBird,NA
Amphispiza bilineata,MA,eBird,NA
Chondestes grammacus,MA,eBird,NA
Calamospiza melanocorys,MA,eBird,NA
Spizelloides arborea,MA,eBird,NA
Passerella iliaca,MA,eBird,NA
Junco hyemalis,MA,eBird,NA
Zonotrichia leucophrys,MA,eBird,NA
Zonotrichia atricapilla,MA,eBird,NA
Zonotrichia querula,MA,eBird,NA
Zonotrichia albicollis,MA,eBird,NA
Pooecetes gramineus,MA,eBird,NA
Ammospiza leconteii,MA,eBird,NA
Ammospiza maritima,MA,eBird,NA
Ammospiza nelsoni,MA,eBird,NA
Ammospiza caudacuta,MA,eBird,NA
Passerculus sandwichensis,MA,eBird,NA
Centronyx henslowii,MA,eBird,NA
Melospiza melodia,MA,eBird,NA
Melospiza lincolnii,MA,eBird,NA
Melospiza georgiana,MA,eBird,NA
Pipilo chlorurus,MA,eBird,NA
Pipilo maculatus,MA,eBird,NA
Pipilo erythrophthalmus,MA,eBird,NA
Icteria virens,MA,eBird,NA
Xanthocephalus xanthocephalus,MA,eBird,NA
Dolichonyx oryzivorus,MA,eBird,NA
Sturnella neglecta,MA,eBird,NA
Sturnella magna,MA,eBird,NA
Icterus spurius,MA,eBird,NA
Icterus bullockii,MA,eBird,NA
Icterus galbula,MA,eBird,NA
Icterus abeillei,MA,eBird,NA
Agelaius phoeniceus,MA,eBird,NA
Molothrus bonariensis,MA,eBird,NA
Molothrus ater,MA,eBird,NA
Euphagus carolinus,MA,eBird,NA
Euphagus cyanocephalus,MA,eBird,NA
Quiscalus quiscula,MA,eBird,NA
Quiscalus mexicanus,MA,eBird,NA
Seiurus aurocapilla,MA,eBird,NA
Helmitheros vermivorum,MA,eBird,NA
Parkesia motacilla,MA,eBird,NA
Parkesia noveboracensis,MA,eBird,NA
Vermivora chrysoptera,MA,eBird,NA
Vermivora cyanoptera,MA,eBird,NA
Mniotilta varia,MA,eBird,NA
Protonotaria citrea,MA,eBird,NA
Limnothlypis swainsonii,MA,eBird,NA
Leiothlypis peregrina,MA,eBird,NA
Leiothlypis celata,MA,eBird,NA
Leiothlypis luciae,MA,eBird,NA
Leiothlypis ruficapilla,MA,eBird,NA
Leiothlypis virginiae,MA,eBird,NA
Oporornis agilis,MA,eBird,NA
Geothlypis tolmiei,MA,eBird,NA
Geothlypis philadelphia,MA,eBird,NA
Geothlypis formosa,MA,eBird,NA
Geothlypis trichas,MA,eBird,NA
Setophaga citrina,MA,eBird,NA
Setophaga ruticilla,MA,eBird,NA
Setophaga kirtlandii,MA,eBird,NA
Setophaga tigrina,MA,eBird,NA
Setophaga cerulea,MA,eBird,NA
Setophaga americana,MA,eBird,NA
Setophaga magnolia,MA,eBird,NA
Setophaga castanea,MA,eBird,NA
Setophaga fusca,MA,eBird,NA
Setophaga aestiva,MA,eBird,NA
Setophaga pensylvanica,MA,eBird,NA
Setophaga striata,MA,eBird,NA
Setophaga caerulescens,MA,eBird,NA
Setophaga palmarum,MA,eBird,NA
Setophaga pinus,MA,eBird,NA
Setophaga coronata,MA,eBird,NA
Setophaga dominica,MA,eBird,NA
Setophaga discolor,MA,eBird,NA
Setophaga nigrescens,MA,eBird,NA
Setophaga townsendi,MA,eBird,NA
Setophaga occidentalis,MA,eBird,NA
Setophaga virens,MA,eBird,NA
Cardellina canadensis,MA,eBird,NA
Cardellina pusilla,MA,eBird,NA
Myioborus pictus,MA,eBird,NA
Piranga rubra,MA,eBird,NA
Piranga olivacea,MA,eBird,NA
Piranga ludoviciana,MA,eBird,NA
Cardinalis cardinalis,MA,eBird,NA
Pheucticus ludovicianus,MA,eBird,NA
Pheucticus melanocephalus,MA,eBird,NA
Passerina caerulea,MA,eBird,NA
Passerina amoena,MA,eBird,NA
Passerina cyanea,MA,eBird,NA
Passerina versicolor,MA,eBird,NA
Passerina ciris,MA,eBird,NA
Spiza americana,MA,eBird,NA
Sicalis flaveola,MA,eBird,NA
Rhea pennata,MI,eBird,NA
Dendrocygna autumnalis,MI,eBird,NA
Anser caerulescens,MI,eBird,NA
Anser rossii,MI,eBird,NA
Anser anser,MI,eBird,NA
Anser cygnoides,MI,eBird,NA
Anser albifrons,MI,eBird,NA
Anser brachyrhynchus,MI,eBird,NA
Branta bernicla,MI,eBird,NA
Branta leucopsis,MI,eBird,NA
Branta hutchinsii,MI,eBird,NA
Branta canadensis,MI,eBird,NA
Cygnus olor,MI,eBird,NA
Cygnus atratus,MI,eBird,NA
Cygnus buccinator,MI,eBird,NA
Cygnus columbianus,MI,eBird,NA
Cygnus cygnus,MI,eBird,NA
Alopochen aegyptiaca,MI,eBird,NA
Tadorna ferruginea,MI,eBird,NA
Cairina moschata,MI,eBird,NA
Aix sponsa,MI,eBird,NA
Aix galericulata,MI,eBird,NA
Spatula querquedula,MI,eBird,NA
Spatula discors,MI,eBird,NA
Spatula cyanoptera,MI,eBird,NA
Spatula clypeata,MI,eBird,NA
Mareca strepera,MI,eBird,NA
Mareca penelope,MI,eBird,NA
Mareca americana,MI,eBird,NA
Anas platyrhynchos,MI,eBird,NA
Anas rubripes,MI,eBird,NA
Anas bahamensis,MI,eBird,NA
Anas acuta,MI,eBird,NA
Anas crecca,MI,eBird,NA
Aythya valisineria,MI,eBird,NA
Aythya americana,MI,eBird,NA
Aythya collaris,MI,eBird,NA
Aythya fuligula,MI,eBird,NA
Aythya marila,MI,eBird,NA
Aythya affinis,MI,eBird,NA
Somateria spectabilis,MI,eBird,NA
Somateria mollissima,MI,eBird,NA
Histrionicus histrionicus,MI,eBird,NA
Melanitta perspicillata,MI,eBird,NA
Melanitta deglandi,MI,eBird,NA
Melanitta americana,MI,eBird,NA
Clangula hyemalis,MI,eBird,NA
Bucephala albeola,MI,eBird,NA
Bucephala clangula,MI,eBird,NA
Bucephala islandica,MI,eBird,NA
Mergellus albellus,MI,eBird,NA
Lophodytes cucullatus,MI,eBird,NA
Mergus merganser,MI,eBird,NA
Mergus serrator,MI,eBird,NA
Oxyura jamaicensis,MI,eBird,NA
Numida meleagris,MI,eBird,NA
Colinus virginianus,MI,eBird,NA
Meleagris gallopavo,MI,eBird,NA
Bonasa umbellus,MI,eBird,NA
Tympanuchus phasianellus,MI,eBird,NA
Tympanuchus cupido,MI,eBird,NA
Canachites canadensis,MI,eBird,NA
Chrysolophus pictus,MI,eBird,NA
Phasianus colchicus,MI,eBird,NA
Phasianus versicolor,MI,eBird,NA
Lophura nycthemera,MI,eBird,NA
Pavo cristatus,MI,eBird,NA
Gallus gallus,MI,eBird,NA
Alectoris chukar,MI,eBird,NA
Columba livia,MI,eBird,NA
Patagioenas fasciata,MI,eBird,NA
Ectopistes migratorius,MI,eBird,NA
Streptopelia decaocto,MI,eBird,NA
Streptopelia roseogrisea,MI,eBird,NA
Columbina inca,MI,eBird,NA
Columbina passerina,MI,eBird,NA
Zenaida asiatica,MI,eBird,NA
Zenaida macroura,MI,eBird,NA
Crotophaga sulcirostris,MI,eBird,NA
Coccyzus americanus,MI,eBird,NA
Coccyzus erythropthalmus,MI,eBird,NA
Chordeiles minor,MI,eBird,NA
Antrostomus carolinensis,MI,eBird,NA
Antrostomus vociferus,MI,eBird,NA
Streptoprocne zonaris,MI,eBird,NA
Chaetura pelagica,MI,eBird,NA
Colibri thalassinus,MI,eBird,NA
Archilochus colubris,MI,eBird,NA
Archilochus alexandri,MI,eBird,NA
Calypte anna,MI,eBird,NA
Calypte costae,MI,eBird,NA
Selasphorus rufus,MI,eBird,NA
Cynanthus latirostris,MI,eBird,NA
Basilinna leucotis,MI,eBird,NA
Saucerottia beryllina,MI,eBird,NA
Rallus elegans,MI,eBird,NA
Rallus limicola,MI,eBird,NA
Porzana carolina,MI,eBird,NA
Gallinula galeata,MI,eBird,NA
Fulica americana,MI,eBird,NA
Porphyrio martinica,MI,eBird,NA
Coturnicops noveboracensis,MI,eBird,NA
Laterallus jamaicensis,MI,eBird,NA
Aramus guarauna,MI,eBird,NA
Antigone canadensis,MI,eBird,NA
Grus americana,MI,eBird,NA
Himantopus mexicanus,MI,eBird,NA
Recurvirostra americana,MI,eBird,NA
Pluvialis squatarola,MI,eBird,NA
Pluvialis dominica,MI,eBird,NA
Charadrius vociferus,MI,eBird,NA
Charadrius semipalmatus,MI,eBird,NA
Charadrius melodus,MI,eBird,NA
Vanellus chilensis,MI,eBird,NA
Anarhynchus wilsonia,MI,eBird,NA
Anarhynchus nivosus,MI,eBird,NA
Bartramia longicauda,MI,eBird,NA
Numenius hudsonicus,MI,eBird,NA
Numenius phaeopus,MI,eBird,NA
Numenius borealis,MI,eBird,NA
Numenius americanus,MI,eBird,NA
Limosa lapponica,MI,eBird,NA
Limosa haemastica,MI,eBird,NA
Limosa fedoa,MI,eBird,NA
Limnodromus griseus,MI,eBird,NA
Limnodromus scolopaceus,MI,eBird,NA
Scolopax minor,MI,eBird,NA
Gallinago delicata,MI,eBird,NA
Phalaropus tricolor,MI,eBird,NA
Phalaropus fulicarius,MI,eBird,NA
Phalaropus lobatus,MI,eBird,NA
Actitis macularius,MI,eBird,NA
Tringa solitaria,MI,eBird,NA
Tringa totanus,MI,eBird,NA
Tringa flavipes,MI,eBird,NA
Tringa semipalmata,MI,eBird,NA
Tringa erythropus,MI,eBird,NA
Tringa melanoleuca,MI,eBird,NA
Arenaria interpres,MI,eBird,NA
Calidris canutus,MI,eBird,NA
Calidris pugnax,MI,eBird,NA
Calidris acuminata,MI,eBird,NA
Calidris ferruginea,MI,eBird,NA
Calidris himantopus,MI,eBird,NA
Calidris subruficollis,MI,eBird,NA
Calidris alba,MI,eBird,NA
Calidris alpina,MI,eBird,NA
Calidris maritima,MI,eBird,NA
Calidris bairdii,MI,eBird,NA
Calidris fuscicollis,MI,eBird,NA
Calidris minutilla,MI,eBird,NA
Calidris melanotos,MI,eBird,NA
Calidris mauri,MI,eBird,NA
Calidris pusilla,MI,eBird,NA
Stercorarius longicaudus,MI,eBird,NA
Stercorarius parasiticus,MI,eBird,NA
Stercorarius pomarinus,MI,eBird,NA
Synthliboramphus antiquus,MI,eBird,NA
Hydrocoloeus minutus,MI,eBird,NA
Rhodostethia rosea,MI,eBird,NA
Rissa tridactyla,MI,eBird,NA
Pagophila eburnea,MI,eBird,NA
Xema sabini,MI,eBird,NA
Chroicocephalus philadelphia,MI,eBird,NA
Chroicocephalus ridibundus,MI,eBird,NA
Leucophaeus atricilla,MI,eBird,NA
Leucophaeus pipixcan,MI,eBird,NA
Larus crassirostris,MI,eBird,NA
Larus heermanni,MI,eBird,NA
Larus canus,MI,eBird,NA
Larus brachyrhynchus,MI,eBird,NA
Larus delawarensis,MI,eBird,NA
Larus smithsonianus,MI,eBird,NA
Larus vegae,MI,eBird,NA
Larus marinus,MI,eBird,NA
Larus hyperboreus,MI,eBird,NA
Larus fuscus,MI,eBird,NA
Larus californicus,MI,eBird,NA
Larus glaucescens,MI,eBird,NA
Larus schistisagus,MI,eBird,NA
Larus glaucoides,MI,eBird,NA
Rynchops niger,MI,eBird,NA
Sternula antillarum,MI,eBird,NA
Gelochelidon nilotica,MI,eBird,NA
Hydroprogne caspia,MI,eBird,NA
Chlidonias niger,MI,eBird,NA
Chlidonias leucopterus,MI,eBird,NA
Sterna forsteri,MI,eBird,NA
Sterna paradisaea,MI,eBird,NA
Sterna hirundo,MI,eBird,NA
Thalasseus maximus,MI,eBird,NA
Phoenicopterus ruber,MI,eBird,NA
Podilymbus podiceps,MI,eBird,NA
Podiceps auritus,MI,eBird,NA
Podiceps grisegena,MI,eBird,NA
Podiceps nigricollis,MI,eBird,NA
Aechmophorus occidentalis,MI,eBird,NA
Gavia stellata,MI,eBird,NA
Gavia pacifica,MI,eBird,NA
Gavia immer,MI,eBird,NA
Gavia adamsii,MI,eBird,NA
Ardenna gravis,MI,eBird,NA
Puffinus puffinus,MI,eBird,NA
Mycteria americana,MI,eBird,NA
Fregata magnificens,MI,eBird,NA
Fregata ariel,MI,eBird,NA
Morus bassanus,MI,eBird,NA
Anhinga anhinga,MI,eBird,NA
Nannopterum auritum,MI,eBird,NA
Nannopterum brasilianum,MI,eBird,NA
Eudocimus albus,MI,eBird,NA
Plegadis falcinellus,MI,eBird,NA
Plegadis chihi,MI,eBird,NA
Platalea ajaja,MI,eBird,NA
Botaurus lentiginosus,MI,eBird,NA
Botaurus exilis,MI,eBird,NA
Nyctanassa violacea,MI,eBird,NA
Nycticorax nycticorax,MI,eBird,NA
Egretta caerulea,MI,eBird,NA
Egretta tricolor,MI,eBird,NA
Egretta thula,MI,eBird,NA
Butorides virescens,MI,eBird,NA
Ardea ibis,MI,eBird,NA
Ardea alba,MI,eBird,NA
Ardea herodias,MI,eBird,NA
Pelecanus erythrorhynchos,MI,eBird,NA
Pelecanus occidentalis,MI,eBird,NA
Coragyps atratus,MI,eBird,NA
Cathartes aura,MI,eBird,NA
Pandion haliaetus,MI,eBird,NA
Elanoides forficatus,MI,eBird,NA
Aquila chrysaetos,MI,eBird,NA
Accipiter striatus,MI,eBird,NA
Astur cooperii,MI,eBird,NA
Astur atricapillus,MI,eBird,NA
Circus hudsonius,MI,eBird,NA
Haliaeetus leucocephalus,MI,eBird,NA
Ictinia mississippiensis,MI,eBird,NA
Parabuteo unicinctus,MI,eBird,NA
Buteo platypterus,MI,eBird,NA
Buteo lineatus,MI,eBird,NA
Buteo brachyurus,MI,eBird,NA
Buteo swainsoni,MI,eBird,NA
Buteo jamaicensis,MI,eBird,NA
Buteo lagopus,MI,eBird,NA
Buteo regalis,MI,eBird,NA
Tyto furcata,MI,eBird,NA
Megascops asio,MI,eBird,NA
Bubo scandiacus,MI,eBird,NA
Bubo virginianus,MI,eBird,NA
Surnia ulula,MI,eBird,NA
Athene cunicularia,MI,eBird,NA
Strix varia,MI,eBird,NA
Strix nebulosa,MI,eBird,NA
Asio otus,MI,eBird,NA
Asio flammeus,MI,eBird,NA
Aegolius funereus,MI,eBird,NA
Aegolius acadicus,MI,eBird,NA
Megaceryle alcyon,MI,eBird,NA
Sphyrapicus varius,MI,eBird,NA
Melanerpes lewis,MI,eBird,NA
Melanerpes erythrocephalus,MI,eBird,NA
Melanerpes carolinus,MI,eBird,NA
Picoides dorsalis,MI,eBird,NA
Picoides arcticus,MI,eBird,NA
Dryobates pubescens,MI,eBird,NA
Leuconotopicus borealis,MI,eBird,NA
Leuconotopicus villosus,MI,eBird,NA
Dryocopus pileatus,MI,eBird,NA
Colaptes auratus,MI,eBird,NA
Caracara plancus,MI,eBird,NA
Falco sparverius,MI,eBird,NA
Falco columbarius,MI,eBird,NA
Falco rusticolus,MI,eBird,NA
Falco peregrinus,MI,eBird,NA
Falco mexicanus,MI,eBird,NA
Nymphicus hollandicus,MI,eBird,NA
Melopsittacus undulatus,MI,eBird,NA
Myiopsitta monachus,MI,eBird,NA
Forpus coelestis,MI,eBird,NA
Contopus cooperi,MI,eBird,NA
Contopus virens,MI,eBird,NA
Empidonax flaviventris,MI,eBird,NA
Empidonax virescens,MI,eBird,NA
Empidonax alnorum,MI,eBird,NA
Empidonax traillii,MI,eBird,NA
Empidonax minimus,MI,eBird,NA
Empidonax hammondii,MI,eBird,NA
Sayornis phoebe,MI,eBird,NA
Sayornis saya,MI,eBird,NA
Pyrocephalus rubinus,MI,eBird,NA
Myiarchus cinerascens,MI,eBird,NA
Myiarchus crinitus,MI,eBird,NA
Empidonomus varius,MI,eBird,NA
Tyrannus melancholicus,MI,eBird,NA
Tyrannus couchii,MI,eBird,NA
Tyrannus vociferans,MI,eBird,NA
Tyrannus verticalis,MI,eBird,NA
Tyrannus tyrannus,MI,eBird,NA
Tyrannus dominicensis,MI,eBird,NA
Tyrannus forficatus,MI,eBird,NA
Tyrannus savana,MI,eBird,NA
Vireo griseus,MI,eBird,NA
Vireo bellii,MI,eBird,NA
Vireo flavifrons,MI,eBird,NA
Vireo solitarius,MI,eBird,NA
Vireo plumbeus,MI,eBird,NA
Vireo philadelphicus,MI,eBird,NA
Vireo gilvus,MI,eBird,NA
Vireo olivaceus,MI,eBird,NA
Lanius ludovicianus,MI,eBird,NA
Lanius borealis,MI,eBird,NA
Perisoreus canadensis,MI,eBird,NA
Cyanocitta cristata,MI,eBird,NA
Urocissa erythroryncha,MI,eBird,NA
Pica hudsonia,MI,eBird,NA
Corvus brachyrhynchos,MI,eBird,NA
Corvus ossifragus,MI,eBird,NA
Corvus albus,MI,eBird,NA
Corvus corax,MI,eBird,NA
Poecile carolinensis,MI,eBird,NA
Poecile atricapillus,MI,eBird,NA
Poecile hudsonicus,MI,eBird,NA
Baeolophus bicolor,MI,eBird,NA
Eremophila alpestris,MI,eBird,NA
Riparia riparia,MI,eBird,NA
Tachycineta bicolor,MI,eBird,NA
Tachycineta thalassina,MI,eBird,NA
Progne subis,MI,eBird,NA
Stelgidopteryx serripennis,MI,eBird,NA
Hirundo rustica,MI,eBird,NA
Petrochelidon pyrrhonota,MI,eBird,NA
Petrochelidon fulva,MI,eBird,NA
Corthylio calendula,MI,eBird,NA
Regulus satrapa,MI,eBird,NA
Sitta carolinensis,MI,eBird,NA
Sitta canadensis,MI,eBird,NA
Certhia americana,MI,eBird,NA
Polioptila caerulea,MI,eBird,NA
Salpinctes obsoletus,MI,eBird,NA
Troglodytes aedon,MI,eBird,NA
Troglodytes hiemalis,MI,eBird,NA
Cistothorus stellaris,MI,eBird,NA
Cistothorus palustris,MI,eBird,NA
Thryothorus ludovicianus,MI,eBird,NA
Thryomanes bewickii,MI,eBird,NA
Sturnus vulgaris,MI,eBird,NA
Dumetella carolinensis,MI,eBird,NA
Toxostoma rufum,MI,eBird,NA
Oreoscoptes montanus,MI,eBird,NA
Mimus polyglottos,MI,eBird,NA
Sialia sialis,MI,eBird,NA
Sialia currucoides,MI,eBird,NA
Myadestes townsendi,MI,eBird,NA
Ixoreus naevius,MI,eBird,NA
Catharus fuscescens,MI,eBird,NA
Catharus minimus,MI,eBird,NA
Catharus ustulatus,MI,eBird,NA
Catharus guttatus,MI,eBird,NA
Hylocichla mustelina,MI,eBird,NA
Turdus migratorius,MI,eBird,NA
Oenanthe oenanthe,MI,eBird,NA
Bombycilla garrulus,MI,eBird,NA
Bombycilla cedrorum,MI,eBird,NA
Passer domesticus,MI,eBird,NA
Passer montanus,MI,eBird,NA
Motacilla alba,MI,eBird,NA
Anthus rubescens,MI,eBird,NA
Anthus spragueii,MI,eBird,NA
Fringilla coelebs,MI,eBird,NA
Fringilla montifringilla,MI,eBird,NA
Hesperiphona vespertina,MI,eBird,NA
Pinicola enucleator,MI,eBird,NA
Leucosticte tephrocotis,MI,eBird,NA
Haemorhous mexicanus,MI,eBird,NA
Haemorhous purpureus,MI,eBird,NA
Haemorhous cassinii,MI,eBird,NA
Chloris chloris,MI,eBird,NA
Linaria cannabina,MI,eBird,NA
Acanthis flammea,MI,eBird,NA
Loxia curvirostra,MI,eBird,NA
Loxia leucoptera,MI,eBird,NA
Carduelis carduelis,MI,eBird,NA
Carduelis caniceps,MI,eBird,NA
Spinus pinus,MI,eBird,NA
Spinus tristis,MI,eBird,NA
Calcarius lapponicus,MI,eBird,NA
Calcarius ornatus,MI,eBird,NA
Calcarius pictus,MI,eBird,NA
Rhynchophanes mccownii,MI,eBird,NA
Plectrophenax nivalis,MI,eBird,NA
Peucaea aestivalis,MI,eBird,NA
Ammodramus savannarum,MI,eBird,NA
Spizella passerina,MI,eBird,NA
Spizella pallida,MI,eBird,NA
Spizella pusilla,MI,eBird,NA
Spizella breweri,MI,eBird,NA
Amphispiza bilineata,MI,eBird,NA
Chondestes grammacus,MI,eBird,NA
Calamospiza melanocorys,MI,eBird,NA
Spizelloides arborea,MI,eBird,NA
Passerella iliaca,MI,eBird,NA
Junco hyemalis,MI,eBird,NA
Zonotrichia leucophrys,MI,eBird,NA
Zonotrichia atricapilla,MI,eBird,NA
Zonotrichia querula,MI,eBird,NA
Zonotrichia albicollis,MI,eBird,NA
Artemisiospiza nevadensis,MI,eBird,NA
Pooecetes gramineus,MI,eBird,NA
Ammospiza leconteii,MI,eBird,NA
Ammospiza nelsoni,MI,eBird,NA
Passerculus sandwichensis,MI,eBird,NA
Centronyx henslowii,MI,eBird,NA
Melospiza melodia,MI,eBird,NA
Melospiza lincolnii,MI,eBird,NA
Melospiza georgiana,MI,eBird,NA
Pipilo chlorurus,MI,eBird,NA
Pipilo maculatus,MI,eBird,NA
Pipilo erythrophthalmus,MI,eBird,NA
Icteria virens,MI,eBird,NA
Xanthocephalus xanthocephalus,MI,eBird,NA
Dolichonyx oryzivorus,MI,eBird,NA
Sturnella neglecta,MI,eBird,NA
Sturnella magna,MI,eBird,NA
Icterus spurius,MI,eBird,NA
Icterus cucullatus,MI,eBird,NA
Icterus bullockii,MI,eBird,NA
Icterus galbula,MI,eBird,NA
Agelaius phoeniceus,MI,eBird,NA
Molothrus bonariensis,MI,eBird,NA
Molothrus ater,MI,eBird,NA
Euphagus carolinus,MI,eBird,NA
Euphagus cyanocephalus,MI,eBird,NA
Quiscalus quiscula,MI,eBird,NA
Quiscalus mexicanus,MI,eBird,NA
Seiurus aurocapilla,MI,eBird,NA
Helmitheros vermivorum,MI,eBird,NA
Parkesia motacilla,MI,eBird,NA
Parkesia noveboracensis,MI,eBird,NA
Vermivora chrysoptera,MI,eBird,NA
Vermivora cyanoptera,MI,eBird,NA
Mniotilta varia,MI,eBird,NA
Protonotaria citrea,MI,eBird,NA
Limnothlypis swainsonii,MI,eBird,NA
Leiothlypis peregrina,MI,eBird,NA
Leiothlypis celata,MI,eBird,NA
Leiothlypis luciae,MI,eBird,NA
Leiothlypis ruficapilla,MI,eBird,NA
Leiothlypis virginiae,MI,eBird,NA
Oporornis agilis,MI,eBird,NA
Geothlypis philadelphia,MI,eBird,NA
Geothlypis formosa,MI,eBird,NA
Geothlypis trichas,MI,eBird,NA
Setophaga citrina,MI,eBird,NA
Setophaga ruticilla,MI,eBird,NA
Setophaga kirtlandii,MI,eBird,NA
Setophaga tigrina,MI,eBird,NA
Setophaga cerulea,MI,eBird,NA
Setophaga americana,MI,eBird,NA
Setophaga magnolia,MI,eBird,NA
Setophaga castanea,MI,eBird,NA
Setophaga fusca,MI,eBird,NA
Setophaga aestiva,MI,eBird,NA
Setophaga pensylvanica,MI,eBird,NA
Setophaga striata,MI,eBird,NA
Setophaga caerulescens,MI,eBird,NA
Setophaga palmarum,MI,eBird,NA
Setophaga pinus,MI,eBird,NA
Setophaga coronata,MI,eBird,NA
Setophaga dominica,MI,eBird,NA
Setophaga discolor,MI,eBird,NA
Setophaga nigrescens,MI,eBird,NA
Setophaga townsendi,MI,eBird,NA
Setophaga virens,MI,eBird,NA
Cardellina canadensis,MI,eBird,NA
Cardellina pusilla,MI,eBird,NA
Piranga flava,MI,eBird,NA
Piranga rubra,MI,eBird,NA
Piranga olivacea,MI,eBird,NA
Piranga ludoviciana,MI,eBird,NA
Cardinalis cardinalis,MI,eBird,NA
Pheucticus ludovicianus,MI,eBird,NA
Pheucticus melanocephalus,MI,eBird,NA
Passerina caerulea,MI,eBird,NA
Passerina amoena,MI,eBird,NA
Passerina cyanea,MI,eBird,NA
Passerina ciris,MI,eBird,NA
Spiza americana,MI,eBird,NA
Dromaius novaehollandiae,MN,eBird,NA
Dendrocygna autumnalis,MN,eBird,NA
Dendrocygna bicolor,MN,eBird,NA
Anser indicus,MN,eBird,NA
Anser caerulescens,MN,eBird,NA
Anser rossii,MN,eBird,NA
Anser anser,MN,eBird,NA
Anser cygnoides,MN,eBird,NA
Anser albifrons,MN,eBird,NA
Branta bernicla,MN,eBird,NA
Branta hutchinsii,MN,eBird,NA
Branta canadensis,MN,eBird,NA
Cygnus olor,MN,eBird,NA
Cygnus atratus,MN,eBird,NA
Cygnus buccinator,MN,eBird,NA
Cygnus columbianus,MN,eBird,NA
Cygnus cygnus,MN,eBird,NA
Alopochen aegyptiaca,MN,eBird,NA
Cairina moschata,MN,eBird,NA
Aix sponsa,MN,eBird,NA
Aix galericulata,MN,eBird,NA
Spatula querquedula,MN,eBird,NA
Spatula discors,MN,eBird,NA
Spatula cyanoptera,MN,eBird,NA
Spatula clypeata,MN,eBird,NA
Mareca strepera,MN,eBird,NA
Mareca penelope,MN,eBird,NA
Mareca americana,MN,eBird,NA
Anas platyrhynchos,MN,eBird,NA
Anas rubripes,MN,eBird,NA
Anas fulvigula,MN,eBird,NA
Anas acuta,MN,eBird,NA
Anas crecca,MN,eBird,NA
Aythya valisineria,MN,eBird,NA
Aythya americana,MN,eBird,NA
Aythya collaris,MN,eBird,NA
Aythya fuligula,MN,eBird,NA
Aythya marila,MN,eBird,NA
Aythya affinis,MN,eBird,NA
Somateria spectabilis,MN,eBird,NA
Somateria mollissima,MN,eBird,NA
Histrionicus histrionicus,MN,eBird,NA
Melanitta perspicillata,MN,eBird,NA
Melanitta deglandi,MN,eBird,NA
Melanitta americana,MN,eBird,NA
Clangula hyemalis,MN,eBird,NA
Bucephala albeola,MN,eBird,NA
Bucephala clangula,MN,eBird,NA
Bucephala islandica,MN,eBird,NA
Mergellus albellus,MN,eBird,NA
Lophodytes cucullatus,MN,eBird,NA
Mergus merganser,MN,eBird,NA
Mergus serrator,MN,eBird,NA
Oxyura jamaicensis,MN,eBird,NA
Numida meleagris,MN,eBird,NA
Colinus virginianus,MN,eBird,NA
Meleagris gallopavo,MN,eBird,NA
Bonasa umbellus,MN,eBird,NA
Tympanuchus phasianellus,MN,eBird,NA
Tympanuchus cupido,MN,eBird,NA
Lagopus lagopus,MN,eBird,NA
Lagopus muta,MN,eBird,NA
Canachites canadensis,MN,eBird,NA
Perdix perdix,MN,eBird,NA
Phasianus colchicus,MN,eBird,NA
Phasianus versicolor,MN,eBird,NA
Lophura nycthemera,MN,eBird,NA
Pavo cristatus,MN,eBird,NA
Gallus gallus,MN,eBird,NA
Alectoris rufa,MN,eBird,NA
Alectoris chukar,MN,eBird,NA
Columba livia,MN,eBird,NA
Patagioenas fasciata,MN,eBird,NA
Ectopistes migratorius,MN,eBird,NA
Streptopelia decaocto,MN,eBird,NA
Streptopelia roseogrisea,MN,eBird,NA
Spilopelia chinensis,MN,eBird,NA
Geopelia cuneata,MN,eBird,NA
Columbina inca,MN,eBird,NA
Columbina passerina,MN,eBird,NA
Zenaida asiatica,MN,eBird,NA
Zenaida macroura,MN,eBird,NA
Crotophaga sulcirostris,MN,eBird,NA
Coccyzus americanus,MN,eBird,NA
Coccyzus erythropthalmus,MN,eBird,NA
Chordeiles minor,MN,eBird,NA
Antrostomus carolinensis,MN,eBird,NA
Antrostomus vociferus,MN,eBird,NA
Chaetura pelagica,MN,eBird,NA
Archilochus colubris,MN,eBird,NA
Calypte anna,MN,eBird,NA
Selasphorus calliope,MN,eBird,NA
Selasphorus rufus,MN,eBird,NA
Cynanthus latirostris,MN,eBird,NA
Rallus elegans,MN,eBird,NA
Rallus limicola,MN,eBird,NA
Porzana carolina,MN,eBird,NA
Gallinula galeata,MN,eBird,NA
Fulica americana,MN,eBird,NA
Porphyrio martinica,MN,eBird,NA
Coturnicops noveboracensis,MN,eBird,NA
Laterallus jamaicensis,MN,eBird,NA
Aramus guarauna,MN,eBird,NA
Antigone canadensis,MN,eBird,NA
Grus americana,MN,eBird,NA
Himantopus mexicanus,MN,eBird,NA
Recurvirostra americana,MN,eBird,NA
Pluvialis squatarola,MN,eBird,NA
Pluvialis dominica,MN,eBird,NA
Charadrius vociferus,MN,eBird,NA
Charadrius semipalmatus,MN,eBird,NA
Charadrius melodus,MN,eBird,NA
Anarhynchus wilsonia,MN,eBird,NA
Anarhynchus nivosus,MN,eBird,NA
Bartramia longicauda,MN,eBird,NA
Numenius hudsonicus,MN,eBird,NA
Numenius borealis,MN,eBird,NA
Numenius americanus,MN,eBird,NA
Limosa haemastica,MN,eBird,NA
Limosa fedoa,MN,eBird,NA
Limnodromus griseus,MN,eBird,NA
Limnodromus scolopaceus,MN,eBird,NA
Scolopax minor,MN,eBird,NA
Gallinago delicata,MN,eBird,NA
Phalaropus tricolor,MN,eBird,NA
Phalaropus fulicarius,MN,eBird,NA
Phalaropus lobatus,MN,eBird,NA
Actitis macularius,MN,eBird,NA
Tringa solitaria,MN,eBird,NA
Tringa flavipes,MN,eBird,NA
Tringa semipalmata,MN,eBird,NA
Tringa melanoleuca,MN,eBird,NA
Arenaria interpres,MN,eBird,NA
Calidris canutus,MN,eBird,NA
Calidris pugnax,MN,eBird,NA
Calidris acuminata,MN,eBird,NA
Calidris ferruginea,MN,eBird,NA
Calidris himantopus,MN,eBird,NA
Calidris subruficollis,MN,eBird,NA
Calidris alba,MN,eBird,NA
Calidris alpina,MN,eBird,NA
Calidris maritima,MN,eBird,NA
Calidris bairdii,MN,eBird,NA
Calidris fuscicollis,MN,eBird,NA
Calidris minutilla,MN,eBird,NA
Calidris melanotos,MN,eBird,NA
Calidris mauri,MN,eBird,NA
Calidris pusilla,MN,eBird,NA
Stercorarius longicaudus,MN,eBird,NA
Stercorarius parasiticus,MN,eBird,NA
Stercorarius pomarinus,MN,eBird,NA
Brachyramphus perdix,MN,eBird,NA
Cepphus grylle,MN,eBird,NA
Synthliboramphus antiquus,MN,eBird,NA
Hydrocoloeus minutus,MN,eBird,NA
Rhodostethia rosea,MN,eBird,NA
Rissa tridactyla,MN,eBird,NA
Pagophila eburnea,MN,eBird,NA
Xema sabini,MN,eBird,NA
Chroicocephalus philadelphia,MN,eBird,NA
Chroicocephalus ridibundus,MN,eBird,NA
Leucophaeus atricilla,MN,eBird,NA
Leucophaeus pipixcan,MN,eBird,NA
Larus brachyrhynchus,MN,eBird,NA
Larus delawarensis,MN,eBird,NA
Larus smithsonianus,MN,eBird,NA
Larus vegae,MN,eBird,NA
Larus marinus,MN,eBird,NA
Larus hyperboreus,MN,eBird,NA
Larus fuscus,MN,eBird,NA
Larus californicus,MN,eBird,NA
Larus glaucescens,MN,eBird,NA
Larus schistisagus,MN,eBird,NA
Larus glaucoides,MN,eBird,NA
Sternula antillarum,MN,eBird,NA
Gelochelidon nilotica,MN,eBird,NA
Hydroprogne caspia,MN,eBird,NA
Chlidonias niger,MN,eBird,NA
Sterna forsteri,MN,eBird,NA
Sterna paradisaea,MN,eBird,NA
Sterna hirundo,MN,eBird,NA
Thalasseus maximus,MN,eBird,NA
Podilymbus podiceps,MN,eBird,NA
Podiceps auritus,MN,eBird,NA
Podiceps grisegena,MN,eBird,NA
Podiceps nigricollis,MN,eBird,NA
Aechmophorus occidentalis,MN,eBird,NA
Aechmophorus clarkii,MN,eBird,NA
Gavia stellata,MN,eBird,NA
Gavia pacifica,MN,eBird,NA
Gavia immer,MN,eBird,NA
Gavia adamsii,MN,eBird,NA
Fulmarus glacialis,MN,eBird,NA
Mycteria americana,MN,eBird,NA
Fregata magnificens,MN,eBird,NA
Sula leucogaster,MN,eBird,NA
Nannopterum auritum,MN,eBird,NA
Nannopterum brasilianum,MN,eBird,NA
Eudocimus albus,MN,eBird,NA
Eudocimus ruber,MN,eBird,NA
Plegadis falcinellus,MN,eBird,NA
Plegadis chihi,MN,eBird,NA
Platalea ajaja,MN,eBird,NA
Botaurus lentiginosus,MN,eBird,NA
Botaurus exilis,MN,eBird,NA
Nyctanassa violacea,MN,eBird,NA
Nycticorax nycticorax,MN,eBird,NA
Egretta caerulea,MN,eBird,NA
Egretta tricolor,MN,eBird,NA
Egretta thula,MN,eBird,NA
Butorides virescens,MN,eBird,NA
Ardea ibis,MN,eBird,NA
Ardea alba,MN,eBird,NA
Ardea herodias,MN,eBird,NA
Pelecanus erythrorhynchos,MN,eBird,NA
Pelecanus occidentalis,MN,eBird,NA
Coragyps atratus,MN,eBird,NA
Cathartes aura,MN,eBird,NA
Pandion haliaetus,MN,eBird,NA
Elanus leucurus,MN,eBird,NA
Elanoides forficatus,MN,eBird,NA
Aquila chrysaetos,MN,eBird,NA
Accipiter striatus,MN,eBird,NA
Astur cooperii,MN,eBird,NA
Astur atricapillus,MN,eBird,NA
Circus hudsonius,MN,eBird,NA
Haliaeetus leucocephalus,MN,eBird,NA
Ictinia mississippiensis,MN,eBird,NA
Buteo platypterus,MN,eBird,NA
Buteo lineatus,MN,eBird,NA
Buteo swainsoni,MN,eBird,NA
Buteo jamaicensis,MN,eBird,NA
Buteo lagopus,MN,eBird,NA
Buteo regalis,MN,eBird,NA
Tyto furcata,MN,eBird,NA
Megascops asio,MN,eBird,NA
Bubo scandiacus,MN,eBird,NA
Bubo virginianus,MN,eBird,NA
Surnia ulula,MN,eBird,NA
Athene cunicularia,MN,eBird,NA
Strix varia,MN,eBird,NA
Strix nebulosa,MN,eBird,NA
Asio otus,MN,eBird,NA
Asio flammeus,MN,eBird,NA
Aegolius funereus,MN,eBird,NA
Aegolius acadicus,MN,eBird,NA
Megaceryle alcyon,MN,eBird,NA
Sphyrapicus thyroideus,MN,eBird,NA
Sphyrapicus varius,MN,eBird,NA
Melanerpes lewis,MN,eBird,NA
Melanerpes erythrocephalus,MN,eBird,NA
Melanerpes formicivorus,MN,eBird,NA
Melanerpes carolinus,MN,eBird,NA
Picoides dorsalis,MN,eBird,NA
Picoides arcticus,MN,eBird,NA
Dryobates pubescens,MN,eBird,NA
Leuconotopicus villosus,MN,eBird,NA
Dryocopus pileatus,MN,eBird,NA
Colaptes auratus,MN,eBird,NA
Falco sparverius,MN,eBird,NA
Falco columbarius,MN,eBird,NA
Falco rusticolus,MN,eBird,NA
Falco peregrinus,MN,eBird,NA
Falco mexicanus,MN,eBird,NA
Nymphicus hollandicus,MN,eBird,NA
Melopsittacus undulatus,MN,eBird,NA
Myiopsitta monachus,MN,eBird,NA
Contopus cooperi,MN,eBird,NA
Contopus sordidulus,MN,eBird,NA
Contopus virens,MN,eBird,NA
Empidonax flaviventris,MN,eBird,NA
Empidonax virescens,MN,eBird,NA
Empidonax alnorum,MN,eBird,NA
Empidonax traillii,MN,eBird,NA
Empidonax minimus,MN,eBird,NA
Sayornis nigricans,MN,eBird,NA
Sayornis phoebe,MN,eBird,NA
Sayornis saya,MN,eBird,NA
Pyrocephalus rubinus,MN,eBird,NA
Myiarchus cinerascens,MN,eBird,NA
Myiarchus crinitus,MN,eBird,NA
Tyrannus melancholicus,MN,eBird,NA
Tyrannus vociferans,MN,eBird,NA
Tyrannus verticalis,MN,eBird,NA
Tyrannus tyrannus,MN,eBird,NA
Tyrannus forficatus,MN,eBird,NA
Tyrannus savana,MN,eBird,NA
Vireo griseus,MN,eBird,NA
Vireo bellii,MN,eBird,NA
Vireo flavifrons,MN,eBird,NA
Vireo solitarius,MN,eBird,NA
Vireo philadelphicus,MN,eBird,NA
Vireo gilvus,MN,eBird,NA
Vireo swainsoni,MN,eBird,NA
Vireo olivaceus,MN,eBird,NA
Urolestes melanoleucus,MN,eBird,NA
Lanius ludovicianus,MN,eBird,NA
Lanius borealis,MN,eBird,NA
Perisoreus canadensis,MN,eBird,NA
Cyanocitta cristata,MN,eBird,NA
Pica hudsonia,MN,eBird,NA
Nucifraga columbiana,MN,eBird,NA
Corvus brachyrhynchos,MN,eBird,NA
Corvus corax,MN,eBird,NA
Poecile atricapillus,MN,eBird,NA
Poecile hudsonicus,MN,eBird,NA
Baeolophus bicolor,MN,eBird,NA
Eremophila alpestris,MN,eBird,NA
Riparia riparia,MN,eBird,NA
Tachycineta bicolor,MN,eBird,NA
Progne subis,MN,eBird,NA
Stelgidopteryx serripennis,MN,eBird,NA
Hirundo rustica,MN,eBird,NA
Petrochelidon pyrrhonota,MN,eBird,NA
Pycnonotus jocosus,MN,eBird,NA
Corthylio calendula,MN,eBird,NA
Regulus satrapa,MN,eBird,NA
Sitta carolinensis,MN,eBird,NA
Sitta pygmaea,MN,eBird,NA
Sitta canadensis,MN,eBird,NA
Certhia americana,MN,eBird,NA
Polioptila caerulea,MN,eBird,NA
Salpinctes obsoletus,MN,eBird,NA
Troglodytes aedon,MN,eBird,NA
Troglodytes hiemalis,MN,eBird,NA
Cistothorus stellaris,MN,eBird,NA
Cistothorus palustris,MN,eBird,NA
Thryothorus ludovicianus,MN,eBird,NA
Thryomanes bewickii,MN,eBird,NA
Sturnus vulgaris,MN,eBird,NA
Dumetella carolinensis,MN,eBird,NA
Toxostoma curvirostre,MN,eBird,NA
Toxostoma rufum,MN,eBird,NA
Oreoscoptes montanus,MN,eBird,NA
Mimus polyglottos,MN,eBird,NA
Sialia sialis,MN,eBird,NA
Sialia currucoides,MN,eBird,NA
Myadestes townsendi,MN,eBird,NA
Ixoreus naevius,MN,eBird,NA
Catharus fuscescens,MN,eBird,NA
Catharus minimus,MN,eBird,NA
Catharus ustulatus,MN,eBird,NA
Catharus guttatus,MN,eBird,NA
Hylocichla mustelina,MN,eBird,NA
Turdus pilaris,MN,eBird,NA
Turdus migratorius,MN,eBird,NA
Oenanthe oenanthe,MN,eBird,NA
Bombycilla garrulus,MN,eBird,NA
Bombycilla cedrorum,MN,eBird,NA
Phainopepla nitens,MN,eBird,NA
Lonchura punctulata,MN,eBird,NA
Passer domesticus,MN,eBird,NA
Passer montanus,MN,eBird,NA
Anthus rubescens,MN,eBird,NA
Anthus spragueii,MN,eBird,NA
Fringilla montifringilla,MN,eBird,NA
Hesperiphona vespertina,MN,eBird,NA
Pinicola enucleator,MN,eBird,NA
Leucosticte tephrocotis,MN,eBird,NA
Haemorhous mexicanus,MN,eBird,NA
Haemorhous purpureus,MN,eBird,NA
Haemorhous cassinii,MN,eBird,NA
Acanthis flammea,MN,eBird,NA
Loxia curvirostra,MN,eBird,NA
Loxia leucoptera,MN,eBird,NA
Carduelis carduelis,MN,eBird,NA
Spinus pinus,MN,eBird,NA
Spinus psaltria,MN,eBird,NA
Spinus tristis,MN,eBird,NA
Calcarius lapponicus,MN,eBird,NA
Calcarius ornatus,MN,eBird,NA
Calcarius pictus,MN,eBird,NA
Rhynchophanes mccownii,MN,eBird,NA
Plectrophenax nivalis,MN,eBird,NA
Peucaea cassinii,MN,eBird,NA
Ammodramus savannarum,MN,eBird,NA
Spizella passerina,MN,eBird,NA
Spizella pallida,MN,eBird,NA
Spizella pusilla,MN,eBird,NA
Spizella breweri,MN,eBird,NA
Amphispiza bilineata,MN,eBird,NA
Chondestes grammacus,MN,eBird,NA
Calamospiza melanocorys,MN,eBird,NA
Spizelloides arborea,MN,eBird,NA
Passerella iliaca,MN,eBird,NA
Junco hyemalis,MN,eBird,NA
Zonotrichia leucophrys,MN,eBird,NA
Zonotrichia atricapilla,MN,eBird,NA
Zonotrichia querula,MN,eBird,NA
Zonotrichia albicollis,MN,eBird,NA
Pooecetes gramineus,MN,eBird,NA
Ammospiza leconteii,MN,eBird,NA
Ammospiza nelsoni,MN,eBird,NA
Passerculus sandwichensis,MN,eBird,NA
Centronyx bairdii,MN,eBird,NA
Centronyx henslowii,MN,eBird,NA
Melospiza melodia,MN,eBird,NA
Melospiza lincolnii,MN,eBird,NA
Melospiza georgiana,MN,eBird,NA
Melozone aberti,MN,eBird,NA
Pipilo chlorurus,MN,eBird,NA
Pipilo maculatus,MN,eBird,NA
Pipilo erythrophthalmus,MN,eBird,NA
Icteria virens,MN,eBird,NA
Xanthocephalus xanthocephalus,MN,eBird,NA
Dolichonyx oryzivorus,MN,eBird,NA
Sturnella neglecta,MN,eBird,NA
Sturnella magna,MN,eBird,NA
Icterus spurius,MN,eBird,NA
Icterus bullockii,MN,eBird,NA
Icterus galbula,MN,eBird,NA
Icterus parisorum,MN,eBird,NA
Agelaius phoeniceus,MN,eBird,NA
Molothrus ater,MN,eBird,NA
Euphagus carolinus,MN,eBird,NA
Euphagus cyanocephalus,MN,eBird,NA
Quiscalus quiscula,MN,eBird,NA
Quiscalus mexicanus,MN,eBird,NA
Seiurus aurocapilla,MN,eBird,NA
Helmitheros vermivorum,MN,eBird,NA
Parkesia motacilla,MN,eBird,NA
Parkesia noveboracensis,MN,eBird,NA
Vermivora chrysoptera,MN,eBird,NA
Vermivora cyanoptera,MN,eBird,NA
Mniotilta varia,MN,eBird,NA
Protonotaria citrea,MN,eBird,NA
Limnothlypis swainsonii,MN,eBird,NA
Leiothlypis peregrina,MN,eBird,NA
Leiothlypis celata,MN,eBird,NA
Leiothlypis ruficapilla,MN,eBird,NA
Oporornis agilis,MN,eBird,NA
Geothlypis philadelphia,MN,eBird,NA
Geothlypis formosa,MN,eBird,NA
Geothlypis trichas,MN,eBird,NA
Setophaga citrina,MN,eBird,NA
Setophaga ruticilla,MN,eBird,NA
Setophaga kirtlandii,MN,eBird,NA
Setophaga tigrina,MN,eBird,NA
Setophaga cerulea,MN,eBird,NA
Setophaga americana,MN,eBird,NA
Setophaga magnolia,MN,eBird,NA
Setophaga castanea,MN,eBird,NA
Setophaga fusca,MN,eBird,NA
Setophaga aestiva,MN,eBird,NA
Setophaga pensylvanica,MN,eBird,NA
Setophaga striata,MN,eBird,NA
Setophaga caerulescens,MN,eBird,NA
Setophaga palmarum,MN,eBird,NA
Setophaga pinus,MN,eBird,NA
Setophaga coronata,MN,eBird,NA
Setophaga dominica,MN,eBird,NA
Setophaga discolor,MN,eBird,NA
Setophaga nigrescens,MN,eBird,NA
Setophaga townsendi,MN,eBird,NA
Setophaga occidentalis,MN,eBird,NA
Setophaga virens,MN,eBird,NA
Cardellina canadensis,MN,eBird,NA
Cardellina pusilla,MN,eBird,NA
Myioborus pictus,MN,eBird,NA
Piranga rubra,MN,eBird,NA
Piranga olivacea,MN,eBird,NA
Piranga ludoviciana,MN,eBird,NA
Cardinalis cardinalis,MN,eBird,NA
Pheucticus ludovicianus,MN,eBird,NA
Pheucticus melanocephalus,MN,eBird,NA
Passerina caerulea,MN,eBird,NA
Passerina amoena,MN,eBird,NA
Passerina cyanea,MN,eBird,NA
Passerina ciris,MN,eBird,NA
Spiza americana,MN,eBird,NA
Dendrocygna viduata,MS,eBird,NA
Dendrocygna autumnalis,MS,eBird,NA
Dendrocygna bicolor,MS,eBird,NA
Anser caerulescens,MS,eBird,NA
Anser rossii,MS,eBird,NA
Anser anser,MS,eBird,NA
Anser cygnoides,MS,eBird,NA
Anser albifrons,MS,eBird,NA
Branta bernicla,MS,eBird,NA
Branta hutchinsii,MS,eBird,NA
Branta canadensis,MS,eBird,NA
Cygnus olor,MS,eBird,NA
Cygnus buccinator,MS,eBird,NA
Cygnus columbianus,MS,eBird,NA
Alopochen aegyptiaca,MS,eBird,NA
Tadorna ferruginea,MS,eBird,NA
Cairina moschata,MS,eBird,NA
Callonetta leucophrys,MS,eBird,NA
Aix sponsa,MS,eBird,NA
Aix galericulata,MS,eBird,NA
Spatula discors,MS,eBird,NA
Spatula cyanoptera,MS,eBird,NA
Spatula clypeata,MS,eBird,NA
Mareca strepera,MS,eBird,NA
Mareca penelope,MS,eBird,NA
Mareca americana,MS,eBird,NA
Anas platyrhynchos,MS,eBird,NA
Anas rubripes,MS,eBird,NA
Anas fulvigula,MS,eBird,NA
Anas bahamensis,MS,eBird,NA
Anas acuta,MS,eBird,NA
Anas crecca,MS,eBird,NA
Aythya valisineria,MS,eBird,NA
Aythya americana,MS,eBird,NA
Aythya collaris,MS,eBird,NA
Aythya marila,MS,eBird,NA
Aythya affinis,MS,eBird,NA
Melanitta perspicillata,MS,eBird,NA
Melanitta deglandi,MS,eBird,NA
Melanitta americana,MS,eBird,NA
Clangula hyemalis,MS,eBird,NA
Bucephala albeola,MS,eBird,NA
Bucephala clangula,MS,eBird,NA
Lophodytes cucullatus,MS,eBird,NA
Mergus merganser,MS,eBird,NA
Mergus serrator,MS,eBird,NA
Oxyura jamaicensis,MS,eBird,NA
Numida meleagris,MS,eBird,NA
Colinus virginianus,MS,eBird,NA
Meleagris gallopavo,MS,eBird,NA
Chrysolophus pictus,MS,eBird,NA
Phasianus colchicus,MS,eBird,NA
Pavo cristatus,MS,eBird,NA
Gallus gallus,MS,eBird,NA
Alectoris chukar,MS,eBird,NA
Columba livia,MS,eBird,NA
Streptopelia decaocto,MS,eBird,NA
Columbina inca,MS,eBird,NA
Columbina passerina,MS,eBird,NA
Columbina talpacoti,MS,eBird,NA
Zenaida asiatica,MS,eBird,NA
Zenaida macroura,MS,eBird,NA
Crotophaga ani,MS,eBird,NA
Crotophaga sulcirostris,MS,eBird,NA
Coccyzus americanus,MS,eBird,NA
Coccyzus erythropthalmus,MS,eBird,NA
Chordeiles acutipennis,MS,eBird,NA
Chordeiles minor,MS,eBird,NA
Antrostomus carolinensis,MS,eBird,NA
Antrostomus vociferus,MS,eBird,NA
Chaetura pelagica,MS,eBird,NA
Colibri thalassinus,MS,eBird,NA
Anthracothorax prevostii,MS,eBird,NA
Archilochus colubris,MS,eBird,NA
Archilochus alexandri,MS,eBird,NA
Calypte anna,MS,eBird,NA
Selasphorus calliope,MS,eBird,NA
Selasphorus rufus,MS,eBird,NA
Selasphorus sasin,MS,eBird,NA
Selasphorus platycercus,MS,eBird,NA
Cynanthus latirostris,MS,eBird,NA
Basilinna leucotis,MS,eBird,NA
Amazilia yucatanensis,MS,eBird,NA
Rallus elegans,MS,eBird,NA
Rallus crepitans,MS,eBird,NA
Rallus limicola,MS,eBird,NA
Porzana carolina,MS,eBird,NA
Gallinula galeata,MS,eBird,NA
Fulica americana,MS,eBird,NA
Porphyrio martinica,MS,eBird,NA
Coturnicops noveboracensis,MS,eBird,NA
Laterallus jamaicensis,MS,eBird,NA
Aramus guarauna,MS,eBird,NA
Antigone canadensis,MS,eBird,NA
Himantopus mexicanus,MS,eBird,NA
Recurvirostra americana,MS,eBird,NA
Haematopus palliatus,MS,eBird,NA
Pluvialis squatarola,MS,eBird,NA
Pluvialis dominica,MS,eBird,NA
Charadrius vociferus,MS,eBird,NA
Charadrius semipalmatus,MS,eBird,NA
Charadrius melodus,MS,eBird,NA
Anarhynchus wilsonia,MS,eBird,NA
Anarhynchus montanus,MS,eBird,NA
Anarhynchus nivosus,MS,eBird,NA
Bartramia longicauda,MS,eBird,NA
Numenius hudsonicus,MS,eBird,NA
Numenius americanus,MS,eBird,NA
Limosa haemastica,MS,eBird,NA
Limosa fedoa,MS,eBird,NA
Limnodromus griseus,MS,eBird,NA
Limnodromus scolopaceus,MS,eBird,NA
Scolopax minor,MS,eBird,NA
Gallinago delicata,MS,eBird,NA
Phalaropus tricolor,MS,eBird,NA
Phalaropus fulicarius,MS,eBird,NA
Phalaropus lobatus,MS,eBird,NA
Actitis macularius,MS,eBird,NA
Tringa solitaria,MS,eBird,NA
Tringa flavipes,MS,eBird,NA
Tringa semipalmata,MS,eBird,NA
Tringa melanoleuca,MS,eBird,NA
Arenaria interpres,MS,eBird,NA
Calidris canutus,MS,eBird,NA
Calidris pugnax,MS,eBird,NA
Calidris ferruginea,MS,eBird,NA
Calidris himantopus,MS,eBird,NA
Calidris subruficollis,MS,eBird,NA
Calidris alba,MS,eBird,NA
Calidris alpina,MS,eBird,NA
Calidris maritima,MS,eBird,NA
Calidris bairdii,MS,eBird,NA
Calidris fuscicollis,MS,eBird,NA
Calidris minutilla,MS,eBird,NA
Calidris melanotos,MS,eBird,NA
Calidris mauri,MS,eBird,NA
Calidris pusilla,MS,eBird,NA
Stercorarius longicaudus,MS,eBird,NA
Stercorarius parasiticus,MS,eBird,NA
Stercorarius pomarinus,MS,eBird,NA
Alca torda,MS,eBird,NA
Hydrocoloeus minutus,MS,eBird,NA
Rissa tridactyla,MS,eBird,NA
Xema sabini,MS,eBird,NA
Chroicocephalus philadelphia,MS,eBird,NA
Chroicocephalus ridibundus,MS,eBird,NA
Leucophaeus atricilla,MS,eBird,NA
Leucophaeus pipixcan,MS,eBird,NA
Larus heermanni,MS,eBird,NA
Larus delawarensis,MS,eBird,NA
Larus smithsonianus,MS,eBird,NA
Larus marinus,MS,eBird,NA
Larus hyperboreus,MS,eBird,NA
Larus fuscus,MS,eBird,NA
Larus californicus,MS,eBird,NA
Larus glaucoides,MS,eBird,NA
Rynchops niger,MS,eBird,NA
Anous stolidus,MS,eBird,NA
Onychoprion fuscatus,MS,eBird,NA
Onychoprion anaethetus,MS,eBird,NA
Sternula antillarum,MS,eBird,NA
Gelochelidon nilotica,MS,eBird,NA
Hydroprogne caspia,MS,eBird,NA
Chlidonias niger,MS,eBird,NA
Sterna forsteri,MS,eBird,NA
Sterna paradisaea,MS,eBird,NA
Sterna hirundo,MS,eBird,NA
Thalasseus sandvicensis,MS,eBird,NA
Thalasseus maximus,MS,eBird,NA
Phoenicopterus ruber,MS,eBird,NA
Podilymbus podiceps,MS,eBird,NA
Podiceps auritus,MS,eBird,NA
Podiceps grisegena,MS,eBird,NA
Podiceps nigricollis,MS,eBird,NA
Aechmophorus occidentalis,MS,eBird,NA
Aechmophorus clarkii,MS,eBird,NA
Gavia stellata,MS,eBird,NA
Gavia pacifica,MS,eBird,NA
Gavia immer,MS,eBird,NA
Ardenna gravis,MS,eBird,NA
Puffinus lherminieri,MS,eBird,NA
Jabiru mycteria,MS,eBird,NA
Mycteria americana,MS,eBird,NA
Fregata magnificens,MS,eBird,NA
Morus bassanus,MS,eBird,NA
Sula sula,MS,eBird,NA
Sula leucogaster,MS,eBird,NA
Anhinga anhinga,MS,eBird,NA
Phalacrocorax carbo,MS,eBird,NA
Nannopterum auritum,MS,eBird,NA
Nannopterum brasilianum,MS,eBird,NA
Eudocimus albus,MS,eBird,NA
Plegadis falcinellus,MS,eBird,NA
Plegadis chihi,MS,eBird,NA
Platalea ajaja,MS,eBird,NA
Botaurus lentiginosus,MS,eBird,NA
Botaurus exilis,MS,eBird,NA
Nyctanassa violacea,MS,eBird,NA
Nycticorax nycticorax,MS,eBird,NA
Egretta caerulea,MS,eBird,NA
Egretta tricolor,MS,eBird,NA
Egretta rufescens,MS,eBird,NA
Egretta thula,MS,eBird,NA
Butorides virescens,MS,eBird,NA
Ardea ibis,MS,eBird,NA
Ardea alba,MS,eBird,NA
Ardea herodias,MS,eBird,NA
Pelecanus erythrorhynchos,MS,eBird,NA
Pelecanus occidentalis,MS,eBird,NA
Coragyps atratus,MS,eBird,NA
Cathartes aura,MS,eBird,NA
Pandion haliaetus,MS,eBird,NA
Elanus leucurus,MS,eBird,NA
Elanoides forficatus,MS,eBird,NA
Aquila chrysaetos,MS,eBird,NA
Accipiter striatus,MS,eBird,NA
Astur cooperii,MS,eBird,NA
Circus hudsonius,MS,eBird,NA
Haliaeetus leucocephalus,MS,eBird,NA
Ictinia mississippiensis,MS,eBird,NA
Buteo platypterus,MS,eBird,NA
Buteo lineatus,MS,eBird,NA
Buteo swainsoni,MS,eBird,NA
Buteo jamaicensis,MS,eBird,NA
Buteo lagopus,MS,eBird,NA
Buteo regalis,MS,eBird,NA
Tyto furcata,MS,eBird,NA
Megascops asio,MS,eBird,NA
Bubo scandiacus,MS,eBird,NA
Bubo virginianus,MS,eBird,NA
Athene cunicularia,MS,eBird,NA
Strix varia,MS,eBird,NA
Asio flammeus,MS,eBird,NA
Aegolius acadicus,MS,eBird,NA
Megaceryle alcyon,MS,eBird,NA
Sphyrapicus varius,MS,eBird,NA
Melanerpes erythrocephalus,MS,eBird,NA
Melanerpes carolinus,MS,eBird,NA
Dryobates pubescens,MS,eBird,NA
Leuconotopicus borealis,MS,eBird,NA
Leuconotopicus villosus,MS,eBird,NA
Dryocopus pileatus,MS,eBird,NA
Colaptes auratus,MS,eBird,NA
Caracara plancus,MS,eBird,NA
Falco sparverius,MS,eBird,NA
Falco columbarius,MS,eBird,NA
Falco peregrinus,MS,eBird,NA
Falco mexicanus,MS,eBird,NA
Melopsittacus undulatus,MS,eBird,NA
Myiopsitta monachus,MS,eBird,NA
Contopus cooperi,MS,eBird,NA
Contopus sordidulus,MS,eBird,NA
Contopus virens,MS,eBird,NA
Empidonax flaviventris,MS,eBird,NA
Empidonax virescens,MS,eBird,NA
Empidonax alnorum,MS,eBird,NA
Empidonax traillii,MS,eBird,NA
Empidonax minimus,MS,eBird,NA
Empidonax wrightii,MS,eBird,NA
Empidonax difficilis,MS,eBird,NA
Sayornis phoebe,MS,eBird,NA
Sayornis saya,MS,eBird,NA
Pyrocephalus rubinus,MS,eBird,NA
Myiarchus cinerascens,MS,eBird,NA
Myiarchus crinitus,MS,eBird,NA
Myiarchus tyrannulus,MS,eBird,NA
Pitangus sulphuratus,MS,eBird,NA
Tyrannus melancholicus,MS,eBird,NA
Tyrannus couchii,MS,eBird,NA
Tyrannus vociferans,MS,eBird,NA
Tyrannus verticalis,MS,eBird,NA
Tyrannus tyrannus,MS,eBird,NA
Tyrannus dominicensis,MS,eBird,NA
Tyrannus forficatus,MS,eBird,NA
Tyrannus savana,MS,eBird,NA
Vireo griseus,MS,eBird,NA
Vireo bellii,MS,eBird,NA
Vireo flavifrons,MS,eBird,NA
Vireo solitarius,MS,eBird,NA
Vireo philadelphicus,MS,eBird,NA
Vireo gilvus,MS,eBird,NA
Vireo olivaceus,MS,eBird,NA
Vireo altiloquus,MS,eBird,NA
Lanius ludovicianus,MS,eBird,NA
Cyanocitta cristata,MS,eBird,NA
Corvus brachyrhynchos,MS,eBird,NA
Corvus ossifragus,MS,eBird,NA
Poecile carolinensis,MS,eBird,NA
Baeolophus bicolor,MS,eBird,NA
Eremophila alpestris,MS,eBird,NA
Riparia riparia,MS,eBird,NA
Tachycineta bicolor,MS,eBird,NA
Progne subis,MS,eBird,NA
Stelgidopteryx serripennis,MS,eBird,NA
Hirundo rustica,MS,eBird,NA
Petrochelidon pyrrhonota,MS,eBird,NA
Petrochelidon fulva,MS,eBird,NA
Corthylio calendula,MS,eBird,NA
Regulus satrapa,MS,eBird,NA
Sitta carolinensis,MS,eBird,NA
Sitta pusilla,MS,eBird,NA
Sitta canadensis,MS,eBird,NA
Certhia americana,MS,eBird,NA
Polioptila caerulea,MS,eBird,NA
Salpinctes obsoletus,MS,eBird,NA
Troglodytes aedon,MS,eBird,NA
Troglodytes hiemalis,MS,eBird,NA
Cistothorus stellaris,MS,eBird,NA
Cistothorus palustris,MS,eBird,NA
Thryothorus ludovicianus,MS,eBird,NA
Thryomanes bewickii,MS,eBird,NA
Sturnus vulgaris,MS,eBird,NA
Dumetella carolinensis,MS,eBird,NA
Toxostoma rufum,MS,eBird,NA
Oreoscoptes montanus,MS,eBird,NA
Mimus polyglottos,MS,eBird,NA
Sialia sialis,MS,eBird,NA
Catharus fuscescens,MS,eBird,NA
Catharus minimus,MS,eBird,NA
Catharus ustulatus,MS,eBird,NA
Catharus guttatus,MS,eBird,NA
Hylocichla mustelina,MS,eBird,NA
Turdus migratorius,MS,eBird,NA
Bombycilla cedrorum,MS,eBird,NA
Foudia madagascariensis,MS,eBird,NA
Euplectes franciscanus,MS,eBird,NA
Taeniopygia guttata,MS,eBird,NA
Lonchura punctulata,MS,eBird,NA
Passer domesticus,MS,eBird,NA
Motacilla citreola,MS,eBird,NA
Anthus rubescens,MS,eBird,NA
Anthus spragueii,MS,eBird,NA
Hesperiphona vespertina,MS,eBird,NA
Haemorhous mexicanus,MS,eBird,NA
Haemorhous purpureus,MS,eBird,NA
Loxia curvirostra,MS,eBird,NA
Carduelis carduelis,MS,eBird,NA
Spinus pinus,MS,eBird,NA
Spinus psaltria,MS,eBird,NA
Spinus tristis,MS,eBird,NA
Calcarius lapponicus,MS,eBird,NA
Calcarius ornatus,MS,eBird,NA
Calcarius pictus,MS,eBird,NA
Plectrophenax nivalis,MS,eBird,NA
Peucaea aestivalis,MS,eBird,NA
Ammodramus savannarum,MS,eBird,NA
Spizella passerina,MS,eBird,NA
Spizella pallida,MS,eBird,NA
Spizella pusilla,MS,eBird,NA
Chondestes grammacus,MS,eBird,NA
Spizelloides arborea,MS,eBird,NA
Passerella iliaca,MS,eBird,NA
Junco hyemalis,MS,eBird,NA
Zonotrichia leucophrys,MS,eBird,NA
Zonotrichia querula,MS,eBird,NA
Zonotrichia albicollis,MS,eBird,NA
Pooecetes gramineus,MS,eBird,NA
Ammospiza leconteii,MS,eBird,NA
Ammospiza maritima,MS,eBird,NA
Ammospiza nelsoni,MS,eBird,NA
Ammospiza caudacuta,MS,eBird,NA
Passerculus sandwichensis,MS,eBird,NA
Centronyx henslowii,MS,eBird,NA
Melospiza melodia,MS,eBird,NA
Melospiza lincolnii,MS,eBird,NA
Melospiza georgiana,MS,eBird,NA
Pipilo maculatus,MS,eBird,NA
Pipilo erythrophthalmus,MS,eBird,NA
Icteria virens,MS,eBird,NA
Xanthocephalus xanthocephalus,MS,eBird,NA
Dolichonyx oryzivorus,MS,eBird,NA
Sturnella neglecta,MS,eBird,NA
Sturnella magna,MS,eBird,NA
Icterus spurius,MS,eBird,NA
Icterus cucullatus,MS,eBird,NA
Icterus bullockii,MS,eBird,NA
Icterus galbula,MS,eBird,NA
Agelaius phoeniceus,MS,eBird,NA
Molothrus bonariensis,MS,eBird,NA
Molothrus aeneus,MS,eBird,NA
Molothrus ater,MS,eBird,NA
Euphagus carolinus,MS,eBird,NA
Euphagus cyanocephalus,MS,eBird,NA
Quiscalus quiscula,MS,eBird,NA
Quiscalus major,MS,eBird,NA
Seiurus aurocapilla,MS,eBird,NA
Helmitheros vermivorum,MS,eBird,NA
Parkesia motacilla,MS,eBird,NA
Parkesia noveboracensis,MS,eBird,NA
Vermivora bachmanii,MS,eBird,NA
Vermivora chrysoptera,MS,eBird,NA
Vermivora cyanoptera,MS,eBird,NA
Mniotilta varia,MS,eBird,NA
Protonotaria citrea,MS,eBird,NA
Limnothlypis swainsonii,MS,eBird,NA
Leiothlypis peregrina,MS,eBird,NA
Leiothlypis celata,MS,eBird,NA
Leiothlypis ruficapilla,MS,eBird,NA
Oporornis agilis,MS,eBird,NA
Geothlypis philadelphia,MS,eBird,NA
Geothlypis formosa,MS,eBird,NA
Geothlypis trichas,MS,eBird,NA
Setophaga citrina,MS,eBird,NA
Setophaga ruticilla,MS,eBird,NA
Setophaga tigrina,MS,eBird,NA
Setophaga cerulea,MS,eBird,NA
Setophaga americana,MS,eBird,NA
Setophaga magnolia,MS,eBird,NA
Setophaga castanea,MS,eBird,NA
Setophaga fusca,MS,eBird,NA
Setophaga aestiva,MS,eBird,NA
Setophaga pensylvanica,MS,eBird,NA
Setophaga striata,MS,eBird,NA
Setophaga caerulescens,MS,eBird,NA
Setophaga palmarum,MS,eBird,NA
Setophaga pinus,MS,eBird,NA
Setophaga coronata,MS,eBird,NA
Setophaga dominica,MS,eBird,NA
Setophaga discolor,MS,eBird,NA
Setophaga nigrescens,MS,eBird,NA
Setophaga virens,MS,eBird,NA
Cardellina canadensis,MS,eBird,NA
Cardellina pusilla,MS,eBird,NA
Myioborus pictus,MS,eBird,NA
Piranga rubra,MS,eBird,NA
Piranga olivacea,MS,eBird,NA
Piranga ludoviciana,MS,eBird,NA
Cardinalis cardinalis,MS,eBird,NA
Pheucticus ludovicianus,MS,eBird,NA
Pheucticus melanocephalus,MS,eBird,NA
Passerina caerulea,MS,eBird,NA
Passerina cyanea,MS,eBird,NA
Passerina ciris,MS,eBird,NA
Spiza americana,MS,eBird,NA
Dendrocygna autumnalis,MO,eBird,NA
Dendrocygna bicolor,MO,eBird,NA
Anser indicus,MO,eBird,NA
Anser caerulescens,MO,eBird,NA
Anser rossii,MO,eBird,NA
Anser anser,MO,eBird,NA
Anser cygnoides,MO,eBird,NA
Anser albifrons,MO,eBird,NA
Branta bernicla,MO,eBird,NA
Branta hutchinsii,MO,eBird,NA
Branta canadensis,MO,eBird,NA
Cygnus olor,MO,eBird,NA
Cygnus atratus,MO,eBird,NA
Cygnus buccinator,MO,eBird,NA
Cygnus columbianus,MO,eBird,NA
Cygnus cygnus,MO,eBird,NA
Alopochen aegyptiaca,MO,eBird,NA
Tadorna ferruginea,MO,eBird,NA
Cairina moschata,MO,eBird,NA
Aix sponsa,MO,eBird,NA
Aix galericulata,MO,eBird,NA
Spatula querquedula,MO,eBird,NA
Spatula discors,MO,eBird,NA
Spatula cyanoptera,MO,eBird,NA
Spatula clypeata,MO,eBird,NA
Mareca strepera,MO,eBird,NA
Mareca penelope,MO,eBird,NA
Mareca americana,MO,eBird,NA
Anas platyrhynchos,MO,eBird,NA
Anas rubripes,MO,eBird,NA
Anas fulvigula,MO,eBird,NA
Anas acuta,MO,eBird,NA
Anas georgica,MO,eBird,NA
Anas crecca,MO,eBird,NA
Aythya valisineria,MO,eBird,NA
Aythya americana,MO,eBird,NA
Aythya collaris,MO,eBird,NA
Aythya marila,MO,eBird,NA
Aythya affinis,MO,eBird,NA
Histrionicus histrionicus,MO,eBird,NA
Melanitta perspicillata,MO,eBird,NA
Melanitta deglandi,MO,eBird,NA
Melanitta americana,MO,eBird,NA
Clangula hyemalis,MO,eBird,NA
Bucephala albeola,MO,eBird,NA
Bucephala clangula,MO,eBird,NA
Bucephala islandica,MO,eBird,NA
Mergellus albellus,MO,eBird,NA
Lophodytes cucullatus,MO,eBird,NA
Mergus merganser,MO,eBird,NA
Mergus serrator,MO,eBird,NA
Oxyura jamaicensis,MO,eBird,NA
Numida meleagris,MO,eBird,NA
Colinus virginianus,MO,eBird,NA
Meleagris gallopavo,MO,eBird,NA
Bonasa umbellus,MO,eBird,NA
Tympanuchus cupido,MO,eBird,NA
Perdix perdix,MO,eBird,NA
Phasianus colchicus,MO,eBird,NA
Pavo cristatus,MO,eBird,NA
Gallus gallus,MO,eBird,NA
Alectoris chukar,MO,eBird,NA
Columba livia,MO,eBird,NA
Patagioenas fasciata,MO,eBird,NA
Streptopelia decaocto,MO,eBird,NA
Streptopelia roseogrisea,MO,eBird,NA
Columbina inca,MO,eBird,NA
Columbina passerina,MO,eBird,NA
Zenaida asiatica,MO,eBird,NA
Zenaida macroura,MO,eBird,NA
Crotophaga sulcirostris,MO,eBird,NA
Geococcyx californianus,MO,eBird,NA
Coccyzus americanus,MO,eBird,NA
Coccyzus erythropthalmus,MO,eBird,NA
Chordeiles minor,MO,eBird,NA
Phalaenoptilus nuttallii,MO,eBird,NA
Antrostomus carolinensis,MO,eBird,NA
Antrostomus vociferus,MO,eBird,NA
Chaetura pelagica,MO,eBird,NA
Aeronautes saxatalis,MO,eBird,NA
Archilochus colubris,MO,eBird,NA
Archilochus alexandri,MO,eBird,NA
Calypte anna,MO,eBird,NA
Selasphorus calliope,MO,eBird,NA
Selasphorus rufus,MO,eBird,NA
Selasphorus sasin,MO,eBird,NA
Selasphorus platycercus,MO,eBird,NA
Cynanthus latirostris,MO,eBird,NA
Rallus elegans,MO,eBird,NA
Rallus limicola,MO,eBird,NA
Porzana carolina,MO,eBird,NA
Gallinula galeata,MO,eBird,NA
Fulica americana,MO,eBird,NA
Porphyrio martinica,MO,eBird,NA
Coturnicops noveboracensis,MO,eBird,NA
Laterallus jamaicensis,MO,eBird,NA
Aramus guarauna,MO,eBird,NA
Antigone canadensis,MO,eBird,NA
Grus americana,MO,eBird,NA
Himantopus mexicanus,MO,eBird,NA
Recurvirostra americana,MO,eBird,NA
Pluvialis squatarola,MO,eBird,NA
Pluvialis dominica,MO,eBird,NA
Charadrius vociferus,MO,eBird,NA
Charadrius semipalmatus,MO,eBird,NA
Charadrius melodus,MO,eBird,NA
Anarhynchus wilsonia,MO,eBird,NA
Anarhynchus nivosus,MO,eBird,NA
Bartramia longicauda,MO,eBird,NA
Numenius hudsonicus,MO,eBird,NA
Numenius americanus,MO,eBird,NA
Limosa haemastica,MO,eBird,NA
Limosa fedoa,MO,eBird,NA
Limnodromus griseus,MO,eBird,NA
Limnodromus scolopaceus,MO,eBird,NA
Scolopax minor,MO,eBird,NA
Gallinago delicata,MO,eBird,NA
Phalaropus tricolor,MO,eBird,NA
Phalaropus fulicarius,MO,eBird,NA
Phalaropus lobatus,MO,eBird,NA
Actitis macularius,MO,eBird,NA
Tringa solitaria,MO,eBird,NA
Tringa flavipes,MO,eBird,NA
Tringa semipalmata,MO,eBird,NA
Tringa melanoleuca,MO,eBird,NA
Arenaria interpres,MO,eBird,NA
Calidris canutus,MO,eBird,NA
Calidris pugnax,MO,eBird,NA
Calidris acuminata,MO,eBird,NA
Calidris ferruginea,MO,eBird,NA
Calidris himantopus,MO,eBird,NA
Calidris subruficollis,MO,eBird,NA
Calidris alba,MO,eBird,NA
Calidris alpina,MO,eBird,NA
Calidris bairdii,MO,eBird,NA
Calidris fuscicollis,MO,eBird,NA
Calidris minutilla,MO,eBird,NA
Calidris melanotos,MO,eBird,NA
Calidris mauri,MO,eBird,NA
Calidris pusilla,MO,eBird,NA
Stercorarius longicaudus,MO,eBird,NA
Stercorarius parasiticus,MO,eBird,NA
Stercorarius pomarinus,MO,eBird,NA
Hydrocoloeus minutus,MO,eBird,NA
Rhodostethia rosea,MO,eBird,NA
Rissa tridactyla,MO,eBird,NA
Pagophila eburnea,MO,eBird,NA
Xema sabini,MO,eBird,NA
Chroicocephalus philadelphia,MO,eBird,NA
Chroicocephalus ridibundus,MO,eBird,NA
Leucophaeus atricilla,MO,eBird,NA
Leucophaeus pipixcan,MO,eBird,NA
Larus canus,MO,eBird,NA
Larus brachyrhynchus,MO,eBird,NA
Larus delawarensis,MO,eBird,NA
Larus smithsonianus,MO,eBird,NA
Larus marinus,MO,eBird,NA
Larus hyperboreus,MO,eBird,NA
Larus fuscus,MO,eBird,NA
Larus californicus,MO,eBird,NA
Larus glaucescens,MO,eBird,NA
Larus schistisagus,MO,eBird,NA
Larus glaucoides,MO,eBird,NA
Rynchops niger,MO,eBird,NA
Onychoprion fuscatus,MO,eBird,NA
Sternula antillarum,MO,eBird,NA
Hydroprogne caspia,MO,eBird,NA
Chlidonias niger,MO,eBird,NA
Sterna forsteri,MO,eBird,NA
Sterna paradisaea,MO,eBird,NA
Sterna hirundo,MO,eBird,NA
Phoenicopterus ruber,MO,eBird,NA
Podilymbus podiceps,MO,eBird,NA
Podiceps auritus,MO,eBird,NA
Podiceps grisegena,MO,eBird,NA
Podiceps nigricollis,MO,eBird,NA
Aechmophorus occidentalis,MO,eBird,NA
Aechmophorus clarkii,MO,eBird,NA
Gavia stellata,MO,eBird,NA
Gavia pacifica,MO,eBird,NA
Gavia immer,MO,eBird,NA
Gavia adamsii,MO,eBird,NA
Hydrobates castro,MO,eBird,NA
Mycteria americana,MO,eBird,NA
Fregata magnificens,MO,eBird,NA
Sula leucogaster,MO,eBird,NA
Anhinga anhinga,MO,eBird,NA
Nannopterum auritum,MO,eBird,NA
Nannopterum brasilianum,MO,eBird,NA
Eudocimus albus,MO,eBird,NA
Plegadis falcinellus,MO,eBird,NA
Plegadis chihi,MO,eBird,NA
Platalea ajaja,MO,eBird,NA
Botaurus lentiginosus,MO,eBird,NA
Botaurus exilis,MO,eBird,NA
Nyctanassa violacea,MO,eBird,NA
Nycticorax nycticorax,MO,eBird,NA
Egretta caerulea,MO,eBird,NA
Egretta tricolor,MO,eBird,NA
Egretta thula,MO,eBird,NA
Butorides virescens,MO,eBird,NA
Ardea ibis,MO,eBird,NA
Ardea alba,MO,eBird,NA
Ardea herodias,MO,eBird,NA
Pelecanus erythrorhynchos,MO,eBird,NA
Pelecanus occidentalis,MO,eBird,NA
Coragyps atratus,MO,eBird,NA
Cathartes aura,MO,eBird,NA
Pandion haliaetus,MO,eBird,NA
Elanus leucurus,MO,eBird,NA
Elanoides forficatus,MO,eBird,NA
Aquila chrysaetos,MO,eBird,NA
Accipiter striatus,MO,eBird,NA
Astur cooperii,MO,eBird,NA
Astur atricapillus,MO,eBird,NA
Circus hudsonius,MO,eBird,NA
Haliaeetus leucocephalus,MO,eBird,NA
Ictinia mississippiensis,MO,eBird,NA
Parabuteo unicinctus,MO,eBird,NA
Buteo platypterus,MO,eBird,NA
Buteo lineatus,MO,eBird,NA
Buteo swainsoni,MO,eBird,NA
Buteo jamaicensis,MO,eBird,NA
Buteo lagopus,MO,eBird,NA
Buteo regalis,MO,eBird,NA
Tyto furcata,MO,eBird,NA
Megascops asio,MO,eBird,NA
Bubo scandiacus,MO,eBird,NA
Bubo virginianus,MO,eBird,NA
Athene cunicularia,MO,eBird,NA
Strix varia,MO,eBird,NA
Asio otus,MO,eBird,NA
Asio flammeus,MO,eBird,NA
Aegolius acadicus,MO,eBird,NA
Megaceryle alcyon,MO,eBird,NA
Sphyrapicus varius,MO,eBird,NA
Melanerpes lewis,MO,eBird,NA
Melanerpes erythrocephalus,MO,eBird,NA
Melanerpes carolinus,MO,eBird,NA
Dryobates pubescens,MO,eBird,NA
Leuconotopicus villosus,MO,eBird,NA
Dryocopus pileatus,MO,eBird,NA
Colaptes auratus,MO,eBird,NA
Caracara plancus,MO,eBird,NA
Falco sparverius,MO,eBird,NA
Falco columbarius,MO,eBird,NA
Falco rusticolus,MO,eBird,NA
Falco peregrinus,MO,eBird,NA
Falco mexicanus,MO,eBird,NA
Nymphicus hollandicus,MO,eBird,NA
Melopsittacus undulatus,MO,eBird,NA
Myiopsitta monachus,MO,eBird,NA
Contopus cooperi,MO,eBird,NA
Contopus sordidulus,MO,eBird,NA
Contopus virens,MO,eBird,NA
Empidonax flaviventris,MO,eBird,NA
Empidonax virescens,MO,eBird,NA
Empidonax alnorum,MO,eBird,NA
Empidonax traillii,MO,eBird,NA
Empidonax minimus,MO,eBird,NA
Sayornis phoebe,MO,eBird,NA
Sayornis saya,MO,eBird,NA
Pyrocephalus rubinus,MO,eBird,NA
Myiarchus crinitus,MO,eBird,NA
Tyrannus melancholicus,MO,eBird,NA
Tyrannus vociferans,MO,eBird,NA
Tyrannus verticalis,MO,eBird,NA
Tyrannus tyrannus,MO,eBird,NA
Tyrannus dominicensis,MO,eBird,NA
Tyrannus forficatus,MO,eBird,NA
Tyrannus savana,MO,eBird,NA
Vireo griseus,MO,eBird,NA
Vireo bellii,MO,eBird,NA
Vireo flavifrons,MO,eBird,NA
Vireo solitarius,MO,eBird,NA
Vireo philadelphicus,MO,eBird,NA
Vireo gilvus,MO,eBird,NA
Vireo olivaceus,MO,eBird,NA
Lanius ludovicianus,MO,eBird,NA
Lanius borealis,MO,eBird,NA
Cyanocitta cristata,MO,eBird,NA
Pica hudsonia,MO,eBird,NA
Nucifraga columbiana,MO,eBird,NA
Corvus brachyrhynchos,MO,eBird,NA
Corvus ossifragus,MO,eBird,NA
Poecile carolinensis,MO,eBird,NA
Poecile atricapillus,MO,eBird,NA
Baeolophus bicolor,MO,eBird,NA
Eremophila alpestris,MO,eBird,NA
Riparia riparia,MO,eBird,NA
Tachycineta bicolor,MO,eBird,NA
Progne subis,MO,eBird,NA
Stelgidopteryx serripennis,MO,eBird,NA
Hirundo rustica,MO,eBird,NA
Petrochelidon pyrrhonota,MO,eBird,NA
Petrochelidon fulva,MO,eBird,NA
Corthylio calendula,MO,eBird,NA
Regulus satrapa,MO,eBird,NA
Sitta carolinensis,MO,eBird,NA
Sitta pusilla,MO,eBird,NA
Sitta canadensis,MO,eBird,NA
Certhia americana,MO,eBird,NA
Polioptila caerulea,MO,eBird,NA
Salpinctes obsoletus,MO,eBird,NA
Troglodytes aedon,MO,eBird,NA
Troglodytes hiemalis,MO,eBird,NA
Cistothorus stellaris,MO,eBird,NA
Cistothorus palustris,MO,eBird,NA
Thryothorus ludovicianus,MO,eBird,NA
Thryomanes bewickii,MO,eBird,NA
Sturnus vulgaris,MO,eBird,NA
Dumetella carolinensis,MO,eBird,NA
Toxostoma rufum,MO,eBird,NA
Oreoscoptes montanus,MO,eBird,NA
Mimus polyglottos,MO,eBird,NA
Sialia sialis,MO,eBird,NA
Sialia currucoides,MO,eBird,NA
Myadestes townsendi,MO,eBird,NA
Ixoreus naevius,MO,eBird,NA
Catharus fuscescens,MO,eBird,NA
Catharus minimus,MO,eBird,NA
Catharus ustulatus,MO,eBird,NA
Catharus guttatus,MO,eBird,NA
Hylocichla mustelina,MO,eBird,NA
Turdus migratorius,MO,eBird,NA
Bombycilla garrulus,MO,eBird,NA
Bombycilla cedrorum,MO,eBird,NA
Passer domesticus,MO,eBird,NA
Passer montanus,MO,eBird,NA
Anthus rubescens,MO,eBird,NA
Anthus spragueii,MO,eBird,NA
Fringilla montifringilla,MO,eBird,NA
Hesperiphona vespertina,MO,eBird,NA
Pinicola enucleator,MO,eBird,NA
Haemorhous mexicanus,MO,eBird,NA
Haemorhous purpureus,MO,eBird,NA
Acanthis flammea,MO,eBird,NA
Loxia curvirostra,MO,eBird,NA
Loxia leucoptera,MO,eBird,NA
Carduelis carduelis,MO,eBird,NA
Spinus pinus,MO,eBird,NA
Spinus psaltria,MO,eBird,NA
Spinus tristis,MO,eBird,NA
Calcarius lapponicus,MO,eBird,NA
Calcarius ornatus,MO,eBird,NA
Calcarius pictus,MO,eBird,NA
Rhynchophanes mccownii,MO,eBird,NA
Plectrophenax nivalis,MO,eBird,NA
Peucaea aestivalis,MO,eBird,NA
Ammodramus savannarum,MO,eBird,NA
Spizella passerina,MO,eBird,NA
Spizella pallida,MO,eBird,NA
Spizella pusilla,MO,eBird,NA
Amphispiza bilineata,MO,eBird,NA
Chondestes grammacus,MO,eBird,NA
Calamospiza melanocorys,MO,eBird,NA
Spizelloides arborea,MO,eBird,NA
Passerella iliaca,MO,eBird,NA
Junco hyemalis,MO,eBird,NA
Zonotrichia leucophrys,MO,eBird,NA
Zonotrichia atricapilla,MO,eBird,NA
Zonotrichia querula,MO,eBird,NA
Zonotrichia albicollis,MO,eBird,NA
Pooecetes gramineus,MO,eBird,NA
Ammospiza leconteii,MO,eBird,NA
Ammospiza nelsoni,MO,eBird,NA
Passerculus sandwichensis,MO,eBird,NA
Centronyx henslowii,MO,eBird,NA
Melospiza melodia,MO,eBird,NA
Melospiza lincolnii,MO,eBird,NA
Melospiza georgiana,MO,eBird,NA
Pipilo chlorurus,MO,eBird,NA
Pipilo maculatus,MO,eBird,NA
Pipilo erythrophthalmus,MO,eBird,NA
Icteria virens,MO,eBird,NA
Xanthocephalus xanthocephalus,MO,eBird,NA
Dolichonyx oryzivorus,MO,eBird,NA
Sturnella neglecta,MO,eBird,NA
Sturnella magna,MO,eBird,NA
Icterus spurius,MO,eBird,NA
Icterus bullockii,MO,eBird,NA
Icterus galbula,MO,eBird,NA
Agelaius phoeniceus,MO,eBird,NA
Molothrus aeneus,MO,eBird,NA
Molothrus ater,MO,eBird,NA
Euphagus carolinus,MO,eBird,NA
Euphagus cyanocephalus,MO,eBird,NA
Quiscalus quiscula,MO,eBird,NA
Quiscalus mexicanus,MO,eBird,NA
Seiurus aurocapilla,MO,eBird,NA
Helmitheros vermivorum,MO,eBird,NA
Parkesia motacilla,MO,eBird,NA
Parkesia noveboracensis,MO,eBird,NA
Vermivora bachmanii,MO,eBird,NA
Vermivora chrysoptera,MO,eBird,NA
Vermivora cyanoptera,MO,eBird,NA
Mniotilta varia,MO,eBird,NA
Protonotaria citrea,MO,eBird,NA
Limnothlypis swainsonii,MO,eBird,NA
Leiothlypis peregrina,MO,eBird,NA
Leiothlypis celata,MO,eBird,NA
Leiothlypis ruficapilla,MO,eBird,NA
Oporornis agilis,MO,eBird,NA
Geothlypis philadelphia,MO,eBird,NA
Geothlypis formosa,MO,eBird,NA
Geothlypis trichas,MO,eBird,NA
Setophaga citrina,MO,eBird,NA
Setophaga ruticilla,MO,eBird,NA
Setophaga kirtlandii,MO,eBird,NA
Setophaga tigrina,MO,eBird,NA
Setophaga cerulea,MO,eBird,NA
Setophaga americana,MO,eBird,NA
Setophaga magnolia,MO,eBird,NA
Setophaga castanea,MO,eBird,NA
Setophaga fusca,MO,eBird,NA
Setophaga aestiva,MO,eBird,NA
Setophaga pensylvanica,MO,eBird,NA
Setophaga striata,MO,eBird,NA
Setophaga caerulescens,MO,eBird,NA
Setophaga palmarum,MO,eBird,NA
Setophaga pinus,MO,eBird,NA
Setophaga coronata,MO,eBird,NA
Setophaga dominica,MO,eBird,NA
Setophaga discolor,MO,eBird,NA
Setophaga occidentalis,MO,eBird,NA
Setophaga chrysoparia,MO,eBird,NA
Setophaga virens,MO,eBird,NA
Cardellina canadensis,MO,eBird,NA
Cardellina pusilla,MO,eBird,NA
Myioborus pictus,MO,eBird,NA
Piranga rubra,MO,eBird,NA
Piranga olivacea,MO,eBird,NA
Piranga ludoviciana,MO,eBird,NA
Cardinalis cardinalis,MO,eBird,NA
Pheucticus ludovicianus,MO,eBird,NA
Pheucticus melanocephalus,MO,eBird,NA
Passerina caerulea,MO,eBird,NA
Passerina amoena,MO,eBird,NA
Passerina cyanea,MO,eBird,NA
Passerina ciris,MO,eBird,NA
Spiza americana,MO,eBird,NA
Anser caerulescens,MT,eBird,NA
Anser rossii,MT,eBird,NA
Anser anser,MT,eBird,NA
Anser cygnoides,MT,eBird,NA
Anser albifrons,MT,eBird,NA
Branta bernicla,MT,eBird,NA
Branta leucopsis,MT,eBird,NA
Branta hutchinsii,MT,eBird,NA
Branta canadensis,MT,eBird,NA
Cygnus olor,MT,eBird,NA
Cygnus buccinator,MT,eBird,NA
Cygnus columbianus,MT,eBird,NA
Cygnus cygnus,MT,eBird,NA
Alopochen aegyptiaca,MT,eBird,NA
Cairina moschata,MT,eBird,NA
Aix sponsa,MT,eBird,NA
Aix galericulata,MT,eBird,NA
Sibirionetta formosa,MT,eBird,NA
Spatula querquedula,MT,eBird,NA
Spatula discors,MT,eBird,NA
Spatula cyanoptera,MT,eBird,NA
Spatula clypeata,MT,eBird,NA
Mareca strepera,MT,eBird,NA
Mareca penelope,MT,eBird,NA
Mareca americana,MT,eBird,NA
Anas platyrhynchos,MT,eBird,NA
Anas diazi,MT,eBird,NA
Anas rubripes,MT,eBird,NA
Anas acuta,MT,eBird,NA
Anas crecca,MT,eBird,NA
Aythya valisineria,MT,eBird,NA
Aythya americana,MT,eBird,NA
Aythya collaris,MT,eBird,NA
Aythya fuligula,MT,eBird,NA
Aythya marila,MT,eBird,NA
Aythya affinis,MT,eBird,NA
Histrionicus histrionicus,MT,eBird,NA
Melanitta perspicillata,MT,eBird,NA
Melanitta deglandi,MT,eBird,NA
Melanitta stejnegeri,MT,eBird,NA
Melanitta americana,MT,eBird,NA
Clangula hyemalis,MT,eBird,NA
Bucephala albeola,MT,eBird,NA
Bucephala clangula,MT,eBird,NA
Bucephala islandica,MT,eBird,NA
Lophodytes cucullatus,MT,eBird,NA
Mergus merganser,MT,eBird,NA
Mergus serrator,MT,eBird,NA
Oxyura jamaicensis,MT,eBird,NA
Numida meleagris,MT,eBird,NA
Colinus virginianus,MT,eBird,NA
Callipepla squamata,MT,eBird,NA
Callipepla californica,MT,eBird,NA
Callipepla gambelii,MT,eBird,NA
Meleagris gallopavo,MT,eBird,NA
Bonasa umbellus,MT,eBird,NA
Centrocercus urophasianus,MT,eBird,NA
Dendragapus obscurus,MT,eBird,NA
Tympanuchus phasianellus,MT,eBird,NA
Tympanuchus cupido,MT,eBird,NA
Lagopus leucura,MT,eBird,NA
Lagopus lagopus,MT,eBird,NA
Canachites canadensis,MT,eBird,NA
Perdix perdix,MT,eBird,NA
Phasianus colchicus,MT,eBird,NA
Phasianus versicolor,MT,eBird,NA
Pavo cristatus,MT,eBird,NA
Gallus gallus,MT,eBird,NA
Alectoris chukar,MT,eBird,NA
Columba livia,MT,eBird,NA
Patagioenas fasciata,MT,eBird,NA
Streptopelia decaocto,MT,eBird,NA
Streptopelia roseogrisea,MT,eBird,NA
Columbina inca,MT,eBird,NA
Zenaida asiatica,MT,eBird,NA
Zenaida macroura,MT,eBird,NA
Coccyzus americanus,MT,eBird,NA
Coccyzus erythropthalmus,MT,eBird,NA
Chordeiles minor,MT,eBird,NA
Phalaenoptilus nuttallii,MT,eBird,NA
Cypseloides niger,MT,eBird,NA
Chaetura pelagica,MT,eBird,NA
Chaetura vauxi,MT,eBird,NA
Aeronautes saxatalis,MT,eBird,NA
Colibri thalassinus,MT,eBird,NA
Eugenes fulgens,MT,eBird,NA
Archilochus colubris,MT,eBird,NA
Archilochus alexandri,MT,eBird,NA
Calypte anna,MT,eBird,NA
Calypte costae,MT,eBird,NA
Selasphorus calliope,MT,eBird,NA
Selasphorus rufus,MT,eBird,NA
Selasphorus platycercus,MT,eBird,NA
Rallus limicola,MT,eBird,NA
Porzana carolina,MT,eBird,NA
Gallinula galeata,MT,eBird,NA
Fulica americana,MT,eBird,NA
Coturnicops noveboracensis,MT,eBird,NA
Antigone canadensis,MT,eBird,NA
Grus americana,MT,eBird,NA
Himantopus mexicanus,MT,eBird,NA
Recurvirostra americana,MT,eBird,NA
Pluvialis squatarola,MT,eBird,NA
Pluvialis dominica,MT,eBird,NA
Pluvialis fulva,MT,eBird,NA
Charadrius vociferus,MT,eBird,NA
Charadrius semipalmatus,MT,eBird,NA
Charadrius melodus,MT,eBird,NA
Anarhynchus montanus,MT,eBird,NA
Anarhynchus nivosus,MT,eBird,NA
Bartramia longicauda,MT,eBird,NA
Numenius hudsonicus,MT,eBird,NA
Numenius americanus,MT,eBird,NA
Limosa haemastica,MT,eBird,NA
Limosa fedoa,MT,eBird,NA
Limnodromus griseus,MT,eBird,NA
Limnodromus scolopaceus,MT,eBird,NA
Scolopax minor,MT,eBird,NA
Gallinago delicata,MT,eBird,NA
Phalaropus tricolor,MT,eBird,NA
Phalaropus fulicarius,MT,eBird,NA
Phalaropus lobatus,MT,eBird,NA
Actitis macularius,MT,eBird,NA
Tringa solitaria,MT,eBird,NA
Tringa glareola,MT,eBird,NA
Tringa flavipes,MT,eBird,NA
Tringa semipalmata,MT,eBird,NA
Tringa melanoleuca,MT,eBird,NA
Arenaria interpres,MT,eBird,NA
Arenaria melanocephala,MT,eBird,NA
Calidris canutus,MT,eBird,NA
Calidris pugnax,MT,eBird,NA
Calidris acuminata,MT,eBird,NA
Calidris ferruginea,MT,eBird,NA
Calidris himantopus,MT,eBird,NA
Calidris subruficollis,MT,eBird,NA
Calidris alba,MT,eBird,NA
Calidris alpina,MT,eBird,NA
Calidris maritima,MT,eBird,NA
Calidris bairdii,MT,eBird,NA
Calidris fuscicollis,MT,eBird,NA
Calidris minutilla,MT,eBird,NA
Calidris melanotos,MT,eBird,NA
Calidris mauri,MT,eBird,NA
Calidris pusilla,MT,eBird,NA
Stercorarius longicaudus,MT,eBird,NA
Stercorarius parasiticus,MT,eBird,NA
Stercorarius pomarinus,MT,eBird,NA
Brachyramphus perdix,MT,eBird,NA
Synthliboramphus antiquus,MT,eBird,NA
Hydrocoloeus minutus,MT,eBird,NA
Rhodostethia rosea,MT,eBird,NA
Rissa tridactyla,MT,eBird,NA
Pagophila eburnea,MT,eBird,NA
Xema sabini,MT,eBird,NA
Chroicocephalus philadelphia,MT,eBird,NA
Leucophaeus atricilla,MT,eBird,NA
Leucophaeus pipixcan,MT,eBird,NA
Larus heermanni,MT,eBird,NA
Larus brachyrhynchus,MT,eBird,NA
Larus delawarensis,MT,eBird,NA
Larus occidentalis,MT,eBird,NA
Larus smithsonianus,MT,eBird,NA
Larus marinus,MT,eBird,NA
Larus hyperboreus,MT,eBird,NA
Larus fuscus,MT,eBird,NA
Larus californicus,MT,eBird,NA
Larus glaucescens,MT,eBird,NA
Larus glaucoides,MT,eBird,NA
Sternula antillarum,MT,eBird,NA
Hydroprogne caspia,MT,eBird,NA
Chlidonias niger,MT,eBird,NA
Sterna forsteri,MT,eBird,NA
Sterna paradisaea,MT,eBird,NA
Sterna hirundo,MT,eBird,NA
Podilymbus podiceps,MT,eBird,NA
Podiceps auritus,MT,eBird,NA
Podiceps grisegena,MT,eBird,NA
Podiceps nigricollis,MT,eBird,NA
Aechmophorus occidentalis,MT,eBird,NA
Aechmophorus clarkii,MT,eBird,NA
Gavia stellata,MT,eBird,NA
Gavia pacifica,MT,eBird,NA
Gavia immer,MT,eBird,NA
Gavia adamsii,MT,eBird,NA
Puffinus puffinus,MT,eBird,NA
Mycteria americana,MT,eBird,NA
Nannopterum auritum,MT,eBird,NA
Nannopterum brasilianum,MT,eBird,NA
Plegadis falcinellus,MT,eBird,NA
Plegadis chihi,MT,eBird,NA
Botaurus lentiginosus,MT,eBird,NA
Botaurus exilis,MT,eBird,NA
Nyctanassa violacea,MT,eBird,NA
Nycticorax nycticorax,MT,eBird,NA
Egretta caerulea,MT,eBird,NA
Egretta tricolor,MT,eBird,NA
Egretta thula,MT,eBird,NA
Butorides virescens,MT,eBird,NA
Ardea ibis,MT,eBird,NA
Ardea alba,MT,eBird,NA
Ardea herodias,MT,eBird,NA
Pelecanus erythrorhynchos,MT,eBird,NA
Coragyps atratus,MT,eBird,NA
Cathartes aura,MT,eBird,NA
Pandion haliaetus,MT,eBird,NA
Elanus leucurus,MT,eBird,NA
Aquila chrysaetos,MT,eBird,NA
Accipiter striatus,MT,eBird,NA
Astur cooperii,MT,eBird,NA
Astur atricapillus,MT,eBird,NA
Circus hudsonius,MT,eBird,NA
Haliaeetus leucocephalus,MT,eBird,NA
Ictinia mississippiensis,MT,eBird,NA
Parabuteo unicinctus,MT,eBird,NA
Buteo platypterus,MT,eBird,NA
Buteo lineatus,MT,eBird,NA
Buteo swainsoni,MT,eBird,NA
Buteo jamaicensis,MT,eBird,NA
Buteo lagopus,MT,eBird,NA
Buteo regalis,MT,eBird,NA
Tyto furcata,MT,eBird,NA
Psiloscops flammeolus,MT,eBird,NA
Megascops kennicottii,MT,eBird,NA
Megascops asio,MT,eBird,NA
Bubo scandiacus,MT,eBird,NA
Bubo virginianus,MT,eBird,NA
Surnia ulula,MT,eBird,NA
Glaucidium gnoma,MT,eBird,NA
Athene cunicularia,MT,eBird,NA
Strix varia,MT,eBird,NA
Strix nebulosa,MT,eBird,NA
Asio otus,MT,eBird,NA
Asio flammeus,MT,eBird,NA
Aegolius funereus,MT,eBird,NA
Aegolius acadicus,MT,eBird,NA
Megaceryle alcyon,MT,eBird,NA
Sphyrapicus thyroideus,MT,eBird,NA
Sphyrapicus varius,MT,eBird,NA
Sphyrapicus nuchalis,MT,eBird,NA
Melanerpes lewis,MT,eBird,NA
Melanerpes erythrocephalus,MT,eBird,NA
Melanerpes carolinus,MT,eBird,NA
Picoides dorsalis,MT,eBird,NA
Picoides arcticus,MT,eBird,NA
Dryobates pubescens,MT,eBird,NA
Leuconotopicus villosus,MT,eBird,NA
Leuconotopicus albolarvatus,MT,eBird,NA
Dryocopus pileatus,MT,eBird,NA
Colaptes auratus,MT,eBird,NA
Caracara plancus,MT,eBird,NA
Falco sparverius,MT,eBird,NA
Falco columbarius,MT,eBird,NA
Falco rusticolus,MT,eBird,NA
Falco peregrinus,MT,eBird,NA
Falco mexicanus,MT,eBird,NA
Nymphicus hollandicus,MT,eBird,NA
Ara macao,MT,eBird,NA
Contopus cooperi,MT,eBird,NA
Contopus sordidulus,MT,eBird,NA
Contopus virens,MT,eBird,NA
Empidonax flaviventris,MT,eBird,NA
Empidonax alnorum,MT,eBird,NA
Empidonax traillii,MT,eBird,NA
Empidonax minimus,MT,eBird,NA
Empidonax hammondii,MT,eBird,NA
Empidonax wrightii,MT,eBird,NA
Empidonax oberholseri,MT,eBird,NA
Empidonax difficilis,MT,eBird,NA
Sayornis phoebe,MT,eBird,NA
Sayornis saya,MT,eBird,NA
Pyrocephalus rubinus,MT,eBird,NA
Myiarchus cinerascens,MT,eBird,NA
Myiarchus crinitus,MT,eBird,NA
Tyrannus vociferans,MT,eBird,NA
Tyrannus verticalis,MT,eBird,NA
Tyrannus tyrannus,MT,eBird,NA
Tyrannus forficatus,MT,eBird,NA
Vireo griseus,MT,eBird,NA
Vireo bellii,MT,eBird,NA
Vireo flavifrons,MT,eBird,NA
Vireo cassinii,MT,eBird,NA
Vireo solitarius,MT,eBird,NA
Vireo plumbeus,MT,eBird,NA
Vireo philadelphicus,MT,eBird,NA
Vireo gilvus,MT,eBird,NA
Vireo swainsoni,MT,eBird,NA
Vireo olivaceus,MT,eBird,NA
Lanius ludovicianus,MT,eBird,NA
Lanius borealis,MT,eBird,NA
Perisoreus canadensis,MT,eBird,NA
Gymnorhinus cyanocephalus,MT,eBird,NA
Cyanocitta stelleri,MT,eBird,NA
Cyanocitta cristata,MT,eBird,NA
Aphelocoma californica,MT,eBird,NA
Pica hudsonia,MT,eBird,NA
Nucifraga columbiana,MT,eBird,NA
Corvus brachyrhynchos,MT,eBird,NA
Corvus corax,MT,eBird,NA
Poecile atricapillus,MT,eBird,NA
Poecile gambeli,MT,eBird,NA
Poecile rufescens,MT,eBird,NA
Poecile hudsonicus,MT,eBird,NA
Eremophila alpestris,MT,eBird,NA
Riparia riparia,MT,eBird,NA
Tachycineta bicolor,MT,eBird,NA
Tachycineta thalassina,MT,eBird,NA
Progne subis,MT,eBird,NA
Stelgidopteryx serripennis,MT,eBird,NA
Hirundo rustica,MT,eBird,NA
Petrochelidon pyrrhonota,MT,eBird,NA
Corthylio calendula,MT,eBird,NA
Regulus satrapa,MT,eBird,NA
Sitta carolinensis,MT,eBird,NA
Sitta pygmaea,MT,eBird,NA
Sitta canadensis,MT,eBird,NA
Certhia americana,MT,eBird,NA
Polioptila caerulea,MT,eBird,NA
Salpinctes obsoletus,MT,eBird,NA
Catherpes mexicanus,MT,eBird,NA
Troglodytes aedon,MT,eBird,NA
Troglodytes pacificus,MT,eBird,NA
Troglodytes hiemalis,MT,eBird,NA
Cistothorus stellaris,MT,eBird,NA
Cistothorus palustris,MT,eBird,NA
Thryothorus ludovicianus,MT,eBird,NA
Thryomanes bewickii,MT,eBird,NA
Cinclus mexicanus,MT,eBird,NA
Sturnus vulgaris,MT,eBird,NA
Dumetella carolinensis,MT,eBird,NA
Toxostoma curvirostre,MT,eBird,NA
Toxostoma rufum,MT,eBird,NA
Oreoscoptes montanus,MT,eBird,NA
Mimus polyglottos,MT,eBird,NA
Sialia sialis,MT,eBird,NA
Sialia mexicana,MT,eBird,NA
Sialia currucoides,MT,eBird,NA
Myadestes townsendi,MT,eBird,NA
Ixoreus naevius,MT,eBird,NA
Catharus fuscescens,MT,eBird,NA
Catharus minimus,MT,eBird,NA
Catharus ustulatus,MT,eBird,NA
Catharus guttatus,MT,eBird,NA
Hylocichla mustelina,MT,eBird,NA
Turdus pilaris,MT,eBird,NA
Turdus migratorius,MT,eBird,NA
Bombycilla garrulus,MT,eBird,NA
Bombycilla cedrorum,MT,eBird,NA
Prunella montanella,MT,eBird,NA
Passer domesticus,MT,eBird,NA
Passer montanus,MT,eBird,NA
Anthus rubescens,MT,eBird,NA
Anthus spragueii,MT,eBird,NA
Fringilla montifringilla,MT,eBird,NA
Hesperiphona vespertina,MT,eBird,NA
Pinicola enucleator,MT,eBird,NA
Leucosticte tephrocotis,MT,eBird,NA
Leucosticte atrata,MT,eBird,NA
Haemorhous mexicanus,MT,eBird,NA
Haemorhous purpureus,MT,eBird,NA
Haemorhous cassinii,MT,eBird,NA
Acanthis flammea,MT,eBird,NA
Loxia curvirostra,MT,eBird,NA
Loxia leucoptera,MT,eBird,NA
Spinus pinus,MT,eBird,NA
Spinus psaltria,MT,eBird,NA
Spinus tristis,MT,eBird,NA
Calcarius lapponicus,MT,eBird,NA
Calcarius ornatus,MT,eBird,NA
Calcarius pictus,MT,eBird,NA
Rhynchophanes mccownii,MT,eBird,NA
Plectrophenax nivalis,MT,eBird,NA
Peucaea cassinii,MT,eBird,NA
Ammodramus savannarum,MT,eBird,NA
Spizella passerina,MT,eBird,NA
Spizella pallida,MT,eBird,NA
Spizella pusilla,MT,eBird,NA
Spizella breweri,MT,eBird,NA
Amphispiza bilineata,MT,eBird,NA
Chondestes grammacus,MT,eBird,NA
Calamospiza melanocorys,MT,eBird,NA
Spizelloides arborea,MT,eBird,NA
Passerella iliaca,MT,eBird,NA
Junco hyemalis,MT,eBird,NA
Zonotrichia leucophrys,MT,eBird,NA
Zonotrichia atricapilla,MT,eBird,NA
Zonotrichia querula,MT,eBird,NA
Zonotrichia albicollis,MT,eBird,NA
Artemisiospiza nevadensis,MT,eBird,NA
Pooecetes gramineus,MT,eBird,NA
Ammospiza leconteii,MT,eBird,NA
Ammospiza nelsoni,MT,eBird,NA
Passerculus sandwichensis,MT,eBird,NA
Centronyx bairdii,MT,eBird,NA
Melospiza melodia,MT,eBird,NA
Melospiza lincolnii,MT,eBird,NA
Melospiza georgiana,MT,eBird,NA
Pipilo chlorurus,MT,eBird,NA
Pipilo maculatus,MT,eBird,NA
Pipilo erythrophthalmus,MT,eBird,NA
Icteria virens,MT,eBird,NA
Xanthocephalus xanthocephalus,MT,eBird,NA
Dolichonyx oryzivorus,MT,eBird,NA
Sturnella neglecta,MT,eBird,NA
Sturnella magna,MT,eBird,NA
Icterus spurius,MT,eBird,NA
Icterus cucullatus,MT,eBird,NA
Icterus bullockii,MT,eBird,NA
Icterus galbula,MT,eBird,NA
Icterus parisorum,MT,eBird,NA
Agelaius phoeniceus,MT,eBird,NA
Molothrus ater,MT,eBird,NA
Euphagus carolinus,MT,eBird,NA
Euphagus cyanocephalus,MT,eBird,NA
Quiscalus quiscula,MT,eBird,NA
Quiscalus mexicanus,MT,eBird,NA
Seiurus aurocapilla,MT,eBird,NA
Parkesia noveboracensis,MT,eBird,NA
Vermivora chrysoptera,MT,eBird,NA
Vermivora cyanoptera,MT,eBird,NA
Mniotilta varia,MT,eBird,NA
Protonotaria citrea,MT,eBird,NA
Leiothlypis peregrina,MT,eBird,NA
Leiothlypis celata,MT,eBird,NA
Leiothlypis ruficapilla,MT,eBird,NA
Leiothlypis virginiae,MT,eBird,NA
Oporornis agilis,MT,eBird,NA
Geothlypis tolmiei,MT,eBird,NA
Geothlypis philadelphia,MT,eBird,NA
Geothlypis formosa,MT,eBird,NA
Geothlypis trichas,MT,eBird,NA
Setophaga citrina,MT,eBird,NA
Setophaga ruticilla,MT,eBird,NA
Setophaga tigrina,MT,eBird,NA
Setophaga americana,MT,eBird,NA
Setophaga magnolia,MT,eBird,NA
Setophaga castanea,MT,eBird,NA
Setophaga fusca,MT,eBird,NA
Setophaga aestiva,MT,eBird,NA
Setophaga pensylvanica,MT,eBird,NA
Setophaga striata,MT,eBird,NA
Setophaga caerulescens,MT,eBird,NA
Setophaga palmarum,MT,eBird,NA
Setophaga pinus,MT,eBird,NA
Setophaga coronata,MT,eBird,NA
Setophaga dominica,MT,eBird,NA
Setophaga discolor,MT,eBird,NA
Setophaga nigrescens,MT,eBird,NA
Setophaga townsendi,MT,eBird,NA
Setophaga virens,MT,eBird,NA
Cardellina canadensis,MT,eBird,NA
Cardellina pusilla,MT,eBird,NA
Myioborus pictus,MT,eBird,NA
Piranga rubra,MT,eBird,NA
Piranga olivacea,MT,eBird,NA
Piranga ludoviciana,MT,eBird,NA
Cardinalis cardinalis,MT,eBird,NA
Cardinalis sinuatus,MT,eBird,NA
Pheucticus ludovicianus,MT,eBird,NA
Pheucticus melanocephalus,MT,eBird,NA
Passerina caerulea,MT,eBird,NA
Passerina amoena,MT,eBird,NA
Passerina cyanea,MT,eBird,NA
Passerina ciris,MT,eBird,NA
Spiza americana,MT,eBird,NA
Dendrocygna autumnalis,NE,eBird,NA
Dendrocygna bicolor,NE,eBird,NA
Anser indicus,NE,eBird,NA
Anser canagicus,NE,eBird,NA
Anser caerulescens,NE,eBird,NA
Anser rossii,NE,eBird,NA
Anser anser,NE,eBird,NA
Anser cygnoides,NE,eBird,NA
Anser albifrons,NE,eBird,NA
Anser fabalis,NE,eBird,NA
Anser brachyrhynchus,NE,eBird,NA
Branta bernicla,NE,eBird,NA
Branta hutchinsii,NE,eBird,NA
Branta canadensis,NE,eBird,NA
Cygnus olor,NE,eBird,NA
Cygnus buccinator,NE,eBird,NA
Cygnus columbianus,NE,eBird,NA
Cygnus cygnus,NE,eBird,NA
Alopochen aegyptiaca,NE,eBird,NA
Tadorna ferruginea,NE,eBird,NA
Cairina moschata,NE,eBird,NA
Aix sponsa,NE,eBird,NA
Aix galericulata,NE,eBird,NA
Spatula querquedula,NE,eBird,NA
Spatula discors,NE,eBird,NA
Spatula cyanoptera,NE,eBird,NA
Spatula clypeata,NE,eBird,NA
Mareca strepera,NE,eBird,NA
Mareca penelope,NE,eBird,NA
Mareca americana,NE,eBird,NA
Anas platyrhynchos,NE,eBird,NA
Anas diazi,NE,eBird,NA
Anas rubripes,NE,eBird,NA
Anas fulvigula,NE,eBird,NA
Anas acuta,NE,eBird,NA
Anas crecca,NE,eBird,NA
Aythya valisineria,NE,eBird,NA
Aythya americana,NE,eBird,NA
Aythya collaris,NE,eBird,NA
Aythya fuligula,NE,eBird,NA
Aythya marila,NE,eBird,NA
Aythya affinis,NE,eBird,NA
Somateria spectabilis,NE,eBird,NA
Somateria mollissima,NE,eBird,NA
Histrionicus histrionicus,NE,eBird,NA
Melanitta perspicillata,NE,eBird,NA
Melanitta deglandi,NE,eBird,NA
Melanitta americana,NE,eBird,NA
Clangula hyemalis,NE,eBird,NA
Bucephala albeola,NE,eBird,NA
Bucephala clangula,NE,eBird,NA
Bucephala islandica,NE,eBird,NA
Lophodytes cucullatus,NE,eBird,NA
Mergus merganser,NE,eBird,NA
Mergus serrator,NE,eBird,NA
Oxyura jamaicensis,NE,eBird,NA
Numida meleagris,NE,eBird,NA
Colinus virginianus,NE,eBird,NA
Meleagris gallopavo,NE,eBird,NA
Bonasa umbellus,NE,eBird,NA
Centrocercus urophasianus,NE,eBird,NA
Tympanuchus phasianellus,NE,eBird,NA
Tympanuchus cupido,NE,eBird,NA
Tympanuchus pallidicinctus,NE,eBird,NA
Perdix perdix,NE,eBird,NA
Phasianus colchicus,NE,eBird,NA
Pavo cristatus,NE,eBird,NA
Gallus gallus,NE,eBird,NA
Alectoris chukar,NE,eBird,NA
Columba livia,NE,eBird,NA
Patagioenas fasciata,NE,eBird,NA
Ectopistes migratorius,NE,eBird,NA
Streptopelia decaocto,NE,eBird,NA
Streptopelia roseogrisea,NE,eBird,NA
Columbina inca,NE,eBird,NA
Columbina passerina,NE,eBird,NA
Zenaida asiatica,NE,eBird,NA
Zenaida macroura,NE,eBird,NA
Crotophaga sulcirostris,NE,eBird,NA
Coccyzus americanus,NE,eBird,NA
Coccyzus erythropthalmus,NE,eBird,NA
Chordeiles minor,NE,eBird,NA
Phalaenoptilus nuttallii,NE,eBird,NA
Antrostomus carolinensis,NE,eBird,NA
Antrostomus vociferus,NE,eBird,NA
Chaetura pelagica,NE,eBird,NA
Aeronautes saxatalis,NE,eBird,NA
Archilochus colubris,NE,eBird,NA
Archilochus alexandri,NE,eBird,NA
Calypte anna,NE,eBird,NA
Calypte costae,NE,eBird,NA
Selasphorus calliope,NE,eBird,NA
Selasphorus rufus,NE,eBird,NA
Selasphorus platycercus,NE,eBird,NA
Cynanthus latirostris,NE,eBird,NA
Rallus elegans,NE,eBird,NA
Rallus crepitans,NE,eBird,NA
Rallus limicola,NE,eBird,NA
Porzana carolina,NE,eBird,NA
Gallinula galeata,NE,eBird,NA
Fulica americana,NE,eBird,NA
Porphyrio martinica,NE,eBird,NA
Coturnicops noveboracensis,NE,eBird,NA
Laterallus jamaicensis,NE,eBird,NA
Aramus guarauna,NE,eBird,NA
Antigone canadensis,NE,eBird,NA
Grus americana,NE,eBird,NA
Grus grus,NE,eBird,NA
Grus monacha,NE,eBird,NA
Himantopus mexicanus,NE,eBird,NA
Recurvirostra americana,NE,eBird,NA
Pluvialis squatarola,NE,eBird,NA
Pluvialis dominica,NE,eBird,NA
Charadrius vociferus,NE,eBird,NA
Charadrius semipalmatus,NE,eBird,NA
Charadrius melodus,NE,eBird,NA
Anarhynchus montanus,NE,eBird,NA
Anarhynchus nivosus,NE,eBird,NA
Bartramia longicauda,NE,eBird,NA
Numenius hudsonicus,NE,eBird,NA
Numenius borealis,NE,eBird,NA
Numenius americanus,NE,eBird,NA
Limosa haemastica,NE,eBird,NA
Limosa fedoa,NE,eBird,NA
Limnodromus griseus,NE,eBird,NA
Limnodromus scolopaceus,NE,eBird,NA
Scolopax minor,NE,eBird,NA
Gallinago delicata,NE,eBird,NA
Phalaropus tricolor,NE,eBird,NA
Phalaropus fulicarius,NE,eBird,NA
Phalaropus lobatus,NE,eBird,NA
Actitis macularius,NE,eBird,NA
Tringa solitaria,NE,eBird,NA
Tringa flavipes,NE,eBird,NA
Tringa semipalmata,NE,eBird,NA
Tringa melanoleuca,NE,eBird,NA
Arenaria interpres,NE,eBird,NA
Calidris canutus,NE,eBird,NA
Calidris pugnax,NE,eBird,NA
Calidris acuminata,NE,eBird,NA
Calidris ferruginea,NE,eBird,NA
Calidris himantopus,NE,eBird,NA
Calidris subruficollis,NE,eBird,NA
Calidris alba,NE,eBird,NA
Calidris alpina,NE,eBird,NA
Calidris bairdii,NE,eBird,NA
Calidris fuscicollis,NE,eBird,NA
Calidris minutilla,NE,eBird,NA
Calidris melanotos,NE,eBird,NA
Calidris mauri,NE,eBird,NA
Calidris pusilla,NE,eBird,NA
Stercorarius longicaudus,NE,eBird,NA
Stercorarius parasiticus,NE,eBird,NA
Stercorarius pomarinus,NE,eBird,NA
Synthliboramphus antiquus,NE,eBird,NA
Hydrocoloeus minutus,NE,eBird,NA
Rhodostethia rosea,NE,eBird,NA
Rissa tridactyla,NE,eBird,NA
Xema sabini,NE,eBird,NA
Chroicocephalus philadelphia,NE,eBird,NA
Chroicocephalus ridibundus,NE,eBird,NA
Leucophaeus atricilla,NE,eBird,NA
Leucophaeus pipixcan,NE,eBird,NA
Larus brachyrhynchus,NE,eBird,NA
Larus delawarensis,NE,eBird,NA
Larus occidentalis,NE,eBird,NA
Larus smithsonianus,NE,eBird,NA
Larus marinus,NE,eBird,NA
Larus hyperboreus,NE,eBird,NA
Larus fuscus,NE,eBird,NA
Larus californicus,NE,eBird,NA
Larus glaucescens,NE,eBird,NA
Larus glaucoides,NE,eBird,NA
Sternula antillarum,NE,eBird,NA
Hydroprogne caspia,NE,eBird,NA
Chlidonias niger,NE,eBird,NA
Sterna forsteri,NE,eBird,NA
Sterna paradisaea,NE,eBird,NA
Sterna hirundo,NE,eBird,NA
Thalasseus maximus,NE,eBird,NA
Podilymbus podiceps,NE,eBird,NA
Podiceps auritus,NE,eBird,NA
Podiceps grisegena,NE,eBird,NA
Podiceps nigricollis,NE,eBird,NA
Aechmophorus occidentalis,NE,eBird,NA
Aechmophorus clarkii,NE,eBird,NA
Gavia stellata,NE,eBird,NA
Gavia pacifica,NE,eBird,NA
Gavia immer,NE,eBird,NA
Gavia adamsii,NE,eBird,NA
Mycteria americana,NE,eBird,NA
Fregata magnificens,NE,eBird,NA
Sula leucogaster,NE,eBird,NA
Anhinga anhinga,NE,eBird,NA
Nannopterum auritum,NE,eBird,NA
Nannopterum brasilianum,NE,eBird,NA
Eudocimus albus,NE,eBird,NA
Plegadis falcinellus,NE,eBird,NA
Plegadis chihi,NE,eBird,NA
Platalea ajaja,NE,eBird,NA
Botaurus lentiginosus,NE,eBird,NA
Botaurus exilis,NE,eBird,NA
Nyctanassa violacea,NE,eBird,NA
Nycticorax nycticorax,NE,eBird,NA
Egretta caerulea,NE,eBird,NA
Egretta tricolor,NE,eBird,NA
Egretta rufescens,NE,eBird,NA
Egretta thula,NE,eBird,NA
Butorides virescens,NE,eBird,NA
Ardea ibis,NE,eBird,NA
Ardea alba,NE,eBird,NA
Ardea herodias,NE,eBird,NA
Pelecanus erythrorhynchos,NE,eBird,NA
Pelecanus occidentalis,NE,eBird,NA
Coragyps atratus,NE,eBird,NA
Cathartes aura,NE,eBird,NA
Pandion haliaetus,NE,eBird,NA
Elanus leucurus,NE,eBird,NA
Elanoides forficatus,NE,eBird,NA
Aquila chrysaetos,NE,eBird,NA
Accipiter striatus,NE,eBird,NA
Astur cooperii,NE,eBird,NA
Astur atricapillus,NE,eBird,NA
Circus hudsonius,NE,eBird,NA
Haliaeetus leucocephalus,NE,eBird,NA
Ictinia mississippiensis,NE,eBird,NA
Parabuteo unicinctus,NE,eBird,NA
Buteo platypterus,NE,eBird,NA
Buteo lineatus,NE,eBird,NA
Buteo albonotatus,NE,eBird,NA
Buteo swainsoni,NE,eBird,NA
Buteo jamaicensis,NE,eBird,NA
Buteo lagopus,NE,eBird,NA
Buteo regalis,NE,eBird,NA
Tyto furcata,NE,eBird,NA
Megascops asio,NE,eBird,NA
Bubo scandiacus,NE,eBird,NA
Bubo virginianus,NE,eBird,NA
Surnia ulula,NE,eBird,NA
Athene cunicularia,NE,eBird,NA
Strix varia,NE,eBird,NA
Strix nebulosa,NE,eBird,NA
Asio otus,NE,eBird,NA
Asio flammeus,NE,eBird,NA
Aegolius funereus,NE,eBird,NA
Aegolius acadicus,NE,eBird,NA
Megaceryle alcyon,NE,eBird,NA
Sphyrapicus thyroideus,NE,eBird,NA
Sphyrapicus varius,NE,eBird,NA
Sphyrapicus nuchalis,NE,eBird,NA
Melanerpes lewis,NE,eBird,NA
Melanerpes erythrocephalus,NE,eBird,NA
Melanerpes formicivorus,NE,eBird,NA
Melanerpes carolinus,NE,eBird,NA
Picoides dorsalis,NE,eBird,NA
Dryobates pubescens,NE,eBird,NA
Leuconotopicus villosus,NE,eBird,NA
Dryocopus pileatus,NE,eBird,NA
Colaptes auratus,NE,eBird,NA
Caracara plancus,NE,eBird,NA
Falco sparverius,NE,eBird,NA
Falco columbarius,NE,eBird,NA
Falco rusticolus,NE,eBird,NA
Falco peregrinus,NE,eBird,NA
Falco mexicanus,NE,eBird,NA
Nymphicus hollandicus,NE,eBird,NA
Melopsittacus undulatus,NE,eBird,NA
Agapornis roseicollis,NE,eBird,NA
Myiopsitta monachus,NE,eBird,NA
Conuropsis carolinensis,NE,eBird,NA
Contopus cooperi,NE,eBird,NA
Contopus sordidulus,NE,eBird,NA
Contopus virens,NE,eBird,NA
Empidonax flaviventris,NE,eBird,NA
Empidonax virescens,NE,eBird,NA
Empidonax alnorum,NE,eBird,NA
Empidonax traillii,NE,eBird,NA
Empidonax minimus,NE,eBird,NA
Empidonax hammondii,NE,eBird,NA
Empidonax wrightii,NE,eBird,NA
Empidonax oberholseri,NE,eBird,NA
Empidonax difficilis,NE,eBird,NA
Sayornis nigricans,NE,eBird,NA
Sayornis phoebe,NE,eBird,NA
Sayornis saya,NE,eBird,NA
Pyrocephalus rubinus,NE,eBird,NA
Myiarchus cinerascens,NE,eBird,NA
Myiarchus crinitus,NE,eBird,NA
Pitangus sulphuratus,NE,eBird,NA
Tyrannus couchii,NE,eBird,NA
Tyrannus vociferans,NE,eBird,NA
Tyrannus verticalis,NE,eBird,NA
Tyrannus tyrannus,NE,eBird,NA
Tyrannus forficatus,NE,eBird,NA
Vireo atricapilla,NE,eBird,NA
Vireo griseus,NE,eBird,NA
Vireo bellii,NE,eBird,NA
Vireo flavifrons,NE,eBird,NA
Vireo cassinii,NE,eBird,NA
Vireo solitarius,NE,eBird,NA
Vireo plumbeus,NE,eBird,NA
Vireo philadelphicus,NE,eBird,NA
Vireo gilvus,NE,eBird,NA
Vireo swainsoni,NE,eBird,NA
Vireo olivaceus,NE,eBird,NA
Lanius ludovicianus,NE,eBird,NA
Lanius borealis,NE,eBird,NA
Perisoreus canadensis,NE,eBird,NA
Gymnorhinus cyanocephalus,NE,eBird,NA
Cyanocitta stelleri,NE,eBird,NA
Cyanocitta cristata,NE,eBird,NA
Pica hudsonia,NE,eBird,NA
Nucifraga columbiana,NE,eBird,NA
Corvus brachyrhynchos,NE,eBird,NA
Corvus ossifragus,NE,eBird,NA
Corvus cryptoleucus,NE,eBird,NA
Corvus corax,NE,eBird,NA
Poecile atricapillus,NE,eBird,NA
Poecile gambeli,NE,eBird,NA
Baeolophus bicolor,NE,eBird,NA
Eremophila alpestris,NE,eBird,NA
Riparia riparia,NE,eBird,NA
Tachycineta bicolor,NE,eBird,NA
Tachycineta thalassina,NE,eBird,NA
Progne subis,NE,eBird,NA
Stelgidopteryx serripennis,NE,eBird,NA
Hirundo rustica,NE,eBird,NA
Petrochelidon pyrrhonota,NE,eBird,NA
Petrochelidon fulva,NE,eBird,NA
Corthylio calendula,NE,eBird,NA
Regulus satrapa,NE,eBird,NA
Sitta carolinensis,NE,eBird,NA
Sitta pygmaea,NE,eBird,NA
Sitta pusilla,NE,eBird,NA
Sitta canadensis,NE,eBird,NA
Certhia americana,NE,eBird,NA
Polioptila caerulea,NE,eBird,NA
Salpinctes obsoletus,NE,eBird,NA
Catherpes mexicanus,NE,eBird,NA
Troglodytes aedon,NE,eBird,NA
Troglodytes pacificus,NE,eBird,NA
Troglodytes hiemalis,NE,eBird,NA
Cistothorus stellaris,NE,eBird,NA
Cistothorus palustris,NE,eBird,NA
Thryothorus ludovicianus,NE,eBird,NA
Thryomanes bewickii,NE,eBird,NA
Cinclus mexicanus,NE,eBird,NA
Sturnus vulgaris,NE,eBird,NA
Dumetella carolinensis,NE,eBird,NA
Toxostoma curvirostre,NE,eBird,NA
Toxostoma rufum,NE,eBird,NA
Oreoscoptes montanus,NE,eBird,NA
Mimus polyglottos,NE,eBird,NA
Sialia sialis,NE,eBird,NA
Sialia mexicana,NE,eBird,NA
Sialia currucoides,NE,eBird,NA
Myadestes townsendi,NE,eBird,NA
Ixoreus naevius,NE,eBird,NA
Catharus fuscescens,NE,eBird,NA
Catharus minimus,NE,eBird,NA
Catharus ustulatus,NE,eBird,NA
Catharus guttatus,NE,eBird,NA
Hylocichla mustelina,NE,eBird,NA
Turdus migratorius,NE,eBird,NA
Bombycilla garrulus,NE,eBird,NA
Bombycilla cedrorum,NE,eBird,NA
Phainopepla nitens,NE,eBird,NA
Euplectes franciscanus,NE,eBird,NA
Passer domesticus,NE,eBird,NA
Passer montanus,NE,eBird,NA
Anthus rubescens,NE,eBird,NA
Anthus spragueii,NE,eBird,NA
Fringilla montifringilla,NE,eBird,NA
Hesperiphona vespertina,NE,eBird,NA
Pinicola enucleator,NE,eBird,NA
Leucosticte tephrocotis,NE,eBird,NA
Leucosticte atrata,NE,eBird,NA
Haemorhous mexicanus,NE,eBird,NA
Haemorhous purpureus,NE,eBird,NA
Haemorhous cassinii,NE,eBird,NA
Acanthis flammea,NE,eBird,NA
Loxia curvirostra,NE,eBird,NA
Loxia leucoptera,NE,eBird,NA
Spinus pinus,NE,eBird,NA
Spinus psaltria,NE,eBird,NA
Spinus tristis,NE,eBird,NA
Calcarius lapponicus,NE,eBird,NA
Calcarius ornatus,NE,eBird,NA
Calcarius pictus,NE,eBird,NA
Rhynchophanes mccownii,NE,eBird,NA
Plectrophenax nivalis,NE,eBird,NA
Peucaea cassinii,NE,eBird,NA
Ammodramus savannarum,NE,eBird,NA
Spizella passerina,NE,eBird,NA
Spizella pallida,NE,eBird,NA
Spizella pusilla,NE,eBird,NA
Spizella breweri,NE,eBird,NA
Amphispiza bilineata,NE,eBird,NA
Chondestes grammacus,NE,eBird,NA
Calamospiza melanocorys,NE,eBird,NA
Spizelloides arborea,NE,eBird,NA
Passerella iliaca,NE,eBird,NA
Junco hyemalis,NE,eBird,NA
Zonotrichia leucophrys,NE,eBird,NA
Zonotrichia atricapilla,NE,eBird,NA
Zonotrichia querula,NE,eBird,NA
Zonotrichia albicollis,NE,eBird,NA
Artemisiospiza nevadensis,NE,eBird,NA
Pooecetes gramineus,NE,eBird,NA
Ammospiza leconteii,NE,eBird,NA
Ammospiza nelsoni,NE,eBird,NA
Passerculus sandwichensis,NE,eBird,NA
Centronyx bairdii,NE,eBird,NA
Centronyx henslowii,NE,eBird,NA
Melospiza melodia,NE,eBird,NA
Melospiza lincolnii,NE,eBird,NA
Melospiza georgiana,NE,eBird,NA
Pipilo chlorurus,NE,eBird,NA
Pipilo maculatus,NE,eBird,NA
Pipilo erythrophthalmus,NE,eBird,NA
Icteria virens,NE,eBird,NA
Xanthocephalus xanthocephalus,NE,eBird,NA
Dolichonyx oryzivorus,NE,eBird,NA
Sturnella neglecta,NE,eBird,NA
Sturnella magna,NE,eBird,NA
Icterus spurius,NE,eBird,NA
Icterus cucullatus,NE,eBird,NA
Icterus bullockii,NE,eBird,NA
Icterus galbula,NE,eBird,NA
Icterus parisorum,NE,eBird,NA
Agelaius phoeniceus,NE,eBird,NA
Molothrus ater,NE,eBird,NA
Euphagus carolinus,NE,eBird,NA
Euphagus cyanocephalus,NE,eBird,NA
Quiscalus quiscula,NE,eBird,NA
Quiscalus mexicanus,NE,eBird,NA
Seiurus aurocapilla,NE,eBird,NA
Helmitheros vermivorum,NE,eBird,NA
Parkesia motacilla,NE,eBird,NA
Parkesia noveboracensis,NE,eBird,NA
Vermivora chrysoptera,NE,eBird,NA
Vermivora cyanoptera,NE,eBird,NA
Mniotilta varia,NE,eBird,NA
Protonotaria citrea,NE,eBird,NA
Limnothlypis swainsonii,NE,eBird,NA
Leiothlypis peregrina,NE,eBird,NA
Leiothlypis celata,NE,eBird,NA
Leiothlypis ruficapilla,NE,eBird,NA
Leiothlypis virginiae,NE,eBird,NA
Oporornis agilis,NE,eBird,NA
Geothlypis tolmiei,NE,eBird,NA
Geothlypis philadelphia,NE,eBird,NA
Geothlypis formosa,NE,eBird,NA
Geothlypis trichas,NE,eBird,NA
Setophaga citrina,NE,eBird,NA
Setophaga ruticilla,NE,eBird,NA
Setophaga tigrina,NE,eBird,NA
Setophaga cerulea,NE,eBird,NA
Setophaga americana,NE,eBird,NA
Setophaga magnolia,NE,eBird,NA
Setophaga castanea,NE,eBird,NA
Setophaga fusca,NE,eBird,NA
Setophaga aestiva,NE,eBird,NA
Setophaga pensylvanica,NE,eBird,NA
Setophaga striata,NE,eBird,NA
Setophaga caerulescens,NE,eBird,NA
Setophaga palmarum,NE,eBird,NA
Setophaga pinus,NE,eBird,NA
Setophaga coronata,NE,eBird,NA
Setophaga dominica,NE,eBird,NA
Setophaga discolor,NE,eBird,NA
Setophaga graciae,NE,eBird,NA
Setophaga nigrescens,NE,eBird,NA
Setophaga townsendi,NE,eBird,NA
Setophaga occidentalis,NE,eBird,NA
Setophaga virens,NE,eBird,NA
Cardellina canadensis,NE,eBird,NA
Cardellina pusilla,NE,eBird,NA
Piranga flava,NE,eBird,NA
Piranga rubra,NE,eBird,NA
Piranga olivacea,NE,eBird,NA
Piranga ludoviciana,NE,eBird,NA
Cardinalis cardinalis,NE,eBird,NA
Pheucticus ludovicianus,NE,eBird,NA
Pheucticus melanocephalus,NE,eBird,NA
Passerina caerulea,NE,eBird,NA
Passerina amoena,NE,eBird,NA
Passerina cyanea,NE,eBird,NA
Passerina ciris,NE,eBird,NA
Spiza americana,NE,eBird,NA
Struthio camelus,NV,eBird,NA
Dromaius novaehollandiae,NV,eBird,NA
Dendrocygna autumnalis,NV,eBird,NA
Dendrocygna bicolor,NV,eBird,NA
Anser caerulescens,NV,eBird,NA
Anser rossii,NV,eBird,NA
Anser anser,NV,eBird,NA
Anser cygnoides,NV,eBird,NA
Anser albifrons,NV,eBird,NA
Branta bernicla,NV,eBird,NA
Branta hutchinsii,NV,eBird,NA
Branta canadensis,NV,eBird,NA
Cygnus olor,NV,eBird,NA
Cygnus atratus,NV,eBird,NA
Cygnus buccinator,NV,eBird,NA
Cygnus columbianus,NV,eBird,NA
Tadorna tadorna,NV,eBird,NA
Cairina moschata,NV,eBird,NA
Callonetta leucophrys,NV,eBird,NA
Aix sponsa,NV,eBird,NA
Aix galericulata,NV,eBird,NA
Spatula discors,NV,eBird,NA
Spatula cyanoptera,NV,eBird,NA
Spatula clypeata,NV,eBird,NA
Mareca strepera,NV,eBird,NA
Mareca penelope,NV,eBird,NA
Mareca americana,NV,eBird,NA
Anas platyrhynchos,NV,eBird,NA
Anas diazi,NV,eBird,NA
Anas acuta,NV,eBird,NA
Anas crecca,NV,eBird,NA
Aythya valisineria,NV,eBird,NA
Aythya americana,NV,eBird,NA
Aythya collaris,NV,eBird,NA
Aythya marila,NV,eBird,NA
Aythya affinis,NV,eBird,NA
Somateria spectabilis,NV,eBird,NA
Histrionicus histrionicus,NV,eBird,NA
Melanitta perspicillata,NV,eBird,NA
Melanitta deglandi,NV,eBird,NA
Melanitta americana,NV,eBird,NA
Clangula hyemalis,NV,eBird,NA
Bucephala albeola,NV,eBird,NA
Bucephala clangula,NV,eBird,NA
Bucephala islandica,NV,eBird,NA
Lophodytes cucullatus,NV,eBird,NA
Mergus merganser,NV,eBird,NA
Mergus serrator,NV,eBird,NA
Oxyura jamaicensis,NV,eBird,NA
Numida meleagris,NV,eBird,NA
Oreortyx pictus,NV,eBird,NA
Colinus virginianus,NV,eBird,NA
Callipepla californica,NV,eBird,NA
Callipepla gambelii,NV,eBird,NA
Meleagris gallopavo,NV,eBird,NA
Bonasa umbellus,NV,eBird,NA
Centrocercus urophasianus,NV,eBird,NA
Dendragapus obscurus,NV,eBird,NA
Dendragapus fuliginosus,NV,eBird,NA
Tympanuchus phasianellus,NV,eBird,NA
Perdix perdix,NV,eBird,NA
Phasianus colchicus,NV,eBird,NA
Pavo cristatus,NV,eBird,NA
Gallus gallus,NV,eBird,NA
Tetraogallus himalayensis,NV,eBird,NA
Alectoris chukar,NV,eBird,NA
Columba livia,NV,eBird,NA
Patagioenas fasciata,NV,eBird,NA
Ectopistes migratorius,NV,eBird,NA
Streptopelia decaocto,NV,eBird,NA
Streptopelia roseogrisea,NV,eBird,NA
Columbina inca,NV,eBird,NA
Columbina passerina,NV,eBird,NA
Columbina talpacoti,NV,eBird,NA
Zenaida asiatica,NV,eBird,NA
Zenaida macroura,NV,eBird,NA
Crotophaga sulcirostris,NV,eBird,NA
Geococcyx californianus,NV,eBird,NA
Coccyzus americanus,NV,eBird,NA
Chordeiles acutipennis,NV,eBird,NA
Chordeiles minor,NV,eBird,NA
Phalaenoptilus nuttallii,NV,eBird,NA
Antrostomus carolinensis,NV,eBird,NA
Antrostomus arizonae,NV,eBird,NA
Cypseloides niger,NV,eBird,NA
Chaetura vauxi,NV,eBird,NA
Aeronautes saxatalis,NV,eBird,NA
Eugenes fulgens,NV,eBird,NA
Archilochus colubris,NV,eBird,NA
Archilochus alexandri,NV,eBird,NA
Calypte anna,NV,eBird,NA
Calypte costae,NV,eBird,NA
Selasphorus calliope,NV,eBird,NA
Selasphorus rufus,NV,eBird,NA
Selasphorus platycercus,NV,eBird,NA
Cynanthus latirostris,NV,eBird,NA
Rallus obsoletus,NV,eBird,NA
Rallus limicola,NV,eBird,NA
Porzana carolina,NV,eBird,NA
Gallinula galeata,NV,eBird,NA
Fulica americana,NV,eBird,NA
Porphyrio martinica,NV,eBird,NA
Laterallus jamaicensis,NV,eBird,NA
Antigone canadensis,NV,eBird,NA
Grus grus,NV,eBird,NA
Himantopus mexicanus,NV,eBird,NA
Recurvirostra americana,NV,eBird,NA
Pluvialis squatarola,NV,eBird,NA
Pluvialis dominica,NV,eBird,NA
Pluvialis fulva,NV,eBird,NA
Charadrius vociferus,NV,eBird,NA
Charadrius semipalmatus,NV,eBird,NA
Anarhynchus montanus,NV,eBird,NA
Anarhynchus nivosus,NV,eBird,NA
Bartramia longicauda,NV,eBird,NA
Numenius hudsonicus,NV,eBird,NA
Numenius americanus,NV,eBird,NA
Limosa haemastica,NV,eBird,NA
Limosa fedoa,NV,eBird,NA
Limnodromus griseus,NV,eBird,NA
Limnodromus scolopaceus,NV,eBird,NA
Scolopax minor,NV,eBird,NA
Gallinago delicata,NV,eBird,NA
Phalaropus tricolor,NV,eBird,NA
Phalaropus fulicarius,NV,eBird,NA
Phalaropus lobatus,NV,eBird,NA
Actitis macularius,NV,eBird,NA
Tringa solitaria,NV,eBird,NA
Tringa flavipes,NV,eBird,NA
Tringa semipalmata,NV,eBird,NA
Tringa erythropus,NV,eBird,NA
Tringa melanoleuca,NV,eBird,NA
Arenaria interpres,NV,eBird,NA
Arenaria melanocephala,NV,eBird,NA
Calidris canutus,NV,eBird,NA
Calidris pugnax,NV,eBird,NA
Calidris acuminata,NV,eBird,NA
Calidris ferruginea,NV,eBird,NA
Calidris himantopus,NV,eBird,NA
Calidris ruficollis,NV,eBird,NA
Calidris subruficollis,NV,eBird,NA
Calidris alba,NV,eBird,NA
Calidris alpina,NV,eBird,NA
Calidris bairdii,NV,eBird,NA
Calidris fuscicollis,NV,eBird,NA
Calidris minutilla,NV,eBird,NA
Calidris melanotos,NV,eBird,NA
Calidris mauri,NV,eBird,NA
Calidris pusilla,NV,eBird,NA
Stercorarius longicaudus,NV,eBird,NA
Stercorarius parasiticus,NV,eBird,NA
Stercorarius pomarinus,NV,eBird,NA
Synthliboramphus antiquus,NV,eBird,NA
Hydrocoloeus minutus,NV,eBird,NA
Rissa tridactyla,NV,eBird,NA
Rissa brevirostris,NV,eBird,NA
Xema sabini,NV,eBird,NA
Chroicocephalus philadelphia,NV,eBird,NA
Leucophaeus atricilla,NV,eBird,NA
Leucophaeus pipixcan,NV,eBird,NA
Larus heermanni,NV,eBird,NA
Larus brachyrhynchus,NV,eBird,NA
Larus delawarensis,NV,eBird,NA
Larus livens,NV,eBird,NA
Larus occidentalis,NV,eBird,NA
Larus smithsonianus,NV,eBird,NA
Larus hyperboreus,NV,eBird,NA
Larus fuscus,NV,eBird,NA
Larus californicus,NV,eBird,NA
Larus glaucescens,NV,eBird,NA
Larus schistisagus,NV,eBird,NA
Larus glaucoides,NV,eBird,NA
Rynchops niger,NV,eBird,NA
Sternula antillarum,NV,eBird,NA
Hydroprogne caspia,NV,eBird,NA
Chlidonias niger,NV,eBird,NA
Sterna forsteri,NV,eBird,NA
Sterna paradisaea,NV,eBird,NA
Sterna hirundo,NV,eBird,NA
Thalasseus maximus,NV,eBird,NA
Phoeniconaias minor,NV,eBird,NA
Podilymbus podiceps,NV,eBird,NA
Podiceps auritus,NV,eBird,NA
Podiceps grisegena,NV,eBird,NA
Podiceps nigricollis,NV,eBird,NA
Aechmophorus occidentalis,NV,eBird,NA
Aechmophorus clarkii,NV,eBird,NA
Gavia stellata,NV,eBird,NA
Gavia pacifica,NV,eBird,NA
Gavia immer,NV,eBird,NA
Gavia adamsii,NV,eBird,NA
Hydrobates tethys,NV,eBird,NA
Hydrobates microsoma,NV,eBird,NA
Mycteria americana,NV,eBird,NA
Fregata magnificens,NV,eBird,NA
Sula brewsteri,NV,eBird,NA
Sula nebouxii,NV,eBird,NA
Nannopterum auritum,NV,eBird,NA
Nannopterum brasilianum,NV,eBird,NA
Eudocimus albus,NV,eBird,NA
Plegadis falcinellus,NV,eBird,NA
Plegadis chihi,NV,eBird,NA
Platalea ajaja,NV,eBird,NA
Botaurus lentiginosus,NV,eBird,NA
Botaurus exilis,NV,eBird,NA
Nyctanassa violacea,NV,eBird,NA
Nycticorax nycticorax,NV,eBird,NA
Egretta caerulea,NV,eBird,NA
Egretta tricolor,NV,eBird,NA
Egretta rufescens,NV,eBird,NA
Egretta thula,NV,eBird,NA
Butorides virescens,NV,eBird,NA
Ardea ibis,NV,eBird,NA
Ardea alba,NV,eBird,NA
Ardea herodias,NV,eBird,NA
Pelecanus erythrorhynchos,NV,eBird,NA
Pelecanus occidentalis,NV,eBird,NA
Cathartes aura,NV,eBird,NA
Pandion haliaetus,NV,eBird,NA
Elanus leucurus,NV,eBird,NA
Aquila chrysaetos,NV,eBird,NA
Accipiter striatus,NV,eBird,NA
Astur cooperii,NV,eBird,NA
Astur atricapillus,NV,eBird,NA
Circus hudsonius,NV,eBird,NA
Haliaeetus leucocephalus,NV,eBird,NA
Ictinia mississippiensis,NV,eBird,NA
Buteogallus anthracinus,NV,eBird,NA
Parabuteo unicinctus,NV,eBird,NA
Buteo platypterus,NV,eBird,NA
Buteo lineatus,NV,eBird,NA
Buteo albonotatus,NV,eBird,NA
Buteo swainsoni,NV,eBird,NA
Buteo jamaicensis,NV,eBird,NA
Buteo lagopus,NV,eBird,NA
Buteo regalis,NV,eBird,NA
Tyto furcata,NV,eBird,NA
Psiloscops flammeolus,NV,eBird,NA
Megascops kennicottii,NV,eBird,NA
Bubo scandiacus,NV,eBird,NA
Bubo virginianus,NV,eBird,NA
Glaucidium gnoma,NV,eBird,NA
Micrathene whitneyi,NV,eBird,NA
Athene cunicularia,NV,eBird,NA
Strix occidentalis,NV,eBird,NA
Strix varia,NV,eBird,NA
Asio otus,NV,eBird,NA
Asio flammeus,NV,eBird,NA
Aegolius acadicus,NV,eBird,NA
Megaceryle alcyon,NV,eBird,NA
Sphyrapicus thyroideus,NV,eBird,NA
Sphyrapicus varius,NV,eBird,NA
Sphyrapicus nuchalis,NV,eBird,NA
Sphyrapicus ruber,NV,eBird,NA
Melanerpes lewis,NV,eBird,NA
Melanerpes erythrocephalus,NV,eBird,NA
Melanerpes formicivorus,NV,eBird,NA
Melanerpes uropygialis,NV,eBird,NA
Melanerpes carolinus,NV,eBird,NA
Picoides dorsalis,NV,eBird,NA
Picoides arcticus,NV,eBird,NA
Dryobates pubescens,NV,eBird,NA
Dryobates nuttallii,NV,eBird,NA
Dryobates scalaris,NV,eBird,NA
Leuconotopicus villosus,NV,eBird,NA
Leuconotopicus albolarvatus,NV,eBird,NA
Dryocopus pileatus,NV,eBird,NA
Colaptes auratus,NV,eBird,NA
Colaptes chrysoides,NV,eBird,NA
Caracara plancus,NV,eBird,NA
Falco sparverius,NV,eBird,NA
Falco columbarius,NV,eBird,NA
Falco rusticolus,NV,eBird,NA
Falco peregrinus,NV,eBird,NA
Falco mexicanus,NV,eBird,NA
Nymphicus hollandicus,NV,eBird,NA
Psittacula krameri,NV,eBird,NA
Melopsittacus undulatus,NV,eBird,NA
Agapornis roseicollis,NV,eBird,NA
Myiopsitta monachus,NV,eBird,NA
Brotogeris chiriri,NV,eBird,NA
Ara militaris,NV,eBird,NA
Contopus cooperi,NV,eBird,NA
Contopus pertinax,NV,eBird,NA
Contopus sordidulus,NV,eBird,NA
Contopus virens,NV,eBird,NA
Empidonax flaviventris,NV,eBird,NA
Empidonax traillii,NV,eBird,NA
Empidonax minimus,NV,eBird,NA
Empidonax hammondii,NV,eBird,NA
Empidonax wrightii,NV,eBird,NA
Empidonax oberholseri,NV,eBird,NA
Empidonax difficilis,NV,eBird,NA
Sayornis nigricans,NV,eBird,NA
Sayornis phoebe,NV,eBird,NA
Sayornis saya,NV,eBird,NA
Pyrocephalus rubinus,NV,eBird,NA
Myiarchus tuberculifer,NV,eBird,NA
Myiarchus cinerascens,NV,eBird,NA
Myiarchus crinitus,NV,eBird,NA
Myiarchus tyrannulus,NV,eBird,NA
Myiodynastes luteiventris,NV,eBird,NA
Tyrannus melancholicus,NV,eBird,NA
Tyrannus couchii,NV,eBird,NA
Tyrannus vociferans,NV,eBird,NA
Tyrannus crassirostris,NV,eBird,NA
Tyrannus verticalis,NV,eBird,NA
Tyrannus tyrannus,NV,eBird,NA
Tyrannus forficatus,NV,eBird,NA
Tyrannus savana,NV,eBird,NA
Vireo griseus,NV,eBird,NA
Vireo bellii,NV,eBird,NA
Vireo vicinior,NV,eBird,NA
Vireo huttoni,NV,eBird,NA
Vireo flavifrons,NV,eBird,NA
Vireo cassinii,NV,eBird,NA
Vireo solitarius,NV,eBird,NA
Vireo plumbeus,NV,eBird,NA
Vireo philadelphicus,NV,eBird,NA
Vireo swainsoni,NV,eBird,NA
Vireo olivaceus,NV,eBird,NA
Vireo flavoviridis,NV,eBird,NA
Lanius ludovicianus,NV,eBird,NA
Lanius borealis,NV,eBird,NA
Cyanocorax colliei,NV,eBird,NA
Gymnorhinus cyanocephalus,NV,eBird,NA
Cyanocitta stelleri,NV,eBird,NA
Cyanocitta cristata,NV,eBird,NA
Aphelocoma californica,NV,eBird,NA
Aphelocoma woodhouseii,NV,eBird,NA
Pica hudsonia,NV,eBird,NA
Nucifraga columbiana,NV,eBird,NA
Corvus brachyrhynchos,NV,eBird,NA
Corvus corax,NV,eBird,NA
Poecile atricapillus,NV,eBird,NA
Poecile gambeli,NV,eBird,NA
Baeolophus ridgwayi,NV,eBird,NA
Auriparus flaviceps,NV,eBird,NA
Eremophila alpestris,NV,eBird,NA
Riparia riparia,NV,eBird,NA
Tachycineta bicolor,NV,eBird,NA
Tachycineta thalassina,NV,eBird,NA
Progne subis,NV,eBird,NA
Stelgidopteryx serripennis,NV,eBird,NA
Hirundo rustica,NV,eBird,NA
Petrochelidon pyrrhonota,NV,eBird,NA
Psaltriparus minimus,NV,eBird,NA
Corthylio calendula,NV,eBird,NA
Regulus satrapa,NV,eBird,NA
Sitta carolinensis,NV,eBird,NA
Sitta pygmaea,NV,eBird,NA
Sitta canadensis,NV,eBird,NA
Certhia americana,NV,eBird,NA
Polioptila caerulea,NV,eBird,NA
Polioptila melanura,NV,eBird,NA
Salpinctes obsoletus,NV,eBird,NA
Catherpes mexicanus,NV,eBird,NA
Troglodytes aedon,NV,eBird,NA
Troglodytes pacificus,NV,eBird,NA
Troglodytes hiemalis,NV,eBird,NA
Cistothorus stellaris,NV,eBird,NA
Cistothorus palustris,NV,eBird,NA
Thryomanes bewickii,NV,eBird,NA
Campylorhynchus brunneicapillus,NV,eBird,NA
Cinclus mexicanus,NV,eBird,NA
Sturnus vulgaris,NV,eBird,NA
Dumetella carolinensis,NV,eBird,NA
Toxostoma curvirostre,NV,eBird,NA
Toxostoma rufum,NV,eBird,NA
Toxostoma bendirei,NV,eBird,NA
Toxostoma lecontei,NV,eBird,NA
Toxostoma crissale,NV,eBird,NA
Oreoscoptes montanus,NV,eBird,NA
Mimus polyglottos,NV,eBird,NA
Sialia mexicana,NV,eBird,NA
Sialia currucoides,NV,eBird,NA
Myadestes townsendi,NV,eBird,NA
Ixoreus naevius,NV,eBird,NA
Catharus fuscescens,NV,eBird,NA
Catharus ustulatus,NV,eBird,NA
Catharus guttatus,NV,eBird,NA
Hylocichla mustelina,NV,eBird,NA
Turdus migratorius,NV,eBird,NA
Turdus rufopalliatus,NV,eBird,NA
Bombycilla garrulus,NV,eBird,NA
Bombycilla cedrorum,NV,eBird,NA
Phainopepla nitens,NV,eBird,NA
Euplectes franciscanus,NV,eBird,NA
Padda oryzivora,NV,eBird,NA
Lonchura punctulata,NV,eBird,NA
Passer domesticus,NV,eBird,NA
Motacilla tschutschensis,NV,eBird,NA
Motacilla alba,NV,eBird,NA
Anthus hodgsoni,NV,eBird,NA
Anthus cervinus,NV,eBird,NA
Anthus rubescens,NV,eBird,NA
Anthus spragueii,NV,eBird,NA
Fringilla montifringilla,NV,eBird,NA
Hesperiphona vespertina,NV,eBird,NA
Pinicola enucleator,NV,eBird,NA
Leucosticte tephrocotis,NV,eBird,NA
Leucosticte atrata,NV,eBird,NA
Haemorhous mexicanus,NV,eBird,NA
Haemorhous purpureus,NV,eBird,NA
Haemorhous cassinii,NV,eBird,NA
Crithagra mozambica,NV,eBird,NA
Acanthis flammea,NV,eBird,NA
Loxia curvirostra,NV,eBird,NA
Loxia leucoptera,NV,eBird,NA
Spinus pinus,NV,eBird,NA
Spinus psaltria,NV,eBird,NA
Spinus lawrencei,NV,eBird,NA
Spinus tristis,NV,eBird,NA
Calcarius lapponicus,NV,eBird,NA
Calcarius ornatus,NV,eBird,NA
Calcarius pictus,NV,eBird,NA
Rhynchophanes mccownii,NV,eBird,NA
Plectrophenax nivalis,NV,eBird,NA
Peucaea cassinii,NV,eBird,NA
Ammodramus savannarum,NV,eBird,NA
Spizella passerina,NV,eBird,NA
Spizella pallida,NV,eBird,NA
Spizella atrogularis,NV,eBird,NA
Spizella pusilla,NV,eBird,NA
Spizella breweri,NV,eBird,NA
Amphispiza bilineata,NV,eBird,NA
Chondestes grammacus,NV,eBird,NA
Calamospiza melanocorys,NV,eBird,NA
Spizelloides arborea,NV,eBird,NA
Passerella iliaca,NV,eBird,NA
Junco hyemalis,NV,eBird,NA
Zonotrichia leucophrys,NV,eBird,NA
Zonotrichia atricapilla,NV,eBird,NA
Zonotrichia querula,NV,eBird,NA
Zonotrichia albicollis,NV,eBird,NA
Artemisiospiza nevadensis,NV,eBird,NA
Artemisiospiza belli,NV,eBird,NA
Pooecetes gramineus,NV,eBird,NA
Ammospiza leconteii,NV,eBird,NA
Ammospiza nelsoni,NV,eBird,NA
Passerculus sandwichensis,NV,eBird,NA
Centronyx bairdii,NV,eBird,NA
Melospiza melodia,NV,eBird,NA
Melospiza lincolnii,NV,eBird,NA
Melospiza georgiana,NV,eBird,NA
Melozone aberti,NV,eBird,NA
Aimophila ruficeps,NV,eBird,NA
Pipilo chlorurus,NV,eBird,NA
Pipilo maculatus,NV,eBird,NA
Icteria virens,NV,eBird,NA
Xanthocephalus xanthocephalus,NV,eBird,NA
Dolichonyx oryzivorus,NV,eBird,NA
Sturnella neglecta,NV,eBird,NA
Icterus spurius,NV,eBird,NA
Icterus cucullatus,NV,eBird,NA
Icterus bullockii,NV,eBird,NA
Icterus galbula,NV,eBird,NA
Icterus parisorum,NV,eBird,NA
Agelaius phoeniceus,NV,eBird,NA
Agelaius tricolor,NV,eBird,NA
Molothrus aeneus,NV,eBird,NA
Molothrus ater,NV,eBird,NA
Euphagus carolinus,NV,eBird,NA
Euphagus cyanocephalus,NV,eBird,NA
Quiscalus quiscula,NV,eBird,NA
Quiscalus mexicanus,NV,eBird,NA
Seiurus aurocapilla,NV,eBird,NA
Helmitheros vermivorum,NV,eBird,NA
Parkesia motacilla,NV,eBird,NA
Parkesia noveboracensis,NV,eBird,NA
Vermivora chrysoptera,NV,eBird,NA
Vermivora cyanoptera,NV,eBird,NA
Mniotilta varia,NV,eBird,NA
Protonotaria citrea,NV,eBird,NA
Leiothlypis peregrina,NV,eBird,NA
Leiothlypis celata,NV,eBird,NA
Leiothlypis luciae,NV,eBird,NA
Leiothlypis ruficapilla,NV,eBird,NA
Leiothlypis virginiae,NV,eBird,NA
Oporornis agilis,NV,eBird,NA
Geothlypis tolmiei,NV,eBird,NA
Geothlypis philadelphia,NV,eBird,NA
Geothlypis formosa,NV,eBird,NA
Geothlypis trichas,NV,eBird,NA
Setophaga citrina,NV,eBird,NA
Setophaga ruticilla,NV,eBird,NA
Setophaga tigrina,NV,eBird,NA
Setophaga cerulea,NV,eBird,NA
Setophaga americana,NV,eBird,NA
Setophaga magnolia,NV,eBird,NA
Setophaga castanea,NV,eBird,NA
Setophaga fusca,NV,eBird,NA
Setophaga aestiva,NV,eBird,NA
Setophaga pensylvanica,NV,eBird,NA
Setophaga striata,NV,eBird,NA
Setophaga caerulescens,NV,eBird,NA
Setophaga palmarum,NV,eBird,NA
Setophaga pinus,NV,eBird,NA
Setophaga coronata,NV,eBird,NA
Setophaga dominica,NV,eBird,NA
Setophaga discolor,NV,eBird,NA
Setophaga graciae,NV,eBird,NA
Setophaga nigrescens,NV,eBird,NA
Setophaga townsendi,NV,eBird,NA
Setophaga occidentalis,NV,eBird,NA
Setophaga virens,NV,eBird,NA
Cardellina canadensis,NV,eBird,NA
Cardellina pusilla,NV,eBird,NA
Cardellina rubrifrons,NV,eBird,NA
Myioborus pictus,NV,eBird,NA
Piranga flava,NV,eBird,NA
Piranga rubra,NV,eBird,NA
Piranga olivacea,NV,eBird,NA
Piranga ludoviciana,NV,eBird,NA
Cardinalis cardinalis,NV,eBird,NA
Cardinalis sinuatus,NV,eBird,NA
Pheucticus ludovicianus,NV,eBird,NA
Pheucticus melanocephalus,NV,eBird,NA
Passerina caerulea,NV,eBird,NA
Passerina amoena,NV,eBird,NA
Passerina cyanea,NV,eBird,NA
Passerina versicolor,NV,eBird,NA
Passerina ciris,NV,eBird,NA
Spiza americana,NV,eBird,NA
Dendrocygna autumnalis,NH,eBird,NA
Anser indicus,NH,eBird,NA
Anser caerulescens,NH,eBird,NA
Anser rossii,NH,eBird,NA
Anser anser,NH,eBird,NA
Anser cygnoides,NH,eBird,NA
Anser albifrons,NH,eBird,NA
Anser brachyrhynchus,NH,eBird,NA
Branta bernicla,NH,eBird,NA
Branta leucopsis,NH,eBird,NA
Branta hutchinsii,NH,eBird,NA
Branta canadensis,NH,eBird,NA
Cygnus olor,NH,eBird,NA
Cygnus atratus,NH,eBird,NA
Cygnus buccinator,NH,eBird,NA
Cygnus columbianus,NH,eBird,NA
Cygnus cygnus,NH,eBird,NA
Tadorna tadorna,NH,eBird,NA
Cairina moschata,NH,eBird,NA
Aix sponsa,NH,eBird,NA
Aix galericulata,NH,eBird,NA
Spatula discors,NH,eBird,NA
Spatula clypeata,NH,eBird,NA
Mareca strepera,NH,eBird,NA
Mareca penelope,NH,eBird,NA
Mareca americana,NH,eBird,NA
Anas platyrhynchos,NH,eBird,NA
Anas rubripes,NH,eBird,NA
Anas acuta,NH,eBird,NA
Anas crecca,NH,eBird,NA
Aythya valisineria,NH,eBird,NA
Aythya americana,NH,eBird,NA
Aythya collaris,NH,eBird,NA
Aythya fuligula,NH,eBird,NA
Aythya marila,NH,eBird,NA
Aythya affinis,NH,eBird,NA
Somateria spectabilis,NH,eBird,NA
Somateria mollissima,NH,eBird,NA
Histrionicus histrionicus,NH,eBird,NA
Melanitta perspicillata,NH,eBird,NA
Melanitta deglandi,NH,eBird,NA
Melanitta americana,NH,eBird,NA
Clangula hyemalis,NH,eBird,NA
Bucephala albeola,NH,eBird,NA
Bucephala clangula,NH,eBird,NA
Bucephala islandica,NH,eBird,NA
Lophodytes cucullatus,NH,eBird,NA
Mergus merganser,NH,eBird,NA
Mergus serrator,NH,eBird,NA
Oxyura jamaicensis,NH,eBird,NA
Numida meleagris,NH,eBird,NA
Colinus virginianus,NH,eBird,NA
Meleagris gallopavo,NH,eBird,NA
Bonasa umbellus,NH,eBird,NA
Canachites canadensis,NH,eBird,NA
Perdix perdix,NH,eBird,NA
Phasianus colchicus,NH,eBird,NA
Gallus gallus,NH,eBird,NA
Coturnix japonica,NH,eBird,NA
Alectoris chukar,NH,eBird,NA
Columba livia,NH,eBird,NA
Patagioenas fasciata,NH,eBird,NA
Streptopelia decaocto,NH,eBird,NA
Streptopelia roseogrisea,NH,eBird,NA
Zenaida asiatica,NH,eBird,NA
Zenaida macroura,NH,eBird,NA
Coccyzus americanus,NH,eBird,NA
Coccyzus erythropthalmus,NH,eBird,NA
Cuculus canorus,NH,eBird,NA
Chordeiles minor,NH,eBird,NA
Antrostomus carolinensis,NH,eBird,NA
Antrostomus vociferus,NH,eBird,NA
Chaetura pelagica,NH,eBird,NA
Archilochus colubris,NH,eBird,NA
Calypte anna,NH,eBird,NA
Selasphorus calliope,NH,eBird,NA
Selasphorus rufus,NH,eBird,NA
Rallus elegans,NH,eBird,NA
Rallus crepitans,NH,eBird,NA
Rallus limicola,NH,eBird,NA
Porzana carolina,NH,eBird,NA
Gallinula galeata,NH,eBird,NA
Fulica americana,NH,eBird,NA
Porphyrio martinica,NH,eBird,NA
Coturnicops noveboracensis,NH,eBird,NA
Laterallus jamaicensis,NH,eBird,NA
Antigone canadensis,NH,eBird,NA
Himantopus mexicanus,NH,eBird,NA
Recurvirostra americana,NH,eBird,NA
Haematopus palliatus,NH,eBird,NA
Pluvialis squatarola,NH,eBird,NA
Pluvialis dominica,NH,eBird,NA
Charadrius vociferus,NH,eBird,NA
Charadrius semipalmatus,NH,eBird,NA
Charadrius melodus,NH,eBird,NA
Vanellus vanellus,NH,eBird,NA
Anarhynchus wilsonia,NH,eBird,NA
Bartramia longicauda,NH,eBird,NA
Numenius hudsonicus,NH,eBird,NA
Limosa haemastica,NH,eBird,NA
Limosa fedoa,NH,eBird,NA
Limnodromus griseus,NH,eBird,NA
Limnodromus scolopaceus,NH,eBird,NA
Scolopax minor,NH,eBird,NA
Gallinago delicata,NH,eBird,NA
Phalaropus tricolor,NH,eBird,NA
Phalaropus fulicarius,NH,eBird,NA
Phalaropus lobatus,NH,eBird,NA
Actitis macularius,NH,eBird,NA
Tringa solitaria,NH,eBird,NA
Tringa flavipes,NH,eBird,NA
Tringa semipalmata,NH,eBird,NA
Tringa melanoleuca,NH,eBird,NA
Arenaria interpres,NH,eBird,NA
Calidris canutus,NH,eBird,NA
Calidris pugnax,NH,eBird,NA
Calidris ferruginea,NH,eBird,NA
Calidris himantopus,NH,eBird,NA
Calidris subruficollis,NH,eBird,NA
Calidris alba,NH,eBird,NA
Calidris alpina,NH,eBird,NA
Calidris maritima,NH,eBird,NA
Calidris bairdii,NH,eBird,NA
Calidris minuta,NH,eBird,NA
Calidris fuscicollis,NH,eBird,NA
Calidris minutilla,NH,eBird,NA
Calidris melanotos,NH,eBird,NA
Calidris mauri,NH,eBird,NA
Calidris pusilla,NH,eBird,NA
Stercorarius longicaudus,NH,eBird,NA
Stercorarius parasiticus,NH,eBird,NA
Stercorarius pomarinus,NH,eBird,NA
Stercorarius maccormicki,NH,eBird,NA
Fratercula arctica,NH,eBird,NA
Cepphus grylle,NH,eBird,NA
Alca torda,NH,eBird,NA
Alle alle,NH,eBird,NA
Uria lomvia,NH,eBird,NA
Uria aalge,NH,eBird,NA
Hydrocoloeus minutus,NH,eBird,NA
Rhodostethia rosea,NH,eBird,NA
Rissa tridactyla,NH,eBird,NA
Pagophila eburnea,NH,eBird,NA
Xema sabini,NH,eBird,NA
Chroicocephalus philadelphia,NH,eBird,NA
Chroicocephalus ridibundus,NH,eBird,NA
Leucophaeus atricilla,NH,eBird,NA
Leucophaeus pipixcan,NH,eBird,NA
Larus canus,NH,eBird,NA
Larus delawarensis,NH,eBird,NA
Larus smithsonianus,NH,eBird,NA
Larus marinus,NH,eBird,NA
Larus hyperboreus,NH,eBird,NA
Larus fuscus,NH,eBird,NA
Larus glaucescens,NH,eBird,NA
Larus schistisagus,NH,eBird,NA
Larus glaucoides,NH,eBird,NA
Rynchops niger,NH,eBird,NA
Onychoprion fuscatus,NH,eBird,NA
Onychoprion anaethetus,NH,eBird,NA
Sternula antillarum,NH,eBird,NA
Gelochelidon nilotica,NH,eBird,NA
Hydroprogne caspia,NH,eBird,NA
Chlidonias niger,NH,eBird,NA
Sterna forsteri,NH,eBird,NA
Sterna paradisaea,NH,eBird,NA
Sterna hirundo,NH,eBird,NA
Sterna dougallii,NH,eBird,NA
Thalasseus sandvicensis,NH,eBird,NA
Thalasseus maximus,NH,eBird,NA
Phoenicopterus ruber,NH,eBird,NA
Podilymbus podiceps,NH,eBird,NA
Podiceps auritus,NH,eBird,NA
Podiceps grisegena,NH,eBird,NA
Podiceps nigricollis,NH,eBird,NA
Aechmophorus occidentalis,NH,eBird,NA
Phaethon lepturus,NH,eBird,NA
Phaethon aethereus,NH,eBird,NA
Gavia stellata,NH,eBird,NA
Gavia arctica,NH,eBird,NA
Gavia pacifica,NH,eBird,NA
Gavia immer,NH,eBird,NA
Thalassarche chlororhynchos,NH,eBird,NA
Oceanites oceanicus,NH,eBird,NA
Hydrobates leucorhous,NH,eBird,NA
Fulmarus glacialis,NH,eBird,NA
Calonectris borealis,NH,eBird,NA
Ardenna gravis,NH,eBird,NA
Ardenna grisea,NH,eBird,NA
Puffinus puffinus,NH,eBird,NA
Mycteria americana,NH,eBird,NA
Fregata magnificens,NH,eBird,NA
Morus bassanus,NH,eBird,NA
Sula leucogaster,NH,eBird,NA
Phalacrocorax carbo,NH,eBird,NA
Nannopterum auritum,NH,eBird,NA
Nannopterum brasilianum,NH,eBird,NA
Eudocimus albus,NH,eBird,NA
Plegadis falcinellus,NH,eBird,NA
Plegadis chihi,NH,eBird,NA
Platalea ajaja,NH,eBird,NA
Botaurus lentiginosus,NH,eBird,NA
Botaurus exilis,NH,eBird,NA
Nyctanassa violacea,NH,eBird,NA
Nycticorax nycticorax,NH,eBird,NA
Egretta caerulea,NH,eBird,NA
Egretta tricolor,NH,eBird,NA
Egretta thula,NH,eBird,NA
Egretta garzetta,NH,eBird,NA
Egretta gularis,NH,eBird,NA
Butorides virescens,NH,eBird,NA
Ardea ibis,NH,eBird,NA
Ardea alba,NH,eBird,NA
Ardea herodias,NH,eBird,NA
Pelecanus erythrorhynchos,NH,eBird,NA
Pelecanus occidentalis,NH,eBird,NA
Coragyps atratus,NH,eBird,NA
Cathartes aura,NH,eBird,NA
Pandion haliaetus,NH,eBird,NA
Elanoides forficatus,NH,eBird,NA
Aquila chrysaetos,NH,eBird,NA
Accipiter striatus,NH,eBird,NA
Astur cooperii,NH,eBird,NA
Astur atricapillus,NH,eBird,NA
Circus hudsonius,NH,eBird,NA
Haliaeetus leucocephalus,NH,eBird,NA
Ictinia mississippiensis,NH,eBird,NA
Buteo platypterus,NH,eBird,NA
Buteo lineatus,NH,eBird,NA
Buteo swainsoni,NH,eBird,NA
Buteo jamaicensis,NH,eBird,NA
Buteo lagopus,NH,eBird,NA
Tyto furcata,NH,eBird,NA
Megascops asio,NH,eBird,NA
Bubo scandiacus,NH,eBird,NA
Bubo virginianus,NH,eBird,NA
Surnia ulula,NH,eBird,NA
Athene cunicularia,NH,eBird,NA
Strix varia,NH,eBird,NA
Strix nebulosa,NH,eBird,NA
Asio otus,NH,eBird,NA
Asio flammeus,NH,eBird,NA
Aegolius funereus,NH,eBird,NA
Aegolius acadicus,NH,eBird,NA
Megaceryle alcyon,NH,eBird,NA
Sphyrapicus varius,NH,eBird,NA
Melanerpes erythrocephalus,NH,eBird,NA
Melanerpes carolinus,NH,eBird,NA
Picoides dorsalis,NH,eBird,NA
Picoides arcticus,NH,eBird,NA
Dryobates pubescens,NH,eBird,NA
Leuconotopicus villosus,NH,eBird,NA
Dryocopus pileatus,NH,eBird,NA
Colaptes auratus,NH,eBird,NA
Falco sparverius,NH,eBird,NA
Falco columbarius,NH,eBird,NA
Falco rusticolus,NH,eBird,NA
Falco peregrinus,NH,eBird,NA
Melopsittacus undulatus,NH,eBird,NA
Myiopsitta monachus,NH,eBird,NA
Contopus cooperi,NH,eBird,NA
Contopus sordidulus,NH,eBird,NA
Contopus virens,NH,eBird,NA
Empidonax flaviventris,NH,eBird,NA
Empidonax virescens,NH,eBird,NA
Empidonax alnorum,NH,eBird,NA
Empidonax traillii,NH,eBird,NA
Empidonax minimus,NH,eBird,NA
Sayornis phoebe,NH,eBird,NA
Sayornis saya,NH,eBird,NA
Pyrocephalus rubinus,NH,eBird,NA
Myiarchus cinerascens,NH,eBird,NA
Myiarchus crinitus,NH,eBird,NA
Tyrannus melancholicus,NH,eBird,NA
Tyrannus verticalis,NH,eBird,NA
Tyrannus tyrannus,NH,eBird,NA
Tyrannus forficatus,NH,eBird,NA
Tyrannus savana,NH,eBird,NA
Vireo griseus,NH,eBird,NA
Vireo bellii,NH,eBird,NA
Vireo flavifrons,NH,eBird,NA
Vireo solitarius,NH,eBird,NA
Vireo philadelphicus,NH,eBird,NA
Vireo gilvus,NH,eBird,NA
Vireo olivaceus,NH,eBird,NA
Lanius ludovicianus,NH,eBird,NA
Lanius borealis,NH,eBird,NA
Perisoreus canadensis,NH,eBird,NA
Cyanocitta cristata,NH,eBird,NA
Pica hudsonia,NH,eBird,NA
Corvus brachyrhynchos,NH,eBird,NA
Corvus ossifragus,NH,eBird,NA
Corvus corax,NH,eBird,NA
Poecile atricapillus,NH,eBird,NA
Poecile hudsonicus,NH,eBird,NA
Baeolophus bicolor,NH,eBird,NA
Eremophila alpestris,NH,eBird,NA
Riparia riparia,NH,eBird,NA
Tachycineta bicolor,NH,eBird,NA
Progne subis,NH,eBird,NA
Stelgidopteryx serripennis,NH,eBird,NA
Hirundo rustica,NH,eBird,NA
Petrochelidon pyrrhonota,NH,eBird,NA
Petrochelidon fulva,NH,eBird,NA
Corthylio calendula,NH,eBird,NA
Regulus satrapa,NH,eBird,NA
Sitta carolinensis,NH,eBird,NA
Sitta canadensis,NH,eBird,NA
Certhia americana,NH,eBird,NA
Polioptila caerulea,NH,eBird,NA
Troglodytes aedon,NH,eBird,NA
Troglodytes hiemalis,NH,eBird,NA
Cistothorus stellaris,NH,eBird,NA
Cistothorus palustris,NH,eBird,NA
Thryothorus ludovicianus,NH,eBird,NA
Sturnus vulgaris,NH,eBird,NA
Dumetella carolinensis,NH,eBird,NA
Toxostoma rufum,NH,eBird,NA
Oreoscoptes montanus,NH,eBird,NA
Mimus polyglottos,NH,eBird,NA
Sialia sialis,NH,eBird,NA
Sialia currucoides,NH,eBird,NA
Myadestes townsendi,NH,eBird,NA
Ixoreus naevius,NH,eBird,NA
Catharus fuscescens,NH,eBird,NA
Catharus minimus,NH,eBird,NA
Catharus bicknelli,NH,eBird,NA
Catharus ustulatus,NH,eBird,NA
Catharus guttatus,NH,eBird,NA
Hylocichla mustelina,NH,eBird,NA
Turdus iliacus,NH,eBird,NA
Turdus migratorius,NH,eBird,NA
Oenanthe oenanthe,NH,eBird,NA
Bombycilla garrulus,NH,eBird,NA
Bombycilla cedrorum,NH,eBird,NA
Taeniopygia guttata,NH,eBird,NA
Passer domesticus,NH,eBird,NA
Motacilla alba,NH,eBird,NA
Anthus rubescens,NH,eBird,NA
Fringilla coelebs,NH,eBird,NA
Fringilla montifringilla,NH,eBird,NA
Hesperiphona vespertina,NH,eBird,NA
Pinicola enucleator,NH,eBird,NA
Haemorhous mexicanus,NH,eBird,NA
Haemorhous purpureus,NH,eBird,NA
Acanthis flammea,NH,eBird,NA
Loxia curvirostra,NH,eBird,NA
Loxia leucoptera,NH,eBird,NA
Carduelis carduelis,NH,eBird,NA
Spinus pinus,NH,eBird,NA
Spinus tristis,NH,eBird,NA
Calcarius lapponicus,NH,eBird,NA
Calcarius ornatus,NH,eBird,NA
Plectrophenax nivalis,NH,eBird,NA
Peucaea cassinii,NH,eBird,NA
Ammodramus savannarum,NH,eBird,NA
Spizella passerina,NH,eBird,NA
Spizella pallida,NH,eBird,NA
Spizella pusilla,NH,eBird,NA
Chondestes grammacus,NH,eBird,NA
Calamospiza melanocorys,NH,eBird,NA
Spizelloides arborea,NH,eBird,NA
Passerella iliaca,NH,eBird,NA
Junco hyemalis,NH,eBird,NA
Zonotrichia leucophrys,NH,eBird,NA
Zonotrichia atricapilla,NH,eBird,NA
Zonotrichia querula,NH,eBird,NA
Zonotrichia albicollis,NH,eBird,NA
Pooecetes gramineus,NH,eBird,NA
Ammospiza leconteii,NH,eBird,NA
Ammospiza maritima,NH,eBird,NA
Ammospiza nelsoni,NH,eBird,NA
Ammospiza caudacuta,NH,eBird,NA
Passerculus sandwichensis,NH,eBird,NA
Centronyx henslowii,NH,eBird,NA
Melospiza melodia,NH,eBird,NA
Melospiza lincolnii,NH,eBird,NA
Melospiza georgiana,NH,eBird,NA
Pipilo chlorurus,NH,eBird,NA
Pipilo maculatus,NH,eBird,NA
Pipilo erythrophthalmus,NH,eBird,NA
Icteria virens,NH,eBird,NA
Xanthocephalus xanthocephalus,NH,eBird,NA
Dolichonyx oryzivorus,NH,eBird,NA
Sturnella neglecta,NH,eBird,NA
Sturnella magna,NH,eBird,NA
Icterus spurius,NH,eBird,NA
Icterus bullockii,NH,eBird,NA
Icterus galbula,NH,eBird,NA
Agelaius phoeniceus,NH,eBird,NA
Molothrus ater,NH,eBird,NA
Euphagus carolinus,NH,eBird,NA
Quiscalus quiscula,NH,eBird,NA
Seiurus aurocapilla,NH,eBird,NA
Helmitheros vermivorum,NH,eBird,NA
Parkesia motacilla,NH,eBird,NA
Parkesia noveboracensis,NH,eBird,NA
Vermivora chrysoptera,NH,eBird,NA
Vermivora cyanoptera,NH,eBird,NA
Mniotilta varia,NH,eBird,NA
Protonotaria citrea,NH,eBird,NA
Leiothlypis peregrina,NH,eBird,NA
Leiothlypis celata,NH,eBird,NA
Leiothlypis ruficapilla,NH,eBird,NA
Leiothlypis virginiae,NH,eBird,NA
Oporornis agilis,NH,eBird,NA
Geothlypis tolmiei,NH,eBird,NA
Geothlypis philadelphia,NH,eBird,NA
Geothlypis formosa,NH,eBird,NA
Geothlypis trichas,NH,eBird,NA
Setophaga citrina,NH,eBird,NA
Setophaga ruticilla,NH,eBird,NA
Setophaga tigrina,NH,eBird,NA
Setophaga cerulea,NH,eBird,NA
Setophaga americana,NH,eBird,NA
Setophaga magnolia,NH,eBird,NA
Setophaga castanea,NH,eBird,NA
Setophaga fusca,NH,eBird,NA
Setophaga aestiva,NH,eBird,NA
Setophaga pensylvanica,NH,eBird,NA
Setophaga striata,NH,eBird,NA
Setophaga caerulescens,NH,eBird,NA
Setophaga palmarum,NH,eBird,NA
Setophaga pinus,NH,eBird,NA
Setophaga coronata,NH,eBird,NA
Setophaga dominica,NH,eBird,NA
Setophaga discolor,NH,eBird,NA
Setophaga nigrescens,NH,eBird,NA
Setophaga townsendi,NH,eBird,NA
Setophaga virens,NH,eBird,NA
Cardellina canadensis,NH,eBird,NA
Cardellina pusilla,NH,eBird,NA
Piranga rubra,NH,eBird,NA
Piranga olivacea,NH,eBird,NA
Piranga ludoviciana,NH,eBird,NA
Cardinalis cardinalis,NH,eBird,NA
Pheucticus ludovicianus,NH,eBird,NA
Pheucticus melanocephalus,NH,eBird,NA
Passerina caerulea,NH,eBird,NA
Passerina amoena,NH,eBird,NA
Passerina cyanea,NH,eBird,NA
Passerina ciris,NH,eBird,NA
Spiza americana,NH,eBird,NA
Paroaria coronata,NH,eBird,NA
Dendrocygna autumnalis,NJ,eBird,NA
Dendrocygna bicolor,NJ,eBird,NA
Anser caerulescens,NJ,eBird,NA
Anser rossii,NJ,eBird,NA
Anser anser,NJ,eBird,NA
Anser cygnoides,NJ,eBird,NA
Anser albifrons,NJ,eBird,NA
Anser brachyrhynchus,NJ,eBird,NA
Branta bernicla,NJ,eBird,NA
Branta leucopsis,NJ,eBird,NA
Branta hutchinsii,NJ,eBird,NA
Branta canadensis,NJ,eBird,NA
Cygnus olor,NJ,eBird,NA
Cygnus atratus,NJ,eBird,NA
Cygnus buccinator,NJ,eBird,NA
Cygnus columbianus,NJ,eBird,NA
Cygnus cygnus,NJ,eBird,NA
Alopochen aegyptiaca,NJ,eBird,NA
Tadorna ferruginea,NJ,eBird,NA
Cairina moschata,NJ,eBird,NA
Callonetta leucophrys,NJ,eBird,NA
Aix sponsa,NJ,eBird,NA
Aix galericulata,NJ,eBird,NA
Spatula querquedula,NJ,eBird,NA
Spatula discors,NJ,eBird,NA
Spatula cyanoptera,NJ,eBird,NA
Spatula clypeata,NJ,eBird,NA
Mareca strepera,NJ,eBird,NA
Mareca penelope,NJ,eBird,NA
Mareca americana,NJ,eBird,NA
Anas platyrhynchos,NJ,eBird,NA
Anas rubripes,NJ,eBird,NA
Anas bahamensis,NJ,eBird,NA
Anas acuta,NJ,eBird,NA
Anas crecca,NJ,eBird,NA
Aythya valisineria,NJ,eBird,NA
Aythya americana,NJ,eBird,NA
Aythya collaris,NJ,eBird,NA
Aythya fuligula,NJ,eBird,NA
Aythya marila,NJ,eBird,NA
Aythya affinis,NJ,eBird,NA
Somateria spectabilis,NJ,eBird,NA
Somateria mollissima,NJ,eBird,NA
Histrionicus histrionicus,NJ,eBird,NA
Melanitta perspicillata,NJ,eBird,NA
Melanitta deglandi,NJ,eBird,NA
Melanitta americana,NJ,eBird,NA
Clangula hyemalis,NJ,eBird,NA
Bucephala albeola,NJ,eBird,NA
Bucephala clangula,NJ,eBird,NA
Bucephala islandica,NJ,eBird,NA
Lophodytes cucullatus,NJ,eBird,NA
Mergus merganser,NJ,eBird,NA
Mergus serrator,NJ,eBird,NA
Oxyura jamaicensis,NJ,eBird,NA
Numida meleagris,NJ,eBird,NA
Colinus virginianus,NJ,eBird,NA
Callipepla californica,NJ,eBird,NA
Meleagris gallopavo,NJ,eBird,NA
Bonasa umbellus,NJ,eBird,NA
Perdix perdix,NJ,eBird,NA
Chrysolophus pictus,NJ,eBird,NA
Phasianus colchicus,NJ,eBird,NA
Pavo cristatus,NJ,eBird,NA
Gallus gallus,NJ,eBird,NA
Coturnix japonica,NJ,eBird,NA
Alectoris rufa,NJ,eBird,NA
Alectoris chukar,NJ,eBird,NA
Columba livia,NJ,eBird,NA
Patagioenas fasciata,NJ,eBird,NA
Ectopistes migratorius,NJ,eBird,NA
Streptopelia decaocto,NJ,eBird,NA
Streptopelia roseogrisea,NJ,eBird,NA
Columbina passerina,NJ,eBird,NA
Zenaida asiatica,NJ,eBird,NA
Zenaida macroura,NJ,eBird,NA
Crotophaga sulcirostris,NJ,eBird,NA
Coccyzus americanus,NJ,eBird,NA
Coccyzus erythropthalmus,NJ,eBird,NA
Chordeiles acutipennis,NJ,eBird,NA
Chordeiles minor,NJ,eBird,NA
Antrostomus carolinensis,NJ,eBird,NA
Antrostomus vociferus,NJ,eBird,NA
Cypseloides niger,NJ,eBird,NA
Chaetura pelagica,NJ,eBird,NA
Apus apus,NJ,eBird,NA
Colibri thalassinus,NJ,eBird,NA
Archilochus colubris,NJ,eBird,NA
Archilochus alexandri,NJ,eBird,NA
Selasphorus calliope,NJ,eBird,NA
Selasphorus rufus,NJ,eBird,NA
Selasphorus sasin,NJ,eBird,NA
Selasphorus platycercus,NJ,eBird,NA
Cynanthus latirostris,NJ,eBird,NA
Rallus elegans,NJ,eBird,NA
Rallus crepitans,NJ,eBird,NA
Rallus limicola,NJ,eBird,NA
Crex crex,NJ,eBird,NA
Porzana carolina,NJ,eBird,NA
Gallinula galeata,NJ,eBird,NA
Fulica americana,NJ,eBird,NA
Porphyrio martinica,NJ,eBird,NA
Coturnicops noveboracensis,NJ,eBird,NA
Laterallus jamaicensis,NJ,eBird,NA
Aramus guarauna,NJ,eBird,NA
Antigone canadensis,NJ,eBird,NA
Grus grus,NJ,eBird,NA
Himantopus mexicanus,NJ,eBird,NA
Recurvirostra americana,NJ,eBird,NA
Haematopus palliatus,NJ,eBird,NA
Pluvialis squatarola,NJ,eBird,NA
Pluvialis apricaria,NJ,eBird,NA
Pluvialis dominica,NJ,eBird,NA
Pluvialis fulva,NJ,eBird,NA
Charadrius vociferus,NJ,eBird,NA
Charadrius semipalmatus,NJ,eBird,NA
Charadrius melodus,NJ,eBird,NA
Vanellus vanellus,NJ,eBird,NA
Anarhynchus mongolus,NJ,eBird,NA
Anarhynchus wilsonia,NJ,eBird,NA
Anarhynchus montanus,NJ,eBird,NA
Bartramia longicauda,NJ,eBird,NA
Numenius hudsonicus,NJ,eBird,NA
Numenius phaeopus,NJ,eBird,NA
Numenius americanus,NJ,eBird,NA
Limosa lapponica,NJ,eBird,NA
Limosa limosa,NJ,eBird,NA
Limosa haemastica,NJ,eBird,NA
Limosa fedoa,NJ,eBird,NA
Limnodromus griseus,NJ,eBird,NA
Limnodromus scolopaceus,NJ,eBird,NA
Scolopax minor,NJ,eBird,NA
Gallinago delicata,NJ,eBird,NA
Phalaropus tricolor,NJ,eBird,NA
Phalaropus fulicarius,NJ,eBird,NA
Phalaropus lobatus,NJ,eBird,NA
Actitis macularius,NJ,eBird,NA
Tringa solitaria,NJ,eBird,NA
Tringa glareola,NJ,eBird,NA
Tringa flavipes,NJ,eBird,NA
Tringa semipalmata,NJ,eBird,NA
Tringa erythropus,NJ,eBird,NA
Tringa nebularia,NJ,eBird,NA
Tringa melanoleuca,NJ,eBird,NA
Arenaria interpres,NJ,eBird,NA
Calidris canutus,NJ,eBird,NA
Calidris pugnax,NJ,eBird,NA
Calidris acuminata,NJ,eBird,NA
Calidris ferruginea,NJ,eBird,NA
Calidris himantopus,NJ,eBird,NA
Calidris ruficollis,NJ,eBird,NA
Calidris subruficollis,NJ,eBird,NA
Calidris alba,NJ,eBird,NA
Calidris alpina,NJ,eBird,NA
Calidris maritima,NJ,eBird,NA
Calidris bairdii,NJ,eBird,NA
Calidris minuta,NJ,eBird,NA
Calidris fuscicollis,NJ,eBird,NA
Calidris minutilla,NJ,eBird,NA
Calidris melanotos,NJ,eBird,NA
Calidris mauri,NJ,eBird,NA
Calidris pusilla,NJ,eBird,NA
Stercorarius longicaudus,NJ,eBird,NA
Stercorarius parasiticus,NJ,eBird,NA
Stercorarius pomarinus,NJ,eBird,NA
Stercorarius skua,NJ,eBird,NA
Stercorarius maccormicki,NJ,eBird,NA
Fratercula arctica,NJ,eBird,NA
Brachyramphus perdix,NJ,eBird,NA
Cepphus grylle,NJ,eBird,NA
Alca torda,NJ,eBird,NA
Alle alle,NJ,eBird,NA
Uria lomvia,NJ,eBird,NA
Uria aalge,NJ,eBird,NA
Hydrocoloeus minutus,NJ,eBird,NA
Rhodostethia rosea,NJ,eBird,NA
Rissa tridactyla,NJ,eBird,NA
Pagophila eburnea,NJ,eBird,NA
Xema sabini,NJ,eBird,NA
Chroicocephalus philadelphia,NJ,eBird,NA
Chroicocephalus novaehollandiae,NJ,eBird,NA
Chroicocephalus ridibundus,NJ,eBird,NA
Leucophaeus atricilla,NJ,eBird,NA
Leucophaeus pipixcan,NJ,eBird,NA
Larus crassirostris,NJ,eBird,NA
Larus heermanni,NJ,eBird,NA
Larus canus,NJ,eBird,NA
Larus brachyrhynchus,NJ,eBird,NA
Larus delawarensis,NJ,eBird,NA
Larus smithsonianus,NJ,eBird,NA
Larus vegae,NJ,eBird,NA
Larus marinus,NJ,eBird,NA
Larus hyperboreus,NJ,eBird,NA
Larus fuscus,NJ,eBird,NA
Larus californicus,NJ,eBird,NA
Larus glaucoides,NJ,eBird,NA
Rynchops niger,NJ,eBird,NA
Onychoprion fuscatus,NJ,eBird,NA
Onychoprion anaethetus,NJ,eBird,NA
Sternula antillarum,NJ,eBird,NA
Phaetusa simplex,NJ,eBird,NA
Gelochelidon nilotica,NJ,eBird,NA
Hydroprogne caspia,NJ,eBird,NA
Chlidonias hybrida,NJ,eBird,NA
Chlidonias niger,NJ,eBird,NA
Chlidonias leucopterus,NJ,eBird,NA
Sterna forsteri,NJ,eBird,NA
Sterna paradisaea,NJ,eBird,NA
Sterna hirundo,NJ,eBird,NA
Sterna dougallii,NJ,eBird,NA
Thalasseus sandvicensis,NJ,eBird,NA
Thalasseus elegans,NJ,eBird,NA
Thalasseus maximus,NJ,eBird,NA
Phoenicopterus ruber,NJ,eBird,NA
Podilymbus podiceps,NJ,eBird,NA
Podiceps auritus,NJ,eBird,NA
Podiceps grisegena,NJ,eBird,NA
Podiceps nigricollis,NJ,eBird,NA
Aechmophorus occidentalis,NJ,eBird,NA
Phaethon lepturus,NJ,eBird,NA
Phaethon aethereus,NJ,eBird,NA
Gavia stellata,NJ,eBird,NA
Gavia arctica,NJ,eBird,NA
Gavia pacifica,NJ,eBird,NA
Gavia immer,NJ,eBird,NA
Thalassarche chlororhynchos,NJ,eBird,NA
Thalassarche melanophris,NJ,eBird,NA
Oceanites oceanicus,NJ,eBird,NA
Pelagodroma marina,NJ,eBird,NA
Hydrobates leucorhous,NJ,eBird,NA
Hydrobates castro,NJ,eBird,NA
Fulmarus glacialis,NJ,eBird,NA
Pterodroma deserta,NJ,eBird,NA
Pterodroma cahow,NJ,eBird,NA
Pterodroma hasitata,NJ,eBird,NA
Calonectris leucomelas,NJ,eBird,NA
Calonectris borealis,NJ,eBird,NA
Calonectris diomedea,NJ,eBird,NA
Ardenna gravis,NJ,eBird,NA
Ardenna bulleri,NJ,eBird,NA
Ardenna grisea,NJ,eBird,NA
Puffinus puffinus,NJ,eBird,NA
Puffinus lherminieri,NJ,eBird,NA
Mycteria americana,NJ,eBird,NA
Fregata magnificens,NJ,eBird,NA
Morus bassanus,NJ,eBird,NA
Sula leucogaster,NJ,eBird,NA
Sula dactylatra,NJ,eBird,NA
Anhinga anhinga,NJ,eBird,NA
Phalacrocorax carbo,NJ,eBird,NA
Nannopterum auritum,NJ,eBird,NA
Nannopterum brasilianum,NJ,eBird,NA
Eudocimus albus,NJ,eBird,NA
Eudocimus ruber,NJ,eBird,NA
Plegadis falcinellus,NJ,eBird,NA
Plegadis chihi,NJ,eBird,NA
Platalea ajaja,NJ,eBird,NA
Botaurus lentiginosus,NJ,eBird,NA
Botaurus exilis,NJ,eBird,NA
Nyctanassa violacea,NJ,eBird,NA
Nycticorax nycticorax,NJ,eBird,NA
Egretta caerulea,NJ,eBird,NA
Egretta tricolor,NJ,eBird,NA
Egretta rufescens,NJ,eBird,NA
Egretta thula,NJ,eBird,NA
Egretta garzetta,NJ,eBird,NA
Egretta gularis,NJ,eBird,NA
Butorides virescens,NJ,eBird,NA
Ardea ibis,NJ,eBird,NA
Ardea alba,NJ,eBird,NA
Ardea herodias,NJ,eBird,NA
Pelecanus erythrorhynchos,NJ,eBird,NA
Pelecanus occidentalis,NJ,eBird,NA
Coragyps atratus,NJ,eBird,NA
Cathartes aura,NJ,eBird,NA
Pandion haliaetus,NJ,eBird,NA
Elanus leucurus,NJ,eBird,NA
Elanoides forficatus,NJ,eBird,NA
Aquila chrysaetos,NJ,eBird,NA
Accipiter striatus,NJ,eBird,NA
Astur cooperii,NJ,eBird,NA
Astur atricapillus,NJ,eBird,NA
Circus aeruginosus,NJ,eBird,NA
Circus hudsonius,NJ,eBird,NA
Haliaeetus leucocephalus,NJ,eBird,NA
Ictinia mississippiensis,NJ,eBird,NA
Parabuteo unicinctus,NJ,eBird,NA
Buteo platypterus,NJ,eBird,NA
Buteo lineatus,NJ,eBird,NA
Buteo albonotatus,NJ,eBird,NA
Buteo swainsoni,NJ,eBird,NA
Buteo jamaicensis,NJ,eBird,NA
Buteo lagopus,NJ,eBird,NA
Tyto furcata,NJ,eBird,NA
Megascops asio,NJ,eBird,NA
Bubo scandiacus,NJ,eBird,NA
Bubo virginianus,NJ,eBird,NA
Surnia ulula,NJ,eBird,NA
Athene cunicularia,NJ,eBird,NA
Strix varia,NJ,eBird,NA
Asio otus,NJ,eBird,NA
Asio flammeus,NJ,eBird,NA
Aegolius acadicus,NJ,eBird,NA
Megaceryle alcyon,NJ,eBird,NA
Sphyrapicus varius,NJ,eBird,NA
Melanerpes erythrocephalus,NJ,eBird,NA
Melanerpes carolinus,NJ,eBird,NA
Picoides arcticus,NJ,eBird,NA
Dryobates pubescens,NJ,eBird,NA
Leuconotopicus villosus,NJ,eBird,NA
Dryocopus pileatus,NJ,eBird,NA
Colaptes auratus,NJ,eBird,NA
Caracara plancus,NJ,eBird,NA
Falco sparverius,NJ,eBird,NA
Falco columbarius,NJ,eBird,NA
Falco cherrug,NJ,eBird,NA
Falco rusticolus,NJ,eBird,NA
Falco peregrinus,NJ,eBird,NA
Nymphicus hollandicus,NJ,eBird,NA
Eolophus roseicapilla,NJ,eBird,NA
Psittacula krameri,NJ,eBird,NA
Melopsittacus undulatus,NJ,eBird,NA
Agapornis pullarius,NJ,eBird,NA
Agapornis roseicollis,NJ,eBird,NA
Myiopsitta monachus,NJ,eBird,NA
Amazona autumnalis,NJ,eBird,NA
Eupsittula canicularis,NJ,eBird,NA
Aratinga nenday,NJ,eBird,NA
Aratinga solstitialis,NJ,eBird,NA
Psittacara mitratus,NJ,eBird,NA
Contopus cooperi,NJ,eBird,NA
Contopus virens,NJ,eBird,NA
Empidonax flaviventris,NJ,eBird,NA
Empidonax virescens,NJ,eBird,NA
Empidonax alnorum,NJ,eBird,NA
Empidonax traillii,NJ,eBird,NA
Empidonax minimus,NJ,eBird,NA
Empidonax hammondii,NJ,eBird,NA
Empidonax difficilis,NJ,eBird,NA
Sayornis nigricans,NJ,eBird,NA
Sayornis phoebe,NJ,eBird,NA
Sayornis saya,NJ,eBird,NA
Pyrocephalus rubinus,NJ,eBird,NA
Myiarchus cinerascens,NJ,eBird,NA
Myiarchus crinitus,NJ,eBird,NA
Myiodynastes luteiventris,NJ,eBird,NA
Tyrannus melancholicus,NJ,eBird,NA
Tyrannus vociferans,NJ,eBird,NA
Tyrannus verticalis,NJ,eBird,NA
Tyrannus tyrannus,NJ,eBird,NA
Tyrannus dominicensis,NJ,eBird,NA
Tyrannus forficatus,NJ,eBird,NA
Tyrannus savana,NJ,eBird,NA
Vireo griseus,NJ,eBird,NA
Vireo bellii,NJ,eBird,NA
Vireo flavifrons,NJ,eBird,NA
Vireo solitarius,NJ,eBird,NA
Vireo philadelphicus,NJ,eBird,NA
Vireo gilvus,NJ,eBird,NA
Vireo swainsoni,NJ,eBird,NA
Vireo olivaceus,NJ,eBird,NA
Vireo flavoviridis,NJ,eBird,NA
Vireo altiloquus,NJ,eBird,NA
Lanius ludovicianus,NJ,eBird,NA
Lanius borealis,NJ,eBird,NA
Cyanocitta cristata,NJ,eBird,NA
Pica hudsonia,NJ,eBird,NA
Corvus brachyrhynchos,NJ,eBird,NA
Corvus ossifragus,NJ,eBird,NA
Corvus cornix,NJ,eBird,NA
Corvus albus,NJ,eBird,NA
Corvus albicollis,NJ,eBird,NA
Corvus corax,NJ,eBird,NA
Poecile carolinensis,NJ,eBird,NA
Poecile atricapillus,NJ,eBird,NA
Poecile hudsonicus,NJ,eBird,NA
Baeolophus bicolor,NJ,eBird,NA
Eremophila alpestris,NJ,eBird,NA
Riparia riparia,NJ,eBird,NA
Tachycineta bicolor,NJ,eBird,NA
Tachycineta thalassina,NJ,eBird,NA
Progne subis,NJ,eBird,NA
Progne tapera,NJ,eBird,NA
Stelgidopteryx serripennis,NJ,eBird,NA
Hirundo rustica,NJ,eBird,NA
Petrochelidon pyrrhonota,NJ,eBird,NA
Petrochelidon fulva,NJ,eBird,NA
Corthylio calendula,NJ,eBird,NA
Regulus satrapa,NJ,eBird,NA
Sitta carolinensis,NJ,eBird,NA
Sitta pusilla,NJ,eBird,NA
Sitta canadensis,NJ,eBird,NA
Certhia americana,NJ,eBird,NA
Polioptila caerulea,NJ,eBird,NA
Salpinctes obsoletus,NJ,eBird,NA
Troglodytes aedon,NJ,eBird,NA
Troglodytes hiemalis,NJ,eBird,NA
Cistothorus stellaris,NJ,eBird,NA
Cistothorus palustris,NJ,eBird,NA
Thryothorus ludovicianus,NJ,eBird,NA
Sturnus vulgaris,NJ,eBird,NA
Dumetella carolinensis,NJ,eBird,NA
Toxostoma rufum,NJ,eBird,NA
Oreoscoptes montanus,NJ,eBird,NA
Mimus polyglottos,NJ,eBird,NA
Sialia sialis,NJ,eBird,NA
Sialia currucoides,NJ,eBird,NA
Myadestes townsendi,NJ,eBird,NA
Ixoreus naevius,NJ,eBird,NA
Catharus fuscescens,NJ,eBird,NA
Catharus minimus,NJ,eBird,NA
Catharus bicknelli,NJ,eBird,NA
Catharus ustulatus,NJ,eBird,NA
Catharus guttatus,NJ,eBird,NA
Hylocichla mustelina,NJ,eBird,NA
Turdus migratorius,NJ,eBird,NA
Erithacus rubecula,NJ,eBird,NA
Tarsiger cyanurus,NJ,eBird,NA
Oenanthe oenanthe,NJ,eBird,NA
Bombycilla garrulus,NJ,eBird,NA
Bombycilla cedrorum,NJ,eBird,NA
Euplectes franciscanus,NJ,eBird,NA
Taeniopygia guttata,NJ,eBird,NA
Padda oryzivora,NJ,eBird,NA
Lonchura punctulata,NJ,eBird,NA
Vidua macroura,NJ,eBird,NA
Passer domesticus,NJ,eBird,NA
Passer montanus,NJ,eBird,NA
Anthus rubescens,NJ,eBird,NA
Fringilla coelebs,NJ,eBird,NA
Fringilla montifringilla,NJ,eBird,NA
Hesperiphona vespertina,NJ,eBird,NA
Pinicola enucleator,NJ,eBird,NA
Haemorhous mexicanus,NJ,eBird,NA
Haemorhous purpureus,NJ,eBird,NA
Chloris chloris,NJ,eBird,NA
Crithagra mozambica,NJ,eBird,NA
Acanthis flammea,NJ,eBird,NA
Loxia curvirostra,NJ,eBird,NA
Loxia leucoptera,NJ,eBird,NA
Carduelis carduelis,NJ,eBird,NA
Serinus canaria,NJ,eBird,NA
Spinus pinus,NJ,eBird,NA
Spinus tristis,NJ,eBird,NA
Calcarius lapponicus,NJ,eBird,NA
Calcarius ornatus,NJ,eBird,NA
Calcarius pictus,NJ,eBird,NA
Plectrophenax nivalis,NJ,eBird,NA
Peucaea aestivalis,NJ,eBird,NA
Ammodramus savannarum,NJ,eBird,NA
Spizella passerina,NJ,eBird,NA
Spizella pallida,NJ,eBird,NA
Spizella pusilla,NJ,eBird,NA
Spizella breweri,NJ,eBird,NA
Amphispiza bilineata,NJ,eBird,NA
Chondestes grammacus,NJ,eBird,NA
Calamospiza melanocorys,NJ,eBird,NA
Spizelloides arborea,NJ,eBird,NA
Passerella iliaca,NJ,eBird,NA
Junco hyemalis,NJ,eBird,NA
Zonotrichia leucophrys,NJ,eBird,NA
Zonotrichia atricapilla,NJ,eBird,NA
Zonotrichia querula,NJ,eBird,NA
Zonotrichia albicollis,NJ,eBird,NA
Pooecetes gramineus,NJ,eBird,NA
Ammospiza leconteii,NJ,eBird,NA
Ammospiza maritima,NJ,eBird,NA
Ammospiza nelsoni,NJ,eBird,NA
Ammospiza caudacuta,NJ,eBird,NA
Passerculus sandwichensis,NJ,eBird,NA
Centronyx henslowii,NJ,eBird,NA
Melospiza melodia,NJ,eBird,NA
Melospiza lincolnii,NJ,eBird,NA
Melospiza georgiana,NJ,eBird,NA
Pipilo chlorurus,NJ,eBird,NA
Pipilo maculatus,NJ,eBird,NA
Pipilo erythrophthalmus,NJ,eBird,NA
Icteria virens,NJ,eBird,NA
Xanthocephalus xanthocephalus,NJ,eBird,NA
Dolichonyx oryzivorus,NJ,eBird,NA
Sturnella neglecta,NJ,eBird,NA
Sturnella magna,NJ,eBird,NA
Icterus spurius,NJ,eBird,NA
Icterus bullockii,NJ,eBird,NA
Icterus galbula,NJ,eBird,NA
Agelaius phoeniceus,NJ,eBird,NA
Molothrus ater,NJ,eBird,NA
Euphagus carolinus,NJ,eBird,NA
Euphagus cyanocephalus,NJ,eBird,NA
Quiscalus quiscula,NJ,eBird,NA
Quiscalus major,NJ,eBird,NA
Seiurus aurocapilla,NJ,eBird,NA
Helmitheros vermivorum,NJ,eBird,NA
Parkesia motacilla,NJ,eBird,NA
Parkesia noveboracensis,NJ,eBird,NA
Vermivora chrysoptera,NJ,eBird,NA
Vermivora cyanoptera,NJ,eBird,NA
Mniotilta varia,NJ,eBird,NA
Protonotaria citrea,NJ,eBird,NA
Limnothlypis swainsonii,NJ,eBird,NA
Leiothlypis peregrina,NJ,eBird,NA
Leiothlypis celata,NJ,eBird,NA
Leiothlypis ruficapilla,NJ,eBird,NA
Oporornis agilis,NJ,eBird,NA
Geothlypis tolmiei,NJ,eBird,NA
Geothlypis philadelphia,NJ,eBird,NA
Geothlypis formosa,NJ,eBird,NA
Geothlypis trichas,NJ,eBird,NA
Setophaga citrina,NJ,eBird,NA
Setophaga ruticilla,NJ,eBird,NA
Setophaga kirtlandii,NJ,eBird,NA
Setophaga tigrina,NJ,eBird,NA
Setophaga cerulea,NJ,eBird,NA
Setophaga americana,NJ,eBird,NA
Setophaga magnolia,NJ,eBird,NA
Setophaga castanea,NJ,eBird,NA
Setophaga fusca,NJ,eBird,NA
Setophaga aestiva,NJ,eBird,NA
Setophaga pensylvanica,NJ,eBird,NA
Setophaga striata,NJ,eBird,NA
Setophaga caerulescens,NJ,eBird,NA
Setophaga palmarum,NJ,eBird,NA
Setophaga pinus,NJ,eBird,NA
Setophaga coronata,NJ,eBird,NA
Setophaga dominica,NJ,eBird,NA
Setophaga discolor,NJ,eBird,NA
Setophaga nigrescens,NJ,eBird,NA
Setophaga townsendi,NJ,eBird,NA
Setophaga virens,NJ,eBird,NA
Cardellina canadensis,NJ,eBird,NA
Cardellina pusilla,NJ,eBird,NA
Piranga rubra,NJ,eBird,NA
Piranga olivacea,NJ,eBird,NA
Piranga ludoviciana,NJ,eBird,NA
Cardinalis cardinalis,NJ,eBird,NA
Pheucticus ludovicianus,NJ,eBird,NA
Pheucticus melanocephalus,NJ,eBird,NA
Passerina caerulea,NJ,eBird,NA
Passerina amoena,NJ,eBird,NA
Passerina cyanea,NJ,eBird,NA
Passerina ciris,NJ,eBird,NA
Spiza americana,NJ,eBird,NA
Sicalis flaveola,NJ,eBird,NA
Dendrocygna autumnalis,NM,eBird,NA
Dendrocygna bicolor,NM,eBird,NA
Anser indicus,NM,eBird,NA
Anser caerulescens,NM,eBird,NA
Anser rossii,NM,eBird,NA
Anser anser,NM,eBird,NA
Anser cygnoides,NM,eBird,NA
Anser albifrons,NM,eBird,NA
Branta bernicla,NM,eBird,NA
Branta leucopsis,NM,eBird,NA
Branta hutchinsii,NM,eBird,NA
Branta canadensis,NM,eBird,NA
Cygnus olor,NM,eBird,NA
Cygnus buccinator,NM,eBird,NA
Cygnus columbianus,NM,eBird,NA
Alopochen aegyptiaca,NM,eBird,NA
Tadorna ferruginea,NM,eBird,NA
Cairina moschata,NM,eBird,NA
Aix sponsa,NM,eBird,NA
Aix galericulata,NM,eBird,NA
Spatula querquedula,NM,eBird,NA
Spatula discors,NM,eBird,NA
Spatula cyanoptera,NM,eBird,NA
Spatula clypeata,NM,eBird,NA
Mareca strepera,NM,eBird,NA
Mareca penelope,NM,eBird,NA
Mareca americana,NM,eBird,NA
Anas platyrhynchos,NM,eBird,NA
Anas diazi,NM,eBird,NA
Anas acuta,NM,eBird,NA
Anas crecca,NM,eBird,NA
Aythya valisineria,NM,eBird,NA
Aythya americana,NM,eBird,NA
Aythya collaris,NM,eBird,NA
Aythya marila,NM,eBird,NA
Aythya affinis,NM,eBird,NA
Histrionicus histrionicus,NM,eBird,NA
Melanitta perspicillata,NM,eBird,NA
Melanitta deglandi,NM,eBird,NA
Melanitta americana,NM,eBird,NA
Clangula hyemalis,NM,eBird,NA
Bucephala albeola,NM,eBird,NA
Bucephala clangula,NM,eBird,NA
Bucephala islandica,NM,eBird,NA
Lophodytes cucullatus,NM,eBird,NA
Mergus merganser,NM,eBird,NA
Mergus serrator,NM,eBird,NA
Oxyura jamaicensis,NM,eBird,NA
Numida meleagris,NM,eBird,NA
Colinus virginianus,NM,eBird,NA
Callipepla squamata,NM,eBird,NA
Callipepla gambelii,NM,eBird,NA
Cyrtonyx montezumae,NM,eBird,NA
Meleagris gallopavo,NM,eBird,NA
Centrocercus minimus,NM,eBird,NA
Dendragapus obscurus,NM,eBird,NA
Tympanuchus phasianellus,NM,eBird,NA
Tympanuchus pallidicinctus,NM,eBird,NA
Lagopus leucura,NM,eBird,NA
Chrysolophus pictus,NM,eBird,NA
Phasianus colchicus,NM,eBird,NA
Pavo cristatus,NM,eBird,NA
Gallus gallus,NM,eBird,NA
Alectoris chukar,NM,eBird,NA
Columba livia,NM,eBird,NA
Patagioenas fasciata,NM,eBird,NA
Streptopelia decaocto,NM,eBird,NA
Streptopelia roseogrisea,NM,eBird,NA
Columbina inca,NM,eBird,NA
Columbina passerina,NM,eBird,NA
Columbina talpacoti,NM,eBird,NA
Zenaida asiatica,NM,eBird,NA
Zenaida macroura,NM,eBird,NA
Crotophaga sulcirostris,NM,eBird,NA
Geococcyx californianus,NM,eBird,NA
Coccyzus americanus,NM,eBird,NA
Coccyzus erythropthalmus,NM,eBird,NA
Chordeiles acutipennis,NM,eBird,NA
Chordeiles minor,NM,eBird,NA
Phalaenoptilus nuttallii,NM,eBird,NA
Antrostomus carolinensis,NM,eBird,NA
Antrostomus ridgwayi,NM,eBird,NA
Antrostomus vociferus,NM,eBird,NA
Antrostomus arizonae,NM,eBird,NA
Cypseloides niger,NM,eBird,NA
Chaetura pelagica,NM,eBird,NA
Chaetura vauxi,NM,eBird,NA
Aeronautes saxatalis,NM,eBird,NA
Colibri thalassinus,NM,eBird,NA
Eugenes fulgens,NM,eBird,NA
Lampornis clemenciae,NM,eBird,NA
Calothorax lucifer,NM,eBird,NA
Archilochus colubris,NM,eBird,NA
Archilochus alexandri,NM,eBird,NA
Calypte anna,NM,eBird,NA
Calypte costae,NM,eBird,NA
Selasphorus calliope,NM,eBird,NA
Selasphorus rufus,NM,eBird,NA
Selasphorus sasin,NM,eBird,NA
Selasphorus platycercus,NM,eBird,NA
Cynanthus latirostris,NM,eBird,NA
Basilinna leucotis,NM,eBird,NA
Ramosomyia violiceps,NM,eBird,NA
Saucerottia beryllina,NM,eBird,NA
Amazilia rutila,NM,eBird,NA
Rallus elegans,NM,eBird,NA
Rallus crepitans,NM,eBird,NA
Rallus limicola,NM,eBird,NA
Aramides axillaris,NM,eBird,NA
Porzana carolina,NM,eBird,NA
Gallinula galeata,NM,eBird,NA
Fulica americana,NM,eBird,NA
Porphyrio martinica,NM,eBird,NA
Coturnicops noveboracensis,NM,eBird,NA
Laterallus jamaicensis,NM,eBird,NA
Heliornis fulica,NM,eBird,NA
Antigone canadensis,NM,eBird,NA
Grus americana,NM,eBird,NA
Grus grus,NM,eBird,NA
Himantopus mexicanus,NM,eBird,NA
Recurvirostra americana,NM,eBird,NA
Pluvialis squatarola,NM,eBird,NA
Pluvialis apricaria,NM,eBird,NA
Pluvialis dominica,NM,eBird,NA
Pluvialis fulva,NM,eBird,NA
Charadrius vociferus,NM,eBird,NA
Charadrius semipalmatus,NM,eBird,NA
Charadrius melodus,NM,eBird,NA
Anarhynchus montanus,NM,eBird,NA
Anarhynchus nivosus,NM,eBird,NA
Bartramia longicauda,NM,eBird,NA
Numenius hudsonicus,NM,eBird,NA
Numenius americanus,NM,eBird,NA
Limosa haemastica,NM,eBird,NA
Limosa fedoa,NM,eBird,NA
Limnodromus griseus,NM,eBird,NA
Limnodromus scolopaceus,NM,eBird,NA
Scolopax minor,NM,eBird,NA
Gallinago delicata,NM,eBird,NA
Phalaropus tricolor,NM,eBird,NA
Phalaropus fulicarius,NM,eBird,NA
Phalaropus lobatus,NM,eBird,NA
Actitis macularius,NM,eBird,NA
Tringa solitaria,NM,eBird,NA
Tringa incana,NM,eBird,NA
Tringa flavipes,NM,eBird,NA
Tringa semipalmata,NM,eBird,NA
Tringa melanoleuca,NM,eBird,NA
Arenaria interpres,NM,eBird,NA
Arenaria melanocephala,NM,eBird,NA
Calidris canutus,NM,eBird,NA
Calidris pugnax,NM,eBird,NA
Calidris acuminata,NM,eBird,NA
Calidris ferruginea,NM,eBird,NA
Calidris himantopus,NM,eBird,NA
Calidris subruficollis,NM,eBird,NA
Calidris alba,NM,eBird,NA
Calidris alpina,NM,eBird,NA
Calidris maritima,NM,eBird,NA
Calidris bairdii,NM,eBird,NA
Calidris minuta,NM,eBird,NA
Calidris fuscicollis,NM,eBird,NA
Calidris minutilla,NM,eBird,NA
Calidris melanotos,NM,eBird,NA
Calidris mauri,NM,eBird,NA
Calidris pusilla,NM,eBird,NA
Stercorarius longicaudus,NM,eBird,NA
Stercorarius parasiticus,NM,eBird,NA
Stercorarius pomarinus,NM,eBird,NA
Brachyramphus perdix,NM,eBird,NA
Synthliboramphus antiquus,NM,eBird,NA
Hydrocoloeus minutus,NM,eBird,NA
Rissa tridactyla,NM,eBird,NA
Xema sabini,NM,eBird,NA
Chroicocephalus philadelphia,NM,eBird,NA
Leucophaeus atricilla,NM,eBird,NA
Leucophaeus pipixcan,NM,eBird,NA
Larus crassirostris,NM,eBird,NA
Larus heermanni,NM,eBird,NA
Larus brachyrhynchus,NM,eBird,NA
Larus delawarensis,NM,eBird,NA
Larus livens,NM,eBird,NA
Larus occidentalis,NM,eBird,NA
Larus smithsonianus,NM,eBird,NA
Larus hyperboreus,NM,eBird,NA
Larus fuscus,NM,eBird,NA
Larus californicus,NM,eBird,NA
Larus glaucescens,NM,eBird,NA
Larus glaucoides,NM,eBird,NA
Rynchops niger,NM,eBird,NA
Onychoprion fuscatus,NM,eBird,NA
Sternula antillarum,NM,eBird,NA
Gelochelidon nilotica,NM,eBird,NA
Hydroprogne caspia,NM,eBird,NA
Chlidonias niger,NM,eBird,NA
Sterna forsteri,NM,eBird,NA
Sterna paradisaea,NM,eBird,NA
Sterna hirundo,NM,eBird,NA
Thalasseus elegans,NM,eBird,NA
Thalasseus maximus,NM,eBird,NA
Tachybaptus dominicus,NM,eBird,NA
Podilymbus podiceps,NM,eBird,NA
Podiceps auritus,NM,eBird,NA
Podiceps grisegena,NM,eBird,NA
Podiceps nigricollis,NM,eBird,NA
Aechmophorus occidentalis,NM,eBird,NA
Aechmophorus clarkii,NM,eBird,NA
Gavia stellata,NM,eBird,NA
Gavia pacifica,NM,eBird,NA
Gavia immer,NM,eBird,NA
Gavia adamsii,NM,eBird,NA
Hydrobates microsoma,NM,eBird,NA
Mycteria americana,NM,eBird,NA
Fregata magnificens,NM,eBird,NA
Sula leucogaster,NM,eBird,NA
Sula nebouxii,NM,eBird,NA
Anhinga anhinga,NM,eBird,NA
Nannopterum auritum,NM,eBird,NA
Nannopterum brasilianum,NM,eBird,NA
Eudocimus albus,NM,eBird,NA
Plegadis falcinellus,NM,eBird,NA
Plegadis chihi,NM,eBird,NA
Platalea ajaja,NM,eBird,NA
Botaurus lentiginosus,NM,eBird,NA
Botaurus exilis,NM,eBird,NA
Nyctanassa violacea,NM,eBird,NA
Nycticorax nycticorax,NM,eBird,NA
Egretta caerulea,NM,eBird,NA
Egretta tricolor,NM,eBird,NA
Egretta rufescens,NM,eBird,NA
Egretta thula,NM,eBird,NA
Butorides virescens,NM,eBird,NA
Ardea ibis,NM,eBird,NA
Ardea alba,NM,eBird,NA
Ardea herodias,NM,eBird,NA
Pelecanus erythrorhynchos,NM,eBird,NA
Pelecanus occidentalis,NM,eBird,NA
Gymnogyps californianus,NM,eBird,NA
Coragyps atratus,NM,eBird,NA
Cathartes aura,NM,eBird,NA
Pandion haliaetus,NM,eBird,NA
Elanus leucurus,NM,eBird,NA
Elanoides forficatus,NM,eBird,NA
Aquila chrysaetos,NM,eBird,NA
Accipiter striatus,NM,eBird,NA
Astur cooperii,NM,eBird,NA
Astur atricapillus,NM,eBird,NA
Circus hudsonius,NM,eBird,NA
Haliaeetus leucocephalus,NM,eBird,NA
Ictinia mississippiensis,NM,eBird,NA
Buteogallus anthracinus,NM,eBird,NA
Parabuteo unicinctus,NM,eBird,NA
Geranoaetus albicaudatus,NM,eBird,NA
Buteo plagiatus,NM,eBird,NA
Buteo platypterus,NM,eBird,NA
Buteo lineatus,NM,eBird,NA
Buteo albonotatus,NM,eBird,NA
Buteo brachyurus,NM,eBird,NA
Buteo swainsoni,NM,eBird,NA
Buteo jamaicensis,NM,eBird,NA
Buteo lagopus,NM,eBird,NA
Buteo regalis,NM,eBird,NA
Tyto furcata,NM,eBird,NA
Psiloscops flammeolus,NM,eBird,NA
Megascops trichopsis,NM,eBird,NA
Megascops kennicottii,NM,eBird,NA
Megascops asio,NM,eBird,NA
Bubo virginianus,NM,eBird,NA
Glaucidium gnoma,NM,eBird,NA
Micrathene whitneyi,NM,eBird,NA
Athene cunicularia,NM,eBird,NA
Strix occidentalis,NM,eBird,NA
Strix varia,NM,eBird,NA
Asio otus,NM,eBird,NA
Asio flammeus,NM,eBird,NA
Aegolius funereus,NM,eBird,NA
Aegolius acadicus,NM,eBird,NA
Euptilotis neoxenus,NM,eBird,NA
Trogon ambiguus,NM,eBird,NA
Megaceryle torquata,NM,eBird,NA
Megaceryle alcyon,NM,eBird,NA
Chloroceryle americana,NM,eBird,NA
Sphyrapicus thyroideus,NM,eBird,NA
Sphyrapicus varius,NM,eBird,NA
Sphyrapicus nuchalis,NM,eBird,NA
Sphyrapicus ruber,NM,eBird,NA
Melanerpes lewis,NM,eBird,NA
Melanerpes erythrocephalus,NM,eBird,NA
Melanerpes formicivorus,NM,eBird,NA
Melanerpes uropygialis,NM,eBird,NA
Melanerpes aurifrons,NM,eBird,NA
Melanerpes carolinus,NM,eBird,NA
Picoides dorsalis,NM,eBird,NA
Dryobates pubescens,NM,eBird,NA
Dryobates scalaris,NM,eBird,NA
Leuconotopicus villosus,NM,eBird,NA
Leuconotopicus arizonae,NM,eBird,NA
Colaptes auratus,NM,eBird,NA
Caracara plancus,NM,eBird,NA
Falco sparverius,NM,eBird,NA
Falco columbarius,NM,eBird,NA
Falco femoralis,NM,eBird,NA
Falco peregrinus,NM,eBird,NA
Falco mexicanus,NM,eBird,NA
Nymphicus hollandicus,NM,eBird,NA
Psittacula eupatria,NM,eBird,NA
Melopsittacus undulatus,NM,eBird,NA
Agapornis roseicollis,NM,eBird,NA
Agapornis fischeri,NM,eBird,NA
Myiopsitta monachus,NM,eBird,NA
Amazona finschi,NM,eBird,NA
Amazona albifrons,NM,eBird,NA
Rhynchopsitta pachyrhyncha,NM,eBird,NA
Eupsittula canicularis,NM,eBird,NA
Aratinga solstitialis,NM,eBird,NA
Ara militaris,NM,eBird,NA
Ara macao,NM,eBird,NA
Pachyramphus aglaiae,NM,eBird,NA
Camptostoma imberbe,NM,eBird,NA
Mitrephanes phaeocercus,NM,eBird,NA
Contopus cooperi,NM,eBird,NA
Contopus pertinax,NM,eBird,NA
Contopus sordidulus,NM,eBird,NA
Contopus virens,NM,eBird,NA
Empidonax flaviventris,NM,eBird,NA
Empidonax virescens,NM,eBird,NA
Empidonax traillii,NM,eBird,NA
Empidonax minimus,NM,eBird,NA
Empidonax hammondii,NM,eBird,NA
Empidonax wrightii,NM,eBird,NA
Empidonax oberholseri,NM,eBird,NA
Empidonax difficilis,NM,eBird,NA
Empidonax fulvifrons,NM,eBird,NA
Sayornis nigricans,NM,eBird,NA
Sayornis phoebe,NM,eBird,NA
Sayornis saya,NM,eBird,NA
Pyrocephalus rubinus,NM,eBird,NA
Myiarchus tuberculifer,NM,eBird,NA
Myiarchus cinerascens,NM,eBird,NA
Myiarchus nuttingi,NM,eBird,NA
Myiarchus crinitus,NM,eBird,NA
Myiarchus tyrannulus,NM,eBird,NA
Pitangus sulphuratus,NM,eBird,NA
Myiodynastes luteiventris,NM,eBird,NA
Legatus leucophaius,NM,eBird,NA
Tyrannus melancholicus,NM,eBird,NA
Tyrannus couchii,NM,eBird,NA
Tyrannus vociferans,NM,eBird,NA
Tyrannus crassirostris,NM,eBird,NA
Tyrannus verticalis,NM,eBird,NA
Tyrannus tyrannus,NM,eBird,NA
Tyrannus forficatus,NM,eBird,NA
Vireo atricapilla,NM,eBird,NA
Vireo griseus,NM,eBird,NA
Vireo bellii,NM,eBird,NA
Vireo vicinior,NM,eBird,NA
Vireo huttoni,NM,eBird,NA
Vireo flavifrons,NM,eBird,NA
Vireo cassinii,NM,eBird,NA
Vireo solitarius,NM,eBird,NA
Vireo plumbeus,NM,eBird,NA
Vireo philadelphicus,NM,eBird,NA
Vireo gilvus,NM,eBird,NA
Vireo swainsoni,NM,eBird,NA
Vireo olivaceus,NM,eBird,NA
Vireo flavoviridis,NM,eBird,NA
Lanius ludovicianus,NM,eBird,NA
Lanius borealis,NM,eBird,NA
Perisoreus canadensis,NM,eBird,NA
Cyanocorax colliei,NM,eBird,NA
Cyanocorax yncas,NM,eBird,NA
Gymnorhinus cyanocephalus,NM,eBird,NA
Cyanocitta stelleri,NM,eBird,NA
Cyanocitta cristata,NM,eBird,NA
Aphelocoma woodhouseii,NM,eBird,NA
Aphelocoma wollweberi,NM,eBird,NA
Pica hudsonia,NM,eBird,NA
Nucifraga columbiana,NM,eBird,NA
Corvus brachyrhynchos,NM,eBird,NA
Corvus cryptoleucus,NM,eBird,NA
Corvus corax,NM,eBird,NA
Poecile atricapillus,NM,eBird,NA
Poecile gambeli,NM,eBird,NA
Poecile sclateri,NM,eBird,NA
Baeolophus wollweberi,NM,eBird,NA
Baeolophus ridgwayi,NM,eBird,NA
Baeolophus atricristatus,NM,eBird,NA
Auriparus flaviceps,NM,eBird,NA
Eremophila alpestris,NM,eBird,NA
Riparia riparia,NM,eBird,NA
Tachycineta bicolor,NM,eBird,NA
Tachycineta thalassina,NM,eBird,NA
Progne subis,NM,eBird,NA
Stelgidopteryx serripennis,NM,eBird,NA
Hirundo rustica,NM,eBird,NA
Petrochelidon pyrrhonota,NM,eBird,NA
Petrochelidon fulva,NM,eBird,NA
Psaltriparus minimus,NM,eBird,NA
Corthylio calendula,NM,eBird,NA
Regulus satrapa,NM,eBird,NA
Sitta carolinensis,NM,eBird,NA
Sitta pygmaea,NM,eBird,NA
Sitta canadensis,NM,eBird,NA
Certhia americana,NM,eBird,NA
Polioptila caerulea,NM,eBird,NA
Polioptila melanura,NM,eBird,NA
Polioptila nigriceps,NM,eBird,NA
Salpinctes obsoletus,NM,eBird,NA
Catherpes mexicanus,NM,eBird,NA
Troglodytes aedon,NM,eBird,NA
Troglodytes pacificus,NM,eBird,NA
Troglodytes hiemalis,NM,eBird,NA
Cistothorus stellaris,NM,eBird,NA
Cistothorus palustris,NM,eBird,NA
Thryothorus ludovicianus,NM,eBird,NA
Thryomanes bewickii,NM,eBird,NA
Campylorhynchus brunneicapillus,NM,eBird,NA
Cinclus mexicanus,NM,eBird,NA
Sturnus vulgaris,NM,eBird,NA
Melanotis caerulescens,NM,eBird,NA
Dumetella carolinensis,NM,eBird,NA
Toxostoma curvirostre,NM,eBird,NA
Toxostoma rufum,NM,eBird,NA
Toxostoma longirostre,NM,eBird,NA
Toxostoma bendirei,NM,eBird,NA
Toxostoma crissale,NM,eBird,NA
Oreoscoptes montanus,NM,eBird,NA
Mimus polyglottos,NM,eBird,NA
Sialia sialis,NM,eBird,NA
Sialia mexicana,NM,eBird,NA
Sialia currucoides,NM,eBird,NA
Myadestes townsendi,NM,eBird,NA
Ixoreus naevius,NM,eBird,NA
Catharus aurantiirostris,NM,eBird,NA
Catharus fuscescens,NM,eBird,NA
Catharus minimus,NM,eBird,NA
Catharus ustulatus,NM,eBird,NA
Catharus guttatus,NM,eBird,NA
Hylocichla mustelina,NM,eBird,NA
Turdus migratorius,NM,eBird,NA
Turdus rufopalliatus,NM,eBird,NA
Turdus grayi,NM,eBird,NA
Oenanthe oenanthe,NM,eBird,NA
Bombycilla garrulus,NM,eBird,NA
Bombycilla cedrorum,NM,eBird,NA
Phainopepla nitens,NM,eBird,NA
Peucedramus taeniatus,NM,eBird,NA
Euplectes franciscanus,NM,eBird,NA
Taeniopygia guttata,NM,eBird,NA
Lonchura malacca,NM,eBird,NA
Passer domesticus,NM,eBird,NA
Motacilla alba,NM,eBird,NA
Anthus rubescens,NM,eBird,NA
Anthus spragueii,NM,eBird,NA
Hesperiphona vespertina,NM,eBird,NA
Pinicola enucleator,NM,eBird,NA
Leucosticte tephrocotis,NM,eBird,NA
Leucosticte atrata,NM,eBird,NA
Leucosticte australis,NM,eBird,NA
Haemorhous mexicanus,NM,eBird,NA
Haemorhous purpureus,NM,eBird,NA
Haemorhous cassinii,NM,eBird,NA
Acanthis flammea,NM,eBird,NA
Loxia curvirostra,NM,eBird,NA
Loxia leucoptera,NM,eBird,NA
Spinus pinus,NM,eBird,NA
Spinus psaltria,NM,eBird,NA
Spinus lawrencei,NM,eBird,NA
Spinus tristis,NM,eBird,NA
Calcarius lapponicus,NM,eBird,NA
Calcarius ornatus,NM,eBird,NA
Calcarius pictus,NM,eBird,NA
Rhynchophanes mccownii,NM,eBird,NA
Plectrophenax nivalis,NM,eBird,NA
Peucaea carpalis,NM,eBird,NA
Peucaea botterii,NM,eBird,NA
Peucaea cassinii,NM,eBird,NA
Ammodramus savannarum,NM,eBird,NA
Spizella passerina,NM,eBird,NA
Spizella pallida,NM,eBird,NA
Spizella atrogularis,NM,eBird,NA
Spizella pusilla,NM,eBird,NA
Spizella breweri,NM,eBird,NA
Spizella wortheni,NM,eBird,NA
Amphispiza bilineata,NM,eBird,NA
Chondestes grammacus,NM,eBird,NA
Calamospiza melanocorys,NM,eBird,NA
Spizelloides arborea,NM,eBird,NA
Passerella iliaca,NM,eBird,NA
Junco hyemalis,NM,eBird,NA
Junco phaeonotus,NM,eBird,NA
Zonotrichia leucophrys,NM,eBird,NA
Zonotrichia atricapilla,NM,eBird,NA
Zonotrichia querula,NM,eBird,NA
Zonotrichia albicollis,NM,eBird,NA
Artemisiospiza nevadensis,NM,eBird,NA
Pooecetes gramineus,NM,eBird,NA
Ammospiza leconteii,NM,eBird,NA
Ammospiza nelsoni,NM,eBird,NA
Passerculus sandwichensis,NM,eBird,NA
Centronyx bairdii,NM,eBird,NA
Centronyx henslowii,NM,eBird,NA
Melospiza melodia,NM,eBird,NA
Melospiza lincolnii,NM,eBird,NA
Melospiza georgiana,NM,eBird,NA
Melozone fusca,NM,eBird,NA
Melozone aberti,NM,eBird,NA
Aimophila ruficeps,NM,eBird,NA
Pipilo chlorurus,NM,eBird,NA
Pipilo maculatus,NM,eBird,NA
Pipilo erythrophthalmus,NM,eBird,NA
Icteria virens,NM,eBird,NA
Xanthocephalus xanthocephalus,NM,eBird,NA
Dolichonyx oryzivorus,NM,eBird,NA
Sturnella neglecta,NM,eBird,NA
Sturnella lilianae,NM,eBird,NA
Icterus spurius,NM,eBird,NA
Icterus cucullatus,NM,eBird,NA
Icterus pustulatus,NM,eBird,NA
Icterus bullockii,NM,eBird,NA
Icterus galbula,NM,eBird,NA
Icterus parisorum,NM,eBird,NA
Agelaius phoeniceus,NM,eBird,NA
Molothrus aeneus,NM,eBird,NA
Molothrus ater,NM,eBird,NA
Euphagus carolinus,NM,eBird,NA
Euphagus cyanocephalus,NM,eBird,NA
Quiscalus quiscula,NM,eBird,NA
Quiscalus mexicanus,NM,eBird,NA
Seiurus aurocapilla,NM,eBird,NA
Helmitheros vermivorum,NM,eBird,NA
Parkesia motacilla,NM,eBird,NA
Parkesia noveboracensis,NM,eBird,NA
Vermivora chrysoptera,NM,eBird,NA
Vermivora cyanoptera,NM,eBird,NA
Mniotilta varia,NM,eBird,NA
Protonotaria citrea,NM,eBird,NA
Limnothlypis swainsonii,NM,eBird,NA
Leiothlypis peregrina,NM,eBird,NA
Leiothlypis celata,NM,eBird,NA
Leiothlypis luciae,NM,eBird,NA
Leiothlypis ruficapilla,NM,eBird,NA
Leiothlypis virginiae,NM,eBird,NA
Oporornis agilis,NM,eBird,NA
Geothlypis tolmiei,NM,eBird,NA
Geothlypis philadelphia,NM,eBird,NA
Geothlypis formosa,NM,eBird,NA
Geothlypis trichas,NM,eBird,NA
Setophaga citrina,NM,eBird,NA
Setophaga ruticilla,NM,eBird,NA
Setophaga tigrina,NM,eBird,NA
Setophaga cerulea,NM,eBird,NA
Setophaga americana,NM,eBird,NA
Setophaga pitiayumi,NM,eBird,NA
Setophaga magnolia,NM,eBird,NA
Setophaga castanea,NM,eBird,NA
Setophaga fusca,NM,eBird,NA
Setophaga aestiva,NM,eBird,NA
Setophaga pensylvanica,NM,eBird,NA
Setophaga striata,NM,eBird,NA
Setophaga caerulescens,NM,eBird,NA
Setophaga palmarum,NM,eBird,NA
Setophaga pinus,NM,eBird,NA
Setophaga coronata,NM,eBird,NA
Setophaga dominica,NM,eBird,NA
Setophaga discolor,NM,eBird,NA
Setophaga graciae,NM,eBird,NA
Setophaga nigrescens,NM,eBird,NA
Setophaga townsendi,NM,eBird,NA
Setophaga occidentalis,NM,eBird,NA
Setophaga chrysoparia,NM,eBird,NA
Setophaga virens,NM,eBird,NA
Euthlypis lachrymosa,NM,eBird,NA
Basileuterus rufifrons,NM,eBird,NA
Basileuterus culicivorus,NM,eBird,NA
Cardellina canadensis,NM,eBird,NA
Cardellina pusilla,NM,eBird,NA
Cardellina rubrifrons,NM,eBird,NA
Myioborus pictus,NM,eBird,NA
Myioborus miniatus,NM,eBird,NA
Piranga flava,NM,eBird,NA
Piranga rubra,NM,eBird,NA
Piranga olivacea,NM,eBird,NA
Piranga ludoviciana,NM,eBird,NA
Cardinalis cardinalis,NM,eBird,NA
Cardinalis sinuatus,NM,eBird,NA
Pheucticus chrysopeplus,NM,eBird,NA
Pheucticus ludovicianus,NM,eBird,NA
Pheucticus melanocephalus,NM,eBird,NA
Passerina caerulea,NM,eBird,NA
Passerina amoena,NM,eBird,NA
Passerina cyanea,NM,eBird,NA
Passerina versicolor,NM,eBird,NA
Passerina ciris,NM,eBird,NA
Spiza americana,NM,eBird,NA
Dromaius novaehollandiae,NY,eBird,NA
Dendrocygna autumnalis,NY,eBird,NA
Dendrocygna bicolor,NY,eBird,NA
Anser indicus,NY,eBird,NA
Anser canagicus,NY,eBird,NA
Anser caerulescens,NY,eBird,NA
Anser rossii,NY,eBird,NA
Anser anser,NY,eBird,NA
Anser cygnoides,NY,eBird,NA
Anser albifrons,NY,eBird,NA
Anser erythropus,NY,eBird,NA
Anser fabalis,NY,eBird,NA
Anser serrirostris,NY,eBird,NA
Anser brachyrhynchus,NY,eBird,NA
Branta bernicla,NY,eBird,NA
Branta leucopsis,NY,eBird,NA
Branta hutchinsii,NY,eBird,NA
Branta canadensis,NY,eBird,NA
Branta ruficollis,NY,eBird,NA
Cygnus olor,NY,eBird,NA
Cygnus atratus,NY,eBird,NA
Cygnus melancoryphus,NY,eBird,NA
Cygnus buccinator,NY,eBird,NA
Cygnus columbianus,NY,eBird,NA
Cygnus cygnus,NY,eBird,NA
Alopochen aegyptiaca,NY,eBird,NA
Tadorna ferruginea,NY,eBird,NA
Tadorna cana,NY,eBird,NA
Tadorna variegata,NY,eBird,NA
Tadorna tadorna,NY,eBird,NA
Cairina moschata,NY,eBird,NA
Aix sponsa,NY,eBird,NA
Aix galericulata,NY,eBird,NA
Spatula querquedula,NY,eBird,NA
Spatula discors,NY,eBird,NA
Spatula cyanoptera,NY,eBird,NA
Spatula clypeata,NY,eBird,NA
Mareca strepera,NY,eBird,NA
Mareca penelope,NY,eBird,NA
Mareca americana,NY,eBird,NA
Anas platyrhynchos,NY,eBird,NA
Anas rubripes,NY,eBird,NA
Anas fulvigula,NY,eBird,NA
Anas bahamensis,NY,eBird,NA
Anas acuta,NY,eBird,NA
Anas crecca,NY,eBird,NA
Netta rufina,NY,eBird,NA
Aythya valisineria,NY,eBird,NA
Aythya americana,NY,eBird,NA
Aythya ferina,NY,eBird,NA
Aythya collaris,NY,eBird,NA
Aythya fuligula,NY,eBird,NA
Aythya marila,NY,eBird,NA
Aythya affinis,NY,eBird,NA
Camptorhynchus labradorius,NY,eBird,NA
Somateria spectabilis,NY,eBird,NA
Somateria mollissima,NY,eBird,NA
Histrionicus histrionicus,NY,eBird,NA
Melanitta perspicillata,NY,eBird,NA
Melanitta deglandi,NY,eBird,NA
Melanitta americana,NY,eBird,NA
Clangula hyemalis,NY,eBird,NA
Bucephala albeola,NY,eBird,NA
Bucephala clangula,NY,eBird,NA
Bucephala islandica,NY,eBird,NA
Mergellus albellus,NY,eBird,NA
Lophodytes cucullatus,NY,eBird,NA
Mergus merganser,NY,eBird,NA
Mergus serrator,NY,eBird,NA
Oxyura jamaicensis,NY,eBird,NA
Numida meleagris,NY,eBird,NA
Colinus virginianus,NY,eBird,NA
Callipepla californica,NY,eBird,NA
Callipepla gambelii,NY,eBird,NA
Meleagris gallopavo,NY,eBird,NA
Bonasa umbellus,NY,eBird,NA
Lagopus lagopus,NY,eBird,NA
Canachites canadensis,NY,eBird,NA
Perdix perdix,NY,eBird,NA
Chrysolophus pictus,NY,eBird,NA
Phasianus colchicus,NY,eBird,NA
Phasianus versicolor,NY,eBird,NA
Lophura nycthemera,NY,eBird,NA
Pavo cristatus,NY,eBird,NA
Pavo muticus,NY,eBird,NA
Gallus gallus,NY,eBird,NA
Coturnix coturnix,NY,eBird,NA
Coturnix japonica,NY,eBird,NA
Alectoris rufa,NY,eBird,NA
Alectoris chukar,NY,eBird,NA
Columba livia,NY,eBird,NA
Patagioenas fasciata,NY,eBird,NA
Ectopistes migratorius,NY,eBird,NA
Streptopelia decaocto,NY,eBird,NA
Streptopelia roseogrisea,NY,eBird,NA
Streptopelia capicola,NY,eBird,NA
Geopelia cuneata,NY,eBird,NA
Columbina inca,NY,eBird,NA
Columbina passerina,NY,eBird,NA
Zenaida asiatica,NY,eBird,NA
Zenaida macroura,NY,eBird,NA
Coccyzus americanus,NY,eBird,NA
Coccyzus erythropthalmus,NY,eBird,NA
Cuculus canorus,NY,eBird,NA
Chordeiles minor,NY,eBird,NA
Antrostomus carolinensis,NY,eBird,NA
Antrostomus vociferus,NY,eBird,NA
Chaetura pelagica,NY,eBird,NA
Archilochus colubris,NY,eBird,NA
Archilochus alexandri,NY,eBird,NA
Calypte anna,NY,eBird,NA
Selasphorus calliope,NY,eBird,NA
Selasphorus rufus,NY,eBird,NA
Selasphorus sasin,NY,eBird,NA
Cynanthus latirostris,NY,eBird,NA
Rallus elegans,NY,eBird,NA
Rallus crepitans,NY,eBird,NA
Rallus limicola,NY,eBird,NA
Crex crex,NY,eBird,NA
Porzana carolina,NY,eBird,NA
Gallinula galeata,NY,eBird,NA
Fulica americana,NY,eBird,NA
Porphyrio martinica,NY,eBird,NA
Porphyrio flavirostris,NY,eBird,NA
Coturnicops noveboracensis,NY,eBird,NA
Laterallus jamaicensis,NY,eBird,NA
Aramus guarauna,NY,eBird,NA
Balearica regulorum,NY,eBird,NA
Antigone canadensis,NY,eBird,NA
Grus americana,NY,eBird,NA
Grus grus,NY,eBird,NA
Himantopus mexicanus,NY,eBird,NA
Recurvirostra americana,NY,eBird,NA
Haematopus palliatus,NY,eBird,NA
Pluvialis squatarola,NY,eBird,NA
Pluvialis dominica,NY,eBird,NA
Pluvialis fulva,NY,eBird,NA
Charadrius vociferus,NY,eBird,NA
Charadrius hiaticula,NY,eBird,NA
Charadrius semipalmatus,NY,eBird,NA
Charadrius melodus,NY,eBird,NA
Vanellus vanellus,NY,eBird,NA
Anarhynchus wilsonia,NY,eBird,NA
Anarhynchus nivosus,NY,eBird,NA
Bartramia longicauda,NY,eBird,NA
Numenius hudsonicus,NY,eBird,NA
Numenius phaeopus,NY,eBird,NA
Numenius borealis,NY,eBird,NA
Numenius americanus,NY,eBird,NA
Numenius arquata,NY,eBird,NA
Limosa lapponica,NY,eBird,NA
Limosa limosa,NY,eBird,NA
Limosa haemastica,NY,eBird,NA
Limosa fedoa,NY,eBird,NA
Limnodromus griseus,NY,eBird,NA
Limnodromus scolopaceus,NY,eBird,NA
Scolopax minor,NY,eBird,NA
Gallinago delicata,NY,eBird,NA
Phalaropus tricolor,NY,eBird,NA
Phalaropus fulicarius,NY,eBird,NA
Phalaropus lobatus,NY,eBird,NA
Actitis macularius,NY,eBird,NA
Tringa solitaria,NY,eBird,NA
Tringa glareola,NY,eBird,NA
Tringa flavipes,NY,eBird,NA
Tringa semipalmata,NY,eBird,NA
Tringa erythropus,NY,eBird,NA
Tringa nebularia,NY,eBird,NA
Tringa melanoleuca,NY,eBird,NA
Arenaria interpres,NY,eBird,NA
Calidris canutus,NY,eBird,NA
Calidris pugnax,NY,eBird,NA
Calidris falcinellus,NY,eBird,NA
Calidris acuminata,NY,eBird,NA
Calidris ferruginea,NY,eBird,NA
Calidris himantopus,NY,eBird,NA
Calidris ruficollis,NY,eBird,NA
Calidris subruficollis,NY,eBird,NA
Calidris alba,NY,eBird,NA
Calidris alpina,NY,eBird,NA
Calidris maritima,NY,eBird,NA
Calidris bairdii,NY,eBird,NA
Calidris minuta,NY,eBird,NA
Calidris fuscicollis,NY,eBird,NA
Calidris minutilla,NY,eBird,NA
Calidris melanotos,NY,eBird,NA
Calidris mauri,NY,eBird,NA
Calidris pusilla,NY,eBird,NA
Stercorarius longicaudus,NY,eBird,NA
Stercorarius parasiticus,NY,eBird,NA
Stercorarius pomarinus,NY,eBird,NA
Stercorarius skua,NY,eBird,NA
Stercorarius maccormicki,NY,eBird,NA
Fratercula arctica,NY,eBird,NA
Brachyramphus perdix,NY,eBird,NA
Cepphus grylle,NY,eBird,NA
Alca torda,NY,eBird,NA
Alle alle,NY,eBird,NA
Uria lomvia,NY,eBird,NA
Uria aalge,NY,eBird,NA
Synthliboramphus antiquus,NY,eBird,NA
Hydrocoloeus minutus,NY,eBird,NA
Rhodostethia rosea,NY,eBird,NA
Rissa tridactyla,NY,eBird,NA
Pagophila eburnea,NY,eBird,NA
Xema sabini,NY,eBird,NA
Chroicocephalus philadelphia,NY,eBird,NA
Chroicocephalus ridibundus,NY,eBird,NA
Chroicocephalus cirrocephalus,NY,eBird,NA
Leucophaeus atricilla,NY,eBird,NA
Leucophaeus pipixcan,NY,eBird,NA
Larus crassirostris,NY,eBird,NA
Larus heermanni,NY,eBird,NA
Larus canus,NY,eBird,NA
Larus brachyrhynchus,NY,eBird,NA
Larus delawarensis,NY,eBird,NA
Larus occidentalis,NY,eBird,NA
Larus smithsonianus,NY,eBird,NA
Larus vegae,NY,eBird,NA
Larus marinus,NY,eBird,NA
Larus hyperboreus,NY,eBird,NA
Larus fuscus,NY,eBird,NA
Larus californicus,NY,eBird,NA
Larus glaucescens,NY,eBird,NA
Larus schistisagus,NY,eBird,NA
Larus glaucoides,NY,eBird,NA
Rynchops niger,NY,eBird,NA
Onychoprion fuscatus,NY,eBird,NA
Onychoprion anaethetus,NY,eBird,NA
Sternula antillarum,NY,eBird,NA
Gelochelidon nilotica,NY,eBird,NA
Hydroprogne caspia,NY,eBird,NA
Chlidonias niger,NY,eBird,NA
Chlidonias leucopterus,NY,eBird,NA
Sterna forsteri,NY,eBird,NA
Sterna paradisaea,NY,eBird,NA
Sterna hirundo,NY,eBird,NA
Sterna dougallii,NY,eBird,NA
Thalasseus sandvicensis,NY,eBird,NA
Thalasseus elegans,NY,eBird,NA
Thalasseus maximus,NY,eBird,NA
Phoenicopterus chilensis,NY,eBird,NA
Phoenicopterus ruber,NY,eBird,NA
Podilymbus podiceps,NY,eBird,NA
Podiceps auritus,NY,eBird,NA
Podiceps grisegena,NY,eBird,NA
Podiceps nigricollis,NY,eBird,NA
Aechmophorus occidentalis,NY,eBird,NA
Aechmophorus clarkii,NY,eBird,NA
Phaethon lepturus,NY,eBird,NA
Phaethon aethereus,NY,eBird,NA
Gavia stellata,NY,eBird,NA
Gavia pacifica,NY,eBird,NA
Gavia immer,NY,eBird,NA
Gavia adamsii,NY,eBird,NA
Thalassarche chlororhynchos,NY,eBird,NA
Oceanites oceanicus,NY,eBird,NA
Pelagodroma marina,NY,eBird,NA
Hydrobates leucorhous,NY,eBird,NA
Hydrobates castro,NY,eBird,NA
Fulmarus glacialis,NY,eBird,NA
Pterodroma arminjoniana,NY,eBird,NA
Pterodroma deserta,NY,eBird,NA
Pterodroma inexpectata,NY,eBird,NA
Pterodroma cahow,NY,eBird,NA
Pterodroma hasitata,NY,eBird,NA
Calonectris borealis,NY,eBird,NA
Calonectris diomedea,NY,eBird,NA
Ardenna gravis,NY,eBird,NA
Ardenna grisea,NY,eBird,NA
Ardenna tenuirostris,NY,eBird,NA
Puffinus puffinus,NY,eBird,NA
Puffinus lherminieri,NY,eBird,NA
Mycteria americana,NY,eBird,NA
Fregata magnificens,NY,eBird,NA
Morus bassanus,NY,eBird,NA
Sula sula,NY,eBird,NA
Sula leucogaster,NY,eBird,NA
Anhinga anhinga,NY,eBird,NA
Phalacrocorax carbo,NY,eBird,NA
Nannopterum auritum,NY,eBird,NA
Nannopterum brasilianum,NY,eBird,NA
Eudocimus albus,NY,eBird,NA
Plegadis falcinellus,NY,eBird,NA
Plegadis chihi,NY,eBird,NA
Platalea ajaja,NY,eBird,NA
Botaurus lentiginosus,NY,eBird,NA
Botaurus exilis,NY,eBird,NA
Nyctanassa violacea,NY,eBird,NA
Nycticorax nycticorax,NY,eBird,NA
Egretta caerulea,NY,eBird,NA
Egretta tricolor,NY,eBird,NA
Egretta rufescens,NY,eBird,NA
Egretta thula,NY,eBird,NA
Egretta garzetta,NY,eBird,NA
Egretta gularis,NY,eBird,NA
Butorides virescens,NY,eBird,NA
Ardea ibis,NY,eBird,NA
Ardea alba,NY,eBird,NA
Ardea herodias,NY,eBird,NA
Pelecanus erythrorhynchos,NY,eBird,NA
Pelecanus occidentalis,NY,eBird,NA
Coragyps atratus,NY,eBird,NA
Cathartes aura,NY,eBird,NA
Pandion haliaetus,NY,eBird,NA
Elanus leucurus,NY,eBird,NA
Elanoides forficatus,NY,eBird,NA
Aquila chrysaetos,NY,eBird,NA
Accipiter striatus,NY,eBird,NA
Astur cooperii,NY,eBird,NA
Astur atricapillus,NY,eBird,NA
Circus hudsonius,NY,eBird,NA
Haliaeetus albicilla,NY,eBird,NA
Haliaeetus leucocephalus,NY,eBird,NA
Ictinia mississippiensis,NY,eBird,NA
Buteo platypterus,NY,eBird,NA
Buteo lineatus,NY,eBird,NA
Buteo albonotatus,NY,eBird,NA
Buteo swainsoni,NY,eBird,NA
Buteo jamaicensis,NY,eBird,NA
Buteo lagopus,NY,eBird,NA
Buteo regalis,NY,eBird,NA
Tyto furcata,NY,eBird,NA
Megascops asio,NY,eBird,NA
Bubo scandiacus,NY,eBird,NA
Bubo virginianus,NY,eBird,NA
Bubo bubo,NY,eBird,NA
Surnia ulula,NY,eBird,NA
Athene cunicularia,NY,eBird,NA
Strix varia,NY,eBird,NA
Strix nebulosa,NY,eBird,NA
Asio otus,NY,eBird,NA
Asio flammeus,NY,eBird,NA
Aegolius funereus,NY,eBird,NA
Aegolius acadicus,NY,eBird,NA
Dacelo novaeguineae,NY,eBird,NA
Megaceryle alcyon,NY,eBird,NA
Sphyrapicus thyroideus,NY,eBird,NA
Sphyrapicus varius,NY,eBird,NA
Melanerpes lewis,NY,eBird,NA
Melanerpes erythrocephalus,NY,eBird,NA
Melanerpes carolinus,NY,eBird,NA
Picoides dorsalis,NY,eBird,NA
Picoides arcticus,NY,eBird,NA
Dryobates pubescens,NY,eBird,NA
Leuconotopicus villosus,NY,eBird,NA
Dryocopus pileatus,NY,eBird,NA
Colaptes auratus,NY,eBird,NA
Caracara plancus,NY,eBird,NA
Falco sparverius,NY,eBird,NA
Falco columbarius,NY,eBird,NA
Falco cherrug,NY,eBird,NA
Falco rusticolus,NY,eBird,NA
Falco peregrinus,NY,eBird,NA
Falco mexicanus,NY,eBird,NA
Nymphicus hollandicus,NY,eBird,NA
Psittacula krameri,NY,eBird,NA
Melopsittacus undulatus,NY,eBird,NA
Agapornis roseicollis,NY,eBird,NA
Agapornis personatus,NY,eBird,NA
Psittacus erithacus,NY,eBird,NA
Myiopsitta monachus,NY,eBird,NA
Brotogeris versicolurus,NY,eBird,NA
Brotogeris chiriri,NY,eBird,NA
Amazona oratrix,NY,eBird,NA
Aratinga nenday,NY,eBird,NA
Aratinga solstitialis,NY,eBird,NA
Ara ararauna,NY,eBird,NA
Ara ambiguus,NY,eBird,NA
Psittacara mitratus,NY,eBird,NA
Contopus cooperi,NY,eBird,NA
Contopus virens,NY,eBird,NA
Empidonax flaviventris,NY,eBird,NA
Empidonax virescens,NY,eBird,NA
Empidonax alnorum,NY,eBird,NA
Empidonax traillii,NY,eBird,NA
Empidonax minimus,NY,eBird,NA
Empidonax hammondii,NY,eBird,NA
Empidonax difficilis,NY,eBird,NA
Sayornis phoebe,NY,eBird,NA
Sayornis saya,NY,eBird,NA
Pyrocephalus rubinus,NY,eBird,NA
Myiarchus cinerascens,NY,eBird,NA
Myiarchus crinitus,NY,eBird,NA
Myiodynastes luteiventris,NY,eBird,NA
Tyrannus melancholicus,NY,eBird,NA
Tyrannus couchii,NY,eBird,NA
Tyrannus vociferans,NY,eBird,NA
Tyrannus verticalis,NY,eBird,NA
Tyrannus tyrannus,NY,eBird,NA
Tyrannus dominicensis,NY,eBird,NA
Tyrannus forficatus,NY,eBird,NA
Tyrannus savana,NY,eBird,NA
Vireo griseus,NY,eBird,NA
Vireo bellii,NY,eBird,NA
Vireo flavifrons,NY,eBird,NA
Vireo cassinii,NY,eBird,NA
Vireo solitarius,NY,eBird,NA
Vireo philadelphicus,NY,eBird,NA
Vireo gilvus,NY,eBird,NA
Vireo swainsoni,NY,eBird,NA
Vireo olivaceus,NY,eBird,NA
Lanius ludovicianus,NY,eBird,NA
Lanius borealis,NY,eBird,NA
Perisoreus canadensis,NY,eBird,NA
Cyanocorax colliei,NY,eBird,NA
Cyanocitta cristata,NY,eBird,NA
Pica hudsonia,NY,eBird,NA
Corvus brachyrhynchos,NY,eBird,NA
Corvus ossifragus,NY,eBird,NA
Corvus cornix,NY,eBird,NA
Corvus corax,NY,eBird,NA
Poecile atricapillus,NY,eBird,NA
Poecile hudsonicus,NY,eBird,NA
Baeolophus bicolor,NY,eBird,NA
Alauda arvensis,NY,eBird,NA
Eremophila alpestris,NY,eBird,NA
Riparia riparia,NY,eBird,NA
Tachycineta bicolor,NY,eBird,NA
Tachycineta thalassina,NY,eBird,NA
Progne subis,NY,eBird,NA
Progne chalybea,NY,eBird,NA
Stelgidopteryx serripennis,NY,eBird,NA
Hirundo rustica,NY,eBird,NA
Petrochelidon pyrrhonota,NY,eBird,NA
Petrochelidon fulva,NY,eBird,NA
Phylloscopus borealis,NY,eBird,NA
Corthylio calendula,NY,eBird,NA
Regulus satrapa,NY,eBird,NA
Sitta carolinensis,NY,eBird,NA
Sitta pusilla,NY,eBird,NA
Sitta canadensis,NY,eBird,NA
Certhia americana,NY,eBird,NA
Polioptila caerulea,NY,eBird,NA
Salpinctes obsoletus,NY,eBird,NA
Troglodytes aedon,NY,eBird,NA
Troglodytes hiemalis,NY,eBird,NA
Cistothorus stellaris,NY,eBird,NA
Cistothorus palustris,NY,eBird,NA
Thryothorus ludovicianus,NY,eBird,NA
Thryomanes bewickii,NY,eBird,NA
Sturnus vulgaris,NY,eBird,NA
Acridotheres cristatellus,NY,eBird,NA
Dumetella carolinensis,NY,eBird,NA
Toxostoma rufum,NY,eBird,NA
Oreoscoptes montanus,NY,eBird,NA
Mimus polyglottos,NY,eBird,NA
Sialia sialis,NY,eBird,NA
Sialia currucoides,NY,eBird,NA
Myadestes townsendi,NY,eBird,NA
Ixoreus naevius,NY,eBird,NA
Catharus fuscescens,NY,eBird,NA
Catharus minimus,NY,eBird,NA
Catharus bicknelli,NY,eBird,NA
Catharus ustulatus,NY,eBird,NA
Catharus guttatus,NY,eBird,NA
Hylocichla mustelina,NY,eBird,NA
Turdus iliacus,NY,eBird,NA
Turdus pilaris,NY,eBird,NA
Turdus migratorius,NY,eBird,NA
Oenanthe oenanthe,NY,eBird,NA
Bombycilla garrulus,NY,eBird,NA
Bombycilla cedrorum,NY,eBird,NA
Euplectes franciscanus,NY,eBird,NA
Euplectes orix,NY,eBird,NA
Euplectes afer,NY,eBird,NA
Euplectes ardens,NY,eBird,NA
Taeniopygia guttata,NY,eBird,NA
Lonchura punctulata,NY,eBird,NA
Estrilda melpoda,NY,eBird,NA
Estrilda astrild,NY,eBird,NA
Uraeginthus bengalus,NY,eBird,NA
Vidua macroura,NY,eBird,NA
Vidua paradisaea,NY,eBird,NA
Passer domesticus,NY,eBird,NA
Motacilla tschutschensis,NY,eBird,NA
Anthus rubescens,NY,eBird,NA
Fringilla coelebs,NY,eBird,NA
Fringilla montifringilla,NY,eBird,NA
Hesperiphona vespertina,NY,eBird,NA
Pinicola enucleator,NY,eBird,NA
Pyrrhula aurantiaca,NY,eBird,NA
Leucosticte tephrocotis,NY,eBird,NA
Haemorhous mexicanus,NY,eBird,NA
Haemorhous purpureus,NY,eBird,NA
Chloris chloris,NY,eBird,NA
Crithagra mozambica,NY,eBird,NA
Linaria cannabina,NY,eBird,NA
Acanthis flammea,NY,eBird,NA
Loxia curvirostra,NY,eBird,NA
Loxia leucoptera,NY,eBird,NA
Carduelis carduelis,NY,eBird,NA
Serinus serinus,NY,eBird,NA
Spinus pinus,NY,eBird,NA
Spinus tristis,NY,eBird,NA
Spinus cucullatus,NY,eBird,NA
Calcarius lapponicus,NY,eBird,NA
Calcarius ornatus,NY,eBird,NA
Calcarius pictus,NY,eBird,NA
Plectrophenax nivalis,NY,eBird,NA
Peucaea cassinii,NY,eBird,NA
Peucaea aestivalis,NY,eBird,NA
Ammodramus savannarum,NY,eBird,NA
Spizella passerina,NY,eBird,NA
Spizella pallida,NY,eBird,NA
Spizella pusilla,NY,eBird,NA
Chondestes grammacus,NY,eBird,NA
Calamospiza melanocorys,NY,eBird,NA
Spizelloides arborea,NY,eBird,NA
Passerella iliaca,NY,eBird,NA
Junco hyemalis,NY,eBird,NA
Zonotrichia leucophrys,NY,eBird,NA
Zonotrichia atricapilla,NY,eBird,NA
Zonotrichia querula,NY,eBird,NA
Zonotrichia albicollis,NY,eBird,NA
Pooecetes gramineus,NY,eBird,NA
Ammospiza leconteii,NY,eBird,NA
Ammospiza maritima,NY,eBird,NA
Ammospiza nelsoni,NY,eBird,NA
Ammospiza caudacuta,NY,eBird,NA
Passerculus sandwichensis,NY,eBird,NA
Centronyx bairdii,NY,eBird,NA
Centronyx henslowii,NY,eBird,NA
Melospiza melodia,NY,eBird,NA
Melospiza lincolnii,NY,eBird,NA
Melospiza georgiana,NY,eBird,NA
Pipilo chlorurus,NY,eBird,NA
Pipilo maculatus,NY,eBird,NA
Pipilo erythrophthalmus,NY,eBird,NA
Icteria virens,NY,eBird,NA
Xanthocephalus xanthocephalus,NY,eBird,NA
Dolichonyx oryzivorus,NY,eBird,NA
Sturnella neglecta,NY,eBird,NA
Sturnella magna,NY,eBird,NA
Icterus spurius,NY,eBird,NA
Icterus icterus,NY,eBird,NA
Icterus bullockii,NY,eBird,NA
Icterus galbula,NY,eBird,NA
Icterus parisorum,NY,eBird,NA
Agelaius phoeniceus,NY,eBird,NA
Molothrus aeneus,NY,eBird,NA
Molothrus ater,NY,eBird,NA
Euphagus carolinus,NY,eBird,NA
Euphagus cyanocephalus,NY,eBird,NA
Quiscalus quiscula,NY,eBird,NA
Quiscalus major,NY,eBird,NA
Seiurus aurocapilla,NY,eBird,NA
Helmitheros vermivorum,NY,eBird,NA
Parkesia motacilla,NY,eBird,NA
Parkesia noveboracensis,NY,eBird,NA
Vermivora chrysoptera,NY,eBird,NA
Vermivora cyanoptera,NY,eBird,NA
Mniotilta varia,NY,eBird,NA
Protonotaria citrea,NY,eBird,NA
Limnothlypis swainsonii,NY,eBird,NA
Leiothlypis peregrina,NY,eBird,NA
Leiothlypis celata,NY,eBird,NA
Leiothlypis ruficapilla,NY,eBird,NA
Leiothlypis virginiae,NY,eBird,NA
Oporornis agilis,NY,eBird,NA
Geothlypis tolmiei,NY,eBird,NA
Geothlypis philadelphia,NY,eBird,NA
Geothlypis formosa,NY,eBird,NA
Geothlypis trichas,NY,eBird,NA
Setophaga citrina,NY,eBird,NA
Setophaga ruticilla,NY,eBird,NA
Setophaga kirtlandii,NY,eBird,NA
Setophaga tigrina,NY,eBird,NA
Setophaga cerulea,NY,eBird,NA
Setophaga americana,NY,eBird,NA
Setophaga magnolia,NY,eBird,NA
Setophaga castanea,NY,eBird,NA
Setophaga fusca,NY,eBird,NA
Setophaga aestiva,NY,eBird,NA
Setophaga pensylvanica,NY,eBird,NA
Setophaga striata,NY,eBird,NA
Setophaga caerulescens,NY,eBird,NA
Setophaga palmarum,NY,eBird,NA
Setophaga pinus,NY,eBird,NA
Setophaga coronata,NY,eBird,NA
Setophaga dominica,NY,eBird,NA
Setophaga discolor,NY,eBird,NA
Setophaga graciae,NY,eBird,NA
Setophaga nigrescens,NY,eBird,NA
Setophaga townsendi,NY,eBird,NA
Setophaga occidentalis,NY,eBird,NA
Setophaga virens,NY,eBird,NA
Cardellina canadensis,NY,eBird,NA
Cardellina pusilla,NY,eBird,NA
Myioborus pictus,NY,eBird,NA
Piranga rubra,NY,eBird,NA
Piranga olivacea,NY,eBird,NA
Piranga ludoviciana,NY,eBird,NA
Cardinalis cardinalis,NY,eBird,NA
Pheucticus ludovicianus,NY,eBird,NA
Pheucticus melanocephalus,NY,eBird,NA
Passerina caerulea,NY,eBird,NA
Passerina amoena,NY,eBird,NA
Passerina cyanea,NY,eBird,NA
Passerina ciris,NY,eBird,NA
Spiza americana,NY,eBird,NA
Sicalis flaveola,NY,eBird,NA
Sporophila lineola,NY,eBird,NA
Sporophila minuta,NY,eBird,NA
Sporophila morelleti,NY,eBird,NA
Dendrocygna eytoni,NC,eBird,NA
Dendrocygna viduata,NC,eBird,NA
Dendrocygna autumnalis,NC,eBird,NA
Dendrocygna bicolor,NC,eBird,NA
Anser caerulescens,NC,eBird,NA
Anser rossii,NC,eBird,NA
Anser anser,NC,eBird,NA
Anser cygnoides,NC,eBird,NA
Anser albifrons,NC,eBird,NA
Branta bernicla,NC,eBird,NA
Branta leucopsis,NC,eBird,NA
Branta hutchinsii,NC,eBird,NA
Branta canadensis,NC,eBird,NA
Cygnus olor,NC,eBird,NA
Cygnus atratus,NC,eBird,NA
Cygnus buccinator,NC,eBird,NA
Cygnus columbianus,NC,eBird,NA
Alopochen aegyptiaca,NC,eBird,NA
Cairina moschata,NC,eBird,NA
Aix sponsa,NC,eBird,NA
Aix galericulata,NC,eBird,NA
Spatula querquedula,NC,eBird,NA
Spatula discors,NC,eBird,NA
Spatula cyanoptera,NC,eBird,NA
Spatula clypeata,NC,eBird,NA
Mareca strepera,NC,eBird,NA
Mareca penelope,NC,eBird,NA
Mareca americana,NC,eBird,NA
Anas platyrhynchos,NC,eBird,NA
Anas rubripes,NC,eBird,NA
Anas fulvigula,NC,eBird,NA
Anas bahamensis,NC,eBird,NA
Anas acuta,NC,eBird,NA
Anas crecca,NC,eBird,NA
Marmaronetta angustirostris,NC,eBird,NA
Aythya valisineria,NC,eBird,NA
Aythya americana,NC,eBird,NA
Aythya collaris,NC,eBird,NA
Aythya fuligula,NC,eBird,NA
Aythya marila,NC,eBird,NA
Aythya affinis,NC,eBird,NA
Somateria spectabilis,NC,eBird,NA
Somateria mollissima,NC,eBird,NA
Histrionicus histrionicus,NC,eBird,NA
Melanitta perspicillata,NC,eBird,NA
Melanitta deglandi,NC,eBird,NA
Melanitta americana,NC,eBird,NA
Clangula hyemalis,NC,eBird,NA
Bucephala albeola,NC,eBird,NA
Bucephala clangula,NC,eBird,NA
Lophodytes cucullatus,NC,eBird,NA
Mergus merganser,NC,eBird,NA
Mergus serrator,NC,eBird,NA
Nomonyx dominicus,NC,eBird,NA
Oxyura jamaicensis,NC,eBird,NA
Numida meleagris,NC,eBird,NA
Colinus virginianus,NC,eBird,NA
Meleagris gallopavo,NC,eBird,NA
Bonasa umbellus,NC,eBird,NA
Chrysolophus pictus,NC,eBird,NA
Phasianus colchicus,NC,eBird,NA
Pavo cristatus,NC,eBird,NA
Gallus gallus,NC,eBird,NA
Alectoris chukar,NC,eBird,NA
Columba livia,NC,eBird,NA
Patagioenas leucocephala,NC,eBird,NA
Patagioenas fasciata,NC,eBird,NA
Streptopelia decaocto,NC,eBird,NA
Streptopelia roseogrisea,NC,eBird,NA
Columbina passerina,NC,eBird,NA
Zenaida asiatica,NC,eBird,NA
Zenaida macroura,NC,eBird,NA
Crotophaga ani,NC,eBird,NA
Crotophaga sulcirostris,NC,eBird,NA
Coccyzus americanus,NC,eBird,NA
Coccyzus erythropthalmus,NC,eBird,NA
Chordeiles minor,NC,eBird,NA
Chordeiles gundlachii,NC,eBird,NA
Antrostomus carolinensis,NC,eBird,NA
Antrostomus vociferus,NC,eBird,NA
Chaetura pelagica,NC,eBird,NA
Apus apus,NC,eBird,NA
Aeronautes saxatalis,NC,eBird,NA
Colibri thalassinus,NC,eBird,NA
Anthracothorax prevostii,NC,eBird,NA
Archilochus colubris,NC,eBird,NA
Archilochus alexandri,NC,eBird,NA
Calypte anna,NC,eBird,NA
Selasphorus calliope,NC,eBird,NA
Selasphorus rufus,NC,eBird,NA
Selasphorus sasin,NC,eBird,NA
Selasphorus platycercus,NC,eBird,NA
Cynanthus latirostris,NC,eBird,NA
Amazilia yucatanensis,NC,eBird,NA
Rallus elegans,NC,eBird,NA
Rallus crepitans,NC,eBird,NA
Rallus limicola,NC,eBird,NA
Porzana carolina,NC,eBird,NA
Gallinula galeata,NC,eBird,NA
Fulica americana,NC,eBird,NA
Porphyrio martinica,NC,eBird,NA
Coturnicops noveboracensis,NC,eBird,NA
Laterallus jamaicensis,NC,eBird,NA
Aramus guarauna,NC,eBird,NA
Antigone canadensis,NC,eBird,NA
Grus americana,NC,eBird,NA
Himantopus mexicanus,NC,eBird,NA
Recurvirostra americana,NC,eBird,NA
Haematopus palliatus,NC,eBird,NA
Pluvialis squatarola,NC,eBird,NA
Pluvialis dominica,NC,eBird,NA
Pluvialis fulva,NC,eBird,NA
Charadrius vociferus,NC,eBird,NA
Charadrius hiaticula,NC,eBird,NA
Charadrius semipalmatus,NC,eBird,NA
Charadrius melodus,NC,eBird,NA
Vanellus vanellus,NC,eBird,NA
Anarhynchus wilsonia,NC,eBird,NA
Anarhynchus montanus,NC,eBird,NA
Anarhynchus nivosus,NC,eBird,NA
Bartramia longicauda,NC,eBird,NA
Numenius hudsonicus,NC,eBird,NA
Numenius phaeopus,NC,eBird,NA
Numenius americanus,NC,eBird,NA
Limosa lapponica,NC,eBird,NA
Limosa limosa,NC,eBird,NA
Limosa haemastica,NC,eBird,NA
Limosa fedoa,NC,eBird,NA
Limnodromus griseus,NC,eBird,NA
Limnodromus scolopaceus,NC,eBird,NA
Scolopax minor,NC,eBird,NA
Gallinago delicata,NC,eBird,NA
Phalaropus tricolor,NC,eBird,NA
Phalaropus fulicarius,NC,eBird,NA
Phalaropus lobatus,NC,eBird,NA
Actitis macularius,NC,eBird,NA
Tringa solitaria,NC,eBird,NA
Tringa flavipes,NC,eBird,NA
Tringa semipalmata,NC,eBird,NA
Tringa erythropus,NC,eBird,NA
Tringa melanoleuca,NC,eBird,NA
Arenaria interpres,NC,eBird,NA
Calidris canutus,NC,eBird,NA
Calidris pugnax,NC,eBird,NA
Calidris acuminata,NC,eBird,NA
Calidris ferruginea,NC,eBird,NA
Calidris himantopus,NC,eBird,NA
Calidris subruficollis,NC,eBird,NA
Calidris alba,NC,eBird,NA
Calidris alpina,NC,eBird,NA
Calidris maritima,NC,eBird,NA
Calidris bairdii,NC,eBird,NA
Calidris minuta,NC,eBird,NA
Calidris fuscicollis,NC,eBird,NA
Calidris minutilla,NC,eBird,NA
Calidris melanotos,NC,eBird,NA
Calidris mauri,NC,eBird,NA
Calidris pusilla,NC,eBird,NA
Stercorarius longicaudus,NC,eBird,NA
Stercorarius parasiticus,NC,eBird,NA
Stercorarius pomarinus,NC,eBird,NA
Stercorarius skua,NC,eBird,NA
Stercorarius maccormicki,NC,eBird,NA
Fratercula arctica,NC,eBird,NA
Brachyramphus perdix,NC,eBird,NA
Cepphus grylle,NC,eBird,NA
Alca torda,NC,eBird,NA
Alle alle,NC,eBird,NA
Uria lomvia,NC,eBird,NA
Uria aalge,NC,eBird,NA
Hydrocoloeus minutus,NC,eBird,NA
Rissa tridactyla,NC,eBird,NA
Xema sabini,NC,eBird,NA
Chroicocephalus philadelphia,NC,eBird,NA
Chroicocephalus ridibundus,NC,eBird,NA
Leucophaeus atricilla,NC,eBird,NA
Leucophaeus pipixcan,NC,eBird,NA
Larus crassirostris,NC,eBird,NA
Larus heermanni,NC,eBird,NA
Larus canus,NC,eBird,NA
Larus brachyrhynchus,NC,eBird,NA
Larus delawarensis,NC,eBird,NA
Larus smithsonianus,NC,eBird,NA
Larus marinus,NC,eBird,NA
Larus hyperboreus,NC,eBird,NA
Larus fuscus,NC,eBird,NA
Larus californicus,NC,eBird,NA
Larus schistisagus,NC,eBird,NA
Larus glaucoides,NC,eBird,NA
Rynchops niger,NC,eBird,NA
Anous stolidus,NC,eBird,NA
Onychoprion fuscatus,NC,eBird,NA
Onychoprion anaethetus,NC,eBird,NA
Sternula antillarum,NC,eBird,NA
Gelochelidon nilotica,NC,eBird,NA
Hydroprogne caspia,NC,eBird,NA
Chlidonias niger,NC,eBird,NA
Chlidonias leucopterus,NC,eBird,NA
Sterna forsteri,NC,eBird,NA
Sterna paradisaea,NC,eBird,NA
Sterna hirundo,NC,eBird,NA
Sterna dougallii,NC,eBird,NA
Thalasseus sandvicensis,NC,eBird,NA
Thalasseus elegans,NC,eBird,NA
Thalasseus maximus,NC,eBird,NA
Phoenicopterus ruber,NC,eBird,NA
Podilymbus podiceps,NC,eBird,NA
Podiceps auritus,NC,eBird,NA
Podiceps grisegena,NC,eBird,NA
Podiceps nigricollis,NC,eBird,NA
Aechmophorus occidentalis,NC,eBird,NA
Aechmophorus clarkii,NC,eBird,NA
Phaethon lepturus,NC,eBird,NA
Phaethon aethereus,NC,eBird,NA
Gavia stellata,NC,eBird,NA
Gavia pacifica,NC,eBird,NA
Gavia immer,NC,eBird,NA
Thalassarche chlororhynchos,NC,eBird,NA
Thalassarche melanophris,NC,eBird,NA
Oceanites oceanicus,NC,eBird,NA
Pelagodroma marina,NC,eBird,NA
Fregetta tropica,NC,eBird,NA
Hydrobates pelagicus,NC,eBird,NA
Hydrobates leucorhous,NC,eBird,NA
Hydrobates monorhis,NC,eBird,NA
Hydrobates castro,NC,eBird,NA
Fulmarus glacialis,NC,eBird,NA
Pterodroma arminjoniana,NC,eBird,NA
Pterodroma madeira,NC,eBird,NA
Pterodroma deserta,NC,eBird,NA
Pterodroma cahow,NC,eBird,NA
Pterodroma hasitata,NC,eBird,NA
Bulweria bulwerii,NC,eBird,NA
Pseudobulweria rostrata,NC,eBird,NA
Calonectris borealis,NC,eBird,NA
Calonectris diomedea,NC,eBird,NA
Calonectris edwardsii,NC,eBird,NA
Ardenna gravis,NC,eBird,NA
Ardenna pacifica,NC,eBird,NA
Ardenna grisea,NC,eBird,NA
Puffinus puffinus,NC,eBird,NA
Puffinus lherminieri,NC,eBird,NA
Mycteria americana,NC,eBird,NA
Fregata magnificens,NC,eBird,NA
Morus bassanus,NC,eBird,NA
Sula sula,NC,eBird,NA
Sula leucogaster,NC,eBird,NA
Sula dactylatra,NC,eBird,NA
Anhinga anhinga,NC,eBird,NA
Phalacrocorax carbo,NC,eBird,NA
Nannopterum auritum,NC,eBird,NA
Nannopterum brasilianum,NC,eBird,NA
Eudocimus albus,NC,eBird,NA
Plegadis falcinellus,NC,eBird,NA
Plegadis chihi,NC,eBird,NA
Platalea ajaja,NC,eBird,NA
Botaurus lentiginosus,NC,eBird,NA
Botaurus exilis,NC,eBird,NA
Nyctanassa violacea,NC,eBird,NA
Nycticorax nycticorax,NC,eBird,NA
Egretta caerulea,NC,eBird,NA
Egretta tricolor,NC,eBird,NA
Egretta rufescens,NC,eBird,NA
Egretta thula,NC,eBird,NA
Egretta garzetta,NC,eBird,NA
Butorides virescens,NC,eBird,NA
Ardea ibis,NC,eBird,NA
Ardea alba,NC,eBird,NA
Ardea herodias,NC,eBird,NA
Pelecanus erythrorhynchos,NC,eBird,NA
Pelecanus occidentalis,NC,eBird,NA
Coragyps atratus,NC,eBird,NA
Cathartes aura,NC,eBird,NA
Pandion haliaetus,NC,eBird,NA
Elanus leucurus,NC,eBird,NA
Elanoides forficatus,NC,eBird,NA
Aquila chrysaetos,NC,eBird,NA
Accipiter striatus,NC,eBird,NA
Astur cooperii,NC,eBird,NA
Astur atricapillus,NC,eBird,NA
Circus hudsonius,NC,eBird,NA
Haliaeetus leucocephalus,NC,eBird,NA
Ictinia mississippiensis,NC,eBird,NA
Rostrhamus sociabilis,NC,eBird,NA
Buteo platypterus,NC,eBird,NA
Buteo lineatus,NC,eBird,NA
Buteo swainsoni,NC,eBird,NA
Buteo jamaicensis,NC,eBird,NA
Buteo lagopus,NC,eBird,NA
Tyto furcata,NC,eBird,NA
Megascops asio,NC,eBird,NA
Bubo scandiacus,NC,eBird,NA
Bubo virginianus,NC,eBird,NA
Athene cunicularia,NC,eBird,NA
Strix varia,NC,eBird,NA
Asio otus,NC,eBird,NA
Asio flammeus,NC,eBird,NA
Aegolius acadicus,NC,eBird,NA
Megaceryle alcyon,NC,eBird,NA
Sphyrapicus varius,NC,eBird,NA
Melanerpes erythrocephalus,NC,eBird,NA
Melanerpes carolinus,NC,eBird,NA
Dryobates pubescens,NC,eBird,NA
Leuconotopicus borealis,NC,eBird,NA
Leuconotopicus villosus,NC,eBird,NA
Dryocopus pileatus,NC,eBird,NA
Colaptes auratus,NC,eBird,NA
Caracara plancus,NC,eBird,NA
Falco sparverius,NC,eBird,NA
Falco columbarius,NC,eBird,NA
Falco rusticolus,NC,eBird,NA
Falco peregrinus,NC,eBird,NA
Melopsittacus undulatus,NC,eBird,NA
Agapornis roseicollis,NC,eBird,NA
Myiopsitta monachus,NC,eBird,NA
Aratinga nenday,NC,eBird,NA
Contopus cooperi,NC,eBird,NA
Contopus virens,NC,eBird,NA
Empidonax flaviventris,NC,eBird,NA
Empidonax virescens,NC,eBird,NA
Empidonax alnorum,NC,eBird,NA
Empidonax traillii,NC,eBird,NA
Empidonax minimus,NC,eBird,NA
Empidonax hammondii,NC,eBird,NA
Empidonax wrightii,NC,eBird,NA
Empidonax difficilis,NC,eBird,NA
Sayornis phoebe,NC,eBird,NA
Sayornis saya,NC,eBird,NA
Pyrocephalus rubinus,NC,eBird,NA
Myiarchus cinerascens,NC,eBird,NA
Myiarchus crinitus,NC,eBird,NA
Tyrannus melancholicus,NC,eBird,NA
Tyrannus vociferans,NC,eBird,NA
Tyrannus verticalis,NC,eBird,NA
Tyrannus tyrannus,NC,eBird,NA
Tyrannus dominicensis,NC,eBird,NA
Tyrannus forficatus,NC,eBird,NA
Tyrannus savana,NC,eBird,NA
Vireo griseus,NC,eBird,NA
Vireo bellii,NC,eBird,NA
Vireo flavifrons,NC,eBird,NA
Vireo solitarius,NC,eBird,NA
Vireo plumbeus,NC,eBird,NA
Vireo philadelphicus,NC,eBird,NA
Vireo gilvus,NC,eBird,NA
Vireo olivaceus,NC,eBird,NA
Vireo flavoviridis,NC,eBird,NA
Vireo altiloquus,NC,eBird,NA
Lanius ludovicianus,NC,eBird,NA
Lanius borealis,NC,eBird,NA
Cyanocitta cristata,NC,eBird,NA
Corvus brachyrhynchos,NC,eBird,NA
Corvus ossifragus,NC,eBird,NA
Corvus corax,NC,eBird,NA
Poecile carolinensis,NC,eBird,NA
Poecile atricapillus,NC,eBird,NA
Baeolophus bicolor,NC,eBird,NA
Eremophila alpestris,NC,eBird,NA
Riparia riparia,NC,eBird,NA
Tachycineta bicolor,NC,eBird,NA
Tachycineta thalassina,NC,eBird,NA
Progne subis,NC,eBird,NA
Stelgidopteryx serripennis,NC,eBird,NA
Hirundo rustica,NC,eBird,NA
Petrochelidon pyrrhonota,NC,eBird,NA
Petrochelidon fulva,NC,eBird,NA
Pycnonotus jocosus,NC,eBird,NA
Corthylio calendula,NC,eBird,NA
Regulus satrapa,NC,eBird,NA
Sitta carolinensis,NC,eBird,NA
Sitta pusilla,NC,eBird,NA
Sitta canadensis,NC,eBird,NA
Certhia americana,NC,eBird,NA
Polioptila caerulea,NC,eBird,NA
Troglodytes aedon,NC,eBird,NA
Troglodytes hiemalis,NC,eBird,NA
Cistothorus stellaris,NC,eBird,NA
Cistothorus palustris,NC,eBird,NA
Thryothorus ludovicianus,NC,eBird,NA
Thryomanes bewickii,NC,eBird,NA
Sturnus vulgaris,NC,eBird,NA
Dumetella carolinensis,NC,eBird,NA
Toxostoma rufum,NC,eBird,NA
Oreoscoptes montanus,NC,eBird,NA
Mimus polyglottos,NC,eBird,NA
Sialia sialis,NC,eBird,NA
Sialia currucoides,NC,eBird,NA
Myadestes townsendi,NC,eBird,NA
Ixoreus naevius,NC,eBird,NA
Catharus fuscescens,NC,eBird,NA
Catharus minimus,NC,eBird,NA
Catharus bicknelli,NC,eBird,NA
Catharus ustulatus,NC,eBird,NA
Catharus guttatus,NC,eBird,NA
Hylocichla mustelina,NC,eBird,NA
Turdus migratorius,NC,eBird,NA
Oenanthe oenanthe,NC,eBird,NA
Bombycilla cedrorum,NC,eBird,NA
Euplectes franciscanus,NC,eBird,NA
Estrilda melpoda,NC,eBird,NA
Passer domesticus,NC,eBird,NA
Motacilla alba,NC,eBird,NA
Anthus rubescens,NC,eBird,NA
Anthus spragueii,NC,eBird,NA
Fringilla montifringilla,NC,eBird,NA
Hesperiphona vespertina,NC,eBird,NA
Haemorhous mexicanus,NC,eBird,NA
Haemorhous purpureus,NC,eBird,NA
Acanthis flammea,NC,eBird,NA
Loxia curvirostra,NC,eBird,NA
Loxia leucoptera,NC,eBird,NA
Spinus pinus,NC,eBird,NA
Spinus psaltria,NC,eBird,NA
Spinus tristis,NC,eBird,NA
Calcarius lapponicus,NC,eBird,NA
Calcarius ornatus,NC,eBird,NA
Calcarius pictus,NC,eBird,NA
Rhynchophanes mccownii,NC,eBird,NA
Plectrophenax nivalis,NC,eBird,NA
Peucaea cassinii,NC,eBird,NA
Peucaea aestivalis,NC,eBird,NA
Ammodramus savannarum,NC,eBird,NA
Spizella passerina,NC,eBird,NA
Spizella pallida,NC,eBird,NA
Spizella pusilla,NC,eBird,NA
Chondestes grammacus,NC,eBird,NA
Calamospiza melanocorys,NC,eBird,NA
Spizelloides arborea,NC,eBird,NA
Passerella iliaca,NC,eBird,NA
Junco hyemalis,NC,eBird,NA
Zonotrichia leucophrys,NC,eBird,NA
Zonotrichia atricapilla,NC,eBird,NA
Zonotrichia querula,NC,eBird,NA
Zonotrichia albicollis,NC,eBird,NA
Pooecetes gramineus,NC,eBird,NA
Ammospiza leconteii,NC,eBird,NA
Ammospiza maritima,NC,eBird,NA
Ammospiza nelsoni,NC,eBird,NA
Ammospiza caudacuta,NC,eBird,NA
Passerculus sandwichensis,NC,eBird,NA
Centronyx henslowii,NC,eBird,NA
Melospiza melodia,NC,eBird,NA
Melospiza lincolnii,NC,eBird,NA
Melospiza georgiana,NC,eBird,NA
Pipilo chlorurus,NC,eBird,NA
Pipilo maculatus,NC,eBird,NA
Pipilo erythrophthalmus,NC,eBird,NA
Icteria virens,NC,eBird,NA
Xanthocephalus xanthocephalus,NC,eBird,NA
Dolichonyx oryzivorus,NC,eBird,NA
Sturnella neglecta,NC,eBird,NA
Sturnella magna,NC,eBird,NA
Icterus spurius,NC,eBird,NA
Icterus cucullatus,NC,eBird,NA
Icterus bullockii,NC,eBird,NA
Icterus galbula,NC,eBird,NA
Icterus parisorum,NC,eBird,NA
Agelaius phoeniceus,NC,eBird,NA
Molothrus bonariensis,NC,eBird,NA
Molothrus aeneus,NC,eBird,NA
Molothrus ater,NC,eBird,NA
Euphagus carolinus,NC,eBird,NA
Euphagus cyanocephalus,NC,eBird,NA
Quiscalus quiscula,NC,eBird,NA
Quiscalus major,NC,eBird,NA
Seiurus aurocapilla,NC,eBird,NA
Helmitheros vermivorum,NC,eBird,NA
Parkesia motacilla,NC,eBird,NA
Parkesia noveboracensis,NC,eBird,NA
Vermivora bachmanii,NC,eBird,NA
Vermivora chrysoptera,NC,eBird,NA
Vermivora cyanoptera,NC,eBird,NA
Mniotilta varia,NC,eBird,NA
Protonotaria citrea,NC,eBird,NA
Limnothlypis swainsonii,NC,eBird,NA
Leiothlypis peregrina,NC,eBird,NA
Leiothlypis celata,NC,eBird,NA
Leiothlypis ruficapilla,NC,eBird,NA
Oporornis agilis,NC,eBird,NA
Geothlypis tolmiei,NC,eBird,NA
Geothlypis philadelphia,NC,eBird,NA
Geothlypis formosa,NC,eBird,NA
Geothlypis trichas,NC,eBird,NA
Setophaga citrina,NC,eBird,NA
Setophaga ruticilla,NC,eBird,NA
Setophaga kirtlandii,NC,eBird,NA
Setophaga tigrina,NC,eBird,NA
Setophaga cerulea,NC,eBird,NA
Setophaga americana,NC,eBird,NA
Setophaga magnolia,NC,eBird,NA
Setophaga castanea,NC,eBird,NA
Setophaga fusca,NC,eBird,NA
Setophaga aestiva,NC,eBird,NA
Setophaga pensylvanica,NC,eBird,NA
Setophaga striata,NC,eBird,NA
Setophaga caerulescens,NC,eBird,NA
Setophaga palmarum,NC,eBird,NA
Setophaga pinus,NC,eBird,NA
Setophaga coronata,NC,eBird,NA
Setophaga dominica,NC,eBird,NA
Setophaga discolor,NC,eBird,NA
Setophaga nigrescens,NC,eBird,NA
Setophaga townsendi,NC,eBird,NA
Setophaga virens,NC,eBird,NA
Cardellina canadensis,NC,eBird,NA
Cardellina pusilla,NC,eBird,NA
Myioborus pictus,NC,eBird,NA
Piranga rubra,NC,eBird,NA
Piranga olivacea,NC,eBird,NA
Piranga ludoviciana,NC,eBird,NA
Cardinalis cardinalis,NC,eBird,NA
Pheucticus ludovicianus,NC,eBird,NA
Pheucticus melanocephalus,NC,eBird,NA
Passerina caerulea,NC,eBird,NA
Passerina amoena,NC,eBird,NA
Passerina cyanea,NC,eBird,NA
Passerina ciris,NC,eBird,NA
Spiza americana,NC,eBird,NA
Dendrocygna autumnalis,ND,eBird,NA
Dendrocygna bicolor,ND,eBird,NA
Anser caerulescens,ND,eBird,NA
Anser rossii,ND,eBird,NA
Anser anser,ND,eBird,NA
Anser albifrons,ND,eBird,NA
Branta bernicla,ND,eBird,NA
Branta hutchinsii,ND,eBird,NA
Branta canadensis,ND,eBird,NA
Cygnus olor,ND,eBird,NA
Cygnus buccinator,ND,eBird,NA
Cygnus columbianus,ND,eBird,NA
Tadorna ferruginea,ND,eBird,NA
Cairina moschata,ND,eBird,NA
Aix sponsa,ND,eBird,NA
Aix galericulata,ND,eBird,NA
Spatula querquedula,ND,eBird,NA
Spatula discors,ND,eBird,NA
Spatula cyanoptera,ND,eBird,NA
Spatula clypeata,ND,eBird,NA
Mareca strepera,ND,eBird,NA
Mareca penelope,ND,eBird,NA
Mareca americana,ND,eBird,NA
Anas platyrhynchos,ND,eBird,NA
Anas rubripes,ND,eBird,NA
Anas fulvigula,ND,eBird,NA
Anas acuta,ND,eBird,NA
Anas crecca,ND,eBird,NA
Aythya valisineria,ND,eBird,NA
Aythya americana,ND,eBird,NA
Aythya collaris,ND,eBird,NA
Aythya marila,ND,eBird,NA
Aythya affinis,ND,eBird,NA
Somateria spectabilis,ND,eBird,NA
Somateria mollissima,ND,eBird,NA
Histrionicus histrionicus,ND,eBird,NA
Melanitta perspicillata,ND,eBird,NA
Melanitta deglandi,ND,eBird,NA
Melanitta americana,ND,eBird,NA
Clangula hyemalis,ND,eBird,NA
Bucephala albeola,ND,eBird,NA
Bucephala clangula,ND,eBird,NA
Bucephala islandica,ND,eBird,NA
Lophodytes cucullatus,ND,eBird,NA
Mergus merganser,ND,eBird,NA
Mergus serrator,ND,eBird,NA
Oxyura jamaicensis,ND,eBird,NA
Numida meleagris,ND,eBird,NA
Colinus virginianus,ND,eBird,NA
Callipepla californica,ND,eBird,NA
Meleagris gallopavo,ND,eBird,NA
Bonasa umbellus,ND,eBird,NA
Centrocercus urophasianus,ND,eBird,NA
Tympanuchus phasianellus,ND,eBird,NA
Tympanuchus cupido,ND,eBird,NA
Perdix perdix,ND,eBird,NA
Chrysolophus pictus,ND,eBird,NA
Phasianus colchicus,ND,eBird,NA
Pavo cristatus,ND,eBird,NA
Alectoris chukar,ND,eBird,NA
Columba livia,ND,eBird,NA
Patagioenas fasciata,ND,eBird,NA
Ectopistes migratorius,ND,eBird,NA
Streptopelia decaocto,ND,eBird,NA
Streptopelia roseogrisea,ND,eBird,NA
Columbina inca,ND,eBird,NA
Zenaida asiatica,ND,eBird,NA
Zenaida macroura,ND,eBird,NA
Crotophaga sulcirostris,ND,eBird,NA
Coccyzus americanus,ND,eBird,NA
Coccyzus erythropthalmus,ND,eBird,NA
Chordeiles minor,ND,eBird,NA
Phalaenoptilus nuttallii,ND,eBird,NA
Antrostomus vociferus,ND,eBird,NA
Chaetura pelagica,ND,eBird,NA
Archilochus colubris,ND,eBird,NA
Archilochus alexandri,ND,eBird,NA
Calypte anna,ND,eBird,NA
Selasphorus calliope,ND,eBird,NA
Selasphorus rufus,ND,eBird,NA
Selasphorus platycercus,ND,eBird,NA
Rallus elegans,ND,eBird,NA
Rallus limicola,ND,eBird,NA
Porzana carolina,ND,eBird,NA
Gallinula galeata,ND,eBird,NA
Fulica americana,ND,eBird,NA
Coturnicops noveboracensis,ND,eBird,NA
Antigone canadensis,ND,eBird,NA
Grus americana,ND,eBird,NA
Grus grus,ND,eBird,NA
Himantopus mexicanus,ND,eBird,NA
Recurvirostra americana,ND,eBird,NA
Pluvialis squatarola,ND,eBird,NA
Pluvialis dominica,ND,eBird,NA
Charadrius vociferus,ND,eBird,NA
Charadrius semipalmatus,ND,eBird,NA
Charadrius melodus,ND,eBird,NA
Anarhynchus montanus,ND,eBird,NA
Anarhynchus nivosus,ND,eBird,NA
Bartramia longicauda,ND,eBird,NA
Numenius hudsonicus,ND,eBird,NA
Numenius americanus,ND,eBird,NA
Limosa haemastica,ND,eBird,NA
Limosa fedoa,ND,eBird,NA
Limnodromus griseus,ND,eBird,NA
Limnodromus scolopaceus,ND,eBird,NA
Scolopax minor,ND,eBird,NA
Gallinago delicata,ND,eBird,NA
Phalaropus tricolor,ND,eBird,NA
Phalaropus fulicarius,ND,eBird,NA
Phalaropus lobatus,ND,eBird,NA
Actitis macularius,ND,eBird,NA
Tringa solitaria,ND,eBird,NA
Tringa flavipes,ND,eBird,NA
Tringa semipalmata,ND,eBird,NA
Tringa melanoleuca,ND,eBird,NA
Arenaria interpres,ND,eBird,NA
Calidris canutus,ND,eBird,NA
Calidris pugnax,ND,eBird,NA
Calidris acuminata,ND,eBird,NA
Calidris ferruginea,ND,eBird,NA
Calidris himantopus,ND,eBird,NA
Calidris subruficollis,ND,eBird,NA
Calidris alba,ND,eBird,NA
Calidris alpina,ND,eBird,NA
Calidris bairdii,ND,eBird,NA
Calidris minuta,ND,eBird,NA
Calidris fuscicollis,ND,eBird,NA
Calidris minutilla,ND,eBird,NA
Calidris melanotos,ND,eBird,NA
Calidris mauri,ND,eBird,NA
Calidris pusilla,ND,eBird,NA
Stercorarius longicaudus,ND,eBird,NA
Stercorarius parasiticus,ND,eBird,NA
Stercorarius pomarinus,ND,eBird,NA
Stercorarius maccormicki,ND,eBird,NA
Hydrocoloeus minutus,ND,eBird,NA
Rhodostethia rosea,ND,eBird,NA
Rissa tridactyla,ND,eBird,NA
Xema sabini,ND,eBird,NA
Chroicocephalus philadelphia,ND,eBird,NA
Leucophaeus pipixcan,ND,eBird,NA
Larus brachyrhynchus,ND,eBird,NA
Larus delawarensis,ND,eBird,NA
Larus smithsonianus,ND,eBird,NA
Larus marinus,ND,eBird,NA
Larus hyperboreus,ND,eBird,NA
Larus fuscus,ND,eBird,NA
Larus californicus,ND,eBird,NA
Larus glaucescens,ND,eBird,NA
Larus glaucoides,ND,eBird,NA
Sternula antillarum,ND,eBird,NA
Hydroprogne caspia,ND,eBird,NA
Chlidonias niger,ND,eBird,NA
Sterna forsteri,ND,eBird,NA
Sterna paradisaea,ND,eBird,NA
Sterna hirundo,ND,eBird,NA
Podilymbus podiceps,ND,eBird,NA
Podiceps auritus,ND,eBird,NA
Podiceps grisegena,ND,eBird,NA
Podiceps nigricollis,ND,eBird,NA
Aechmophorus occidentalis,ND,eBird,NA
Aechmophorus clarkii,ND,eBird,NA
Gavia stellata,ND,eBird,NA
Gavia pacifica,ND,eBird,NA
Gavia immer,ND,eBird,NA
Gavia adamsii,ND,eBird,NA
Nannopterum auritum,ND,eBird,NA
Nannopterum brasilianum,ND,eBird,NA
Eudocimus albus,ND,eBird,NA
Plegadis falcinellus,ND,eBird,NA
Plegadis chihi,ND,eBird,NA
Botaurus lentiginosus,ND,eBird,NA
Botaurus exilis,ND,eBird,NA
Nyctanassa violacea,ND,eBird,NA
Nycticorax nycticorax,ND,eBird,NA
Egretta caerulea,ND,eBird,NA
Egretta tricolor,ND,eBird,NA
Egretta thula,ND,eBird,NA
Butorides virescens,ND,eBird,NA
Ardea ibis,ND,eBird,NA
Ardea alba,ND,eBird,NA
Ardea herodias,ND,eBird,NA
Pelecanus erythrorhynchos,ND,eBird,NA
Cathartes aura,ND,eBird,NA
Pandion haliaetus,ND,eBird,NA
Elanoides forficatus,ND,eBird,NA
Aquila chrysaetos,ND,eBird,NA
Accipiter striatus,ND,eBird,NA
Astur cooperii,ND,eBird,NA
Astur atricapillus,ND,eBird,NA
Circus hudsonius,ND,eBird,NA
Haliaeetus leucocephalus,ND,eBird,NA
Ictinia mississippiensis,ND,eBird,NA
Buteo platypterus,ND,eBird,NA
Buteo lineatus,ND,eBird,NA
Buteo swainsoni,ND,eBird,NA
Buteo jamaicensis,ND,eBird,NA
Buteo lagopus,ND,eBird,NA
Buteo regalis,ND,eBird,NA
Tyto furcata,ND,eBird,NA
Megascops asio,ND,eBird,NA
Bubo scandiacus,ND,eBird,NA
Bubo virginianus,ND,eBird,NA
Surnia ulula,ND,eBird,NA
Athene cunicularia,ND,eBird,NA
Strix varia,ND,eBird,NA
Strix nebulosa,ND,eBird,NA
Asio otus,ND,eBird,NA
Asio flammeus,ND,eBird,NA
Aegolius funereus,ND,eBird,NA
Aegolius acadicus,ND,eBird,NA
Megaceryle alcyon,ND,eBird,NA
Sphyrapicus varius,ND,eBird,NA
Sphyrapicus nuchalis,ND,eBird,NA
Melanerpes lewis,ND,eBird,NA
Melanerpes erythrocephalus,ND,eBird,NA
Melanerpes formicivorus,ND,eBird,NA
Melanerpes carolinus,ND,eBird,NA
Picoides arcticus,ND,eBird,NA
Dryobates pubescens,ND,eBird,NA
Leuconotopicus villosus,ND,eBird,NA
Dryocopus pileatus,ND,eBird,NA
Colaptes auratus,ND,eBird,NA
Caracara plancus,ND,eBird,NA
Falco sparverius,ND,eBird,NA
Falco columbarius,ND,eBird,NA
Falco rusticolus,ND,eBird,NA
Falco peregrinus,ND,eBird,NA
Falco mexicanus,ND,eBird,NA
Nymphicus hollandicus,ND,eBird,NA
Melopsittacus undulatus,ND,eBird,NA
Myiopsitta monachus,ND,eBird,NA
Elaenia albiceps,ND,eBird,NA
Contopus cooperi,ND,eBird,NA
Contopus sordidulus,ND,eBird,NA
Contopus virens,ND,eBird,NA
Empidonax flaviventris,ND,eBird,NA
Empidonax virescens,ND,eBird,NA
Empidonax alnorum,ND,eBird,NA
Empidonax traillii,ND,eBird,NA
Empidonax minimus,ND,eBird,NA
Empidonax hammondii,ND,eBird,NA
Empidonax wrightii,ND,eBird,NA
Empidonax difficilis,ND,eBird,NA
Sayornis phoebe,ND,eBird,NA
Sayornis saya,ND,eBird,NA
Pyrocephalus rubinus,ND,eBird,NA
Myiarchus crinitus,ND,eBird,NA
Tyrannus vociferans,ND,eBird,NA
Tyrannus crassirostris,ND,eBird,NA
Tyrannus verticalis,ND,eBird,NA
Tyrannus tyrannus,ND,eBird,NA
Tyrannus forficatus,ND,eBird,NA
Vireo griseus,ND,eBird,NA
Vireo bellii,ND,eBird,NA
Vireo flavifrons,ND,eBird,NA
Vireo cassinii,ND,eBird,NA
Vireo solitarius,ND,eBird,NA
Vireo plumbeus,ND,eBird,NA
Vireo philadelphicus,ND,eBird,NA
Vireo gilvus,ND,eBird,NA
Vireo swainsoni,ND,eBird,NA
Vireo olivaceus,ND,eBird,NA
Lanius ludovicianus,ND,eBird,NA
Lanius borealis,ND,eBird,NA
Perisoreus canadensis,ND,eBird,NA
Gymnorhinus cyanocephalus,ND,eBird,NA
Cyanocitta cristata,ND,eBird,NA
Pica hudsonia,ND,eBird,NA
Nucifraga columbiana,ND,eBird,NA
Corvus brachyrhynchos,ND,eBird,NA
Corvus corax,ND,eBird,NA
Poecile atricapillus,ND,eBird,NA
Poecile hudsonicus,ND,eBird,NA
Eremophila alpestris,ND,eBird,NA
Riparia riparia,ND,eBird,NA
Tachycineta bicolor,ND,eBird,NA
Tachycineta thalassina,ND,eBird,NA
Progne subis,ND,eBird,NA
Stelgidopteryx serripennis,ND,eBird,NA
Hirundo rustica,ND,eBird,NA
Petrochelidon pyrrhonota,ND,eBird,NA
Corthylio calendula,ND,eBird,NA
Regulus satrapa,ND,eBird,NA
Sitta carolinensis,ND,eBird,NA
Sitta pygmaea,ND,eBird,NA
Sitta canadensis,ND,eBird,NA
Certhia americana,ND,eBird,NA
Polioptila caerulea,ND,eBird,NA
Salpinctes obsoletus,ND,eBird,NA
Catherpes mexicanus,ND,eBird,NA
Troglodytes aedon,ND,eBird,NA
Troglodytes hiemalis,ND,eBird,NA
Cistothorus stellaris,ND,eBird,NA
Cistothorus palustris,ND,eBird,NA
Thryothorus ludovicianus,ND,eBird,NA
Thryomanes bewickii,ND,eBird,NA
Sturnus vulgaris,ND,eBird,NA
Dumetella carolinensis,ND,eBird,NA
Toxostoma rufum,ND,eBird,NA
Oreoscoptes montanus,ND,eBird,NA
Mimus polyglottos,ND,eBird,NA
Sialia sialis,ND,eBird,NA
Sialia currucoides,ND,eBird,NA
Myadestes townsendi,ND,eBird,NA
Ixoreus naevius,ND,eBird,NA
Catharus fuscescens,ND,eBird,NA
Catharus minimus,ND,eBird,NA
Catharus ustulatus,ND,eBird,NA
Catharus guttatus,ND,eBird,NA
Hylocichla mustelina,ND,eBird,NA
Turdus migratorius,ND,eBird,NA
Oenanthe oenanthe,ND,eBird,NA
Bombycilla garrulus,ND,eBird,NA
Bombycilla cedrorum,ND,eBird,NA
Estrilda melpoda,ND,eBird,NA
Uraeginthus bengalus,ND,eBird,NA
Passer domesticus,ND,eBird,NA
Passer montanus,ND,eBird,NA
Anthus rubescens,ND,eBird,NA
Anthus spragueii,ND,eBird,NA
Fringilla montifringilla,ND,eBird,NA
Hesperiphona vespertina,ND,eBird,NA
Pinicola enucleator,ND,eBird,NA
Leucosticte tephrocotis,ND,eBird,NA
Haemorhous mexicanus,ND,eBird,NA
Haemorhous purpureus,ND,eBird,NA
Haemorhous cassinii,ND,eBird,NA
Acanthis flammea,ND,eBird,NA
Loxia curvirostra,ND,eBird,NA
Loxia leucoptera,ND,eBird,NA
Spinus pinus,ND,eBird,NA
Spinus psaltria,ND,eBird,NA
Spinus tristis,ND,eBird,NA
Calcarius lapponicus,ND,eBird,NA
Calcarius ornatus,ND,eBird,NA
Calcarius pictus,ND,eBird,NA
Rhynchophanes mccownii,ND,eBird,NA
Plectrophenax nivalis,ND,eBird,NA
Ammodramus savannarum,ND,eBird,NA
Spizella passerina,ND,eBird,NA
Spizella pallida,ND,eBird,NA
Spizella pusilla,ND,eBird,NA
Spizella breweri,ND,eBird,NA
Amphispiza bilineata,ND,eBird,NA
Chondestes grammacus,ND,eBird,NA
Calamospiza melanocorys,ND,eBird,NA
Spizelloides arborea,ND,eBird,NA
Passerella iliaca,ND,eBird,NA
Junco hyemalis,ND,eBird,NA
Zonotrichia leucophrys,ND,eBird,NA
Zonotrichia atricapilla,ND,eBird,NA
Zonotrichia querula,ND,eBird,NA
Zonotrichia albicollis,ND,eBird,NA
Pooecetes gramineus,ND,eBird,NA
Ammospiza leconteii,ND,eBird,NA
Ammospiza nelsoni,ND,eBird,NA
Passerculus sandwichensis,ND,eBird,NA
Centronyx bairdii,ND,eBird,NA
Centronyx henslowii,ND,eBird,NA
Melospiza melodia,ND,eBird,NA
Melospiza lincolnii,ND,eBird,NA
Melospiza georgiana,ND,eBird,NA
Pipilo chlorurus,ND,eBird,NA
Pipilo maculatus,ND,eBird,NA
Pipilo erythrophthalmus,ND,eBird,NA
Icteria virens,ND,eBird,NA
Xanthocephalus xanthocephalus,ND,eBird,NA
Dolichonyx oryzivorus,ND,eBird,NA
Sturnella neglecta,ND,eBird,NA
Sturnella magna,ND,eBird,NA
Icterus spurius,ND,eBird,NA
Icterus bullockii,ND,eBird,NA
Icterus galbula,ND,eBird,NA
Agelaius phoeniceus,ND,eBird,NA
Molothrus ater,ND,eBird,NA
Euphagus carolinus,ND,eBird,NA
Euphagus cyanocephalus,ND,eBird,NA
Quiscalus quiscula,ND,eBird,NA
Quiscalus mexicanus,ND,eBird,NA
Seiurus aurocapilla,ND,eBird,NA
Helmitheros vermivorum,ND,eBird,NA
Parkesia motacilla,ND,eBird,NA
Parkesia noveboracensis,ND,eBird,NA
Vermivora chrysoptera,ND,eBird,NA
Vermivora cyanoptera,ND,eBird,NA
Mniotilta varia,ND,eBird,NA
Protonotaria citrea,ND,eBird,NA
Leiothlypis peregrina,ND,eBird,NA
Leiothlypis celata,ND,eBird,NA
Leiothlypis ruficapilla,ND,eBird,NA
Oporornis agilis,ND,eBird,NA
Geothlypis tolmiei,ND,eBird,NA
Geothlypis philadelphia,ND,eBird,NA
Geothlypis formosa,ND,eBird,NA
Geothlypis trichas,ND,eBird,NA
Setophaga citrina,ND,eBird,NA
Setophaga ruticilla,ND,eBird,NA
Setophaga tigrina,ND,eBird,NA
Setophaga cerulea,ND,eBird,NA
Setophaga americana,ND,eBird,NA
Setophaga magnolia,ND,eBird,NA
Setophaga castanea,ND,eBird,NA
Setophaga fusca,ND,eBird,NA
Setophaga aestiva,ND,eBird,NA
Setophaga pensylvanica,ND,eBird,NA
Setophaga striata,ND,eBird,NA
Setophaga caerulescens,ND,eBird,NA
Setophaga palmarum,ND,eBird,NA
Setophaga pinus,ND,eBird,NA
Setophaga coronata,ND,eBird,NA
Setophaga dominica,ND,eBird,NA
Setophaga discolor,ND,eBird,NA
Setophaga nigrescens,ND,eBird,NA
Setophaga townsendi,ND,eBird,NA
Setophaga virens,ND,eBird,NA
Cardellina canadensis,ND,eBird,NA
Cardellina pusilla,ND,eBird,NA
Myioborus pictus,ND,eBird,NA
Piranga rubra,ND,eBird,NA
Piranga olivacea,ND,eBird,NA
Piranga ludoviciana,ND,eBird,NA
Cardinalis cardinalis,ND,eBird,NA
Cardinalis sinuatus,ND,eBird,NA
Pheucticus ludovicianus,ND,eBird,NA
Pheucticus melanocephalus,ND,eBird,NA
Passerina caerulea,ND,eBird,NA
Passerina amoena,ND,eBird,NA
Passerina cyanea,ND,eBird,NA
Passerina ciris,ND,eBird,NA
Spiza americana,ND,eBird,NA
Dendrocygna autumnalis,OH,eBird,NA
Dendrocygna bicolor,OH,eBird,NA
Anser indicus,OH,eBird,NA
Anser caerulescens,OH,eBird,NA
Anser rossii,OH,eBird,NA
Anser anser,OH,eBird,NA
Anser cygnoides,OH,eBird,NA
Anser albifrons,OH,eBird,NA
Branta bernicla,OH,eBird,NA
Branta leucopsis,OH,eBird,NA
Branta hutchinsii,OH,eBird,NA
Branta canadensis,OH,eBird,NA
Cygnus olor,OH,eBird,NA
Cygnus atratus,OH,eBird,NA
Cygnus buccinator,OH,eBird,NA
Cygnus columbianus,OH,eBird,NA
Cygnus cygnus,OH,eBird,NA
Alopochen aegyptiaca,OH,eBird,NA
Tadorna ferruginea,OH,eBird,NA
Tadorna tadorna,OH,eBird,NA
Cairina moschata,OH,eBird,NA
Aix sponsa,OH,eBird,NA
Aix galericulata,OH,eBird,NA
Spatula querquedula,OH,eBird,NA
Spatula discors,OH,eBird,NA
Spatula cyanoptera,OH,eBird,NA
Spatula clypeata,OH,eBird,NA
Mareca strepera,OH,eBird,NA
Mareca falcata,OH,eBird,NA
Mareca penelope,OH,eBird,NA
Mareca americana,OH,eBird,NA
Mareca sibilatrix,OH,eBird,NA
Anas zonorhyncha,OH,eBird,NA
Anas platyrhynchos,OH,eBird,NA
Anas rubripes,OH,eBird,NA
Anas bahamensis,OH,eBird,NA
Anas acuta,OH,eBird,NA
Anas crecca,OH,eBird,NA
Aythya valisineria,OH,eBird,NA
Aythya americana,OH,eBird,NA
Aythya collaris,OH,eBird,NA
Aythya fuligula,OH,eBird,NA
Aythya marila,OH,eBird,NA
Aythya affinis,OH,eBird,NA
Somateria spectabilis,OH,eBird,NA
Somateria mollissima,OH,eBird,NA
Histrionicus histrionicus,OH,eBird,NA
Melanitta perspicillata,OH,eBird,NA
Melanitta deglandi,OH,eBird,NA
Melanitta americana,OH,eBird,NA
Clangula hyemalis,OH,eBird,NA
Bucephala albeola,OH,eBird,NA
Bucephala clangula,OH,eBird,NA
Bucephala islandica,OH,eBird,NA
Lophodytes cucullatus,OH,eBird,NA
Mergus merganser,OH,eBird,NA
Mergus serrator,OH,eBird,NA
Oxyura jamaicensis,OH,eBird,NA
Numida meleagris,OH,eBird,NA
Colinus virginianus,OH,eBird,NA
Meleagris gallopavo,OH,eBird,NA
Bonasa umbellus,OH,eBird,NA
Tympanuchus cupido,OH,eBird,NA
Perdix perdix,OH,eBird,NA
Chrysolophus pictus,OH,eBird,NA
Chrysolophus amherstiae,OH,eBird,NA
Phasianus colchicus,OH,eBird,NA
Pavo cristatus,OH,eBird,NA
Gallus gallus,OH,eBird,NA
Alectoris rufa,OH,eBird,NA
Alectoris chukar,OH,eBird,NA
Columba livia,OH,eBird,NA
Ectopistes migratorius,OH,eBird,NA
Streptopelia turtur,OH,eBird,NA
Streptopelia decaocto,OH,eBird,NA
Streptopelia roseogrisea,OH,eBird,NA
Columbina passerina,OH,eBird,NA
Zenaida asiatica,OH,eBird,NA
Zenaida macroura,OH,eBird,NA
Crotophaga ani,OH,eBird,NA
Crotophaga sulcirostris,OH,eBird,NA
Coccyzus americanus,OH,eBird,NA
Coccyzus erythropthalmus,OH,eBird,NA
Chordeiles minor,OH,eBird,NA
Antrostomus carolinensis,OH,eBird,NA
Antrostomus vociferus,OH,eBird,NA
Chaetura pelagica,OH,eBird,NA
Aeronautes saxatalis,OH,eBird,NA
Colibri thalassinus,OH,eBird,NA
Archilochus colubris,OH,eBird,NA
Archilochus alexandri,OH,eBird,NA
Calypte anna,OH,eBird,NA
Selasphorus calliope,OH,eBird,NA
Selasphorus rufus,OH,eBird,NA
Selasphorus sasin,OH,eBird,NA
Cynanthus latirostris,OH,eBird,NA
Rallus elegans,OH,eBird,NA
Rallus limicola,OH,eBird,NA
Porzana carolina,OH,eBird,NA
Gallinula galeata,OH,eBird,NA
Fulica americana,OH,eBird,NA
Porphyrio martinica,OH,eBird,NA
Coturnicops noveboracensis,OH,eBird,NA
Laterallus jamaicensis,OH,eBird,NA
Aramus guarauna,OH,eBird,NA
Antigone canadensis,OH,eBird,NA
Grus americana,OH,eBird,NA
Himantopus mexicanus,OH,eBird,NA
Recurvirostra americana,OH,eBird,NA
Pluvialis squatarola,OH,eBird,NA
Pluvialis dominica,OH,eBird,NA
Charadrius vociferus,OH,eBird,NA
Charadrius semipalmatus,OH,eBird,NA
Charadrius melodus,OH,eBird,NA
Vanellus vanellus,OH,eBird,NA
Anarhynchus wilsonia,OH,eBird,NA
Anarhynchus nivosus,OH,eBird,NA
Bartramia longicauda,OH,eBird,NA
Numenius hudsonicus,OH,eBird,NA
Numenius phaeopus,OH,eBird,NA
Numenius americanus,OH,eBird,NA
Limosa haemastica,OH,eBird,NA
Limosa fedoa,OH,eBird,NA
Limnodromus griseus,OH,eBird,NA
Limnodromus scolopaceus,OH,eBird,NA
Scolopax minor,OH,eBird,NA
Scolopax rusticola,OH,eBird,NA
Gallinago delicata,OH,eBird,NA
Phalaropus tricolor,OH,eBird,NA
Phalaropus fulicarius,OH,eBird,NA
Phalaropus lobatus,OH,eBird,NA
Actitis macularius,OH,eBird,NA
Tringa solitaria,OH,eBird,NA
Tringa stagnatilis,OH,eBird,NA
Tringa flavipes,OH,eBird,NA
Tringa semipalmata,OH,eBird,NA
Tringa erythropus,OH,eBird,NA
Tringa melanoleuca,OH,eBird,NA
Arenaria interpres,OH,eBird,NA
Calidris canutus,OH,eBird,NA
Calidris pugnax,OH,eBird,NA
Calidris acuminata,OH,eBird,NA
Calidris ferruginea,OH,eBird,NA
Calidris himantopus,OH,eBird,NA
Calidris ruficollis,OH,eBird,NA
Calidris subruficollis,OH,eBird,NA
Calidris alba,OH,eBird,NA
Calidris alpina,OH,eBird,NA
Calidris maritima,OH,eBird,NA
Calidris bairdii,OH,eBird,NA
Calidris fuscicollis,OH,eBird,NA
Calidris minutilla,OH,eBird,NA
Calidris melanotos,OH,eBird,NA
Calidris mauri,OH,eBird,NA
Calidris pusilla,OH,eBird,NA
Stercorarius longicaudus,OH,eBird,NA
Stercorarius parasiticus,OH,eBird,NA
Stercorarius pomarinus,OH,eBird,NA
Fratercula arctica,OH,eBird,NA
Brachyramphus perdix,OH,eBird,NA
Cepphus grylle,OH,eBird,NA
Uria lomvia,OH,eBird,NA
Synthliboramphus antiquus,OH,eBird,NA
Hydrocoloeus minutus,OH,eBird,NA
Rhodostethia rosea,OH,eBird,NA
Rissa tridactyla,OH,eBird,NA
Pagophila eburnea,OH,eBird,NA
Xema sabini,OH,eBird,NA
Chroicocephalus philadelphia,OH,eBird,NA
Chroicocephalus ridibundus,OH,eBird,NA
Leucophaeus atricilla,OH,eBird,NA
Leucophaeus pipixcan,OH,eBird,NA
Larus crassirostris,OH,eBird,NA
Larus heermanni,OH,eBird,NA
Larus canus,OH,eBird,NA
Larus brachyrhynchus,OH,eBird,NA
Larus delawarensis,OH,eBird,NA
Larus dominicanus,OH,eBird,NA
Larus smithsonianus,OH,eBird,NA
Larus marinus,OH,eBird,NA
Larus hyperboreus,OH,eBird,NA
Larus fuscus,OH,eBird,NA
Larus californicus,OH,eBird,NA
Larus glaucescens,OH,eBird,NA
Larus schistisagus,OH,eBird,NA
Larus glaucoides,OH,eBird,NA
Onychoprion fuscatus,OH,eBird,NA
Sternula antillarum,OH,eBird,NA
Phaetusa simplex,OH,eBird,NA
Hydroprogne caspia,OH,eBird,NA
Chlidonias niger,OH,eBird,NA
Sterna forsteri,OH,eBird,NA
Sterna paradisaea,OH,eBird,NA
Sterna hirundo,OH,eBird,NA
Sterna dougallii,OH,eBird,NA
Thalasseus maximus,OH,eBird,NA
Phoenicopterus ruber,OH,eBird,NA
Podilymbus podiceps,OH,eBird,NA
Podiceps auritus,OH,eBird,NA
Podiceps grisegena,OH,eBird,NA
Podiceps nigricollis,OH,eBird,NA
Aechmophorus occidentalis,OH,eBird,NA
Gavia stellata,OH,eBird,NA
Gavia arctica,OH,eBird,NA
Gavia pacifica,OH,eBird,NA
Gavia immer,OH,eBird,NA
Hydrobates leucorhous,OH,eBird,NA
Pterodroma hasitata,OH,eBird,NA
Mycteria americana,OH,eBird,NA
Fregata magnificens,OH,eBird,NA
Morus bassanus,OH,eBird,NA
Sula leucogaster,OH,eBird,NA
Anhinga anhinga,OH,eBird,NA
Phalacrocorax carbo,OH,eBird,NA
Nannopterum auritum,OH,eBird,NA
Nannopterum brasilianum,OH,eBird,NA
Eudocimus albus,OH,eBird,NA
Plegadis falcinellus,OH,eBird,NA
Plegadis chihi,OH,eBird,NA
Platalea ajaja,OH,eBird,NA
Botaurus lentiginosus,OH,eBird,NA
Botaurus exilis,OH,eBird,NA
Nyctanassa violacea,OH,eBird,NA
Nycticorax nycticorax,OH,eBird,NA
Egretta caerulea,OH,eBird,NA
Egretta tricolor,OH,eBird,NA
Egretta rufescens,OH,eBird,NA
Egretta thula,OH,eBird,NA
Butorides virescens,OH,eBird,NA
Ardea ibis,OH,eBird,NA
Ardea alba,OH,eBird,NA
Ardea herodias,OH,eBird,NA
Pelecanus erythrorhynchos,OH,eBird,NA
Pelecanus occidentalis,OH,eBird,NA
Coragyps atratus,OH,eBird,NA
Cathartes aura,OH,eBird,NA
Pandion haliaetus,OH,eBird,NA
Elanus leucurus,OH,eBird,NA
Elanoides forficatus,OH,eBird,NA
Aquila chrysaetos,OH,eBird,NA
Accipiter striatus,OH,eBird,NA
Astur cooperii,OH,eBird,NA
Astur atricapillus,OH,eBird,NA
Circus hudsonius,OH,eBird,NA
Haliaeetus leucocephalus,OH,eBird,NA
Ictinia mississippiensis,OH,eBird,NA
Parabuteo unicinctus,OH,eBird,NA
Buteo platypterus,OH,eBird,NA
Buteo lineatus,OH,eBird,NA
Buteo swainsoni,OH,eBird,NA
Buteo jamaicensis,OH,eBird,NA
Buteo lagopus,OH,eBird,NA
Buteo regalis,OH,eBird,NA
Tyto furcata,OH,eBird,NA
Megascops asio,OH,eBird,NA
Bubo scandiacus,OH,eBird,NA
Bubo virginianus,OH,eBird,NA
Surnia ulula,OH,eBird,NA
Athene cunicularia,OH,eBird,NA
Strix varia,OH,eBird,NA
Strix nebulosa,OH,eBird,NA
Asio otus,OH,eBird,NA
Asio flammeus,OH,eBird,NA
Aegolius funereus,OH,eBird,NA
Aegolius acadicus,OH,eBird,NA
Megaceryle alcyon,OH,eBird,NA
Sphyrapicus varius,OH,eBird,NA
Sphyrapicus nuchalis,OH,eBird,NA
Melanerpes erythrocephalus,OH,eBird,NA
Melanerpes carolinus,OH,eBird,NA
Picoides arcticus,OH,eBird,NA
Dryobates pubescens,OH,eBird,NA
Leuconotopicus borealis,OH,eBird,NA
Leuconotopicus villosus,OH,eBird,NA
Dryocopus pileatus,OH,eBird,NA
Colaptes auratus,OH,eBird,NA
Caracara plancus,OH,eBird,NA
Falco sparverius,OH,eBird,NA
Falco columbarius,OH,eBird,NA
Falco rusticolus,OH,eBird,NA
Falco peregrinus,OH,eBird,NA
Falco mexicanus,OH,eBird,NA
Nymphicus hollandicus,OH,eBird,NA
Psittacula krameri,OH,eBird,NA
Melopsittacus undulatus,OH,eBird,NA
Myiopsitta monachus,OH,eBird,NA
Brotogeris versicolurus,OH,eBird,NA
Brotogeris chiriri,OH,eBird,NA
Contopus cooperi,OH,eBird,NA
Contopus virens,OH,eBird,NA
Empidonax flaviventris,OH,eBird,NA
Empidonax virescens,OH,eBird,NA
Empidonax alnorum,OH,eBird,NA
Empidonax traillii,OH,eBird,NA
Empidonax minimus,OH,eBird,NA
Empidonax wrightii,OH,eBird,NA
Empidonax oberholseri,OH,eBird,NA
Empidonax difficilis,OH,eBird,NA
Sayornis phoebe,OH,eBird,NA
Sayornis saya,OH,eBird,NA
Pyrocephalus rubinus,OH,eBird,NA
Myiarchus cinerascens,OH,eBird,NA
Myiarchus crinitus,OH,eBird,NA
Tyrannus melancholicus,OH,eBird,NA
Tyrannus verticalis,OH,eBird,NA
Tyrannus tyrannus,OH,eBird,NA
Tyrannus dominicensis,OH,eBird,NA
Tyrannus forficatus,OH,eBird,NA
Vireo griseus,OH,eBird,NA
Vireo bellii,OH,eBird,NA
Vireo flavifrons,OH,eBird,NA
Vireo solitarius,OH,eBird,NA
Vireo philadelphicus,OH,eBird,NA
Vireo gilvus,OH,eBird,NA
Vireo swainsoni,OH,eBird,NA
Vireo olivaceus,OH,eBird,NA
Lanius ludovicianus,OH,eBird,NA
Lanius borealis,OH,eBird,NA
Cyanocitta cristata,OH,eBird,NA
Cyanopica cyanus,OH,eBird,NA
Pica hudsonia,OH,eBird,NA
Corvus brachyrhynchos,OH,eBird,NA
Corvus ossifragus,OH,eBird,NA
Corvus corax,OH,eBird,NA
Poecile carolinensis,OH,eBird,NA
Poecile atricapillus,OH,eBird,NA
Poecile hudsonicus,OH,eBird,NA
Baeolophus bicolor,OH,eBird,NA
Eremophila alpestris,OH,eBird,NA
Riparia riparia,OH,eBird,NA
Tachycineta bicolor,OH,eBird,NA
Tachycineta thalassina,OH,eBird,NA
Progne subis,OH,eBird,NA
Stelgidopteryx serripennis,OH,eBird,NA
Hirundo rustica,OH,eBird,NA
Petrochelidon pyrrhonota,OH,eBird,NA
Petrochelidon fulva,OH,eBird,NA
Corthylio calendula,OH,eBird,NA
Regulus satrapa,OH,eBird,NA
Sitta carolinensis,OH,eBird,NA
Sitta pusilla,OH,eBird,NA
Sitta canadensis,OH,eBird,NA
Certhia americana,OH,eBird,NA
Polioptila caerulea,OH,eBird,NA
Salpinctes obsoletus,OH,eBird,NA
Troglodytes aedon,OH,eBird,NA
Troglodytes hiemalis,OH,eBird,NA
Cistothorus stellaris,OH,eBird,NA
Cistothorus palustris,OH,eBird,NA
Thryothorus ludovicianus,OH,eBird,NA
Thryomanes bewickii,OH,eBird,NA
Gracula religiosa,OH,eBird,NA
Sturnus vulgaris,OH,eBird,NA
Dumetella carolinensis,OH,eBird,NA
Toxostoma rufum,OH,eBird,NA
Oreoscoptes montanus,OH,eBird,NA
Mimus polyglottos,OH,eBird,NA
Sialia sialis,OH,eBird,NA
Sialia currucoides,OH,eBird,NA
Myadestes townsendi,OH,eBird,NA
Ixoreus naevius,OH,eBird,NA
Catharus fuscescens,OH,eBird,NA
Catharus minimus,OH,eBird,NA
Catharus ustulatus,OH,eBird,NA
Catharus guttatus,OH,eBird,NA
Hylocichla mustelina,OH,eBird,NA
Turdus migratorius,OH,eBird,NA
Oenanthe oenanthe,OH,eBird,NA
Bombycilla garrulus,OH,eBird,NA
Bombycilla cedrorum,OH,eBird,NA
Euplectes franciscanus,OH,eBird,NA
Lonchura punctulata,OH,eBird,NA
Passer domesticus,OH,eBird,NA
Passer montanus,OH,eBird,NA
Motacilla alba,OH,eBird,NA
Anthus rubescens,OH,eBird,NA
Anthus spragueii,OH,eBird,NA
Fringilla montifringilla,OH,eBird,NA
Hesperiphona vespertina,OH,eBird,NA
Pinicola enucleator,OH,eBird,NA
Leucosticte tephrocotis,OH,eBird,NA
Haemorhous mexicanus,OH,eBird,NA
Haemorhous purpureus,OH,eBird,NA
Chloris chloris,OH,eBird,NA
Crithagra mozambica,OH,eBird,NA
Acanthis flammea,OH,eBird,NA
Loxia curvirostra,OH,eBird,NA
Loxia leucoptera,OH,eBird,NA
Carduelis carduelis,OH,eBird,NA
Serinus canaria,OH,eBird,NA
Spinus pinus,OH,eBird,NA
Spinus tristis,OH,eBird,NA
Calcarius lapponicus,OH,eBird,NA
Calcarius ornatus,OH,eBird,NA
Calcarius pictus,OH,eBird,NA
Plectrophenax nivalis,OH,eBird,NA
Peucaea cassinii,OH,eBird,NA
Peucaea aestivalis,OH,eBird,NA
Ammodramus savannarum,OH,eBird,NA
Spizella passerina,OH,eBird,NA
Spizella pallida,OH,eBird,NA
Spizella pusilla,OH,eBird,NA
Spizella breweri,OH,eBird,NA
Amphispiza bilineata,OH,eBird,NA
Chondestes grammacus,OH,eBird,NA
Calamospiza melanocorys,OH,eBird,NA
Spizelloides arborea,OH,eBird,NA
Passerella iliaca,OH,eBird,NA
Junco hyemalis,OH,eBird,NA
Zonotrichia leucophrys,OH,eBird,NA
Zonotrichia atricapilla,OH,eBird,NA
Zonotrichia querula,OH,eBird,NA
Zonotrichia albicollis,OH,eBird,NA
Pooecetes gramineus,OH,eBird,NA
Ammospiza leconteii,OH,eBird,NA
Ammospiza nelsoni,OH,eBird,NA
Passerculus sandwichensis,OH,eBird,NA
Centronyx bairdii,OH,eBird,NA
Centronyx henslowii,OH,eBird,NA
Melospiza melodia,OH,eBird,NA
Melospiza lincolnii,OH,eBird,NA
Melospiza georgiana,OH,eBird,NA
Pipilo chlorurus,OH,eBird,NA
Pipilo maculatus,OH,eBird,NA
Pipilo erythrophthalmus,OH,eBird,NA
Icteria virens,OH,eBird,NA
Xanthocephalus xanthocephalus,OH,eBird,NA
Dolichonyx oryzivorus,OH,eBird,NA
Sturnella neglecta,OH,eBird,NA
Sturnella magna,OH,eBird,NA
Icterus spurius,OH,eBird,NA
Icterus cucullatus,OH,eBird,NA
Icterus icterus,OH,eBird,NA
Icterus bullockii,OH,eBird,NA
Icterus galbula,OH,eBird,NA
Agelaius phoeniceus,OH,eBird,NA
Molothrus ater,OH,eBird,NA
Euphagus carolinus,OH,eBird,NA
Euphagus cyanocephalus,OH,eBird,NA
Quiscalus quiscula,OH,eBird,NA
Quiscalus mexicanus,OH,eBird,NA
Seiurus aurocapilla,OH,eBird,NA
Helmitheros vermivorum,OH,eBird,NA
Parkesia motacilla,OH,eBird,NA
Parkesia noveboracensis,OH,eBird,NA
Vermivora chrysoptera,OH,eBird,NA
Vermivora cyanoptera,OH,eBird,NA
Mniotilta varia,OH,eBird,NA
Protonotaria citrea,OH,eBird,NA
Limnothlypis swainsonii,OH,eBird,NA
Leiothlypis peregrina,OH,eBird,NA
Leiothlypis celata,OH,eBird,NA
Leiothlypis ruficapilla,OH,eBird,NA
Leiothlypis virginiae,OH,eBird,NA
Oporornis agilis,OH,eBird,NA
Geothlypis philadelphia,OH,eBird,NA
Geothlypis formosa,OH,eBird,NA
Geothlypis trichas,OH,eBird,NA
Setophaga citrina,OH,eBird,NA
Setophaga ruticilla,OH,eBird,NA
Setophaga kirtlandii,OH,eBird,NA
Setophaga tigrina,OH,eBird,NA
Setophaga cerulea,OH,eBird,NA
Setophaga americana,OH,eBird,NA
Setophaga magnolia,OH,eBird,NA
Setophaga castanea,OH,eBird,NA
Setophaga fusca,OH,eBird,NA
Setophaga aestiva,OH,eBird,NA
Setophaga pensylvanica,OH,eBird,NA
Setophaga striata,OH,eBird,NA
Setophaga caerulescens,OH,eBird,NA
Setophaga palmarum,OH,eBird,NA
Setophaga pinus,OH,eBird,NA
Setophaga coronata,OH,eBird,NA
Setophaga dominica,OH,eBird,NA
Setophaga discolor,OH,eBird,NA
Setophaga nigrescens,OH,eBird,NA
Setophaga townsendi,OH,eBird,NA
Setophaga virens,OH,eBird,NA
Cardellina canadensis,OH,eBird,NA
Cardellina pusilla,OH,eBird,NA
Myioborus pictus,OH,eBird,NA
Piranga rubra,OH,eBird,NA
Piranga olivacea,OH,eBird,NA
Piranga ludoviciana,OH,eBird,NA
Cardinalis cardinalis,OH,eBird,NA
Pheucticus ludovicianus,OH,eBird,NA
Pheucticus melanocephalus,OH,eBird,NA
Passerina caerulea,OH,eBird,NA
Passerina amoena,OH,eBird,NA
Passerina cyanea,OH,eBird,NA
Passerina ciris,OH,eBird,NA
Spiza americana,OH,eBird,NA
Dendrocygna autumnalis,OK,eBird,NA
Dendrocygna bicolor,OK,eBird,NA
Anser caerulescens,OK,eBird,NA
Anser rossii,OK,eBird,NA
Anser anser,OK,eBird,NA
Anser cygnoides,OK,eBird,NA
Anser albifrons,OK,eBird,NA
Branta bernicla,OK,eBird,NA
Branta hutchinsii,OK,eBird,NA
Branta canadensis,OK,eBird,NA
Cygnus olor,OK,eBird,NA
Cygnus buccinator,OK,eBird,NA
Cygnus columbianus,OK,eBird,NA
Alopochen aegyptiaca,OK,eBird,NA
Tadorna ferruginea,OK,eBird,NA
Cairina moschata,OK,eBird,NA
Aix sponsa,OK,eBird,NA
Spatula querquedula,OK,eBird,NA
Spatula discors,OK,eBird,NA
Spatula cyanoptera,OK,eBird,NA
Spatula clypeata,OK,eBird,NA
Mareca strepera,OK,eBird,NA
Mareca penelope,OK,eBird,NA
Mareca americana,OK,eBird,NA
Anas platyrhynchos,OK,eBird,NA
Anas diazi,OK,eBird,NA
Anas rubripes,OK,eBird,NA
Anas fulvigula,OK,eBird,NA
Anas acuta,OK,eBird,NA
Anas crecca,OK,eBird,NA
Aythya valisineria,OK,eBird,NA
Aythya americana,OK,eBird,NA
Aythya collaris,OK,eBird,NA
Aythya marila,OK,eBird,NA
Aythya affinis,OK,eBird,NA
Somateria spectabilis,OK,eBird,NA
Melanitta perspicillata,OK,eBird,NA
Melanitta deglandi,OK,eBird,NA
Melanitta americana,OK,eBird,NA
Clangula hyemalis,OK,eBird,NA
Bucephala albeola,OK,eBird,NA
Bucephala clangula,OK,eBird,NA
Bucephala islandica,OK,eBird,NA
Lophodytes cucullatus,OK,eBird,NA
Mergus merganser,OK,eBird,NA
Mergus serrator,OK,eBird,NA
Nomonyx dominicus,OK,eBird,NA
Oxyura jamaicensis,OK,eBird,NA
Numida meleagris,OK,eBird,NA
Colinus virginianus,OK,eBird,NA
Callipepla squamata,OK,eBird,NA
Meleagris gallopavo,OK,eBird,NA
Tympanuchus cupido,OK,eBird,NA
Tympanuchus pallidicinctus,OK,eBird,NA
Phasianus colchicus,OK,eBird,NA
Pavo cristatus,OK,eBird,NA
Gallus gallus,OK,eBird,NA
Alectoris chukar,OK,eBird,NA
Columba livia,OK,eBird,NA
Patagioenas fasciata,OK,eBird,NA
Streptopelia decaocto,OK,eBird,NA
Streptopelia roseogrisea,OK,eBird,NA
Columbina inca,OK,eBird,NA
Columbina passerina,OK,eBird,NA
Zenaida asiatica,OK,eBird,NA
Zenaida macroura,OK,eBird,NA
Crotophaga sulcirostris,OK,eBird,NA
Geococcyx californianus,OK,eBird,NA
Coccyzus americanus,OK,eBird,NA
Coccyzus erythropthalmus,OK,eBird,NA
Chordeiles acutipennis,OK,eBird,NA
Chordeiles minor,OK,eBird,NA
Phalaenoptilus nuttallii,OK,eBird,NA
Antrostomus carolinensis,OK,eBird,NA
Antrostomus vociferus,OK,eBird,NA
Chaetura pelagica,OK,eBird,NA
Aeronautes saxatalis,OK,eBird,NA
Colibri thalassinus,OK,eBird,NA
Archilochus colubris,OK,eBird,NA
Archilochus alexandri,OK,eBird,NA
Calypte anna,OK,eBird,NA
Calypte costae,OK,eBird,NA
Selasphorus calliope,OK,eBird,NA
Selasphorus rufus,OK,eBird,NA
Selasphorus platycercus,OK,eBird,NA
Cynanthus latirostris,OK,eBird,NA
Rallus elegans,OK,eBird,NA
Rallus limicola,OK,eBird,NA
Porzana carolina,OK,eBird,NA
Gallinula galeata,OK,eBird,NA
Fulica americana,OK,eBird,NA
Porphyrio martinica,OK,eBird,NA
Coturnicops noveboracensis,OK,eBird,NA
Laterallus jamaicensis,OK,eBird,NA
Aramus guarauna,OK,eBird,NA
Antigone canadensis,OK,eBird,NA
Grus americana,OK,eBird,NA
Grus grus,OK,eBird,NA
Himantopus mexicanus,OK,eBird,NA
Recurvirostra americana,OK,eBird,NA
Pluvialis squatarola,OK,eBird,NA
Pluvialis dominica,OK,eBird,NA
Charadrius vociferus,OK,eBird,NA
Charadrius semipalmatus,OK,eBird,NA
Charadrius melodus,OK,eBird,NA
Anarhynchus wilsonia,OK,eBird,NA
Anarhynchus montanus,OK,eBird,NA
Anarhynchus nivosus,OK,eBird,NA
Bartramia longicauda,OK,eBird,NA
Numenius hudsonicus,OK,eBird,NA
Numenius borealis,OK,eBird,NA
Numenius americanus,OK,eBird,NA
Limosa haemastica,OK,eBird,NA
Limosa fedoa,OK,eBird,NA
Limnodromus griseus,OK,eBird,NA
Limnodromus scolopaceus,OK,eBird,NA
Scolopax minor,OK,eBird,NA
Gallinago delicata,OK,eBird,NA
Phalaropus tricolor,OK,eBird,NA
Phalaropus fulicarius,OK,eBird,NA
Phalaropus lobatus,OK,eBird,NA
Actitis macularius,OK,eBird,NA
Tringa solitaria,OK,eBird,NA
Tringa flavipes,OK,eBird,NA
Tringa semipalmata,OK,eBird,NA
Tringa melanoleuca,OK,eBird,NA
Arenaria interpres,OK,eBird,NA
Calidris canutus,OK,eBird,NA
Calidris pugnax,OK,eBird,NA
Calidris himantopus,OK,eBird,NA
Calidris subruficollis,OK,eBird,NA
Calidris alba,OK,eBird,NA
Calidris alpina,OK,eBird,NA
Calidris maritima,OK,eBird,NA
Calidris bairdii,OK,eBird,NA
Calidris fuscicollis,OK,eBird,NA
Calidris minutilla,OK,eBird,NA
Calidris melanotos,OK,eBird,NA
Calidris mauri,OK,eBird,NA
Calidris pusilla,OK,eBird,NA
Stercorarius longicaudus,OK,eBird,NA
Stercorarius parasiticus,OK,eBird,NA
Stercorarius pomarinus,OK,eBird,NA
Stercorarius maccormicki,OK,eBird,NA
Hydrocoloeus minutus,OK,eBird,NA
Rissa tridactyla,OK,eBird,NA
Xema sabini,OK,eBird,NA
Chroicocephalus philadelphia,OK,eBird,NA
Chroicocephalus ridibundus,OK,eBird,NA
Leucophaeus atricilla,OK,eBird,NA
Leucophaeus pipixcan,OK,eBird,NA
Larus heermanni,OK,eBird,NA
Larus brachyrhynchus,OK,eBird,NA
Larus delawarensis,OK,eBird,NA
Larus smithsonianus,OK,eBird,NA
Larus vegae,OK,eBird,NA
Larus marinus,OK,eBird,NA
Larus hyperboreus,OK,eBird,NA
Larus fuscus,OK,eBird,NA
Larus californicus,OK,eBird,NA
Larus schistisagus,OK,eBird,NA
Larus glaucoides,OK,eBird,NA
Onychoprion fuscatus,OK,eBird,NA
Sternula antillarum,OK,eBird,NA
Hydroprogne caspia,OK,eBird,NA
Chlidonias niger,OK,eBird,NA
Sterna forsteri,OK,eBird,NA
Sterna paradisaea,OK,eBird,NA
Sterna hirundo,OK,eBird,NA
Thalasseus elegans,OK,eBird,NA
Thalasseus maximus,OK,eBird,NA
Tachybaptus dominicus,OK,eBird,NA
Podilymbus podiceps,OK,eBird,NA
Podiceps auritus,OK,eBird,NA
Podiceps grisegena,OK,eBird,NA
Podiceps nigricollis,OK,eBird,NA
Aechmophorus occidentalis,OK,eBird,NA
Aechmophorus clarkii,OK,eBird,NA
Gavia stellata,OK,eBird,NA
Gavia pacifica,OK,eBird,NA
Gavia immer,OK,eBird,NA
Gavia adamsii,OK,eBird,NA
Mycteria americana,OK,eBird,NA
Fregata magnificens,OK,eBird,NA
Fregata minor,OK,eBird,NA
Sula leucogaster,OK,eBird,NA
Anhinga anhinga,OK,eBird,NA
Nannopterum auritum,OK,eBird,NA
Nannopterum brasilianum,OK,eBird,NA
Eudocimus albus,OK,eBird,NA
Plegadis falcinellus,OK,eBird,NA
Plegadis chihi,OK,eBird,NA
Platalea ajaja,OK,eBird,NA
Botaurus lentiginosus,OK,eBird,NA
Botaurus exilis,OK,eBird,NA
Nyctanassa violacea,OK,eBird,NA
Nycticorax nycticorax,OK,eBird,NA
Egretta caerulea,OK,eBird,NA
Egretta tricolor,OK,eBird,NA
Egretta rufescens,OK,eBird,NA
Egretta thula,OK,eBird,NA
Butorides virescens,OK,eBird,NA
Ardea ibis,OK,eBird,NA
Ardea alba,OK,eBird,NA
Ardea herodias,OK,eBird,NA
Pelecanus erythrorhynchos,OK,eBird,NA
Pelecanus occidentalis,OK,eBird,NA
Coragyps atratus,OK,eBird,NA
Cathartes aura,OK,eBird,NA
Pandion haliaetus,OK,eBird,NA
Elanus leucurus,OK,eBird,NA
Elanoides forficatus,OK,eBird,NA
Aquila chrysaetos,OK,eBird,NA
Accipiter striatus,OK,eBird,NA
Astur cooperii,OK,eBird,NA
Astur atricapillus,OK,eBird,NA
Circus hudsonius,OK,eBird,NA
Haliaeetus leucocephalus,OK,eBird,NA
Ictinia mississippiensis,OK,eBird,NA
Buteogallus anthracinus,OK,eBird,NA
Parabuteo unicinctus,OK,eBird,NA
Buteo platypterus,OK,eBird,NA
Buteo lineatus,OK,eBird,NA
Buteo albonotatus,OK,eBird,NA
Buteo swainsoni,OK,eBird,NA
Buteo jamaicensis,OK,eBird,NA
Buteo lagopus,OK,eBird,NA
Buteo regalis,OK,eBird,NA
Tyto furcata,OK,eBird,NA
Megascops kennicottii,OK,eBird,NA
Megascops asio,OK,eBird,NA
Bubo scandiacus,OK,eBird,NA
Bubo virginianus,OK,eBird,NA
Athene cunicularia,OK,eBird,NA
Strix varia,OK,eBird,NA
Asio otus,OK,eBird,NA
Asio flammeus,OK,eBird,NA
Aegolius acadicus,OK,eBird,NA
Megaceryle torquata,OK,eBird,NA
Megaceryle alcyon,OK,eBird,NA
Sphyrapicus thyroideus,OK,eBird,NA
Sphyrapicus varius,OK,eBird,NA
Sphyrapicus nuchalis,OK,eBird,NA
Melanerpes lewis,OK,eBird,NA
Melanerpes erythrocephalus,OK,eBird,NA
Melanerpes formicivorus,OK,eBird,NA
Melanerpes aurifrons,OK,eBird,NA
Melanerpes carolinus,OK,eBird,NA
Dryobates pubescens,OK,eBird,NA
Dryobates scalaris,OK,eBird,NA
Leuconotopicus borealis,OK,eBird,NA
Leuconotopicus villosus,OK,eBird,NA
Dryocopus pileatus,OK,eBird,NA
Colaptes auratus,OK,eBird,NA
Caracara plancus,OK,eBird,NA
Falco sparverius,OK,eBird,NA
Falco columbarius,OK,eBird,NA
Falco rusticolus,OK,eBird,NA
Falco peregrinus,OK,eBird,NA
Falco mexicanus,OK,eBird,NA
Melopsittacus undulatus,OK,eBird,NA
Myiopsitta monachus,OK,eBird,NA
Contopus cooperi,OK,eBird,NA
Contopus sordidulus,OK,eBird,NA
Contopus virens,OK,eBird,NA
Empidonax flaviventris,OK,eBird,NA
Empidonax virescens,OK,eBird,NA
Empidonax alnorum,OK,eBird,NA
Empidonax traillii,OK,eBird,NA
Empidonax minimus,OK,eBird,NA
Empidonax hammondii,OK,eBird,NA
Empidonax wrightii,OK,eBird,NA
Empidonax oberholseri,OK,eBird,NA
Empidonax difficilis,OK,eBird,NA
Sayornis nigricans,OK,eBird,NA
Sayornis phoebe,OK,eBird,NA
Sayornis saya,OK,eBird,NA
Pyrocephalus rubinus,OK,eBird,NA
Myiarchus tuberculifer,OK,eBird,NA
Myiarchus cinerascens,OK,eBird,NA
Myiarchus crinitus,OK,eBird,NA
Pitangus sulphuratus,OK,eBird,NA
Tyrannus couchii,OK,eBird,NA
Tyrannus vociferans,OK,eBird,NA
Tyrannus verticalis,OK,eBird,NA
Tyrannus tyrannus,OK,eBird,NA
Tyrannus forficatus,OK,eBird,NA
Vireo atricapilla,OK,eBird,NA
Vireo griseus,OK,eBird,NA
Vireo bellii,OK,eBird,NA
Vireo flavifrons,OK,eBird,NA
Vireo cassinii,OK,eBird,NA
Vireo solitarius,OK,eBird,NA
Vireo plumbeus,OK,eBird,NA
Vireo philadelphicus,OK,eBird,NA
Vireo gilvus,OK,eBird,NA
Vireo olivaceus,OK,eBird,NA
Lanius ludovicianus,OK,eBird,NA
Lanius borealis,OK,eBird,NA
Gymnorhinus cyanocephalus,OK,eBird,NA
Cyanocitta stelleri,OK,eBird,NA
Cyanocitta cristata,OK,eBird,NA
Aphelocoma woodhouseii,OK,eBird,NA
Pica hudsonia,OK,eBird,NA
Nucifraga columbiana,OK,eBird,NA
Corvus brachyrhynchos,OK,eBird,NA
Corvus ossifragus,OK,eBird,NA
Corvus cryptoleucus,OK,eBird,NA
Corvus corax,OK,eBird,NA
Poecile carolinensis,OK,eBird,NA
Poecile atricapillus,OK,eBird,NA
Poecile gambeli,OK,eBird,NA
Baeolophus ridgwayi,OK,eBird,NA
Baeolophus bicolor,OK,eBird,NA
Baeolophus atricristatus,OK,eBird,NA
Auriparus flaviceps,OK,eBird,NA
Eremophila alpestris,OK,eBird,NA
Riparia riparia,OK,eBird,NA
Tachycineta bicolor,OK,eBird,NA
Tachycineta thalassina,OK,eBird,NA
Progne subis,OK,eBird,NA
Stelgidopteryx serripennis,OK,eBird,NA
Hirundo rustica,OK,eBird,NA
Petrochelidon pyrrhonota,OK,eBird,NA
Petrochelidon fulva,OK,eBird,NA
Psaltriparus minimus,OK,eBird,NA
Corthylio calendula,OK,eBird,NA
Regulus satrapa,OK,eBird,NA
Sitta carolinensis,OK,eBird,NA
Sitta pygmaea,OK,eBird,NA
Sitta pusilla,OK,eBird,NA
Sitta canadensis,OK,eBird,NA
Certhia americana,OK,eBird,NA
Polioptila caerulea,OK,eBird,NA
Salpinctes obsoletus,OK,eBird,NA
Catherpes mexicanus,OK,eBird,NA
Troglodytes aedon,OK,eBird,NA
Troglodytes hiemalis,OK,eBird,NA
Cistothorus stellaris,OK,eBird,NA
Cistothorus palustris,OK,eBird,NA
Thryothorus ludovicianus,OK,eBird,NA
Thryomanes bewickii,OK,eBird,NA
Campylorhynchus brunneicapillus,OK,eBird,NA
Sturnus vulgaris,OK,eBird,NA
Dumetella carolinensis,OK,eBird,NA
Toxostoma curvirostre,OK,eBird,NA
Toxostoma rufum,OK,eBird,NA
Oreoscoptes montanus,OK,eBird,NA
Mimus polyglottos,OK,eBird,NA
Sialia sialis,OK,eBird,NA
Sialia mexicana,OK,eBird,NA
Sialia currucoides,OK,eBird,NA
Myadestes townsendi,OK,eBird,NA
Ixoreus naevius,OK,eBird,NA
Catharus fuscescens,OK,eBird,NA
Catharus minimus,OK,eBird,NA
Catharus ustulatus,OK,eBird,NA
Catharus guttatus,OK,eBird,NA
Hylocichla mustelina,OK,eBird,NA
Turdus migratorius,OK,eBird,NA
Bombycilla garrulus,OK,eBird,NA
Bombycilla cedrorum,OK,eBird,NA
Passer domesticus,OK,eBird,NA
Anthus rubescens,OK,eBird,NA
Anthus spragueii,OK,eBird,NA
Hesperiphona vespertina,OK,eBird,NA
Pinicola enucleator,OK,eBird,NA
Haemorhous mexicanus,OK,eBird,NA
Haemorhous purpureus,OK,eBird,NA
Haemorhous cassinii,OK,eBird,NA
Acanthis flammea,OK,eBird,NA
Loxia curvirostra,OK,eBird,NA
Loxia leucoptera,OK,eBird,NA
Spinus pinus,OK,eBird,NA
Spinus psaltria,OK,eBird,NA
Spinus lawrencei,OK,eBird,NA
Spinus tristis,OK,eBird,NA
Calcarius lapponicus,OK,eBird,NA
Calcarius ornatus,OK,eBird,NA
Calcarius pictus,OK,eBird,NA
Rhynchophanes mccownii,OK,eBird,NA
Plectrophenax nivalis,OK,eBird,NA
Peucaea cassinii,OK,eBird,NA
Peucaea aestivalis,OK,eBird,NA
Ammodramus savannarum,OK,eBird,NA
Spizella passerina,OK,eBird,NA
Spizella pallida,OK,eBird,NA
Spizella atrogularis,OK,eBird,NA
Spizella pusilla,OK,eBird,NA
Spizella breweri,OK,eBird,NA
Amphispiza bilineata,OK,eBird,NA
Chondestes grammacus,OK,eBird,NA
Calamospiza melanocorys,OK,eBird,NA
Spizelloides arborea,OK,eBird,NA
Passerella iliaca,OK,eBird,NA
Junco hyemalis,OK,eBird,NA
Zonotrichia leucophrys,OK,eBird,NA
Zonotrichia atricapilla,OK,eBird,NA
Zonotrichia querula,OK,eBird,NA
Zonotrichia albicollis,OK,eBird,NA
Pooecetes gramineus,OK,eBird,NA
Ammospiza leconteii,OK,eBird,NA
Ammospiza nelsoni,OK,eBird,NA
Passerculus sandwichensis,OK,eBird,NA
Centronyx bairdii,OK,eBird,NA
Centronyx henslowii,OK,eBird,NA
Melospiza melodia,OK,eBird,NA
Melospiza lincolnii,OK,eBird,NA
Melospiza georgiana,OK,eBird,NA
Melozone fusca,OK,eBird,NA
Aimophila ruficeps,OK,eBird,NA
Pipilo chlorurus,OK,eBird,NA
Pipilo maculatus,OK,eBird,NA
Pipilo erythrophthalmus,OK,eBird,NA
Icteria virens,OK,eBird,NA
Xanthocephalus xanthocephalus,OK,eBird,NA
Dolichonyx oryzivorus,OK,eBird,NA
Sturnella neglecta,OK,eBird,NA
Sturnella magna,OK,eBird,NA
Sturnella lilianae,OK,eBird,NA
Icterus spurius,OK,eBird,NA
Icterus cucullatus,OK,eBird,NA
Icterus bullockii,OK,eBird,NA
Icterus galbula,OK,eBird,NA
Icterus parisorum,OK,eBird,NA
Agelaius phoeniceus,OK,eBird,NA
Molothrus bonariensis,OK,eBird,NA
Molothrus aeneus,OK,eBird,NA
Molothrus ater,OK,eBird,NA
Euphagus carolinus,OK,eBird,NA
Euphagus cyanocephalus,OK,eBird,NA
Quiscalus quiscula,OK,eBird,NA
Quiscalus mexicanus,OK,eBird,NA
Seiurus aurocapilla,OK,eBird,NA
Helmitheros vermivorum,OK,eBird,NA
Parkesia motacilla,OK,eBird,NA
Parkesia noveboracensis,OK,eBird,NA
Vermivora chrysoptera,OK,eBird,NA
Vermivora cyanoptera,OK,eBird,NA
Mniotilta varia,OK,eBird,NA
Protonotaria citrea,OK,eBird,NA
Limnothlypis swainsonii,OK,eBird,NA
Leiothlypis peregrina,OK,eBird,NA
Leiothlypis celata,OK,eBird,NA
Leiothlypis ruficapilla,OK,eBird,NA
Leiothlypis virginiae,OK,eBird,NA
Oporornis agilis,OK,eBird,NA
Geothlypis tolmiei,OK,eBird,NA
Geothlypis philadelphia,OK,eBird,NA
Geothlypis formosa,OK,eBird,NA
Geothlypis trichas,OK,eBird,NA
Setophaga citrina,OK,eBird,NA
Setophaga ruticilla,OK,eBird,NA
Setophaga tigrina,OK,eBird,NA
Setophaga cerulea,OK,eBird,NA
Setophaga americana,OK,eBird,NA
Setophaga magnolia,OK,eBird,NA
Setophaga castanea,OK,eBird,NA
Setophaga fusca,OK,eBird,NA
Setophaga aestiva,OK,eBird,NA
Setophaga pensylvanica,OK,eBird,NA
Setophaga striata,OK,eBird,NA
Setophaga caerulescens,OK,eBird,NA
Setophaga palmarum,OK,eBird,NA
Setophaga pinus,OK,eBird,NA
Setophaga coronata,OK,eBird,NA
Setophaga dominica,OK,eBird,NA
Setophaga discolor,OK,eBird,NA
Setophaga nigrescens,OK,eBird,NA
Setophaga townsendi,OK,eBird,NA
Setophaga chrysoparia,OK,eBird,NA
Setophaga virens,OK,eBird,NA
Cardellina canadensis,OK,eBird,NA
Cardellina pusilla,OK,eBird,NA
Piranga flava,OK,eBird,NA
Piranga rubra,OK,eBird,NA
Piranga olivacea,OK,eBird,NA
Piranga ludoviciana,OK,eBird,NA
Cardinalis cardinalis,OK,eBird,NA
Cardinalis sinuatus,OK,eBird,NA
Pheucticus ludovicianus,OK,eBird,NA
Pheucticus melanocephalus,OK,eBird,NA
Passerina caerulea,OK,eBird,NA
Passerina amoena,OK,eBird,NA
Passerina cyanea,OK,eBird,NA
Passerina ciris,OK,eBird,NA
Spiza americana,OK,eBird,NA
Dendrocygna autumnalis,OR,eBird,NA
Dendrocygna bicolor,OR,eBird,NA
Anser indicus,OR,eBird,NA
Anser canagicus,OR,eBird,NA
Anser caerulescens,OR,eBird,NA
Anser rossii,OR,eBird,NA
Anser anser,OR,eBird,NA
Anser cygnoides,OR,eBird,NA
Anser albifrons,OR,eBird,NA
Anser serrirostris,OR,eBird,NA
Branta bernicla,OR,eBird,NA
Branta leucopsis,OR,eBird,NA
Branta hutchinsii,OR,eBird,NA
Branta canadensis,OR,eBird,NA
Branta ruficollis,OR,eBird,NA
Cygnus olor,OR,eBird,NA
Cygnus atratus,OR,eBird,NA
Cygnus buccinator,OR,eBird,NA
Cygnus columbianus,OR,eBird,NA
Cygnus cygnus,OR,eBird,NA
Alopochen aegyptiaca,OR,eBird,NA
Tadorna ferruginea,OR,eBird,NA
Cairina moschata,OR,eBird,NA
Callonetta leucophrys,OR,eBird,NA
Aix sponsa,OR,eBird,NA
Aix galericulata,OR,eBird,NA
Sibirionetta formosa,OR,eBird,NA
Spatula querquedula,OR,eBird,NA
Spatula discors,OR,eBird,NA
Spatula cyanoptera,OR,eBird,NA
Spatula clypeata,OR,eBird,NA
Mareca strepera,OR,eBird,NA
Mareca falcata,OR,eBird,NA
Mareca penelope,OR,eBird,NA
Mareca americana,OR,eBird,NA
Anas platyrhynchos,OR,eBird,NA
Anas rubripes,OR,eBird,NA
Anas acuta,OR,eBird,NA
Anas crecca,OR,eBird,NA
Aythya valisineria,OR,eBird,NA
Aythya americana,OR,eBird,NA
Aythya collaris,OR,eBird,NA
Aythya fuligula,OR,eBird,NA
Aythya marila,OR,eBird,NA
Aythya affinis,OR,eBird,NA
Polysticta stelleri,OR,eBird,NA
Somateria spectabilis,OR,eBird,NA
Somateria mollissima,OR,eBird,NA
Histrionicus histrionicus,OR,eBird,NA
Melanitta perspicillata,OR,eBird,NA
Melanitta deglandi,OR,eBird,NA
Melanitta nigra,OR,eBird,NA
Melanitta americana,OR,eBird,NA
Clangula hyemalis,OR,eBird,NA
Bucephala albeola,OR,eBird,NA
Bucephala clangula,OR,eBird,NA
Bucephala islandica,OR,eBird,NA
Mergellus albellus,OR,eBird,NA
Lophodytes cucullatus,OR,eBird,NA
Mergus merganser,OR,eBird,NA
Mergus serrator,OR,eBird,NA
Oxyura jamaicensis,OR,eBird,NA
Numida meleagris,OR,eBird,NA
Oreortyx pictus,OR,eBird,NA
Colinus virginianus,OR,eBird,NA
Callipepla californica,OR,eBird,NA
Callipepla gambelii,OR,eBird,NA
Meleagris gallopavo,OR,eBird,NA
Bonasa umbellus,OR,eBird,NA
Centrocercus urophasianus,OR,eBird,NA
Dendragapus obscurus,OR,eBird,NA
Dendragapus fuliginosus,OR,eBird,NA
Tympanuchus phasianellus,OR,eBird,NA
Lagopus leucura,OR,eBird,NA
Canachites canadensis,OR,eBird,NA
Perdix perdix,OR,eBird,NA
Syrmaticus reevesii,OR,eBird,NA
Chrysolophus pictus,OR,eBird,NA
Chrysolophus amherstiae,OR,eBird,NA
Phasianus colchicus,OR,eBird,NA
Phasianus versicolor,OR,eBird,NA
Lophura swinhoii,OR,eBird,NA
Pavo cristatus,OR,eBird,NA
Gallus gallus,OR,eBird,NA
Coturnix japonica,OR,eBird,NA
Alectoris rufa,OR,eBird,NA
Alectoris chukar,OR,eBird,NA
Columba livia,OR,eBird,NA
Patagioenas fasciata,OR,eBird,NA
Streptopelia decaocto,OR,eBird,NA
Streptopelia roseogrisea,OR,eBird,NA
Columbina passerina,OR,eBird,NA
Zenaida asiatica,OR,eBird,NA
Zenaida macroura,OR,eBird,NA
Geococcyx californianus,OR,eBird,NA
Coccyzus americanus,OR,eBird,NA
Chordeiles acutipennis,OR,eBird,NA
Chordeiles minor,OR,eBird,NA
Phalaenoptilus nuttallii,OR,eBird,NA
Antrostomus vociferus,OR,eBird,NA
Cypseloides niger,OR,eBird,NA
Chaetura pelagica,OR,eBird,NA
Chaetura vauxi,OR,eBird,NA
Aeronautes saxatalis,OR,eBird,NA
Archilochus colubris,OR,eBird,NA
Archilochus alexandri,OR,eBird,NA
Calypte anna,OR,eBird,NA
Calypte costae,OR,eBird,NA
Selasphorus calliope,OR,eBird,NA
Selasphorus rufus,OR,eBird,NA
Selasphorus sasin,OR,eBird,NA
Selasphorus platycercus,OR,eBird,NA
Cynanthus latirostris,OR,eBird,NA
Rallus limicola,OR,eBird,NA
Porzana carolina,OR,eBird,NA
Gallinula galeata,OR,eBird,NA
Fulica americana,OR,eBird,NA
Coturnicops noveboracensis,OR,eBird,NA
Antigone canadensis,OR,eBird,NA
Grus grus,OR,eBird,NA
Himantopus mexicanus,OR,eBird,NA
Recurvirostra americana,OR,eBird,NA
Haematopus bachmani,OR,eBird,NA
Pluvialis squatarola,OR,eBird,NA
Pluvialis dominica,OR,eBird,NA
Pluvialis fulva,OR,eBird,NA
Eudromias morinellus,OR,eBird,NA
Charadrius vociferus,OR,eBird,NA
Charadrius semipalmatus,OR,eBird,NA
Charadrius melodus,OR,eBird,NA
Anarhynchus mongolus,OR,eBird,NA
Anarhynchus wilsonia,OR,eBird,NA
Anarhynchus montanus,OR,eBird,NA
Anarhynchus nivosus,OR,eBird,NA
Bartramia longicauda,OR,eBird,NA
Numenius tahitiensis,OR,eBird,NA
Numenius hudsonicus,OR,eBird,NA
Numenius phaeopus,OR,eBird,NA
Numenius americanus,OR,eBird,NA
Limosa lapponica,OR,eBird,NA
Limosa haemastica,OR,eBird,NA
Limosa fedoa,OR,eBird,NA
Limnodromus griseus,OR,eBird,NA
Limnodromus scolopaceus,OR,eBird,NA
Lymnocryptes minimus,OR,eBird,NA
Gallinago delicata,OR,eBird,NA
Phalaropus tricolor,OR,eBird,NA
Phalaropus fulicarius,OR,eBird,NA
Phalaropus lobatus,OR,eBird,NA
Actitis macularius,OR,eBird,NA
Tringa solitaria,OR,eBird,NA
Tringa incana,OR,eBird,NA
Tringa glareola,OR,eBird,NA
Tringa flavipes,OR,eBird,NA
Tringa semipalmata,OR,eBird,NA
Tringa erythropus,OR,eBird,NA
Tringa melanoleuca,OR,eBird,NA
Arenaria interpres,OR,eBird,NA
Arenaria melanocephala,OR,eBird,NA
Calidris tenuirostris,OR,eBird,NA
Calidris canutus,OR,eBird,NA
Calidris virgata,OR,eBird,NA
Calidris pugnax,OR,eBird,NA
Calidris acuminata,OR,eBird,NA
Calidris ferruginea,OR,eBird,NA
Calidris himantopus,OR,eBird,NA
Calidris subminuta,OR,eBird,NA
Calidris ruficollis,OR,eBird,NA
Calidris subruficollis,OR,eBird,NA
Calidris alba,OR,eBird,NA
Calidris alpina,OR,eBird,NA
Calidris ptilocnemis,OR,eBird,NA
Calidris bairdii,OR,eBird,NA
Calidris minuta,OR,eBird,NA
Calidris fuscicollis,OR,eBird,NA
Calidris minutilla,OR,eBird,NA
Calidris melanotos,OR,eBird,NA
Calidris mauri,OR,eBird,NA
Calidris pusilla,OR,eBird,NA
Stercorarius longicaudus,OR,eBird,NA
Stercorarius parasiticus,OR,eBird,NA
Stercorarius pomarinus,OR,eBird,NA
Stercorarius maccormicki,OR,eBird,NA
Cerorhinca monocerata,OR,eBird,NA
Fratercula cirrhata,OR,eBird,NA
Fratercula corniculata,OR,eBird,NA
Ptychoramphus aleuticus,OR,eBird,NA
Aethia psittacula,OR,eBird,NA
Brachyramphus perdix,OR,eBird,NA
Brachyramphus marmoratus,OR,eBird,NA
Cepphus columba,OR,eBird,NA
Uria lomvia,OR,eBird,NA
Uria aalge,OR,eBird,NA
Synthliboramphus antiquus,OR,eBird,NA
Synthliboramphus scrippsi,OR,eBird,NA
Synthliboramphus hypoleucus,OR,eBird,NA
Hydrocoloeus minutus,OR,eBird,NA
Rhodostethia rosea,OR,eBird,NA
Rissa tridactyla,OR,eBird,NA
Rissa brevirostris,OR,eBird,NA
Xema sabini,OR,eBird,NA
Chroicocephalus philadelphia,OR,eBird,NA
Chroicocephalus ridibundus,OR,eBird,NA
Leucophaeus atricilla,OR,eBird,NA
Leucophaeus pipixcan,OR,eBird,NA
Larus heermanni,OR,eBird,NA
Larus brachyrhynchus,OR,eBird,NA
Larus delawarensis,OR,eBird,NA
Larus occidentalis,OR,eBird,NA
Larus smithsonianus,OR,eBird,NA
Larus vegae,OR,eBird,NA
Larus hyperboreus,OR,eBird,NA
Larus fuscus,OR,eBird,NA
Larus californicus,OR,eBird,NA
Larus glaucescens,OR,eBird,NA
Larus schistisagus,OR,eBird,NA
Larus glaucoides,OR,eBird,NA
Rynchops niger,OR,eBird,NA
Sternula antillarum,OR,eBird,NA
Hydroprogne caspia,OR,eBird,NA
Chlidonias niger,OR,eBird,NA
Sterna forsteri,OR,eBird,NA
Sterna paradisaea,OR,eBird,NA
Sterna hirundo,OR,eBird,NA
Thalasseus elegans,OR,eBird,NA
Podilymbus podiceps,OR,eBird,NA
Podiceps auritus,OR,eBird,NA
Podiceps grisegena,OR,eBird,NA
Podiceps nigricollis,OR,eBird,NA
Aechmophorus occidentalis,OR,eBird,NA
Aechmophorus clarkii,OR,eBird,NA
Phaethon aethereus,OR,eBird,NA
Gavia stellata,OR,eBird,NA
Gavia arctica,OR,eBird,NA
Gavia pacifica,OR,eBird,NA
Gavia immer,OR,eBird,NA
Gavia adamsii,OR,eBird,NA
Diomedea antipodensis,OR,eBird,NA
Phoebastria immutabilis,OR,eBird,NA
Phoebastria nigripes,OR,eBird,NA
Phoebastria albatrus,OR,eBird,NA
Thalassarche cauta,OR,eBird,NA
Oceanites oceanicus,OR,eBird,NA
Hydrobates furcatus,OR,eBird,NA
Hydrobates leucorhous,OR,eBird,NA
Hydrobates homochroa,OR,eBird,NA
Hydrobates melania,OR,eBird,NA
Fulmarus glacialis,OR,eBird,NA
Pterodroma ultima,OR,eBird,NA
Pterodroma inexpectata,OR,eBird,NA
Pterodroma externa,OR,eBird,NA
Pterodroma sandwichensis,OR,eBird,NA
Pterodroma cookii,OR,eBird,NA
Pterodroma longirostris,OR,eBird,NA
Calonectris leucomelas,OR,eBird,NA
Ardenna creatopus,OR,eBird,NA
Ardenna carneipes,OR,eBird,NA
Ardenna gravis,OR,eBird,NA
Ardenna pacifica,OR,eBird,NA
Ardenna bulleri,OR,eBird,NA
Ardenna grisea,OR,eBird,NA
Ardenna tenuirostris,OR,eBird,NA
Puffinus puffinus,OR,eBird,NA
Puffinus opisthomelas,OR,eBird,NA
Fregata magnificens,OR,eBird,NA
Sula sula,OR,eBird,NA
Sula brewsteri,OR,eBird,NA
Sula granti,OR,eBird,NA
Sula nebouxii,OR,eBird,NA
Urile penicillatus,OR,eBird,NA
Urile pelagicus,OR,eBird,NA
Nannopterum auritum,OR,eBird,NA
Nannopterum brasilianum,OR,eBird,NA
Eudocimus albus,OR,eBird,NA
Plegadis falcinellus,OR,eBird,NA
Plegadis chihi,OR,eBird,NA
Botaurus lentiginosus,OR,eBird,NA
Botaurus exilis,OR,eBird,NA
Nycticorax nycticorax,OR,eBird,NA
Egretta caerulea,OR,eBird,NA
Egretta tricolor,OR,eBird,NA
Egretta thula,OR,eBird,NA
Butorides virescens,OR,eBird,NA
Ardea ibis,OR,eBird,NA
Ardea alba,OR,eBird,NA
Ardea herodias,OR,eBird,NA
Pelecanus erythrorhynchos,OR,eBird,NA
Pelecanus occidentalis,OR,eBird,NA
Coragyps atratus,OR,eBird,NA
Cathartes aura,OR,eBird,NA
Pandion haliaetus,OR,eBird,NA
Elanus leucurus,OR,eBird,NA
Aquila chrysaetos,OR,eBird,NA
Accipiter striatus,OR,eBird,NA
Astur cooperii,OR,eBird,NA
Astur atricapillus,OR,eBird,NA
Circus hudsonius,OR,eBird,NA
Haliaeetus leucocephalus,OR,eBird,NA
Parabuteo unicinctus,OR,eBird,NA
Buteo platypterus,OR,eBird,NA
Buteo lineatus,OR,eBird,NA
Buteo albonotatus,OR,eBird,NA
Buteo swainsoni,OR,eBird,NA
Buteo jamaicensis,OR,eBird,NA
Buteo lagopus,OR,eBird,NA
Buteo regalis,OR,eBird,NA
Tyto furcata,OR,eBird,NA
Psiloscops flammeolus,OR,eBird,NA
Megascops kennicottii,OR,eBird,NA
Bubo scandiacus,OR,eBird,NA
Bubo virginianus,OR,eBird,NA
Surnia ulula,OR,eBird,NA
Glaucidium gnoma,OR,eBird,NA
Athene cunicularia,OR,eBird,NA
Strix occidentalis,OR,eBird,NA
Strix varia,OR,eBird,NA
Strix nebulosa,OR,eBird,NA
Asio otus,OR,eBird,NA
Asio flammeus,OR,eBird,NA
Aegolius funereus,OR,eBird,NA
Aegolius acadicus,OR,eBird,NA
Megaceryle alcyon,OR,eBird,NA
Sphyrapicus thyroideus,OR,eBird,NA
Sphyrapicus varius,OR,eBird,NA
Sphyrapicus nuchalis,OR,eBird,NA
Sphyrapicus ruber,OR,eBird,NA
Melanerpes lewis,OR,eBird,NA
Melanerpes erythrocephalus,OR,eBird,NA
Melanerpes formicivorus,OR,eBird,NA
Melanerpes carolinus,OR,eBird,NA
Picoides dorsalis,OR,eBird,NA
Picoides arcticus,OR,eBird,NA
Dryobates pubescens,OR,eBird,NA
Dryobates nuttallii,OR,eBird,NA
Leuconotopicus villosus,OR,eBird,NA
Leuconotopicus albolarvatus,OR,eBird,NA
Dryocopus pileatus,OR,eBird,NA
Colaptes auratus,OR,eBird,NA
Caracara plancus,OR,eBird,NA
Falco sparverius,OR,eBird,NA
Falco columbarius,OR,eBird,NA
Falco biarmicus,OR,eBird,NA
Falco rusticolus,OR,eBird,NA
Falco peregrinus,OR,eBird,NA
Falco mexicanus,OR,eBird,NA
Nymphicus hollandicus,OR,eBird,NA
Melopsittacus undulatus,OR,eBird,NA
Agapornis roseicollis,OR,eBird,NA
Myiopsitta monachus,OR,eBird,NA
Contopus cooperi,OR,eBird,NA
Contopus sordidulus,OR,eBird,NA
Contopus virens,OR,eBird,NA
Empidonax flaviventris,OR,eBird,NA
Empidonax alnorum,OR,eBird,NA
Empidonax traillii,OR,eBird,NA
Empidonax minimus,OR,eBird,NA
Empidonax hammondii,OR,eBird,NA
Empidonax wrightii,OR,eBird,NA
Empidonax oberholseri,OR,eBird,NA
Empidonax difficilis,OR,eBird,NA
Sayornis nigricans,OR,eBird,NA
Sayornis phoebe,OR,eBird,NA
Sayornis saya,OR,eBird,NA
Pyrocephalus rubinus,OR,eBird,NA
Myiarchus tuberculifer,OR,eBird,NA
Myiarchus cinerascens,OR,eBird,NA
Myiarchus crinitus,OR,eBird,NA
Tyrannus melancholicus,OR,eBird,NA
Tyrannus vociferans,OR,eBird,NA
Tyrannus verticalis,OR,eBird,NA
Tyrannus tyrannus,OR,eBird,NA
Tyrannus forficatus,OR,eBird,NA
Vireo griseus,OR,eBird,NA
Vireo bellii,OR,eBird,NA
Vireo huttoni,OR,eBird,NA
Vireo flavifrons,OR,eBird,NA
Vireo cassinii,OR,eBird,NA
Vireo solitarius,OR,eBird,NA
Vireo plumbeus,OR,eBird,NA
Vireo philadelphicus,OR,eBird,NA
Vireo swainsoni,OR,eBird,NA
Vireo olivaceus,OR,eBird,NA
Lanius ludovicianus,OR,eBird,NA
Lanius borealis,OR,eBird,NA
Perisoreus canadensis,OR,eBird,NA
Gymnorhinus cyanocephalus,OR,eBird,NA
Cyanocitta stelleri,OR,eBird,NA
Cyanocitta cristata,OR,eBird,NA
Aphelocoma californica,OR,eBird,NA
Aphelocoma woodhouseii,OR,eBird,NA
Pica hudsonia,OR,eBird,NA
Nucifraga columbiana,OR,eBird,NA
Corvus brachyrhynchos,OR,eBird,NA
Corvus corax,OR,eBird,NA
Poecile atricapillus,OR,eBird,NA
Poecile gambeli,OR,eBird,NA
Poecile rufescens,OR,eBird,NA
Baeolophus inornatus,OR,eBird,NA
Baeolophus ridgwayi,OR,eBird,NA
Alauda arvensis,OR,eBird,NA
Eremophila alpestris,OR,eBird,NA
Riparia riparia,OR,eBird,NA
Tachycineta bicolor,OR,eBird,NA
Tachycineta thalassina,OR,eBird,NA
Progne subis,OR,eBird,NA
Stelgidopteryx serripennis,OR,eBird,NA
Hirundo rustica,OR,eBird,NA
Petrochelidon pyrrhonota,OR,eBird,NA
Petrochelidon fulva,OR,eBird,NA
Phylloscopus fuscatus,OR,eBird,NA
Psaltriparus minimus,OR,eBird,NA
Chamaea fasciata,OR,eBird,NA
Corthylio calendula,OR,eBird,NA
Regulus satrapa,OR,eBird,NA
Sitta carolinensis,OR,eBird,NA
Sitta pygmaea,OR,eBird,NA
Sitta canadensis,OR,eBird,NA
Certhia americana,OR,eBird,NA
Polioptila caerulea,OR,eBird,NA
Salpinctes obsoletus,OR,eBird,NA
Catherpes mexicanus,OR,eBird,NA
Troglodytes aedon,OR,eBird,NA
Troglodytes pacificus,OR,eBird,NA
Troglodytes hiemalis,OR,eBird,NA
Cistothorus stellaris,OR,eBird,NA
Cistothorus palustris,OR,eBird,NA
Thryomanes bewickii,OR,eBird,NA
Cinclus mexicanus,OR,eBird,NA
Sturnus vulgaris,OR,eBird,NA
Acridotheres tristis,OR,eBird,NA
Dumetella carolinensis,OR,eBird,NA
Toxostoma curvirostre,OR,eBird,NA
Toxostoma rufum,OR,eBird,NA
Toxostoma redivivum,OR,eBird,NA
Oreoscoptes montanus,OR,eBird,NA
Mimus polyglottos,OR,eBird,NA
Sialia sialis,OR,eBird,NA
Sialia mexicana,OR,eBird,NA
Sialia currucoides,OR,eBird,NA
Myadestes townsendi,OR,eBird,NA
Ixoreus naevius,OR,eBird,NA
Catharus fuscescens,OR,eBird,NA
Catharus minimus,OR,eBird,NA
Catharus ustulatus,OR,eBird,NA
Catharus guttatus,OR,eBird,NA
Hylocichla mustelina,OR,eBird,NA
Turdus eunomus,OR,eBird,NA
Turdus migratorius,OR,eBird,NA
Tarsiger cyanurus,OR,eBird,NA
Monticola solitarius,OR,eBird,NA
Oenanthe oenanthe,OR,eBird,NA
Bombycilla garrulus,OR,eBird,NA
Bombycilla cedrorum,OR,eBird,NA
Phainopepla nitens,OR,eBird,NA
Euplectes franciscanus,OR,eBird,NA
Taeniopygia guttata,OR,eBird,NA
Lonchura punctulata,OR,eBird,NA
Passer domesticus,OR,eBird,NA
Motacilla tschutschensis,OR,eBird,NA
Motacilla alba,OR,eBird,NA
Anthus cervinus,OR,eBird,NA
Anthus japonicus,OR,eBird,NA
Anthus rubescens,OR,eBird,NA
Anthus spragueii,OR,eBird,NA
Fringilla montifringilla,OR,eBird,NA
Hesperiphona vespertina,OR,eBird,NA
Pinicola enucleator,OR,eBird,NA
Leucosticte tephrocotis,OR,eBird,NA
Leucosticte atrata,OR,eBird,NA
Haemorhous mexicanus,OR,eBird,NA
Haemorhous purpureus,OR,eBird,NA
Haemorhous cassinii,OR,eBird,NA
Chloris sinica,OR,eBird,NA
Acanthis flammea,OR,eBird,NA
Loxia curvirostra,OR,eBird,NA
Loxia leucoptera,OR,eBird,NA
Carduelis carduelis,OR,eBird,NA
Spinus pinus,OR,eBird,NA
Spinus psaltria,OR,eBird,NA
Spinus lawrencei,OR,eBird,NA
Spinus tristis,OR,eBird,NA
Calcarius lapponicus,OR,eBird,NA
Calcarius ornatus,OR,eBird,NA
Calcarius pictus,OR,eBird,NA
Rhynchophanes mccownii,OR,eBird,NA
Plectrophenax nivalis,OR,eBird,NA
Plectrophenax hyperboreus,OR,eBird,NA
Emberiza pusilla,OR,eBird,NA
Emberiza rustica,OR,eBird,NA
Peucaea cassinii,OR,eBird,NA
Ammodramus savannarum,OR,eBird,NA
Spizella passerina,OR,eBird,NA
Spizella pallida,OR,eBird,NA
Spizella atrogularis,OR,eBird,NA
Spizella pusilla,OR,eBird,NA
Spizella breweri,OR,eBird,NA
Amphispiza bilineata,OR,eBird,NA
Chondestes grammacus,OR,eBird,NA
Calamospiza melanocorys,OR,eBird,NA
Spizelloides arborea,OR,eBird,NA
Passerella iliaca,OR,eBird,NA
Junco hyemalis,OR,eBird,NA
Zonotrichia leucophrys,OR,eBird,NA
Zonotrichia atricapilla,OR,eBird,NA
Zonotrichia querula,OR,eBird,NA
Zonotrichia albicollis,OR,eBird,NA
Artemisiospiza nevadensis,OR,eBird,NA
Pooecetes gramineus,OR,eBird,NA
Ammospiza leconteii,OR,eBird,NA
Passerculus sandwichensis,OR,eBird,NA
Melospiza melodia,OR,eBird,NA
Melospiza lincolnii,OR,eBird,NA
Melospiza georgiana,OR,eBird,NA
Melozone crissalis,OR,eBird,NA
Pipilo chlorurus,OR,eBird,NA
Pipilo maculatus,OR,eBird,NA
Pipilo erythrophthalmus,OR,eBird,NA
Icteria virens,OR,eBird,NA
Xanthocephalus xanthocephalus,OR,eBird,NA
Dolichonyx oryzivorus,OR,eBird,NA
Sturnella neglecta,OR,eBird,NA
Icterus spurius,OR,eBird,NA
Icterus cucullatus,OR,eBird,NA
Icterus pustulatus,OR,eBird,NA
Icterus bullockii,OR,eBird,NA
Icterus galbula,OR,eBird,NA
Icterus parisorum,OR,eBird,NA
Agelaius phoeniceus,OR,eBird,NA
Agelaius tricolor,OR,eBird,NA
Molothrus ater,OR,eBird,NA
Euphagus carolinus,OR,eBird,NA
Euphagus cyanocephalus,OR,eBird,NA
Quiscalus quiscula,OR,eBird,NA
Quiscalus mexicanus,OR,eBird,NA
Seiurus aurocapilla,OR,eBird,NA
Helmitheros vermivorum,OR,eBird,NA
Parkesia motacilla,OR,eBird,NA
Parkesia noveboracensis,OR,eBird,NA
Vermivora chrysoptera,OR,eBird,NA
Vermivora cyanoptera,OR,eBird,NA
Mniotilta varia,OR,eBird,NA
Protonotaria citrea,OR,eBird,NA
Leiothlypis peregrina,OR,eBird,NA
Leiothlypis celata,OR,eBird,NA
Leiothlypis luciae,OR,eBird,NA
Leiothlypis ruficapilla,OR,eBird,NA
Leiothlypis virginiae,OR,eBird,NA
Geothlypis tolmiei,OR,eBird,NA
Geothlypis philadelphia,OR,eBird,NA
Geothlypis formosa,OR,eBird,NA
Geothlypis trichas,OR,eBird,NA
Setophaga citrina,OR,eBird,NA
Setophaga ruticilla,OR,eBird,NA
Setophaga tigrina,OR,eBird,NA
Setophaga americana,OR,eBird,NA
Setophaga magnolia,OR,eBird,NA
Setophaga castanea,OR,eBird,NA
Setophaga fusca,OR,eBird,NA
Setophaga aestiva,OR,eBird,NA
Setophaga pensylvanica,OR,eBird,NA
Setophaga striata,OR,eBird,NA
Setophaga caerulescens,OR,eBird,NA
Setophaga palmarum,OR,eBird,NA
Setophaga pinus,OR,eBird,NA
Setophaga coronata,OR,eBird,NA
Setophaga dominica,OR,eBird,NA
Setophaga discolor,OR,eBird,NA
Setophaga graciae,OR,eBird,NA
Setophaga nigrescens,OR,eBird,NA
Setophaga townsendi,OR,eBird,NA
Setophaga occidentalis,OR,eBird,NA
Setophaga virens,OR,eBird,NA
Cardellina canadensis,OR,eBird,NA
Cardellina pusilla,OR,eBird,NA
Myioborus pictus,OR,eBird,NA
Piranga rubra,OR,eBird,NA
Piranga olivacea,OR,eBird,NA
Piranga ludoviciana,OR,eBird,NA
Cardinalis sinuatus,OR,eBird,NA
Pheucticus ludovicianus,OR,eBird,NA
Pheucticus melanocephalus,OR,eBird,NA
Passerina caerulea,OR,eBird,NA
Passerina amoena,OR,eBird,NA
Passerina cyanea,OR,eBird,NA
Passerina ciris,OR,eBird,NA
Spiza americana,OR,eBird,NA
Sicalis flaveola,OR,eBird,NA
Dromaius novaehollandiae,PA,eBird,NA
Dendrocygna autumnalis,PA,eBird,NA
Anser indicus,PA,eBird,NA
Anser caerulescens,PA,eBird,NA
Anser rossii,PA,eBird,NA
Anser anser,PA,eBird,NA
Anser cygnoides,PA,eBird,NA
Anser albifrons,PA,eBird,NA
Anser erythropus,PA,eBird,NA
Anser serrirostris,PA,eBird,NA
Anser brachyrhynchus,PA,eBird,NA
Branta bernicla,PA,eBird,NA
Branta leucopsis,PA,eBird,NA
Branta hutchinsii,PA,eBird,NA
Branta canadensis,PA,eBird,NA
Cygnus olor,PA,eBird,NA
Cygnus atratus,PA,eBird,NA
Cygnus buccinator,PA,eBird,NA
Cygnus columbianus,PA,eBird,NA
Cygnus cygnus,PA,eBird,NA
Alopochen aegyptiaca,PA,eBird,NA
Tadorna ferruginea,PA,eBird,NA
Tadorna tadorna,PA,eBird,NA
Cairina moschata,PA,eBird,NA
Callonetta leucophrys,PA,eBird,NA
Aix sponsa,PA,eBird,NA
Aix galericulata,PA,eBird,NA
Chenonetta jubata,PA,eBird,NA
Spatula querquedula,PA,eBird,NA
Spatula discors,PA,eBird,NA
Spatula cyanoptera,PA,eBird,NA
Spatula clypeata,PA,eBird,NA
Mareca strepera,PA,eBird,NA
Mareca penelope,PA,eBird,NA
Mareca americana,PA,eBird,NA
Anas platyrhynchos,PA,eBird,NA
Anas rubripes,PA,eBird,NA
Anas fulvigula,PA,eBird,NA
Anas bahamensis,PA,eBird,NA
Anas acuta,PA,eBird,NA
Anas crecca,PA,eBird,NA
Netta rufina,PA,eBird,NA
Aythya valisineria,PA,eBird,NA
Aythya americana,PA,eBird,NA
Aythya collaris,PA,eBird,NA
Aythya fuligula,PA,eBird,NA
Aythya marila,PA,eBird,NA
Aythya affinis,PA,eBird,NA
Somateria spectabilis,PA,eBird,NA
Somateria mollissima,PA,eBird,NA
Histrionicus histrionicus,PA,eBird,NA
Melanitta perspicillata,PA,eBird,NA
Melanitta deglandi,PA,eBird,NA
Melanitta americana,PA,eBird,NA
Clangula hyemalis,PA,eBird,NA
Bucephala albeola,PA,eBird,NA
Bucephala clangula,PA,eBird,NA
Bucephala islandica,PA,eBird,NA
Lophodytes cucullatus,PA,eBird,NA
Mergus merganser,PA,eBird,NA
Mergus serrator,PA,eBird,NA
Nomonyx dominicus,PA,eBird,NA
Oxyura jamaicensis,PA,eBird,NA
Numida meleagris,PA,eBird,NA
Colinus virginianus,PA,eBird,NA
Meleagris gallopavo,PA,eBird,NA
Bonasa umbellus,PA,eBird,NA
Perdix perdix,PA,eBird,NA
Chrysolophus pictus,PA,eBird,NA
Phasianus colchicus,PA,eBird,NA
Phasianus versicolor,PA,eBird,NA
Pavo cristatus,PA,eBird,NA
Gallus gallus,PA,eBird,NA
Alectoris rufa,PA,eBird,NA
Alectoris chukar,PA,eBird,NA
Columba livia,PA,eBird,NA
Patagioenas fasciata,PA,eBird,NA
Ectopistes migratorius,PA,eBird,NA
Streptopelia decaocto,PA,eBird,NA
Streptopelia roseogrisea,PA,eBird,NA
Columbina passerina,PA,eBird,NA
Zenaida asiatica,PA,eBird,NA
Zenaida macroura,PA,eBird,NA
Coccyzus americanus,PA,eBird,NA
Coccyzus erythropthalmus,PA,eBird,NA
Chordeiles minor,PA,eBird,NA
Antrostomus carolinensis,PA,eBird,NA
Antrostomus vociferus,PA,eBird,NA
Chaetura pelagica,PA,eBird,NA
Archilochus colubris,PA,eBird,NA
Archilochus alexandri,PA,eBird,NA
Nesophlox evelynae,PA,eBird,NA
Calypte anna,PA,eBird,NA
Selasphorus calliope,PA,eBird,NA
Selasphorus rufus,PA,eBird,NA
Selasphorus sasin,PA,eBird,NA
Cynanthus latirostris,PA,eBird,NA
Rallus elegans,PA,eBird,NA
Rallus crepitans,PA,eBird,NA
Rallus limicola,PA,eBird,NA
Crex crex,PA,eBird,NA
Pardirallus maculatus,PA,eBird,NA
Porzana carolina,PA,eBird,NA
Gallinula galeata,PA,eBird,NA
Fulica americana,PA,eBird,NA
Porphyrio martinica,PA,eBird,NA
Coturnicops noveboracensis,PA,eBird,NA
Laterallus jamaicensis,PA,eBird,NA
Aramus guarauna,PA,eBird,NA
Antigone canadensis,PA,eBird,NA
Himantopus mexicanus,PA,eBird,NA
Recurvirostra americana,PA,eBird,NA
Haematopus palliatus,PA,eBird,NA
Pluvialis squatarola,PA,eBird,NA
Pluvialis dominica,PA,eBird,NA
Pluvialis fulva,PA,eBird,NA
Charadrius vociferus,PA,eBird,NA
Charadrius semipalmatus,PA,eBird,NA
Charadrius melodus,PA,eBird,NA
Anarhynchus wilsonia,PA,eBird,NA
Anarhynchus nivosus,PA,eBird,NA
Bartramia longicauda,PA,eBird,NA
Numenius hudsonicus,PA,eBird,NA
Numenius americanus,PA,eBird,NA
Limosa limosa,PA,eBird,NA
Limosa haemastica,PA,eBird,NA
Limosa fedoa,PA,eBird,NA
Limnodromus griseus,PA,eBird,NA
Limnodromus scolopaceus,PA,eBird,NA
Scolopax minor,PA,eBird,NA
Gallinago delicata,PA,eBird,NA
Phalaropus tricolor,PA,eBird,NA
Phalaropus fulicarius,PA,eBird,NA
Phalaropus lobatus,PA,eBird,NA
Actitis macularius,PA,eBird,NA
Tringa solitaria,PA,eBird,NA
Tringa flavipes,PA,eBird,NA
Tringa semipalmata,PA,eBird,NA
Tringa melanoleuca,PA,eBird,NA
Arenaria interpres,PA,eBird,NA
Calidris canutus,PA,eBird,NA
Calidris virgata,PA,eBird,NA
Calidris pugnax,PA,eBird,NA
Calidris ferruginea,PA,eBird,NA
Calidris himantopus,PA,eBird,NA
Calidris subruficollis,PA,eBird,NA
Calidris alba,PA,eBird,NA
Calidris alpina,PA,eBird,NA
Calidris maritima,PA,eBird,NA
Calidris bairdii,PA,eBird,NA
Calidris minuta,PA,eBird,NA
Calidris fuscicollis,PA,eBird,NA
Calidris minutilla,PA,eBird,NA
Calidris melanotos,PA,eBird,NA
Calidris mauri,PA,eBird,NA
Calidris pusilla,PA,eBird,NA
Stercorarius longicaudus,PA,eBird,NA
Stercorarius parasiticus,PA,eBird,NA
Stercorarius pomarinus,PA,eBird,NA
Stercorarius maccormicki,PA,eBird,NA
Brachyramphus perdix,PA,eBird,NA
Cepphus grylle,PA,eBird,NA
Alle alle,PA,eBird,NA
Uria lomvia,PA,eBird,NA
Synthliboramphus antiquus,PA,eBird,NA
Hydrocoloeus minutus,PA,eBird,NA
Rhodostethia rosea,PA,eBird,NA
Rissa tridactyla,PA,eBird,NA
Xema sabini,PA,eBird,NA
Chroicocephalus philadelphia,PA,eBird,NA
Chroicocephalus ridibundus,PA,eBird,NA
Leucophaeus atricilla,PA,eBird,NA
Leucophaeus pipixcan,PA,eBird,NA
Larus canus,PA,eBird,NA
Larus delawarensis,PA,eBird,NA
Larus dominicanus,PA,eBird,NA
Larus smithsonianus,PA,eBird,NA
Larus vegae,PA,eBird,NA
Larus marinus,PA,eBird,NA
Larus hyperboreus,PA,eBird,NA
Larus fuscus,PA,eBird,NA
Larus californicus,PA,eBird,NA
Larus glaucescens,PA,eBird,NA
Larus schistisagus,PA,eBird,NA
Larus glaucoides,PA,eBird,NA
Rynchops niger,PA,eBird,NA
Onychoprion fuscatus,PA,eBird,NA
Onychoprion anaethetus,PA,eBird,NA
Sternula antillarum,PA,eBird,NA
Gelochelidon nilotica,PA,eBird,NA
Hydroprogne caspia,PA,eBird,NA
Chlidonias niger,PA,eBird,NA
Chlidonias leucopterus,PA,eBird,NA
Sterna forsteri,PA,eBird,NA
Sterna paradisaea,PA,eBird,NA
Sterna hirundo,PA,eBird,NA
Sterna dougallii,PA,eBird,NA
Thalasseus sandvicensis,PA,eBird,NA
Thalasseus maximus,PA,eBird,NA
Phoenicopterus chilensis,PA,eBird,NA
Phoenicopterus ruber,PA,eBird,NA
Podilymbus podiceps,PA,eBird,NA
Podiceps auritus,PA,eBird,NA
Podiceps grisegena,PA,eBird,NA
Podiceps nigricollis,PA,eBird,NA
Aechmophorus occidentalis,PA,eBird,NA
Phaethon lepturus,PA,eBird,NA
Gavia stellata,PA,eBird,NA
Gavia pacifica,PA,eBird,NA
Gavia immer,PA,eBird,NA
Gavia adamsii,PA,eBird,NA
Oceanites oceanicus,PA,eBird,NA
Hydrobates leucorhous,PA,eBird,NA
Hydrobates castro,PA,eBird,NA
Fulmarus glacialis,PA,eBird,NA
Pterodroma arminjoniana,PA,eBird,NA
Pterodroma hasitata,PA,eBird,NA
Ardenna gravis,PA,eBird,NA
Puffinus lherminieri,PA,eBird,NA
Mycteria americana,PA,eBird,NA
Fregata magnificens,PA,eBird,NA
Morus bassanus,PA,eBird,NA
Sula leucogaster,PA,eBird,NA
Anhinga anhinga,PA,eBird,NA
Phalacrocorax carbo,PA,eBird,NA
Nannopterum auritum,PA,eBird,NA
Nannopterum brasilianum,PA,eBird,NA
Eudocimus albus,PA,eBird,NA
Plegadis falcinellus,PA,eBird,NA
Plegadis chihi,PA,eBird,NA
Platalea ajaja,PA,eBird,NA
Botaurus lentiginosus,PA,eBird,NA
Botaurus exilis,PA,eBird,NA
Nyctanassa violacea,PA,eBird,NA
Nycticorax nycticorax,PA,eBird,NA
Egretta caerulea,PA,eBird,NA
Egretta tricolor,PA,eBird,NA
Egretta rufescens,PA,eBird,NA
Egretta thula,PA,eBird,NA
Butorides virescens,PA,eBird,NA
Ardea ibis,PA,eBird,NA
Ardea alba,PA,eBird,NA
Ardea herodias,PA,eBird,NA
Pelecanus erythrorhynchos,PA,eBird,NA
Pelecanus occidentalis,PA,eBird,NA
Coragyps atratus,PA,eBird,NA
Cathartes aura,PA,eBird,NA
Pandion haliaetus,PA,eBird,NA
Elanus leucurus,PA,eBird,NA
Elanoides forficatus,PA,eBird,NA
Aquila chrysaetos,PA,eBird,NA
Accipiter striatus,PA,eBird,NA
Astur cooperii,PA,eBird,NA
Astur atricapillus,PA,eBird,NA
Circus hudsonius,PA,eBird,NA
Haliaeetus leucocephalus,PA,eBird,NA
Ictinia mississippiensis,PA,eBird,NA
Rostrhamus sociabilis,PA,eBird,NA
Parabuteo unicinctus,PA,eBird,NA
Buteo platypterus,PA,eBird,NA
Buteo lineatus,PA,eBird,NA
Buteo swainsoni,PA,eBird,NA
Buteo jamaicensis,PA,eBird,NA
Buteo lagopus,PA,eBird,NA
Buteo regalis,PA,eBird,NA
Tyto furcata,PA,eBird,NA
Megascops asio,PA,eBird,NA
Bubo scandiacus,PA,eBird,NA
Bubo virginianus,PA,eBird,NA
Surnia ulula,PA,eBird,NA
Strix varia,PA,eBird,NA
Strix nebulosa,PA,eBird,NA
Asio otus,PA,eBird,NA
Asio flammeus,PA,eBird,NA
Aegolius funereus,PA,eBird,NA
Aegolius acadicus,PA,eBird,NA
Megaceryle alcyon,PA,eBird,NA
Sphyrapicus varius,PA,eBird,NA
Melanerpes lewis,PA,eBird,NA
Melanerpes erythrocephalus,PA,eBird,NA
Melanerpes carolinus,PA,eBird,NA
Picoides dorsalis,PA,eBird,NA
Picoides arcticus,PA,eBird,NA
Dryobates pubescens,PA,eBird,NA
Leuconotopicus villosus,PA,eBird,NA
Dryocopus pileatus,PA,eBird,NA
Colaptes auratus,PA,eBird,NA
Caracara plancus,PA,eBird,NA
Falco sparverius,PA,eBird,NA
Falco columbarius,PA,eBird,NA
Falco rusticolus,PA,eBird,NA
Falco peregrinus,PA,eBird,NA
Falco mexicanus,PA,eBird,NA
Nymphicus hollandicus,PA,eBird,NA
Psittacula krameri,PA,eBird,NA
Melopsittacus undulatus,PA,eBird,NA
Myiopsitta monachus,PA,eBird,NA
Amazona oratrix,PA,eBird,NA
Forpus passerinus,PA,eBird,NA
Eupsittula canicularis,PA,eBird,NA
Contopus cooperi,PA,eBird,NA
Contopus virens,PA,eBird,NA
Empidonax flaviventris,PA,eBird,NA
Empidonax virescens,PA,eBird,NA
Empidonax alnorum,PA,eBird,NA
Empidonax traillii,PA,eBird,NA
Empidonax minimus,PA,eBird,NA
Empidonax hammondii,PA,eBird,NA
Empidonax wrightii,PA,eBird,NA
Empidonax difficilis,PA,eBird,NA
Sayornis phoebe,PA,eBird,NA
Sayornis saya,PA,eBird,NA
Pyrocephalus rubinus,PA,eBird,NA
Myiarchus cinerascens,PA,eBird,NA
Myiarchus crinitus,PA,eBird,NA
Tyrannus melancholicus,PA,eBird,NA
Tyrannus verticalis,PA,eBird,NA
Tyrannus tyrannus,PA,eBird,NA
Tyrannus dominicensis,PA,eBird,NA
Tyrannus forficatus,PA,eBird,NA
Tyrannus savana,PA,eBird,NA
Vireo griseus,PA,eBird,NA
Vireo flavifrons,PA,eBird,NA
Vireo solitarius,PA,eBird,NA
Vireo philadelphicus,PA,eBird,NA
Vireo gilvus,PA,eBird,NA
Vireo olivaceus,PA,eBird,NA
Lanius ludovicianus,PA,eBird,NA
Lanius borealis,PA,eBird,NA
Cyanocitta cristata,PA,eBird,NA
Coloeus monedula,PA,eBird,NA
Corvus brachyrhynchos,PA,eBird,NA
Corvus ossifragus,PA,eBird,NA
Corvus corax,PA,eBird,NA
Poecile carolinensis,PA,eBird,NA
Poecile atricapillus,PA,eBird,NA
Poecile hudsonicus,PA,eBird,NA
Baeolophus bicolor,PA,eBird,NA
Eremophila alpestris,PA,eBird,NA
Riparia riparia,PA,eBird,NA
Tachycineta bicolor,PA,eBird,NA
Tachycineta thalassina,PA,eBird,NA
Progne subis,PA,eBird,NA
Stelgidopteryx serripennis,PA,eBird,NA
Hirundo rustica,PA,eBird,NA
Petrochelidon pyrrhonota,PA,eBird,NA
Petrochelidon fulva,PA,eBird,NA
Corthylio calendula,PA,eBird,NA
Regulus satrapa,PA,eBird,NA
Sitta carolinensis,PA,eBird,NA
Sitta pusilla,PA,eBird,NA
Sitta canadensis,PA,eBird,NA
Certhia americana,PA,eBird,NA
Polioptila caerulea,PA,eBird,NA
Salpinctes obsoletus,PA,eBird,NA
Troglodytes aedon,PA,eBird,NA
Troglodytes hiemalis,PA,eBird,NA
Cistothorus stellaris,PA,eBird,NA
Cistothorus palustris,PA,eBird,NA
Thryothorus ludovicianus,PA,eBird,NA
Thryomanes bewickii,PA,eBird,NA
Sturnus vulgaris,PA,eBird,NA
Dumetella carolinensis,PA,eBird,NA
Toxostoma rufum,PA,eBird,NA
Mimus polyglottos,PA,eBird,NA
Sialia sialis,PA,eBird,NA
Sialia currucoides,PA,eBird,NA
Myadestes townsendi,PA,eBird,NA
Ixoreus naevius,PA,eBird,NA
Catharus fuscescens,PA,eBird,NA
Catharus minimus,PA,eBird,NA
Catharus bicknelli,PA,eBird,NA
Catharus ustulatus,PA,eBird,NA
Catharus guttatus,PA,eBird,NA
Hylocichla mustelina,PA,eBird,NA
Turdus iliacus,PA,eBird,NA
Turdus migratorius,PA,eBird,NA
Erithacus rubecula,PA,eBird,NA
Oenanthe oenanthe,PA,eBird,NA
Bombycilla garrulus,PA,eBird,NA
Bombycilla cedrorum,PA,eBird,NA
Euplectes franciscanus,PA,eBird,NA
Euplectes orix,PA,eBird,NA
Taeniopygia guttata,PA,eBird,NA
Lonchura punctulata,PA,eBird,NA
Vidua macroura,PA,eBird,NA
Passer domesticus,PA,eBird,NA
Anthus rubescens,PA,eBird,NA
Fringilla coelebs,PA,eBird,NA
Fringilla montifringilla,PA,eBird,NA
Hesperiphona vespertina,PA,eBird,NA
Pinicola enucleator,PA,eBird,NA
Leucosticte tephrocotis,PA,eBird,NA
Haemorhous mexicanus,PA,eBird,NA
Haemorhous purpureus,PA,eBird,NA
Crithagra mozambica,PA,eBird,NA
Acanthis flammea,PA,eBird,NA
Loxia curvirostra,PA,eBird,NA
Loxia leucoptera,PA,eBird,NA
Carduelis carduelis,PA,eBird,NA
Spinus pinus,PA,eBird,NA
Spinus psaltria,PA,eBird,NA
Spinus tristis,PA,eBird,NA
Calcarius lapponicus,PA,eBird,NA
Plectrophenax nivalis,PA,eBird,NA
Peucaea aestivalis,PA,eBird,NA
Ammodramus savannarum,PA,eBird,NA
Spizella passerina,PA,eBird,NA
Spizella pallida,PA,eBird,NA
Spizella pusilla,PA,eBird,NA
Spizella breweri,PA,eBird,NA
Chondestes grammacus,PA,eBird,NA
Calamospiza melanocorys,PA,eBird,NA
Spizelloides arborea,PA,eBird,NA
Passerella iliaca,PA,eBird,NA
Junco hyemalis,PA,eBird,NA
Zonotrichia leucophrys,PA,eBird,NA
Zonotrichia atricapilla,PA,eBird,NA
Zonotrichia querula,PA,eBird,NA
Zonotrichia albicollis,PA,eBird,NA
Pooecetes gramineus,PA,eBird,NA
Ammospiza leconteii,PA,eBird,NA
Ammospiza maritima,PA,eBird,NA
Ammospiza nelsoni,PA,eBird,NA
Ammospiza caudacuta,PA,eBird,NA
Passerculus sandwichensis,PA,eBird,NA
Centronyx henslowii,PA,eBird,NA
Melospiza melodia,PA,eBird,NA
Melospiza lincolnii,PA,eBird,NA
Melospiza georgiana,PA,eBird,NA
Pipilo chlorurus,PA,eBird,NA
Pipilo maculatus,PA,eBird,NA
Pipilo erythrophthalmus,PA,eBird,NA
Icteria virens,PA,eBird,NA
Xanthocephalus xanthocephalus,PA,eBird,NA
Dolichonyx oryzivorus,PA,eBird,NA
Sturnella neglecta,PA,eBird,NA
Sturnella magna,PA,eBird,NA
Icterus spurius,PA,eBird,NA
Icterus icterus,PA,eBird,NA
Icterus bullockii,PA,eBird,NA
Icterus galbula,PA,eBird,NA
Icterus abeillei,PA,eBird,NA
Icterus parisorum,PA,eBird,NA
Agelaius phoeniceus,PA,eBird,NA
Molothrus bonariensis,PA,eBird,NA
Molothrus ater,PA,eBird,NA
Euphagus carolinus,PA,eBird,NA
Euphagus cyanocephalus,PA,eBird,NA
Quiscalus quiscula,PA,eBird,NA
Seiurus aurocapilla,PA,eBird,NA
Helmitheros vermivorum,PA,eBird,NA
Parkesia motacilla,PA,eBird,NA
Parkesia noveboracensis,PA,eBird,NA
Vermivora chrysoptera,PA,eBird,NA
Vermivora cyanoptera,PA,eBird,NA
Mniotilta varia,PA,eBird,NA
Protonotaria citrea,PA,eBird,NA
Limnothlypis swainsonii,PA,eBird,NA
Leiothlypis peregrina,PA,eBird,NA
Leiothlypis celata,PA,eBird,NA
Leiothlypis ruficapilla,PA,eBird,NA
Leiothlypis virginiae,PA,eBird,NA
Oporornis agilis,PA,eBird,NA
Geothlypis tolmiei,PA,eBird,NA
Geothlypis philadelphia,PA,eBird,NA
Geothlypis formosa,PA,eBird,NA
Geothlypis trichas,PA,eBird,NA
Setophaga citrina,PA,eBird,NA
Setophaga ruticilla,PA,eBird,NA
Setophaga kirtlandii,PA,eBird,NA
Setophaga tigrina,PA,eBird,NA
Setophaga cerulea,PA,eBird,NA
Setophaga americana,PA,eBird,NA
Setophaga magnolia,PA,eBird,NA
Setophaga castanea,PA,eBird,NA
Setophaga fusca,PA,eBird,NA
Setophaga aestiva,PA,eBird,NA
Setophaga pensylvanica,PA,eBird,NA
Setophaga striata,PA,eBird,NA
Setophaga caerulescens,PA,eBird,NA
Setophaga palmarum,PA,eBird,NA
Setophaga pinus,PA,eBird,NA
Setophaga coronata,PA,eBird,NA
Setophaga dominica,PA,eBird,NA
Setophaga discolor,PA,eBird,NA
Setophaga nigrescens,PA,eBird,NA
Setophaga townsendi,PA,eBird,NA
Setophaga occidentalis,PA,eBird,NA
Setophaga virens,PA,eBird,NA
Cardellina canadensis,PA,eBird,NA
Cardellina pusilla,PA,eBird,NA
Piranga rubra,PA,eBird,NA
Piranga olivacea,PA,eBird,NA
Piranga ludoviciana,PA,eBird,NA
Cardinalis cardinalis,PA,eBird,NA
Pheucticus ludovicianus,PA,eBird,NA
Pheucticus melanocephalus,PA,eBird,NA
Passerina caerulea,PA,eBird,NA
Passerina amoena,PA,eBird,NA
Passerina cyanea,PA,eBird,NA
Passerina versicolor,PA,eBird,NA
Passerina ciris,PA,eBird,NA
Spiza americana,PA,eBird,NA
Dendrocygna autumnalis,RI,eBird,NA
Dendrocygna bicolor,RI,eBird,NA
Anser indicus,RI,eBird,NA
Anser caerulescens,RI,eBird,NA
Anser rossii,RI,eBird,NA
Anser anser,RI,eBird,NA
Anser cygnoides,RI,eBird,NA
Anser albifrons,RI,eBird,NA
Anser serrirostris,RI,eBird,NA
Anser brachyrhynchus,RI,eBird,NA
Branta bernicla,RI,eBird,NA
Branta leucopsis,RI,eBird,NA
Branta hutchinsii,RI,eBird,NA
Branta canadensis,RI,eBird,NA
Cygnus olor,RI,eBird,NA
Cygnus atratus,RI,eBird,NA
Cygnus buccinator,RI,eBird,NA
Cygnus columbianus,RI,eBird,NA
Alopochen aegyptiaca,RI,eBird,NA
Cairina moschata,RI,eBird,NA
Aix sponsa,RI,eBird,NA
Spatula discors,RI,eBird,NA
Spatula cyanoptera,RI,eBird,NA
Spatula clypeata,RI,eBird,NA
Mareca strepera,RI,eBird,NA
Mareca penelope,RI,eBird,NA
Mareca americana,RI,eBird,NA
Anas platyrhynchos,RI,eBird,NA
Anas rubripes,RI,eBird,NA
Anas fulvigula,RI,eBird,NA
Anas acuta,RI,eBird,NA
Anas crecca,RI,eBird,NA
Aythya valisineria,RI,eBird,NA
Aythya americana,RI,eBird,NA
Aythya collaris,RI,eBird,NA
Aythya fuligula,RI,eBird,NA
Aythya marila,RI,eBird,NA
Aythya affinis,RI,eBird,NA
Somateria spectabilis,RI,eBird,NA
Somateria mollissima,RI,eBird,NA
Histrionicus histrionicus,RI,eBird,NA
Melanitta perspicillata,RI,eBird,NA
Melanitta deglandi,RI,eBird,NA
Melanitta americana,RI,eBird,NA
Clangula hyemalis,RI,eBird,NA
Bucephala albeola,RI,eBird,NA
Bucephala clangula,RI,eBird,NA
Bucephala islandica,RI,eBird,NA
Mergellus albellus,RI,eBird,NA
Lophodytes cucullatus,RI,eBird,NA
Mergus merganser,RI,eBird,NA
Mergus serrator,RI,eBird,NA
Oxyura jamaicensis,RI,eBird,NA
Numida meleagris,RI,eBird,NA
Colinus virginianus,RI,eBird,NA
Meleagris gallopavo,RI,eBird,NA
Bonasa umbellus,RI,eBird,NA
Phasianus colchicus,RI,eBird,NA
Pavo cristatus,RI,eBird,NA
Gallus gallus,RI,eBird,NA
Alectoris chukar,RI,eBird,NA
Columba livia,RI,eBird,NA
Streptopelia decaocto,RI,eBird,NA
Streptopelia roseogrisea,RI,eBird,NA
Zenaida asiatica,RI,eBird,NA
Zenaida macroura,RI,eBird,NA
Coccyzus americanus,RI,eBird,NA
Coccyzus erythropthalmus,RI,eBird,NA
Cuculus canorus,RI,eBird,NA
Chordeiles minor,RI,eBird,NA
Antrostomus carolinensis,RI,eBird,NA
Antrostomus vociferus,RI,eBird,NA
Chaetura pelagica,RI,eBird,NA
Archilochus colubris,RI,eBird,NA
Selasphorus calliope,RI,eBird,NA
Selasphorus rufus,RI,eBird,NA
Rallus elegans,RI,eBird,NA
Rallus crepitans,RI,eBird,NA
Rallus limicola,RI,eBird,NA
Crex crex,RI,eBird,NA
Porzana carolina,RI,eBird,NA
Gallinula galeata,RI,eBird,NA
Fulica americana,RI,eBird,NA
Porphyrio martinica,RI,eBird,NA
Coturnicops noveboracensis,RI,eBird,NA
Laterallus jamaicensis,RI,eBird,NA
Antigone canadensis,RI,eBird,NA
Himantopus mexicanus,RI,eBird,NA
Recurvirostra americana,RI,eBird,NA
Haematopus palliatus,RI,eBird,NA
Pluvialis squatarola,RI,eBird,NA
Pluvialis dominica,RI,eBird,NA
Charadrius vociferus,RI,eBird,NA
Charadrius hiaticula,RI,eBird,NA
Charadrius semipalmatus,RI,eBird,NA
Charadrius melodus,RI,eBird,NA
Vanellus vanellus,RI,eBird,NA
Anarhynchus mongolus,RI,eBird,NA
Anarhynchus wilsonia,RI,eBird,NA
Anarhynchus nivosus,RI,eBird,NA
Bartramia longicauda,RI,eBird,NA
Numenius hudsonicus,RI,eBird,NA
Numenius borealis,RI,eBird,NA
Limosa haemastica,RI,eBird,NA
Limosa fedoa,RI,eBird,NA
Limnodromus griseus,RI,eBird,NA
Limnodromus scolopaceus,RI,eBird,NA
Scolopax minor,RI,eBird,NA
Gallinago delicata,RI,eBird,NA
Phalaropus tricolor,RI,eBird,NA
Phalaropus fulicarius,RI,eBird,NA
Phalaropus lobatus,RI,eBird,NA
Xenus cinereus,RI,eBird,NA
Actitis macularius,RI,eBird,NA
Tringa solitaria,RI,eBird,NA
Tringa glareola,RI,eBird,NA
Tringa flavipes,RI,eBird,NA
Tringa semipalmata,RI,eBird,NA
Tringa melanoleuca,RI,eBird,NA
Arenaria interpres,RI,eBird,NA
Calidris canutus,RI,eBird,NA
Calidris pugnax,RI,eBird,NA
Calidris acuminata,RI,eBird,NA
Calidris ferruginea,RI,eBird,NA
Calidris himantopus,RI,eBird,NA
Calidris ruficollis,RI,eBird,NA
Calidris subruficollis,RI,eBird,NA
Calidris alba,RI,eBird,NA
Calidris alpina,RI,eBird,NA
Calidris maritima,RI,eBird,NA
Calidris bairdii,RI,eBird,NA
Calidris minuta,RI,eBird,NA
Calidris fuscicollis,RI,eBird,NA
Calidris minutilla,RI,eBird,NA
Calidris melanotos,RI,eBird,NA
Calidris mauri,RI,eBird,NA
Calidris pusilla,RI,eBird,NA
Stercorarius longicaudus,RI,eBird,NA
Stercorarius parasiticus,RI,eBird,NA
Stercorarius pomarinus,RI,eBird,NA
Stercorarius skua,RI,eBird,NA
Stercorarius maccormicki,RI,eBird,NA
Fratercula arctica,RI,eBird,NA
Brachyramphus perdix,RI,eBird,NA
Cepphus grylle,RI,eBird,NA
Alca torda,RI,eBird,NA
Alle alle,RI,eBird,NA
Uria lomvia,RI,eBird,NA
Uria aalge,RI,eBird,NA
Hydrocoloeus minutus,RI,eBird,NA
Rissa tridactyla,RI,eBird,NA
Pagophila eburnea,RI,eBird,NA
Xema sabini,RI,eBird,NA
Chroicocephalus philadelphia,RI,eBird,NA
Chroicocephalus ridibundus,RI,eBird,NA
Leucophaeus atricilla,RI,eBird,NA
Leucophaeus pipixcan,RI,eBird,NA
Larus crassirostris,RI,eBird,NA
Larus heermanni,RI,eBird,NA
Larus canus,RI,eBird,NA
Larus delawarensis,RI,eBird,NA
Larus smithsonianus,RI,eBird,NA
Larus marinus,RI,eBird,NA
Larus hyperboreus,RI,eBird,NA
Larus fuscus,RI,eBird,NA
Larus glaucoides,RI,eBird,NA
Rynchops niger,RI,eBird,NA
Anous stolidus,RI,eBird,NA
Onychoprion fuscatus,RI,eBird,NA
Onychoprion anaethetus,RI,eBird,NA
Sternula antillarum,RI,eBird,NA
Gelochelidon nilotica,RI,eBird,NA
Hydroprogne caspia,RI,eBird,NA
Chlidonias niger,RI,eBird,NA
Sterna forsteri,RI,eBird,NA
Sterna paradisaea,RI,eBird,NA
Sterna hirundo,RI,eBird,NA
Sterna dougallii,RI,eBird,NA
Thalasseus sandvicensis,RI,eBird,NA
Thalasseus maximus,RI,eBird,NA
Phoenicopterus ruber,RI,eBird,NA
Podilymbus podiceps,RI,eBird,NA
Podiceps auritus,RI,eBird,NA
Podiceps grisegena,RI,eBird,NA
Podiceps nigricollis,RI,eBird,NA
Aechmophorus occidentalis,RI,eBird,NA
Phaethon aethereus,RI,eBird,NA
Gavia stellata,RI,eBird,NA
Gavia pacifica,RI,eBird,NA
Gavia immer,RI,eBird,NA
Oceanites oceanicus,RI,eBird,NA
Pelagodroma marina,RI,eBird,NA
Hydrobates leucorhous,RI,eBird,NA
Hydrobates castro,RI,eBird,NA
Fulmarus glacialis,RI,eBird,NA
Pterodroma hasitata,RI,eBird,NA
Calonectris borealis,RI,eBird,NA
Calonectris diomedea,RI,eBird,NA
Ardenna gravis,RI,eBird,NA
Ardenna grisea,RI,eBird,NA
Puffinus puffinus,RI,eBird,NA
Puffinus lherminieri,RI,eBird,NA
Mycteria americana,RI,eBird,NA
Fregata magnificens,RI,eBird,NA
Morus bassanus,RI,eBird,NA
Sula leucogaster,RI,eBird,NA
Anhinga anhinga,RI,eBird,NA
Phalacrocorax carbo,RI,eBird,NA
Nannopterum auritum,RI,eBird,NA
Eudocimus albus,RI,eBird,NA
Plegadis falcinellus,RI,eBird,NA
Plegadis chihi,RI,eBird,NA
Botaurus lentiginosus,RI,eBird,NA
Botaurus exilis,RI,eBird,NA
Nyctanassa violacea,RI,eBird,NA
Nycticorax nycticorax,RI,eBird,NA
Egretta caerulea,RI,eBird,NA
Egretta tricolor,RI,eBird,NA
Egretta rufescens,RI,eBird,NA
Egretta thula,RI,eBird,NA
Egretta garzetta,RI,eBird,NA
Butorides virescens,RI,eBird,NA
Ardea ibis,RI,eBird,NA
Ardea alba,RI,eBird,NA
Ardea herodias,RI,eBird,NA
Pelecanus erythrorhynchos,RI,eBird,NA
Pelecanus occidentalis,RI,eBird,NA
Coragyps atratus,RI,eBird,NA
Cathartes aura,RI,eBird,NA
Pandion haliaetus,RI,eBird,NA
Elanoides forficatus,RI,eBird,NA
Aquila chrysaetos,RI,eBird,NA
Accipiter striatus,RI,eBird,NA
Astur cooperii,RI,eBird,NA
Astur atricapillus,RI,eBird,NA
Circus hudsonius,RI,eBird,NA
Haliaeetus leucocephalus,RI,eBird,NA
Ictinia mississippiensis,RI,eBird,NA
Buteo platypterus,RI,eBird,NA
Buteo lineatus,RI,eBird,NA
Buteo albonotatus,RI,eBird,NA
Buteo jamaicensis,RI,eBird,NA
Buteo lagopus,RI,eBird,NA
Tyto furcata,RI,eBird,NA
Megascops asio,RI,eBird,NA
Bubo scandiacus,RI,eBird,NA
Bubo virginianus,RI,eBird,NA
Strix varia,RI,eBird,NA
Asio otus,RI,eBird,NA
Asio flammeus,RI,eBird,NA
Aegolius acadicus,RI,eBird,NA
Megaceryle alcyon,RI,eBird,NA
Sphyrapicus varius,RI,eBird,NA
Melanerpes lewis,RI,eBird,NA
Melanerpes erythrocephalus,RI,eBird,NA
Melanerpes carolinus,RI,eBird,NA
Picoides dorsalis,RI,eBird,NA
Picoides arcticus,RI,eBird,NA
Dryobates pubescens,RI,eBird,NA
Leuconotopicus villosus,RI,eBird,NA
Dryocopus pileatus,RI,eBird,NA
Colaptes auratus,RI,eBird,NA
Falco sparverius,RI,eBird,NA
Falco columbarius,RI,eBird,NA
Falco rusticolus,RI,eBird,NA
Falco peregrinus,RI,eBird,NA
Nymphicus hollandicus,RI,eBird,NA
Melopsittacus undulatus,RI,eBird,NA
Myiopsitta monachus,RI,eBird,NA
Contopus cooperi,RI,eBird,NA
Contopus virens,RI,eBird,NA
Empidonax flaviventris,RI,eBird,NA
Empidonax virescens,RI,eBird,NA
Empidonax alnorum,RI,eBird,NA
Empidonax traillii,RI,eBird,NA
Empidonax minimus,RI,eBird,NA
Empidonax hammondii,RI,eBird,NA
Empidonax difficilis,RI,eBird,NA
Sayornis phoebe,RI,eBird,NA
Sayornis saya,RI,eBird,NA
Myiarchus cinerascens,RI,eBird,NA
Myiarchus crinitus,RI,eBird,NA
Tyrannus melancholicus,RI,eBird,NA
Tyrannus verticalis,RI,eBird,NA
Tyrannus tyrannus,RI,eBird,NA
Tyrannus dominicensis,RI,eBird,NA
Tyrannus forficatus,RI,eBird,NA
Tyrannus savana,RI,eBird,NA
Vireo griseus,RI,eBird,NA
Vireo bellii,RI,eBird,NA
Vireo flavifrons,RI,eBird,NA
Vireo solitarius,RI,eBird,NA
Vireo philadelphicus,RI,eBird,NA
Vireo gilvus,RI,eBird,NA
Vireo olivaceus,RI,eBird,NA
Vireo altiloquus,RI,eBird,NA
Lanius ludovicianus,RI,eBird,NA
Lanius borealis,RI,eBird,NA
Cyanocitta cristata,RI,eBird,NA
Corvus brachyrhynchos,RI,eBird,NA
Corvus ossifragus,RI,eBird,NA
Corvus corax,RI,eBird,NA
Poecile atricapillus,RI,eBird,NA
Baeolophus bicolor,RI,eBird,NA
Parus major,RI,eBird,NA
Eremophila alpestris,RI,eBird,NA
Riparia riparia,RI,eBird,NA
Tachycineta bicolor,RI,eBird,NA
Progne subis,RI,eBird,NA
Stelgidopteryx serripennis,RI,eBird,NA
Hirundo rustica,RI,eBird,NA
Petrochelidon pyrrhonota,RI,eBird,NA
Petrochelidon fulva,RI,eBird,NA
Pycnonotus jocosus,RI,eBird,NA
Corthylio calendula,RI,eBird,NA
Regulus satrapa,RI,eBird,NA
Sitta carolinensis,RI,eBird,NA
Sitta canadensis,RI,eBird,NA
Certhia americana,RI,eBird,NA
Polioptila caerulea,RI,eBird,NA
Troglodytes aedon,RI,eBird,NA
Troglodytes hiemalis,RI,eBird,NA
Cistothorus stellaris,RI,eBird,NA
Cistothorus palustris,RI,eBird,NA
Thryothorus ludovicianus,RI,eBird,NA
Thryomanes bewickii,RI,eBird,NA
Sturnus vulgaris,RI,eBird,NA
Dumetella carolinensis,RI,eBird,NA
Toxostoma rufum,RI,eBird,NA
Mimus polyglottos,RI,eBird,NA
Sialia sialis,RI,eBird,NA
Sialia currucoides,RI,eBird,NA
Myadestes townsendi,RI,eBird,NA
Ixoreus naevius,RI,eBird,NA
Catharus fuscescens,RI,eBird,NA
Catharus minimus,RI,eBird,NA
Catharus bicknelli,RI,eBird,NA
Catharus ustulatus,RI,eBird,NA
Catharus guttatus,RI,eBird,NA
Hylocichla mustelina,RI,eBird,NA
Turdus migratorius,RI,eBird,NA
Oenanthe oenanthe,RI,eBird,NA
Bombycilla garrulus,RI,eBird,NA
Bombycilla cedrorum,RI,eBird,NA
Phainopepla nitens,RI,eBird,NA
Passer domesticus,RI,eBird,NA
Anthus rubescens,RI,eBird,NA
Hesperiphona vespertina,RI,eBird,NA
Pinicola enucleator,RI,eBird,NA
Haemorhous mexicanus,RI,eBird,NA
Haemorhous purpureus,RI,eBird,NA
Acanthis flammea,RI,eBird,NA
Loxia curvirostra,RI,eBird,NA
Loxia leucoptera,RI,eBird,NA
Carduelis carduelis,RI,eBird,NA
Spinus pinus,RI,eBird,NA
Spinus tristis,RI,eBird,NA
Calcarius lapponicus,RI,eBird,NA
Calcarius pictus,RI,eBird,NA
Plectrophenax nivalis,RI,eBird,NA
Ammodramus savannarum,RI,eBird,NA
Spizella passerina,RI,eBird,NA
Spizella pallida,RI,eBird,NA
Spizella pusilla,RI,eBird,NA
Chondestes grammacus,RI,eBird,NA
Calamospiza melanocorys,RI,eBird,NA
Spizelloides arborea,RI,eBird,NA
Passerella iliaca,RI,eBird,NA
Junco hyemalis,RI,eBird,NA
Zonotrichia leucophrys,RI,eBird,NA
Zonotrichia albicollis,RI,eBird,NA
Pooecetes gramineus,RI,eBird,NA
Ammospiza leconteii,RI,eBird,NA
Ammospiza maritima,RI,eBird,NA
Ammospiza nelsoni,RI,eBird,NA
Ammospiza caudacuta,RI,eBird,NA
Passerculus sandwichensis,RI,eBird,NA
Melospiza melodia,RI,eBird,NA
Melospiza lincolnii,RI,eBird,NA
Melospiza georgiana,RI,eBird,NA
Pipilo chlorurus,RI,eBird,NA
Pipilo maculatus,RI,eBird,NA
Pipilo erythrophthalmus,RI,eBird,NA
Icteria virens,RI,eBird,NA
Xanthocephalus xanthocephalus,RI,eBird,NA
Dolichonyx oryzivorus,RI,eBird,NA
Sturnella magna,RI,eBird,NA
Icterus spurius,RI,eBird,NA
Icterus galbula,RI,eBird,NA
Agelaius phoeniceus,RI,eBird,NA
Molothrus ater,RI,eBird,NA
Euphagus carolinus,RI,eBird,NA
Euphagus cyanocephalus,RI,eBird,NA
Quiscalus quiscula,RI,eBird,NA
Quiscalus major,RI,eBird,NA
Seiurus aurocapilla,RI,eBird,NA
Helmitheros vermivorum,RI,eBird,NA
Parkesia motacilla,RI,eBird,NA
Parkesia noveboracensis,RI,eBird,NA
Vermivora chrysoptera,RI,eBird,NA
Vermivora cyanoptera,RI,eBird,NA
Mniotilta varia,RI,eBird,NA
Protonotaria citrea,RI,eBird,NA
Limnothlypis swainsonii,RI,eBird,NA
Leiothlypis peregrina,RI,eBird,NA
Leiothlypis celata,RI,eBird,NA
Leiothlypis ruficapilla,RI,eBird,NA
Leiothlypis virginiae,RI,eBird,NA
Oporornis agilis,RI,eBird,NA
Geothlypis tolmiei,RI,eBird,NA
Geothlypis philadelphia,RI,eBird,NA
Geothlypis formosa,RI,eBird,NA
Geothlypis trichas,RI,eBird,NA
Setophaga citrina,RI,eBird,NA
Setophaga ruticilla,RI,eBird,NA
Setophaga tigrina,RI,eBird,NA
Setophaga cerulea,RI,eBird,NA
Setophaga americana,RI,eBird,NA
Setophaga magnolia,RI,eBird,NA
Setophaga castanea,RI,eBird,NA
Setophaga fusca,RI,eBird,NA
Setophaga aestiva,RI,eBird,NA
Setophaga pensylvanica,RI,eBird,NA
Setophaga striata,RI,eBird,NA
Setophaga caerulescens,RI,eBird,NA
Setophaga palmarum,RI,eBird,NA
Setophaga pinus,RI,eBird,NA
Setophaga coronata,RI,eBird,NA
Setophaga dominica,RI,eBird,NA
Setophaga discolor,RI,eBird,NA
Setophaga nigrescens,RI,eBird,NA
Setophaga townsendi,RI,eBird,NA
Setophaga virens,RI,eBird,NA
Cardellina canadensis,RI,eBird,NA
Cardellina pusilla,RI,eBird,NA
Piranga rubra,RI,eBird,NA
Piranga olivacea,RI,eBird,NA
Piranga ludoviciana,RI,eBird,NA
Cardinalis cardinalis,RI,eBird,NA
Pheucticus ludovicianus,RI,eBird,NA
Pheucticus melanocephalus,RI,eBird,NA
Passerina caerulea,RI,eBird,NA
Passerina cyanea,RI,eBird,NA
Passerina ciris,RI,eBird,NA
Spiza americana,RI,eBird,NA
Sicalis flaveola,RI,eBird,NA
Dendrocygna autumnalis,SC,eBird,NA
Dendrocygna bicolor,SC,eBird,NA
Anser caerulescens,SC,eBird,NA
Anser rossii,SC,eBird,NA
Anser anser,SC,eBird,NA
Anser cygnoides,SC,eBird,NA
Anser albifrons,SC,eBird,NA
Anser brachyrhynchus,SC,eBird,NA
Branta bernicla,SC,eBird,NA
Branta leucopsis,SC,eBird,NA
Branta hutchinsii,SC,eBird,NA
Branta canadensis,SC,eBird,NA
Cygnus olor,SC,eBird,NA
Cygnus atratus,SC,eBird,NA
Cygnus buccinator,SC,eBird,NA
Cygnus columbianus,SC,eBird,NA
Cygnus cygnus,SC,eBird,NA
Coscoroba coscoroba,SC,eBird,NA
Alopochen aegyptiaca,SC,eBird,NA
Tadorna ferruginea,SC,eBird,NA
Tadorna tadorna,SC,eBird,NA
Cairina moschata,SC,eBird,NA
Callonetta leucophrys,SC,eBird,NA
Aix sponsa,SC,eBird,NA
Aix galericulata,SC,eBird,NA
Spatula discors,SC,eBird,NA
Spatula cyanoptera,SC,eBird,NA
Spatula clypeata,SC,eBird,NA
Mareca strepera,SC,eBird,NA
Mareca penelope,SC,eBird,NA
Mareca americana,SC,eBird,NA
Anas platyrhynchos,SC,eBird,NA
Anas rubripes,SC,eBird,NA
Anas fulvigula,SC,eBird,NA
Anas bahamensis,SC,eBird,NA
Anas acuta,SC,eBird,NA
Anas crecca,SC,eBird,NA
Aythya valisineria,SC,eBird,NA
Aythya americana,SC,eBird,NA
Aythya collaris,SC,eBird,NA
Aythya fuligula,SC,eBird,NA
Aythya marila,SC,eBird,NA
Aythya affinis,SC,eBird,NA
Somateria spectabilis,SC,eBird,NA
Somateria mollissima,SC,eBird,NA
Histrionicus histrionicus,SC,eBird,NA
Melanitta perspicillata,SC,eBird,NA
Melanitta deglandi,SC,eBird,NA
Melanitta americana,SC,eBird,NA
Clangula hyemalis,SC,eBird,NA
Bucephala albeola,SC,eBird,NA
Bucephala clangula,SC,eBird,NA
Lophodytes cucullatus,SC,eBird,NA
Mergus merganser,SC,eBird,NA
Mergus serrator,SC,eBird,NA
Oxyura jamaicensis,SC,eBird,NA
Numida meleagris,SC,eBird,NA
Colinus virginianus,SC,eBird,NA
Meleagris gallopavo,SC,eBird,NA
Bonasa umbellus,SC,eBird,NA
Chrysolophus pictus,SC,eBird,NA
Chrysolophus amherstiae,SC,eBird,NA
Phasianus colchicus,SC,eBird,NA
Pavo cristatus,SC,eBird,NA
Gallus gallus,SC,eBird,NA
Coturnix japonica,SC,eBird,NA
Alectoris chukar,SC,eBird,NA
Columba livia,SC,eBird,NA
Patagioenas fasciata,SC,eBird,NA
Ectopistes migratorius,SC,eBird,NA
Streptopelia decaocto,SC,eBird,NA
Streptopelia roseogrisea,SC,eBird,NA
Streptopelia capicola,SC,eBird,NA
Columbina passerina,SC,eBird,NA
Zenaida asiatica,SC,eBird,NA
Zenaida macroura,SC,eBird,NA
Crotophaga sulcirostris,SC,eBird,NA
Coccyzus americanus,SC,eBird,NA
Coccyzus erythropthalmus,SC,eBird,NA
Chordeiles acutipennis,SC,eBird,NA
Chordeiles minor,SC,eBird,NA
Antrostomus carolinensis,SC,eBird,NA
Antrostomus vociferus,SC,eBird,NA
Chaetura pelagica,SC,eBird,NA
Archilochus colubris,SC,eBird,NA
Archilochus alexandri,SC,eBird,NA
Calypte anna,SC,eBird,NA
Selasphorus calliope,SC,eBird,NA
Selasphorus rufus,SC,eBird,NA
Selasphorus sasin,SC,eBird,NA
Selasphorus platycercus,SC,eBird,NA
Cynanthus latirostris,SC,eBird,NA
Amazilia yucatanensis,SC,eBird,NA
Rallus elegans,SC,eBird,NA
Rallus crepitans,SC,eBird,NA
Rallus limicola,SC,eBird,NA
Porzana carolina,SC,eBird,NA
Gallinula galeata,SC,eBird,NA
Fulica americana,SC,eBird,NA
Porphyrio martinica,SC,eBird,NA
Porphyrio poliocephalus,SC,eBird,NA
Coturnicops noveboracensis,SC,eBird,NA
Laterallus jamaicensis,SC,eBird,NA
Aramus guarauna,SC,eBird,NA
Antigone canadensis,SC,eBird,NA
Grus americana,SC,eBird,NA
Himantopus mexicanus,SC,eBird,NA
Recurvirostra americana,SC,eBird,NA
Haematopus palliatus,SC,eBird,NA
Pluvialis squatarola,SC,eBird,NA
Pluvialis dominica,SC,eBird,NA
Charadrius vociferus,SC,eBird,NA
Charadrius semipalmatus,SC,eBird,NA
Charadrius melodus,SC,eBird,NA
Anarhynchus wilsonia,SC,eBird,NA
Anarhynchus montanus,SC,eBird,NA
Anarhynchus nivosus,SC,eBird,NA
Bartramia longicauda,SC,eBird,NA
Numenius hudsonicus,SC,eBird,NA
Numenius borealis,SC,eBird,NA
Numenius americanus,SC,eBird,NA
Limosa lapponica,SC,eBird,NA
Limosa haemastica,SC,eBird,NA
Limosa fedoa,SC,eBird,NA
Limnodromus griseus,SC,eBird,NA
Limnodromus scolopaceus,SC,eBird,NA
Scolopax minor,SC,eBird,NA
Gallinago delicata,SC,eBird,NA
Phalaropus tricolor,SC,eBird,NA
Phalaropus fulicarius,SC,eBird,NA
Phalaropus lobatus,SC,eBird,NA
Actitis macularius,SC,eBird,NA
Tringa solitaria,SC,eBird,NA
Tringa flavipes,SC,eBird,NA
Tringa semipalmata,SC,eBird,NA
Tringa melanoleuca,SC,eBird,NA
Arenaria interpres,SC,eBird,NA
Calidris canutus,SC,eBird,NA
Calidris pugnax,SC,eBird,NA
Calidris acuminata,SC,eBird,NA
Calidris ferruginea,SC,eBird,NA
Calidris himantopus,SC,eBird,NA
Calidris ruficollis,SC,eBird,NA
Calidris subruficollis,SC,eBird,NA
Calidris alba,SC,eBird,NA
Calidris alpina,SC,eBird,NA
Calidris maritima,SC,eBird,NA
Calidris bairdii,SC,eBird,NA
Calidris minuta,SC,eBird,NA
Calidris fuscicollis,SC,eBird,NA
Calidris minutilla,SC,eBird,NA
Calidris melanotos,SC,eBird,NA
Calidris mauri,SC,eBird,NA
Calidris pusilla,SC,eBird,NA
Stercorarius longicaudus,SC,eBird,NA
Stercorarius parasiticus,SC,eBird,NA
Stercorarius pomarinus,SC,eBird,NA
Stercorarius maccormicki,SC,eBird,NA
Brachyramphus perdix,SC,eBird,NA
Cepphus grylle,SC,eBird,NA
Alca torda,SC,eBird,NA
Alle alle,SC,eBird,NA
Uria lomvia,SC,eBird,NA
Uria aalge,SC,eBird,NA
Hydrocoloeus minutus,SC,eBird,NA
Rissa tridactyla,SC,eBird,NA
Xema sabini,SC,eBird,NA
Chroicocephalus philadelphia,SC,eBird,NA
Chroicocephalus ridibundus,SC,eBird,NA
Leucophaeus atricilla,SC,eBird,NA
Leucophaeus pipixcan,SC,eBird,NA
Larus heermanni,SC,eBird,NA
Larus delawarensis,SC,eBird,NA
Larus smithsonianus,SC,eBird,NA
Larus marinus,SC,eBird,NA
Larus hyperboreus,SC,eBird,NA
Larus fuscus,SC,eBird,NA
Larus californicus,SC,eBird,NA
Larus schistisagus,SC,eBird,NA
Larus glaucoides,SC,eBird,NA
Rynchops niger,SC,eBird,NA
Anous stolidus,SC,eBird,NA
Onychoprion fuscatus,SC,eBird,NA
Onychoprion anaethetus,SC,eBird,NA
Sternula antillarum,SC,eBird,NA
Gelochelidon nilotica,SC,eBird,NA
Hydroprogne caspia,SC,eBird,NA
Chlidonias niger,SC,eBird,NA
Chlidonias leucopterus,SC,eBird,NA
Sterna forsteri,SC,eBird,NA
Sterna paradisaea,SC,eBird,NA
Sterna hirundo,SC,eBird,NA
Sterna dougallii,SC,eBird,NA
Thalasseus sandvicensis,SC,eBird,NA
Thalasseus maximus,SC,eBird,NA
Phoenicopterus chilensis,SC,eBird,NA
Phoenicopterus ruber,SC,eBird,NA
Podilymbus podiceps,SC,eBird,NA
Podiceps auritus,SC,eBird,NA
Podiceps grisegena,SC,eBird,NA
Podiceps nigricollis,SC,eBird,NA
Aechmophorus occidentalis,SC,eBird,NA
Phaethon lepturus,SC,eBird,NA
Phaethon aethereus,SC,eBird,NA
Gavia stellata,SC,eBird,NA
Gavia pacifica,SC,eBird,NA
Gavia immer,SC,eBird,NA
Oceanites oceanicus,SC,eBird,NA
Hydrobates leucorhous,SC,eBird,NA
Hydrobates castro,SC,eBird,NA
Pterodroma arminjoniana,SC,eBird,NA
Pterodroma deserta,SC,eBird,NA
Pterodroma cahow,SC,eBird,NA
Pterodroma hasitata,SC,eBird,NA
Calonectris borealis,SC,eBird,NA
Calonectris diomedea,SC,eBird,NA
Ardenna gravis,SC,eBird,NA
Ardenna grisea,SC,eBird,NA
Puffinus puffinus,SC,eBird,NA
Puffinus lherminieri,SC,eBird,NA
Mycteria americana,SC,eBird,NA
Fregata magnificens,SC,eBird,NA
Morus bassanus,SC,eBird,NA
Sula sula,SC,eBird,NA
Sula leucogaster,SC,eBird,NA
Sula dactylatra,SC,eBird,NA
Anhinga anhinga,SC,eBird,NA
Phalacrocorax carbo,SC,eBird,NA
Nannopterum auritum,SC,eBird,NA
Eudocimus albus,SC,eBird,NA
Plegadis falcinellus,SC,eBird,NA
Plegadis chihi,SC,eBird,NA
Platalea ajaja,SC,eBird,NA
Botaurus lentiginosus,SC,eBird,NA
Botaurus exilis,SC,eBird,NA
Nyctanassa violacea,SC,eBird,NA
Nycticorax nycticorax,SC,eBird,NA
Egretta caerulea,SC,eBird,NA
Egretta tricolor,SC,eBird,NA
Egretta rufescens,SC,eBird,NA
Egretta thula,SC,eBird,NA
Butorides virescens,SC,eBird,NA
Ardea ibis,SC,eBird,NA
Ardea alba,SC,eBird,NA
Ardea herodias,SC,eBird,NA
Pelecanus erythrorhynchos,SC,eBird,NA
Pelecanus occidentalis,SC,eBird,NA
Coragyps atratus,SC,eBird,NA
Cathartes aura,SC,eBird,NA
Pandion haliaetus,SC,eBird,NA
Elanus leucurus,SC,eBird,NA
Elanoides forficatus,SC,eBird,NA
Aquila chrysaetos,SC,eBird,NA
Accipiter striatus,SC,eBird,NA
Astur cooperii,SC,eBird,NA
Astur atricapillus,SC,eBird,NA
Circus hudsonius,SC,eBird,NA
Haliaeetus leucocephalus,SC,eBird,NA
Ictinia mississippiensis,SC,eBird,NA
Rostrhamus sociabilis,SC,eBird,NA
Buteo platypterus,SC,eBird,NA
Buteo lineatus,SC,eBird,NA
Buteo brachyurus,SC,eBird,NA
Buteo swainsoni,SC,eBird,NA
Buteo jamaicensis,SC,eBird,NA
Buteo lagopus,SC,eBird,NA
Tyto furcata,SC,eBird,NA
Megascops asio,SC,eBird,NA
Bubo scandiacus,SC,eBird,NA
Bubo virginianus,SC,eBird,NA
Athene cunicularia,SC,eBird,NA
Strix varia,SC,eBird,NA
Asio otus,SC,eBird,NA
Asio flammeus,SC,eBird,NA
Aegolius acadicus,SC,eBird,NA
Megaceryle alcyon,SC,eBird,NA
Sphyrapicus varius,SC,eBird,NA
Melanerpes erythrocephalus,SC,eBird,NA
Melanerpes carolinus,SC,eBird,NA
Dryobates pubescens,SC,eBird,NA
Leuconotopicus borealis,SC,eBird,NA
Leuconotopicus villosus,SC,eBird,NA
Campephilus principalis,SC,eBird,NA
Dryocopus pileatus,SC,eBird,NA
Colaptes auratus,SC,eBird,NA
Caracara plancus,SC,eBird,NA
Falco sparverius,SC,eBird,NA
Falco columbarius,SC,eBird,NA
Falco peregrinus,SC,eBird,NA
Melopsittacus undulatus,SC,eBird,NA
Myiopsitta monachus,SC,eBird,NA
Psittacara holochlorus,SC,eBird,NA
Contopus cooperi,SC,eBird,NA
Contopus virens,SC,eBird,NA
Empidonax flaviventris,SC,eBird,NA
Empidonax virescens,SC,eBird,NA
Empidonax alnorum,SC,eBird,NA
Empidonax traillii,SC,eBird,NA
Empidonax minimus,SC,eBird,NA
Empidonax oberholseri,SC,eBird,NA
Sayornis phoebe,SC,eBird,NA
Sayornis saya,SC,eBird,NA
Pyrocephalus rubinus,SC,eBird,NA
Myiarchus cinerascens,SC,eBird,NA
Myiarchus crinitus,SC,eBird,NA
Pitangus sulphuratus,SC,eBird,NA
Tyrannus melancholicus,SC,eBird,NA
Tyrannus vociferans,SC,eBird,NA
Tyrannus verticalis,SC,eBird,NA
Tyrannus tyrannus,SC,eBird,NA
Tyrannus dominicensis,SC,eBird,NA
Tyrannus forficatus,SC,eBird,NA
Tyrannus savana,SC,eBird,NA
Vireo griseus,SC,eBird,NA
Vireo bellii,SC,eBird,NA
Vireo flavifrons,SC,eBird,NA
Vireo solitarius,SC,eBird,NA
Vireo philadelphicus,SC,eBird,NA
Vireo gilvus,SC,eBird,NA
Vireo olivaceus,SC,eBird,NA
Vireo flavoviridis,SC,eBird,NA
Vireo altiloquus,SC,eBird,NA
Lanius ludovicianus,SC,eBird,NA
Cyanocitta cristata,SC,eBird,NA
Corvus splendens,SC,eBird,NA
Corvus brachyrhynchos,SC,eBird,NA
Corvus ossifragus,SC,eBird,NA
Corvus corax,SC,eBird,NA
Poecile carolinensis,SC,eBird,NA
Baeolophus bicolor,SC,eBird,NA
Eremophila alpestris,SC,eBird,NA
Riparia riparia,SC,eBird,NA
Tachycineta bicolor,SC,eBird,NA
Progne subis,SC,eBird,NA
Stelgidopteryx serripennis,SC,eBird,NA
Hirundo rustica,SC,eBird,NA
Petrochelidon pyrrhonota,SC,eBird,NA
Petrochelidon fulva,SC,eBird,NA
Corthylio calendula,SC,eBird,NA
Regulus satrapa,SC,eBird,NA
Sitta carolinensis,SC,eBird,NA
Sitta pusilla,SC,eBird,NA
Sitta canadensis,SC,eBird,NA
Certhia americana,SC,eBird,NA
Polioptila caerulea,SC,eBird,NA
Troglodytes aedon,SC,eBird,NA
Troglodytes hiemalis,SC,eBird,NA
Cistothorus stellaris,SC,eBird,NA
Cistothorus palustris,SC,eBird,NA
Thryothorus ludovicianus,SC,eBird,NA
Thryomanes bewickii,SC,eBird,NA
Sturnus vulgaris,SC,eBird,NA
Dumetella carolinensis,SC,eBird,NA
Toxostoma rufum,SC,eBird,NA
Oreoscoptes montanus,SC,eBird,NA
Mimus polyglottos,SC,eBird,NA
Sialia sialis,SC,eBird,NA
Myadestes townsendi,SC,eBird,NA
Ixoreus naevius,SC,eBird,NA
Catharus fuscescens,SC,eBird,NA
Catharus minimus,SC,eBird,NA
Catharus bicknelli,SC,eBird,NA
Catharus ustulatus,SC,eBird,NA
Catharus guttatus,SC,eBird,NA
Hylocichla mustelina,SC,eBird,NA
Turdus migratorius,SC,eBird,NA
Oenanthe oenanthe,SC,eBird,NA
Bombycilla cedrorum,SC,eBird,NA
Lonchura punctulata,SC,eBird,NA
Lonchura malacca,SC,eBird,NA
Passer domesticus,SC,eBird,NA
Motacilla alba,SC,eBird,NA
Anthus rubescens,SC,eBird,NA
Anthus spragueii,SC,eBird,NA
Hesperiphona vespertina,SC,eBird,NA
Pinicola enucleator,SC,eBird,NA
Haemorhous mexicanus,SC,eBird,NA
Haemorhous purpureus,SC,eBird,NA
Acanthis flammea,SC,eBird,NA
Loxia curvirostra,SC,eBird,NA
Loxia leucoptera,SC,eBird,NA
Carduelis carduelis,SC,eBird,NA
Spinus pinus,SC,eBird,NA
Spinus tristis,SC,eBird,NA
Calcarius lapponicus,SC,eBird,NA
Calcarius ornatus,SC,eBird,NA
Calcarius pictus,SC,eBird,NA
Plectrophenax nivalis,SC,eBird,NA
Peucaea aestivalis,SC,eBird,NA
Ammodramus savannarum,SC,eBird,NA
Spizella passerina,SC,eBird,NA
Spizella pallida,SC,eBird,NA
Spizella pusilla,SC,eBird,NA
Chondestes grammacus,SC,eBird,NA
Calamospiza melanocorys,SC,eBird,NA
Spizelloides arborea,SC,eBird,NA
Passerella iliaca,SC,eBird,NA
Junco hyemalis,SC,eBird,NA
Zonotrichia leucophrys,SC,eBird,NA
Zonotrichia atricapilla,SC,eBird,NA
Zonotrichia querula,SC,eBird,NA
Zonotrichia albicollis,SC,eBird,NA
Pooecetes gramineus,SC,eBird,NA
Ammospiza leconteii,SC,eBird,NA
Ammospiza maritima,SC,eBird,NA
Ammospiza nelsoni,SC,eBird,NA
Ammospiza caudacuta,SC,eBird,NA
Passerculus sandwichensis,SC,eBird,NA
Centronyx henslowii,SC,eBird,NA
Melospiza melodia,SC,eBird,NA
Melospiza lincolnii,SC,eBird,NA
Melospiza georgiana,SC,eBird,NA
Pipilo maculatus,SC,eBird,NA
Pipilo erythrophthalmus,SC,eBird,NA
Icteria virens,SC,eBird,NA
Xanthocephalus xanthocephalus,SC,eBird,NA
Dolichonyx oryzivorus,SC,eBird,NA
Sturnella neglecta,SC,eBird,NA
Sturnella magna,SC,eBird,NA
Icterus spurius,SC,eBird,NA
Icterus bullockii,SC,eBird,NA
Icterus galbula,SC,eBird,NA
Icterus parisorum,SC,eBird,NA
Agelaius phoeniceus,SC,eBird,NA
Molothrus bonariensis,SC,eBird,NA
Molothrus aeneus,SC,eBird,NA
Molothrus ater,SC,eBird,NA
Euphagus carolinus,SC,eBird,NA
Euphagus cyanocephalus,SC,eBird,NA
Quiscalus quiscula,SC,eBird,NA
Quiscalus major,SC,eBird,NA
Seiurus aurocapilla,SC,eBird,NA
Helmitheros vermivorum,SC,eBird,NA
Parkesia motacilla,SC,eBird,NA
Parkesia noveboracensis,SC,eBird,NA
Vermivora bachmanii,SC,eBird,NA
Vermivora chrysoptera,SC,eBird,NA
Vermivora cyanoptera,SC,eBird,NA
Mniotilta varia,SC,eBird,NA
Protonotaria citrea,SC,eBird,NA
Limnothlypis swainsonii,SC,eBird,NA
Leiothlypis peregrina,SC,eBird,NA
Leiothlypis celata,SC,eBird,NA
Leiothlypis ruficapilla,SC,eBird,NA
Oporornis agilis,SC,eBird,NA
Geothlypis tolmiei,SC,eBird,NA
Geothlypis philadelphia,SC,eBird,NA
Geothlypis formosa,SC,eBird,NA
Geothlypis trichas,SC,eBird,NA
Setophaga citrina,SC,eBird,NA
Setophaga ruticilla,SC,eBird,NA
Setophaga kirtlandii,SC,eBird,NA
Setophaga tigrina,SC,eBird,NA
Setophaga cerulea,SC,eBird,NA
Setophaga americana,SC,eBird,NA
Setophaga magnolia,SC,eBird,NA
Setophaga castanea,SC,eBird,NA
Setophaga fusca,SC,eBird,NA
Setophaga aestiva,SC,eBird,NA
Setophaga pensylvanica,SC,eBird,NA
Setophaga striata,SC,eBird,NA
Setophaga caerulescens,SC,eBird,NA
Setophaga palmarum,SC,eBird,NA
Setophaga pinus,SC,eBird,NA
Setophaga coronata,SC,eBird,NA
Setophaga dominica,SC,eBird,NA
Setophaga discolor,SC,eBird,NA
Setophaga nigrescens,SC,eBird,NA
Setophaga townsendi,SC,eBird,NA
Setophaga occidentalis,SC,eBird,NA
Setophaga virens,SC,eBird,NA
Cardellina canadensis,SC,eBird,NA
Cardellina pusilla,SC,eBird,NA
Piranga rubra,SC,eBird,NA
Piranga olivacea,SC,eBird,NA
Piranga ludoviciana,SC,eBird,NA
Cardinalis cardinalis,SC,eBird,NA
Pheucticus ludovicianus,SC,eBird,NA
Pheucticus melanocephalus,SC,eBird,NA
Passerina caerulea,SC,eBird,NA
Passerina amoena,SC,eBird,NA
Passerina cyanea,SC,eBird,NA
Passerina ciris,SC,eBird,NA
Spiza americana,SC,eBird,NA
Dendrocygna autumnalis,SD,eBird,NA
Dendrocygna bicolor,SD,eBird,NA
Anser caerulescens,SD,eBird,NA
Anser rossii,SD,eBird,NA
Anser anser,SD,eBird,NA
Anser cygnoides,SD,eBird,NA
Anser albifrons,SD,eBird,NA
Branta bernicla,SD,eBird,NA
Branta hutchinsii,SD,eBird,NA
Branta canadensis,SD,eBird,NA
Cygnus olor,SD,eBird,NA
Cygnus atratus,SD,eBird,NA
Cygnus buccinator,SD,eBird,NA
Cygnus columbianus,SD,eBird,NA
Alopochen aegyptiaca,SD,eBird,NA
Cairina moschata,SD,eBird,NA
Aix sponsa,SD,eBird,NA
Aix galericulata,SD,eBird,NA
Spatula discors,SD,eBird,NA
Spatula cyanoptera,SD,eBird,NA
Spatula clypeata,SD,eBird,NA
Mareca strepera,SD,eBird,NA
Mareca penelope,SD,eBird,NA
Mareca americana,SD,eBird,NA
Anas platyrhynchos,SD,eBird,NA
Anas rubripes,SD,eBird,NA
Anas fulvigula,SD,eBird,NA
Anas acuta,SD,eBird,NA
Anas crecca,SD,eBird,NA
Aythya valisineria,SD,eBird,NA
Aythya americana,SD,eBird,NA
Aythya collaris,SD,eBird,NA
Aythya marila,SD,eBird,NA
Aythya affinis,SD,eBird,NA
Somateria spectabilis,SD,eBird,NA
Somateria mollissima,SD,eBird,NA
Histrionicus histrionicus,SD,eBird,NA
Melanitta perspicillata,SD,eBird,NA
Melanitta deglandi,SD,eBird,NA
Melanitta americana,SD,eBird,NA
Clangula hyemalis,SD,eBird,NA
Bucephala albeola,SD,eBird,NA
Bucephala clangula,SD,eBird,NA
Bucephala islandica,SD,eBird,NA
Lophodytes cucullatus,SD,eBird,NA
Mergus merganser,SD,eBird,NA
Mergus serrator,SD,eBird,NA
Oxyura jamaicensis,SD,eBird,NA
Numida meleagris,SD,eBird,NA
Colinus virginianus,SD,eBird,NA
Callipepla gambelii,SD,eBird,NA
Meleagris gallopavo,SD,eBird,NA
Bonasa umbellus,SD,eBird,NA
Centrocercus urophasianus,SD,eBird,NA
Dendragapus obscurus,SD,eBird,NA
Tympanuchus phasianellus,SD,eBird,NA
Tympanuchus cupido,SD,eBird,NA
Perdix perdix,SD,eBird,NA
Phasianus colchicus,SD,eBird,NA
Pavo cristatus,SD,eBird,NA
Gallus gallus,SD,eBird,NA
Alectoris chukar,SD,eBird,NA
Columba livia,SD,eBird,NA
Patagioenas fasciata,SD,eBird,NA
Streptopelia decaocto,SD,eBird,NA
Columbina inca,SD,eBird,NA
Columbina passerina,SD,eBird,NA
Zenaida asiatica,SD,eBird,NA
Zenaida macroura,SD,eBird,NA
Crotophaga sulcirostris,SD,eBird,NA
Coccyzus americanus,SD,eBird,NA
Coccyzus erythropthalmus,SD,eBird,NA
Chordeiles minor,SD,eBird,NA
Phalaenoptilus nuttallii,SD,eBird,NA
Antrostomus carolinensis,SD,eBird,NA
Antrostomus vociferus,SD,eBird,NA
Chaetura pelagica,SD,eBird,NA
Aeronautes saxatalis,SD,eBird,NA
Eugenes fulgens,SD,eBird,NA
Archilochus colubris,SD,eBird,NA
Archilochus alexandri,SD,eBird,NA
Calypte anna,SD,eBird,NA
Calypte costae,SD,eBird,NA
Selasphorus calliope,SD,eBird,NA
Selasphorus rufus,SD,eBird,NA
Selasphorus platycercus,SD,eBird,NA
Rallus elegans,SD,eBird,NA
Rallus limicola,SD,eBird,NA
Porzana carolina,SD,eBird,NA
Gallinula galeata,SD,eBird,NA
Fulica americana,SD,eBird,NA
Porphyrio martinica,SD,eBird,NA
Coturnicops noveboracensis,SD,eBird,NA
Antigone canadensis,SD,eBird,NA
Grus americana,SD,eBird,NA
Grus grus,SD,eBird,NA
Himantopus mexicanus,SD,eBird,NA
Recurvirostra americana,SD,eBird,NA
Pluvialis squatarola,SD,eBird,NA
Pluvialis dominica,SD,eBird,NA
Charadrius vociferus,SD,eBird,NA
Charadrius semipalmatus,SD,eBird,NA
Charadrius melodus,SD,eBird,NA
Anarhynchus wilsonia,SD,eBird,NA
Anarhynchus montanus,SD,eBird,NA
Anarhynchus nivosus,SD,eBird,NA
Bartramia longicauda,SD,eBird,NA
Numenius hudsonicus,SD,eBird,NA
Numenius americanus,SD,eBird,NA
Limosa haemastica,SD,eBird,NA
Limosa fedoa,SD,eBird,NA
Limnodromus griseus,SD,eBird,NA
Limnodromus scolopaceus,SD,eBird,NA
Scolopax minor,SD,eBird,NA
Gallinago delicata,SD,eBird,NA
Phalaropus tricolor,SD,eBird,NA
Phalaropus fulicarius,SD,eBird,NA
Phalaropus lobatus,SD,eBird,NA
Actitis macularius,SD,eBird,NA
Tringa solitaria,SD,eBird,NA
Tringa flavipes,SD,eBird,NA
Tringa semipalmata,SD,eBird,NA
Tringa melanoleuca,SD,eBird,NA
Arenaria interpres,SD,eBird,NA
Calidris canutus,SD,eBird,NA
Calidris pugnax,SD,eBird,NA
Calidris ferruginea,SD,eBird,NA
Calidris himantopus,SD,eBird,NA
Calidris subruficollis,SD,eBird,NA
Calidris alba,SD,eBird,NA
Calidris alpina,SD,eBird,NA
Calidris maritima,SD,eBird,NA
Calidris bairdii,SD,eBird,NA
Calidris fuscicollis,SD,eBird,NA
Calidris minutilla,SD,eBird,NA
Calidris melanotos,SD,eBird,NA
Calidris mauri,SD,eBird,NA
Calidris pusilla,SD,eBird,NA
Stercorarius longicaudus,SD,eBird,NA
Stercorarius parasiticus,SD,eBird,NA
Stercorarius pomarinus,SD,eBird,NA
Synthliboramphus antiquus,SD,eBird,NA
Hydrocoloeus minutus,SD,eBird,NA
Rhodostethia rosea,SD,eBird,NA
Rissa tridactyla,SD,eBird,NA
Pagophila eburnea,SD,eBird,NA
Xema sabini,SD,eBird,NA
Chroicocephalus philadelphia,SD,eBird,NA
Leucophaeus atricilla,SD,eBird,NA
Leucophaeus pipixcan,SD,eBird,NA
Larus brachyrhynchus,SD,eBird,NA
Larus delawarensis,SD,eBird,NA
Larus smithsonianus,SD,eBird,NA
Larus marinus,SD,eBird,NA
Larus hyperboreus,SD,eBird,NA
Larus fuscus,SD,eBird,NA
Larus californicus,SD,eBird,NA
Larus glaucescens,SD,eBird,NA
Larus glaucoides,SD,eBird,NA
Sternula antillarum,SD,eBird,NA
Gelochelidon nilotica,SD,eBird,NA
Hydroprogne caspia,SD,eBird,NA
Chlidonias niger,SD,eBird,NA
Sterna forsteri,SD,eBird,NA
Sterna paradisaea,SD,eBird,NA
Sterna hirundo,SD,eBird,NA
Podilymbus podiceps,SD,eBird,NA
Podiceps auritus,SD,eBird,NA
Podiceps grisegena,SD,eBird,NA
Podiceps nigricollis,SD,eBird,NA
Aechmophorus occidentalis,SD,eBird,NA
Aechmophorus clarkii,SD,eBird,NA
Gavia stellata,SD,eBird,NA
Gavia pacifica,SD,eBird,NA
Gavia immer,SD,eBird,NA
Gavia adamsii,SD,eBird,NA
Mycteria americana,SD,eBird,NA
Nannopterum auritum,SD,eBird,NA
Nannopterum brasilianum,SD,eBird,NA
Eudocimus albus,SD,eBird,NA
Plegadis falcinellus,SD,eBird,NA
Plegadis chihi,SD,eBird,NA
Botaurus lentiginosus,SD,eBird,NA
Botaurus exilis,SD,eBird,NA
Nyctanassa violacea,SD,eBird,NA
Nycticorax nycticorax,SD,eBird,NA
Egretta caerulea,SD,eBird,NA
Egretta tricolor,SD,eBird,NA
Egretta thula,SD,eBird,NA
Butorides virescens,SD,eBird,NA
Ardea ibis,SD,eBird,NA
Ardea alba,SD,eBird,NA
Ardea herodias,SD,eBird,NA
Pelecanus erythrorhynchos,SD,eBird,NA
Pelecanus occidentalis,SD,eBird,NA
Coragyps atratus,SD,eBird,NA
Cathartes aura,SD,eBird,NA
Pandion haliaetus,SD,eBird,NA
Elanus leucurus,SD,eBird,NA
Elanoides forficatus,SD,eBird,NA
Aquila chrysaetos,SD,eBird,NA
Accipiter striatus,SD,eBird,NA
Astur cooperii,SD,eBird,NA
Astur atricapillus,SD,eBird,NA
Circus hudsonius,SD,eBird,NA
Haliaeetus leucocephalus,SD,eBird,NA
Ictinia mississippiensis,SD,eBird,NA
Buteo platypterus,SD,eBird,NA
Buteo lineatus,SD,eBird,NA
Buteo swainsoni,SD,eBird,NA
Buteo jamaicensis,SD,eBird,NA
Buteo lagopus,SD,eBird,NA
Buteo regalis,SD,eBird,NA
Tyto furcata,SD,eBird,NA
Psiloscops flammeolus,SD,eBird,NA
Megascops asio,SD,eBird,NA
Bubo scandiacus,SD,eBird,NA
Bubo virginianus,SD,eBird,NA
Surnia ulula,SD,eBird,NA
Athene cunicularia,SD,eBird,NA
Strix varia,SD,eBird,NA
Strix nebulosa,SD,eBird,NA
Asio otus,SD,eBird,NA
Asio flammeus,SD,eBird,NA
Aegolius funereus,SD,eBird,NA
Aegolius acadicus,SD,eBird,NA
Megaceryle alcyon,SD,eBird,NA
Sphyrapicus thyroideus,SD,eBird,NA
Sphyrapicus varius,SD,eBird,NA
Sphyrapicus nuchalis,SD,eBird,NA
Melanerpes lewis,SD,eBird,NA
Melanerpes erythrocephalus,SD,eBird,NA
Melanerpes carolinus,SD,eBird,NA
Picoides dorsalis,SD,eBird,NA
Picoides arcticus,SD,eBird,NA
Dryobates pubescens,SD,eBird,NA
Leuconotopicus villosus,SD,eBird,NA
Dryocopus pileatus,SD,eBird,NA
Colaptes auratus,SD,eBird,NA
Caracara plancus,SD,eBird,NA
Falco sparverius,SD,eBird,NA
Falco columbarius,SD,eBird,NA
Falco rusticolus,SD,eBird,NA
Falco peregrinus,SD,eBird,NA
Falco mexicanus,SD,eBird,NA
Contopus cooperi,SD,eBird,NA
Contopus sordidulus,SD,eBird,NA
Contopus virens,SD,eBird,NA
Empidonax flaviventris,SD,eBird,NA
Empidonax virescens,SD,eBird,NA
Empidonax alnorum,SD,eBird,NA
Empidonax traillii,SD,eBird,NA
Empidonax minimus,SD,eBird,NA
Empidonax hammondii,SD,eBird,NA
Empidonax oberholseri,SD,eBird,NA
Empidonax difficilis,SD,eBird,NA
Sayornis phoebe,SD,eBird,NA
Sayornis saya,SD,eBird,NA
Pyrocephalus rubinus,SD,eBird,NA
Myiarchus cinerascens,SD,eBird,NA
Myiarchus crinitus,SD,eBird,NA
Pitangus sulphuratus,SD,eBird,NA
Tyrannus vociferans,SD,eBird,NA
Tyrannus verticalis,SD,eBird,NA
Tyrannus tyrannus,SD,eBird,NA
Tyrannus forficatus,SD,eBird,NA
Vireo griseus,SD,eBird,NA
Vireo bellii,SD,eBird,NA
Vireo flavifrons,SD,eBird,NA
Vireo cassinii,SD,eBird,NA
Vireo solitarius,SD,eBird,NA
Vireo plumbeus,SD,eBird,NA
Vireo philadelphicus,SD,eBird,NA
Vireo gilvus,SD,eBird,NA
Vireo swainsoni,SD,eBird,NA
Vireo olivaceus,SD,eBird,NA
Lanius ludovicianus,SD,eBird,NA
Lanius borealis,SD,eBird,NA
Perisoreus canadensis,SD,eBird,NA
Gymnorhinus cyanocephalus,SD,eBird,NA
Cyanocitta stelleri,SD,eBird,NA
Cyanocitta cristata,SD,eBird,NA
Pica hudsonia,SD,eBird,NA
Nucifraga columbiana,SD,eBird,NA
Corvus brachyrhynchos,SD,eBird,NA
Corvus corax,SD,eBird,NA
Poecile atricapillus,SD,eBird,NA
Poecile gambeli,SD,eBird,NA
Poecile hudsonicus,SD,eBird,NA
Baeolophus bicolor,SD,eBird,NA
Eremophila alpestris,SD,eBird,NA
Riparia riparia,SD,eBird,NA
Tachycineta bicolor,SD,eBird,NA
Tachycineta thalassina,SD,eBird,NA
Progne subis,SD,eBird,NA
Stelgidopteryx serripennis,SD,eBird,NA
Hirundo rustica,SD,eBird,NA
Petrochelidon pyrrhonota,SD,eBird,NA
Corthylio calendula,SD,eBird,NA
Regulus satrapa,SD,eBird,NA
Sitta carolinensis,SD,eBird,NA
Sitta pygmaea,SD,eBird,NA
Sitta canadensis,SD,eBird,NA
Certhia americana,SD,eBird,NA
Polioptila caerulea,SD,eBird,NA
Salpinctes obsoletus,SD,eBird,NA
Catherpes mexicanus,SD,eBird,NA
Troglodytes aedon,SD,eBird,NA
Troglodytes pacificus,SD,eBird,NA
Troglodytes hiemalis,SD,eBird,NA
Cistothorus stellaris,SD,eBird,NA
Cistothorus palustris,SD,eBird,NA
Thryothorus ludovicianus,SD,eBird,NA
Thryomanes bewickii,SD,eBird,NA
Cinclus mexicanus,SD,eBird,NA
Sturnus vulgaris,SD,eBird,NA
Dumetella carolinensis,SD,eBird,NA
Toxostoma curvirostre,SD,eBird,NA
Toxostoma rufum,SD,eBird,NA
Oreoscoptes montanus,SD,eBird,NA
Mimus polyglottos,SD,eBird,NA
Sialia sialis,SD,eBird,NA
Sialia mexicana,SD,eBird,NA
Sialia currucoides,SD,eBird,NA
Myadestes townsendi,SD,eBird,NA
Ixoreus naevius,SD,eBird,NA
Catharus aurantiirostris,SD,eBird,NA
Catharus fuscescens,SD,eBird,NA
Catharus minimus,SD,eBird,NA
Catharus ustulatus,SD,eBird,NA
Catharus guttatus,SD,eBird,NA
Hylocichla mustelina,SD,eBird,NA
Turdus migratorius,SD,eBird,NA
Bombycilla garrulus,SD,eBird,NA
Bombycilla cedrorum,SD,eBird,NA
Passer domesticus,SD,eBird,NA
Passer montanus,SD,eBird,NA
Anthus rubescens,SD,eBird,NA
Anthus spragueii,SD,eBird,NA
Fringilla montifringilla,SD,eBird,NA
Hesperiphona vespertina,SD,eBird,NA
Pinicola enucleator,SD,eBird,NA
Leucosticte tephrocotis,SD,eBird,NA
Haemorhous mexicanus,SD,eBird,NA
Haemorhous purpureus,SD,eBird,NA
Haemorhous cassinii,SD,eBird,NA
Acanthis flammea,SD,eBird,NA
Loxia curvirostra,SD,eBird,NA
Loxia leucoptera,SD,eBird,NA
Spinus pinus,SD,eBird,NA
Spinus psaltria,SD,eBird,NA
Spinus tristis,SD,eBird,NA
Calcarius lapponicus,SD,eBird,NA
Calcarius ornatus,SD,eBird,NA
Calcarius pictus,SD,eBird,NA
Rhynchophanes mccownii,SD,eBird,NA
Plectrophenax nivalis,SD,eBird,NA
Peucaea cassinii,SD,eBird,NA
Ammodramus savannarum,SD,eBird,NA
Spizella passerina,SD,eBird,NA
Spizella pallida,SD,eBird,NA
Spizella pusilla,SD,eBird,NA
Spizella breweri,SD,eBird,NA
Amphispiza bilineata,SD,eBird,NA
Chondestes grammacus,SD,eBird,NA
Calamospiza melanocorys,SD,eBird,NA
Spizelloides arborea,SD,eBird,NA
Passerella iliaca,SD,eBird,NA
Junco hyemalis,SD,eBird,NA
Zonotrichia leucophrys,SD,eBird,NA
Zonotrichia atricapilla,SD,eBird,NA
Zonotrichia querula,SD,eBird,NA
Zonotrichia albicollis,SD,eBird,NA
Artemisiospiza nevadensis,SD,eBird,NA
Pooecetes gramineus,SD,eBird,NA
Ammospiza leconteii,SD,eBird,NA
Ammospiza nelsoni,SD,eBird,NA
Passerculus sandwichensis,SD,eBird,NA
Centronyx bairdii,SD,eBird,NA
Centronyx henslowii,SD,eBird,NA
Melospiza melodia,SD,eBird,NA
Melospiza lincolnii,SD,eBird,NA
Melospiza georgiana,SD,eBird,NA
Pipilo chlorurus,SD,eBird,NA
Pipilo maculatus,SD,eBird,NA
Pipilo erythrophthalmus,SD,eBird,NA
Icteria virens,SD,eBird,NA
Xanthocephalus xanthocephalus,SD,eBird,NA
Dolichonyx oryzivorus,SD,eBird,NA
Sturnella neglecta,SD,eBird,NA
Sturnella magna,SD,eBird,NA
Icterus spurius,SD,eBird,NA
Icterus bullockii,SD,eBird,NA
Icterus galbula,SD,eBird,NA
Agelaius phoeniceus,SD,eBird,NA
Molothrus ater,SD,eBird,NA
Euphagus carolinus,SD,eBird,NA
Euphagus cyanocephalus,SD,eBird,NA
Quiscalus quiscula,SD,eBird,NA
Quiscalus mexicanus,SD,eBird,NA
Seiurus aurocapilla,SD,eBird,NA
Helmitheros vermivorum,SD,eBird,NA
Parkesia motacilla,SD,eBird,NA
Parkesia noveboracensis,SD,eBird,NA
Vermivora chrysoptera,SD,eBird,NA
Vermivora cyanoptera,SD,eBird,NA
Mniotilta varia,SD,eBird,NA
Protonotaria citrea,SD,eBird,NA
Leiothlypis peregrina,SD,eBird,NA
Leiothlypis celata,SD,eBird,NA
Leiothlypis ruficapilla,SD,eBird,NA
Leiothlypis virginiae,SD,eBird,NA
Oporornis agilis,SD,eBird,NA
Geothlypis tolmiei,SD,eBird,NA
Geothlypis philadelphia,SD,eBird,NA
Geothlypis formosa,SD,eBird,NA
Geothlypis trichas,SD,eBird,NA
Setophaga citrina,SD,eBird,NA
Setophaga ruticilla,SD,eBird,NA
Setophaga tigrina,SD,eBird,NA
Setophaga cerulea,SD,eBird,NA
Setophaga americana,SD,eBird,NA
Setophaga magnolia,SD,eBird,NA
Setophaga castanea,SD,eBird,NA
Setophaga fusca,SD,eBird,NA
Setophaga aestiva,SD,eBird,NA
Setophaga pensylvanica,SD,eBird,NA
Setophaga striata,SD,eBird,NA
Setophaga caerulescens,SD,eBird,NA
Setophaga palmarum,SD,eBird,NA
Setophaga pinus,SD,eBird,NA
Setophaga coronata,SD,eBird,NA
Setophaga dominica,SD,eBird,NA
Setophaga discolor,SD,eBird,NA
Setophaga nigrescens,SD,eBird,NA
Setophaga townsendi,SD,eBird,NA
Setophaga occidentalis,SD,eBird,NA
Setophaga virens,SD,eBird,NA
Cardellina canadensis,SD,eBird,NA
Cardellina pusilla,SD,eBird,NA
Myioborus pictus,SD,eBird,NA
Piranga rubra,SD,eBird,NA
Piranga olivacea,SD,eBird,NA
Piranga ludoviciana,SD,eBird,NA
Cardinalis cardinalis,SD,eBird,NA
Pheucticus ludovicianus,SD,eBird,NA
Pheucticus melanocephalus,SD,eBird,NA
Passerina caerulea,SD,eBird,NA
Passerina amoena,SD,eBird,NA
Passerina cyanea,SD,eBird,NA
Passerina ciris,SD,eBird,NA
Spiza americana,SD,eBird,NA
Dendrocygna autumnalis,TN,eBird,NA
Dendrocygna bicolor,TN,eBird,NA
Anser caerulescens,TN,eBird,NA
Anser rossii,TN,eBird,NA
Anser anser,TN,eBird,NA
Anser cygnoides,TN,eBird,NA
Anser albifrons,TN,eBird,NA
Branta bernicla,TN,eBird,NA
Branta leucopsis,TN,eBird,NA
Branta hutchinsii,TN,eBird,NA
Branta canadensis,TN,eBird,NA
Branta ruficollis,TN,eBird,NA
Cygnus olor,TN,eBird,NA
Cygnus atratus,TN,eBird,NA
Cygnus buccinator,TN,eBird,NA
Cygnus columbianus,TN,eBird,NA
Alopochen aegyptiaca,TN,eBird,NA
Tadorna ferruginea,TN,eBird,NA
Tadorna cana,TN,eBird,NA
Tadorna variegata,TN,eBird,NA
Tadorna tadorna,TN,eBird,NA
Cairina moschata,TN,eBird,NA
Callonetta leucophrys,TN,eBird,NA
Aix sponsa,TN,eBird,NA
Aix galericulata,TN,eBird,NA
Spatula querquedula,TN,eBird,NA
Spatula discors,TN,eBird,NA
Spatula cyanoptera,TN,eBird,NA
Spatula clypeata,TN,eBird,NA
Mareca strepera,TN,eBird,NA
Mareca penelope,TN,eBird,NA
Mareca americana,TN,eBird,NA
Mareca sibilatrix,TN,eBird,NA
Anas platyrhynchos,TN,eBird,NA
Anas rubripes,TN,eBird,NA
Anas fulvigula,TN,eBird,NA
Anas acuta,TN,eBird,NA
Anas crecca,TN,eBird,NA
Netta erythrophthalma,TN,eBird,NA
Aythya valisineria,TN,eBird,NA
Aythya americana,TN,eBird,NA
Aythya collaris,TN,eBird,NA
Aythya marila,TN,eBird,NA
Aythya affinis,TN,eBird,NA
Somateria spectabilis,TN,eBird,NA
Somateria mollissima,TN,eBird,NA
Histrionicus histrionicus,TN,eBird,NA
Melanitta perspicillata,TN,eBird,NA
Melanitta deglandi,TN,eBird,NA
Melanitta americana,TN,eBird,NA
Clangula hyemalis,TN,eBird,NA
Bucephala albeola,TN,eBird,NA
Bucephala clangula,TN,eBird,NA
Bucephala islandica,TN,eBird,NA
Lophodytes cucullatus,TN,eBird,NA
Mergus merganser,TN,eBird,NA
Mergus serrator,TN,eBird,NA
Oxyura jamaicensis,TN,eBird,NA
Numida meleagris,TN,eBird,NA
Colinus virginianus,TN,eBird,NA
Meleagris gallopavo,TN,eBird,NA
Bonasa umbellus,TN,eBird,NA
Chrysolophus pictus,TN,eBird,NA
Chrysolophus amherstiae,TN,eBird,NA
Phasianus colchicus,TN,eBird,NA
Phasianus versicolor,TN,eBird,NA
Pavo cristatus,TN,eBird,NA
Gallus gallus,TN,eBird,NA
Alectoris chukar,TN,eBird,NA
Columba livia,TN,eBird,NA
Patagioenas fasciata,TN,eBird,NA
Ectopistes migratorius,TN,eBird,NA
Streptopelia decaocto,TN,eBird,NA
Columbina inca,TN,eBird,NA
Columbina passerina,TN,eBird,NA
Zenaida asiatica,TN,eBird,NA
Zenaida macroura,TN,eBird,NA
Crotophaga sulcirostris,TN,eBird,NA
Coccyzus americanus,TN,eBird,NA
Coccyzus erythropthalmus,TN,eBird,NA
Chordeiles minor,TN,eBird,NA
Antrostomus carolinensis,TN,eBird,NA
Antrostomus vociferus,TN,eBird,NA
Chaetura pelagica,TN,eBird,NA
Aeronautes saxatalis,TN,eBird,NA
Colibri thalassinus,TN,eBird,NA
Archilochus colubris,TN,eBird,NA
Archilochus alexandri,TN,eBird,NA
Calypte anna,TN,eBird,NA
Selasphorus calliope,TN,eBird,NA
Selasphorus rufus,TN,eBird,NA
Selasphorus sasin,TN,eBird,NA
Selasphorus platycercus,TN,eBird,NA
Cynanthus latirostris,TN,eBird,NA
Rallus elegans,TN,eBird,NA
Rallus crepitans,TN,eBird,NA
Rallus limicola,TN,eBird,NA
Porzana carolina,TN,eBird,NA
Gallinula galeata,TN,eBird,NA
Fulica americana,TN,eBird,NA
Porphyrio martinica,TN,eBird,NA
Coturnicops noveboracensis,TN,eBird,NA
Laterallus jamaicensis,TN,eBird,NA
Aramus guarauna,TN,eBird,NA
Antigone canadensis,TN,eBird,NA
Grus americana,TN,eBird,NA
Grus monacha,TN,eBird,NA
Himantopus mexicanus,TN,eBird,NA
Recurvirostra americana,TN,eBird,NA
Pluvialis squatarola,TN,eBird,NA
Pluvialis dominica,TN,eBird,NA
Charadrius vociferus,TN,eBird,NA
Charadrius semipalmatus,TN,eBird,NA
Charadrius melodus,TN,eBird,NA
Anarhynchus wilsonia,TN,eBird,NA
Anarhynchus nivosus,TN,eBird,NA
Bartramia longicauda,TN,eBird,NA
Numenius hudsonicus,TN,eBird,NA
Numenius americanus,TN,eBird,NA
Limosa haemastica,TN,eBird,NA
Limosa fedoa,TN,eBird,NA
Limnodromus griseus,TN,eBird,NA
Limnodromus scolopaceus,TN,eBird,NA
Scolopax minor,TN,eBird,NA
Gallinago delicata,TN,eBird,NA
Phalaropus tricolor,TN,eBird,NA
Phalaropus fulicarius,TN,eBird,NA
Phalaropus lobatus,TN,eBird,NA
Actitis macularius,TN,eBird,NA
Tringa solitaria,TN,eBird,NA
Tringa flavipes,TN,eBird,NA
Tringa semipalmata,TN,eBird,NA
Tringa melanoleuca,TN,eBird,NA
Arenaria interpres,TN,eBird,NA
Calidris canutus,TN,eBird,NA
Calidris pugnax,TN,eBird,NA
Calidris acuminata,TN,eBird,NA
Calidris ferruginea,TN,eBird,NA
Calidris himantopus,TN,eBird,NA
Calidris ruficollis,TN,eBird,NA
Calidris subruficollis,TN,eBird,NA
Calidris alba,TN,eBird,NA
Calidris alpina,TN,eBird,NA
Calidris maritima,TN,eBird,NA
Calidris bairdii,TN,eBird,NA
Calidris minuta,TN,eBird,NA
Calidris fuscicollis,TN,eBird,NA
Calidris minutilla,TN,eBird,NA
Calidris melanotos,TN,eBird,NA
Calidris mauri,TN,eBird,NA
Calidris pusilla,TN,eBird,NA
Stercorarius longicaudus,TN,eBird,NA
Stercorarius parasiticus,TN,eBird,NA
Stercorarius pomarinus,TN,eBird,NA
Stercorarius maccormicki,TN,eBird,NA
Brachyramphus perdix,TN,eBird,NA
Synthliboramphus antiquus,TN,eBird,NA
Hydrocoloeus minutus,TN,eBird,NA
Rissa tridactyla,TN,eBird,NA
Pagophila eburnea,TN,eBird,NA
Xema sabini,TN,eBird,NA
Chroicocephalus philadelphia,TN,eBird,NA
Chroicocephalus ridibundus,TN,eBird,NA
Leucophaeus atricilla,TN,eBird,NA
Leucophaeus pipixcan,TN,eBird,NA
Larus delawarensis,TN,eBird,NA
Larus smithsonianus,TN,eBird,NA
Larus marinus,TN,eBird,NA
Larus hyperboreus,TN,eBird,NA
Larus fuscus,TN,eBird,NA
Larus californicus,TN,eBird,NA
Larus glaucoides,TN,eBird,NA
Rynchops niger,TN,eBird,NA
Anous stolidus,TN,eBird,NA
Onychoprion fuscatus,TN,eBird,NA
Onychoprion anaethetus,TN,eBird,NA
Sternula antillarum,TN,eBird,NA
Gelochelidon nilotica,TN,eBird,NA
Hydroprogne caspia,TN,eBird,NA
Chlidonias niger,TN,eBird,NA
Sterna forsteri,TN,eBird,NA
Sterna paradisaea,TN,eBird,NA
Sterna hirundo,TN,eBird,NA
Thalasseus sandvicensis,TN,eBird,NA
Thalasseus maximus,TN,eBird,NA
Phoenicopterus ruber,TN,eBird,NA
Podilymbus podiceps,TN,eBird,NA
Podiceps auritus,TN,eBird,NA
Podiceps grisegena,TN,eBird,NA
Podiceps nigricollis,TN,eBird,NA
Aechmophorus occidentalis,TN,eBird,NA
Aechmophorus clarkii,TN,eBird,NA
Gavia stellata,TN,eBird,NA
Gavia pacifica,TN,eBird,NA
Gavia immer,TN,eBird,NA
Gavia adamsii,TN,eBird,NA
Hydrobates castro,TN,eBird,NA
Pterodroma hasitata,TN,eBird,NA
Ardenna gravis,TN,eBird,NA
Mycteria americana,TN,eBird,NA
Fregata magnificens,TN,eBird,NA
Morus bassanus,TN,eBird,NA
Sula leucogaster,TN,eBird,NA
Anhinga anhinga,TN,eBird,NA
Phalacrocorax carbo,TN,eBird,NA
Nannopterum auritum,TN,eBird,NA
Nannopterum brasilianum,TN,eBird,NA
Eudocimus albus,TN,eBird,NA
Plegadis falcinellus,TN,eBird,NA
Plegadis chihi,TN,eBird,NA
Platalea ajaja,TN,eBird,NA
Botaurus lentiginosus,TN,eBird,NA
Botaurus exilis,TN,eBird,NA
Nyctanassa violacea,TN,eBird,NA
Nycticorax nycticorax,TN,eBird,NA
Egretta caerulea,TN,eBird,NA
Egretta tricolor,TN,eBird,NA
Egretta rufescens,TN,eBird,NA
Egretta thula,TN,eBird,NA
Butorides virescens,TN,eBird,NA
Ardea ibis,TN,eBird,NA
Ardea alba,TN,eBird,NA
Ardea herodias,TN,eBird,NA
Pelecanus erythrorhynchos,TN,eBird,NA
Pelecanus occidentalis,TN,eBird,NA
Coragyps atratus,TN,eBird,NA
Cathartes aura,TN,eBird,NA
Pandion haliaetus,TN,eBird,NA
Elanus leucurus,TN,eBird,NA
Elanoides forficatus,TN,eBird,NA
Aquila chrysaetos,TN,eBird,NA
Accipiter striatus,TN,eBird,NA
Astur cooperii,TN,eBird,NA
Astur atricapillus,TN,eBird,NA
Circus hudsonius,TN,eBird,NA
Haliaeetus leucocephalus,TN,eBird,NA
Ictinia mississippiensis,TN,eBird,NA
Rostrhamus sociabilis,TN,eBird,NA
Parabuteo unicinctus,TN,eBird,NA
Buteo platypterus,TN,eBird,NA
Buteo lineatus,TN,eBird,NA
Buteo swainsoni,TN,eBird,NA
Buteo jamaicensis,TN,eBird,NA
Buteo lagopus,TN,eBird,NA
Buteo regalis,TN,eBird,NA
Tyto furcata,TN,eBird,NA
Megascops asio,TN,eBird,NA
Bubo scandiacus,TN,eBird,NA
Bubo virginianus,TN,eBird,NA
Athene cunicularia,TN,eBird,NA
Strix varia,TN,eBird,NA
Asio otus,TN,eBird,NA
Asio flammeus,TN,eBird,NA
Aegolius acadicus,TN,eBird,NA
Megaceryle alcyon,TN,eBird,NA
Sphyrapicus varius,TN,eBird,NA
Melanerpes erythrocephalus,TN,eBird,NA
Melanerpes carolinus,TN,eBird,NA
Dryobates pubescens,TN,eBird,NA
Leuconotopicus borealis,TN,eBird,NA
Leuconotopicus villosus,TN,eBird,NA
Campephilus principalis,TN,eBird,NA
Dryocopus pileatus,TN,eBird,NA
Colaptes auratus,TN,eBird,NA
Caracara plancus,TN,eBird,NA
Falco sparverius,TN,eBird,NA
Falco columbarius,TN,eBird,NA
Falco rusticolus,TN,eBird,NA
Falco peregrinus,TN,eBird,NA
Falco mexicanus,TN,eBird,NA
Psittacula krameri,TN,eBird,NA
Melopsittacus undulatus,TN,eBird,NA
Myiopsitta monachus,TN,eBird,NA
Pionites melanocephalus,TN,eBird,NA
Conuropsis carolinensis,TN,eBird,NA
Aratinga nenday,TN,eBird,NA
Contopus cooperi,TN,eBird,NA
Contopus virens,TN,eBird,NA
Empidonax flaviventris,TN,eBird,NA
Empidonax virescens,TN,eBird,NA
Empidonax alnorum,TN,eBird,NA
Empidonax traillii,TN,eBird,NA
Empidonax minimus,TN,eBird,NA
Empidonax difficilis,TN,eBird,NA
Sayornis phoebe,TN,eBird,NA
Sayornis saya,TN,eBird,NA
Pyrocephalus rubinus,TN,eBird,NA
Myiarchus cinerascens,TN,eBird,NA
Myiarchus crinitus,TN,eBird,NA
Pitangus sulphuratus,TN,eBird,NA
Empidonomus varius,TN,eBird,NA
Tyrannus vociferans,TN,eBird,NA
Tyrannus verticalis,TN,eBird,NA
Tyrannus tyrannus,TN,eBird,NA
Tyrannus forficatus,TN,eBird,NA
Vireo griseus,TN,eBird,NA
Vireo bellii,TN,eBird,NA
Vireo flavifrons,TN,eBird,NA
Vireo solitarius,TN,eBird,NA
Vireo philadelphicus,TN,eBird,NA
Vireo gilvus,TN,eBird,NA
Vireo olivaceus,TN,eBird,NA
Lanius ludovicianus,TN,eBird,NA
Lanius borealis,TN,eBird,NA
Cyanocitta cristata,TN,eBird,NA
Corvus brachyrhynchos,TN,eBird,NA
Corvus ossifragus,TN,eBird,NA
Corvus corax,TN,eBird,NA
Poecile carolinensis,TN,eBird,NA
Poecile atricapillus,TN,eBird,NA
Baeolophus bicolor,TN,eBird,NA
Eremophila alpestris,TN,eBird,NA
Riparia riparia,TN,eBird,NA
Tachycineta bicolor,TN,eBird,NA
Tachycineta thalassina,TN,eBird,NA
Progne subis,TN,eBird,NA
Stelgidopteryx serripennis,TN,eBird,NA
Hirundo rustica,TN,eBird,NA
Petrochelidon pyrrhonota,TN,eBird,NA
Petrochelidon fulva,TN,eBird,NA
Corthylio calendula,TN,eBird,NA
Regulus satrapa,TN,eBird,NA
Sitta carolinensis,TN,eBird,NA
Sitta pusilla,TN,eBird,NA
Sitta canadensis,TN,eBird,NA
Certhia americana,TN,eBird,NA
Polioptila caerulea,TN,eBird,NA
Salpinctes obsoletus,TN,eBird,NA
Troglodytes aedon,TN,eBird,NA
Troglodytes hiemalis,TN,eBird,NA
Cistothorus stellaris,TN,eBird,NA
Cistothorus palustris,TN,eBird,NA
Thryothorus ludovicianus,TN,eBird,NA
Thryomanes bewickii,TN,eBird,NA
Sturnus vulgaris,TN,eBird,NA
Dumetella carolinensis,TN,eBird,NA
Toxostoma rufum,TN,eBird,NA
Oreoscoptes montanus,TN,eBird,NA
Mimus polyglottos,TN,eBird,NA
Sialia sialis,TN,eBird,NA
Myadestes townsendi,TN,eBird,NA
Ixoreus naevius,TN,eBird,NA
Catharus fuscescens,TN,eBird,NA
Catharus minimus,TN,eBird,NA
Catharus ustulatus,TN,eBird,NA
Catharus guttatus,TN,eBird,NA
Hylocichla mustelina,TN,eBird,NA
Turdus migratorius,TN,eBird,NA
Oenanthe oenanthe,TN,eBird,NA
Bombycilla garrulus,TN,eBird,NA
Bombycilla cedrorum,TN,eBird,NA
Taeniopygia guttata,TN,eBird,NA
Lonchura punctulata,TN,eBird,NA
Lonchura malacca,TN,eBird,NA
Passer domesticus,TN,eBird,NA
Anthus rubescens,TN,eBird,NA
Anthus spragueii,TN,eBird,NA
Hesperiphona vespertina,TN,eBird,NA
Pinicola enucleator,TN,eBird,NA
Haemorhous mexicanus,TN,eBird,NA
Haemorhous purpureus,TN,eBird,NA
Acanthis flammea,TN,eBird,NA
Loxia curvirostra,TN,eBird,NA
Loxia leucoptera,TN,eBird,NA
Carduelis carduelis,TN,eBird,NA
Spinus pinus,TN,eBird,NA
Spinus psaltria,TN,eBird,NA
Spinus tristis,TN,eBird,NA
Calcarius lapponicus,TN,eBird,NA
Calcarius ornatus,TN,eBird,NA
Calcarius pictus,TN,eBird,NA
Rhynchophanes mccownii,TN,eBird,NA
Plectrophenax nivalis,TN,eBird,NA
Peucaea aestivalis,TN,eBird,NA
Ammodramus savannarum,TN,eBird,NA
Spizella passerina,TN,eBird,NA
Spizella pallida,TN,eBird,NA
Spizella pusilla,TN,eBird,NA
Amphispiza bilineata,TN,eBird,NA
Chondestes grammacus,TN,eBird,NA
Calamospiza melanocorys,TN,eBird,NA
Spizelloides arborea,TN,eBird,NA
Passerella iliaca,TN,eBird,NA
Junco hyemalis,TN,eBird,NA
Zonotrichia leucophrys,TN,eBird,NA
Zonotrichia atricapilla,TN,eBird,NA
Zonotrichia querula,TN,eBird,NA
Zonotrichia albicollis,TN,eBird,NA
Pooecetes gramineus,TN,eBird,NA
Ammospiza leconteii,TN,eBird,NA
Ammospiza nelsoni,TN,eBird,NA
Passerculus sandwichensis,TN,eBird,NA
Centronyx henslowii,TN,eBird,NA
Melospiza melodia,TN,eBird,NA
Melospiza lincolnii,TN,eBird,NA
Melospiza georgiana,TN,eBird,NA
Pipilo chlorurus,TN,eBird,NA
Pipilo maculatus,TN,eBird,NA
Pipilo erythrophthalmus,TN,eBird,NA
Icteria virens,TN,eBird,NA
Xanthocephalus xanthocephalus,TN,eBird,NA
Dolichonyx oryzivorus,TN,eBird,NA
Sturnella neglecta,TN,eBird,NA
Sturnella magna,TN,eBird,NA
Icterus spurius,TN,eBird,NA
Icterus cucullatus,TN,eBird,NA
Icterus icterus,TN,eBird,NA
Icterus bullockii,TN,eBird,NA
Icterus galbula,TN,eBird,NA
Icterus parisorum,TN,eBird,NA
Agelaius phoeniceus,TN,eBird,NA
Molothrus bonariensis,TN,eBird,NA
Molothrus aeneus,TN,eBird,NA
Molothrus ater,TN,eBird,NA
Euphagus carolinus,TN,eBird,NA
Euphagus cyanocephalus,TN,eBird,NA
Quiscalus quiscula,TN,eBird,NA
Quiscalus major,TN,eBird,NA
Quiscalus mexicanus,TN,eBird,NA
Seiurus aurocapilla,TN,eBird,NA
Helmitheros vermivorum,TN,eBird,NA
Parkesia motacilla,TN,eBird,NA
Parkesia noveboracensis,TN,eBird,NA
Vermivora chrysoptera,TN,eBird,NA
Vermivora cyanoptera,TN,eBird,NA
Mniotilta varia,TN,eBird,NA
Protonotaria citrea,TN,eBird,NA
Limnothlypis swainsonii,TN,eBird,NA
Leiothlypis peregrina,TN,eBird,NA
Leiothlypis celata,TN,eBird,NA
Leiothlypis ruficapilla,TN,eBird,NA
Leiothlypis virginiae,TN,eBird,NA
Oporornis agilis,TN,eBird,NA
Geothlypis tolmiei,TN,eBird,NA
Geothlypis philadelphia,TN,eBird,NA
Geothlypis formosa,TN,eBird,NA
Geothlypis trichas,TN,eBird,NA
Setophaga citrina,TN,eBird,NA
Setophaga ruticilla,TN,eBird,NA
Setophaga kirtlandii,TN,eBird,NA
Setophaga tigrina,TN,eBird,NA
Setophaga cerulea,TN,eBird,NA
Setophaga americana,TN,eBird,NA
Setophaga magnolia,TN,eBird,NA
Setophaga castanea,TN,eBird,NA
Setophaga fusca,TN,eBird,NA
Setophaga aestiva,TN,eBird,NA
Setophaga pensylvanica,TN,eBird,NA
Setophaga striata,TN,eBird,NA
Setophaga caerulescens,TN,eBird,NA
Setophaga palmarum,TN,eBird,NA
Setophaga pinus,TN,eBird,NA
Setophaga coronata,TN,eBird,NA
Setophaga dominica,TN,eBird,NA
Setophaga discolor,TN,eBird,NA
Setophaga nigrescens,TN,eBird,NA
Setophaga townsendi,TN,eBird,NA
Setophaga virens,TN,eBird,NA
Cardellina canadensis,TN,eBird,NA
Cardellina pusilla,TN,eBird,NA
Piranga rubra,TN,eBird,NA
Piranga olivacea,TN,eBird,NA
Piranga ludoviciana,TN,eBird,NA
Cardinalis cardinalis,TN,eBird,NA
Pheucticus ludovicianus,TN,eBird,NA
Pheucticus melanocephalus,TN,eBird,NA
Passerina caerulea,TN,eBird,NA
Passerina amoena,TN,eBird,NA
Passerina cyanea,TN,eBird,NA
Passerina ciris,TN,eBird,NA
Spiza americana,TN,eBird,NA
Dromaius novaehollandiae,TX,eBird,NA
Rhea americana,TX,eBird,NA
Anseranas semipalmata,TX,eBird,NA
Dendrocygna viduata,TX,eBird,NA
Dendrocygna autumnalis,TX,eBird,NA
Dendrocygna arborea,TX,eBird,NA
Dendrocygna bicolor,TX,eBird,NA
Anser indicus,TX,eBird,NA
Anser caerulescens,TX,eBird,NA
Anser rossii,TX,eBird,NA
Anser anser,TX,eBird,NA
Anser cygnoides,TX,eBird,NA
Anser albifrons,TX,eBird,NA
Branta bernicla,TX,eBird,NA
Branta leucopsis,TX,eBird,NA
Branta hutchinsii,TX,eBird,NA
Branta canadensis,TX,eBird,NA
Cygnus olor,TX,eBird,NA
Cygnus atratus,TX,eBird,NA
Cygnus melancoryphus,TX,eBird,NA
Cygnus buccinator,TX,eBird,NA
Cygnus columbianus,TX,eBird,NA
Cygnus cygnus,TX,eBird,NA
Coscoroba coscoroba,TX,eBird,NA
Alopochen aegyptiaca,TX,eBird,NA
Tadorna ferruginea,TX,eBird,NA
Tadorna cana,TX,eBird,NA
Tadorna tadorna,TX,eBird,NA
Lophonetta specularioides,TX,eBird,NA
Cairina moschata,TX,eBird,NA
Callonetta leucophrys,TX,eBird,NA
Aix sponsa,TX,eBird,NA
Aix galericulata,TX,eBird,NA
Spatula querquedula,TX,eBird,NA
Spatula versicolor,TX,eBird,NA
Spatula discors,TX,eBird,NA
Spatula cyanoptera,TX,eBird,NA
Spatula clypeata,TX,eBird,NA
Mareca strepera,TX,eBird,NA
Mareca falcata,TX,eBird,NA
Mareca penelope,TX,eBird,NA
Mareca americana,TX,eBird,NA
Mareca sibilatrix,TX,eBird,NA
Anas platyrhynchos,TX,eBird,NA
Anas diazi,TX,eBird,NA
Anas rubripes,TX,eBird,NA
Anas fulvigula,TX,eBird,NA
Anas bahamensis,TX,eBird,NA
Anas acuta,TX,eBird,NA
Anas crecca,TX,eBird,NA
Marmaronetta angustirostris,TX,eBird,NA
Netta rufina,TX,eBird,NA
Netta peposaca,TX,eBird,NA
Aythya valisineria,TX,eBird,NA
Aythya americana,TX,eBird,NA
Aythya collaris,TX,eBird,NA
Aythya nyroca,TX,eBird,NA
Aythya marila,TX,eBird,NA
Aythya affinis,TX,eBird,NA
Somateria spectabilis,TX,eBird,NA
Somateria mollissima,TX,eBird,NA
Histrionicus histrionicus,TX,eBird,NA
Melanitta perspicillata,TX,eBird,NA
Melanitta deglandi,TX,eBird,NA
Melanitta americana,TX,eBird,NA
Clangula hyemalis,TX,eBird,NA
Bucephala albeola,TX,eBird,NA
Bucephala clangula,TX,eBird,NA
Bucephala islandica,TX,eBird,NA
Lophodytes cucullatus,TX,eBird,NA
Mergus merganser,TX,eBird,NA
Mergus serrator,TX,eBird,NA
Nomonyx dominicus,TX,eBird,NA
Oxyura jamaicensis,TX,eBird,NA
Ortalis vetula,TX,eBird,NA
Numida meleagris,TX,eBird,NA
Colinus virginianus,TX,eBird,NA
Callipepla squamata,TX,eBird,NA
Callipepla californica,TX,eBird,NA
Callipepla gambelii,TX,eBird,NA
Cyrtonyx montezumae,TX,eBird,NA
Meleagris gallopavo,TX,eBird,NA
Tympanuchus cupido,TX,eBird,NA
Tympanuchus pallidicinctus,TX,eBird,NA
Perdix perdix,TX,eBird,NA
Chrysolophus pictus,TX,eBird,NA
Chrysolophus amherstiae,TX,eBird,NA
Phasianus colchicus,TX,eBird,NA
Phasianus versicolor,TX,eBird,NA
Pavo cristatus,TX,eBird,NA
Gallus gallus,TX,eBird,NA
Alectoris chukar,TX,eBird,NA
Columba livia,TX,eBird,NA
Columba palumbus,TX,eBird,NA
Patagioenas leucocephala,TX,eBird,NA
Patagioenas flavirostris,TX,eBird,NA
Patagioenas fasciata,TX,eBird,NA
Streptopelia decaocto,TX,eBird,NA
Streptopelia roseogrisea,TX,eBird,NA
Streptopelia capicola,TX,eBird,NA
Geopelia cuneata,TX,eBird,NA
Columbina inca,TX,eBird,NA
Columbina passerina,TX,eBird,NA
Columbina talpacoti,TX,eBird,NA
Geotrygon montana,TX,eBird,NA
Leptotila verreauxi,TX,eBird,NA
Zenaida asiatica,TX,eBird,NA
Zenaida macroura,TX,eBird,NA
Crotophaga ani,TX,eBird,NA
Crotophaga sulcirostris,TX,eBird,NA
Geococcyx californianus,TX,eBird,NA
Coccyzus melacoryphus,TX,eBird,NA
Coccyzus americanus,TX,eBird,NA
Coccyzus minor,TX,eBird,NA
Coccyzus erythropthalmus,TX,eBird,NA
Chordeiles acutipennis,TX,eBird,NA
Chordeiles minor,TX,eBird,NA
Nyctidromus albicollis,TX,eBird,NA
Phalaenoptilus nuttallii,TX,eBird,NA
Antrostomus carolinensis,TX,eBird,NA
Antrostomus vociferus,TX,eBird,NA
Antrostomus arizonae,TX,eBird,NA
Cypseloides niger,TX,eBird,NA
Streptoprocne zonaris,TX,eBird,NA
Chaetura pelagica,TX,eBird,NA
Chaetura vauxi,TX,eBird,NA
Aeronautes saxatalis,TX,eBird,NA
Colibri thalassinus,TX,eBird,NA
Anthracothorax prevostii,TX,eBird,NA
Eugenes fulgens,TX,eBird,NA
Lampornis amethystinus,TX,eBird,NA
Lampornis clemenciae,TX,eBird,NA
Calothorax lucifer,TX,eBird,NA
Archilochus colubris,TX,eBird,NA
Archilochus alexandri,TX,eBird,NA
Calypte anna,TX,eBird,NA
Calypte costae,TX,eBird,NA
Selasphorus calliope,TX,eBird,NA
Selasphorus rufus,TX,eBird,NA
Selasphorus sasin,TX,eBird,NA
Selasphorus platycercus,TX,eBird,NA
Cynanthus latirostris,TX,eBird,NA
Basilinna leucotis,TX,eBird,NA
Ramosomyia violiceps,TX,eBird,NA
Saucerottia beryllina,TX,eBird,NA
Amazilia yucatanensis,TX,eBird,NA
Rallus elegans,TX,eBird,NA
Rallus crepitans,TX,eBird,NA
Rallus limicola,TX,eBird,NA
Pardirallus maculatus,TX,eBird,NA
Mustelirallus erythrops,TX,eBird,NA
Porzana carolina,TX,eBird,NA
Gallinula galeata,TX,eBird,NA
Fulica americana,TX,eBird,NA
Porphyrio martinica,TX,eBird,NA
Coturnicops noveboracensis,TX,eBird,NA
Laterallus jamaicensis,TX,eBird,NA
Aramus guarauna,TX,eBird,NA
Balearica regulorum,TX,eBird,NA
Antigone canadensis,TX,eBird,NA
Grus americana,TX,eBird,NA
Grus grus,TX,eBird,NA
Hesperoburhinus bistriatus,TX,eBird,NA
Himantopus mexicanus,TX,eBird,NA
Recurvirostra americana,TX,eBird,NA
Haematopus palliatus,TX,eBird,NA
Pluvialis squatarola,TX,eBird,NA
Pluvialis dominica,TX,eBird,NA
Pluvialis fulva,TX,eBird,NA
Charadrius vociferus,TX,eBird,NA
Charadrius semipalmatus,TX,eBird,NA
Charadrius melodus,TX,eBird,NA
Vanellus chilensis,TX,eBird,NA
Anarhynchus wilsonia,TX,eBird,NA
Anarhynchus collaris,TX,eBird,NA
Anarhynchus montanus,TX,eBird,NA
Anarhynchus nivosus,TX,eBird,NA
Jacana spinosa,TX,eBird,NA
Bartramia longicauda,TX,eBird,NA
Numenius hudsonicus,TX,eBird,NA
Numenius phaeopus,TX,eBird,NA
Numenius borealis,TX,eBird,NA
Numenius americanus,TX,eBird,NA
Limosa lapponica,TX,eBird,NA
Limosa limosa,TX,eBird,NA
Limosa haemastica,TX,eBird,NA
Limosa fedoa,TX,eBird,NA
Limnodromus griseus,TX,eBird,NA
Limnodromus scolopaceus,TX,eBird,NA
Scolopax minor,TX,eBird,NA
Gallinago delicata,TX,eBird,NA
Phalaropus tricolor,TX,eBird,NA
Phalaropus fulicarius,TX,eBird,NA
Phalaropus lobatus,TX,eBird,NA
Actitis macularius,TX,eBird,NA
Tringa solitaria,TX,eBird,NA
Tringa incana,TX,eBird,NA
Tringa flavipes,TX,eBird,NA
Tringa semipalmata,TX,eBird,NA
Tringa erythropus,TX,eBird,NA
Tringa melanoleuca,TX,eBird,NA
Arenaria interpres,TX,eBird,NA
Arenaria melanocephala,TX,eBird,NA
Calidris canutus,TX,eBird,NA
Calidris virgata,TX,eBird,NA
Calidris pugnax,TX,eBird,NA
Calidris acuminata,TX,eBird,NA
Calidris ferruginea,TX,eBird,NA
Calidris himantopus,TX,eBird,NA
Calidris ruficollis,TX,eBird,NA
Calidris subruficollis,TX,eBird,NA
Calidris alba,TX,eBird,NA
Calidris alpina,TX,eBird,NA
Calidris maritima,TX,eBird,NA
Calidris bairdii,TX,eBird,NA
Calidris fuscicollis,TX,eBird,NA
Calidris minutilla,TX,eBird,NA
Calidris melanotos,TX,eBird,NA
Calidris mauri,TX,eBird,NA
Calidris pusilla,TX,eBird,NA
Stercorarius longicaudus,TX,eBird,NA
Stercorarius parasiticus,TX,eBird,NA
Stercorarius pomarinus,TX,eBird,NA
Stercorarius maccormicki,TX,eBird,NA
Hydrocoloeus minutus,TX,eBird,NA
Rissa tridactyla,TX,eBird,NA
Xema sabini,TX,eBird,NA
Chroicocephalus philadelphia,TX,eBird,NA
Chroicocephalus ridibundus,TX,eBird,NA
Leucophaeus modestus,TX,eBird,NA
Leucophaeus atricilla,TX,eBird,NA
Leucophaeus pipixcan,TX,eBird,NA
Larus crassirostris,TX,eBird,NA
Larus heermanni,TX,eBird,NA
Larus brachyrhynchus,TX,eBird,NA
Larus delawarensis,TX,eBird,NA
Larus livens,TX,eBird,NA
Larus occidentalis,TX,eBird,NA
Larus dominicanus,TX,eBird,NA
Larus smithsonianus,TX,eBird,NA
Larus vegae,TX,eBird,NA
Larus argentatus,TX,eBird,NA
Larus michahellis,TX,eBird,NA
Larus marinus,TX,eBird,NA
Larus hyperboreus,TX,eBird,NA
Larus fuscus,TX,eBird,NA
Larus californicus,TX,eBird,NA
Larus glaucescens,TX,eBird,NA
Larus schistisagus,TX,eBird,NA
Larus glaucoides,TX,eBird,NA
Rynchops niger,TX,eBird,NA
Anous stolidus,TX,eBird,NA
Anous minutus,TX,eBird,NA
Onychoprion fuscatus,TX,eBird,NA
Onychoprion anaethetus,TX,eBird,NA
Sternula antillarum,TX,eBird,NA
Gelochelidon nilotica,TX,eBird,NA
Hydroprogne caspia,TX,eBird,NA
Chlidonias niger,TX,eBird,NA
Sterna forsteri,TX,eBird,NA
Sterna paradisaea,TX,eBird,NA
Sterna hirundo,TX,eBird,NA
Sterna dougallii,TX,eBird,NA
Thalasseus sandvicensis,TX,eBird,NA
Thalasseus elegans,TX,eBird,NA
Thalasseus maximus,TX,eBird,NA
Phoenicopterus ruber,TX,eBird,NA
Phoenicopterus roseus,TX,eBird,NA
Phoeniconaias minor,TX,eBird,NA
Tachybaptus dominicus,TX,eBird,NA
Podilymbus podiceps,TX,eBird,NA
Podiceps auritus,TX,eBird,NA
Podiceps grisegena,TX,eBird,NA
Podiceps nigricollis,TX,eBird,NA
Aechmophorus occidentalis,TX,eBird,NA
Aechmophorus clarkii,TX,eBird,NA
Phaethon lepturus,TX,eBird,NA
Phaethon aethereus,TX,eBird,NA
Gavia stellata,TX,eBird,NA
Gavia pacifica,TX,eBird,NA
Gavia immer,TX,eBird,NA
Gavia adamsii,TX,eBird,NA
Thalassarche chlororhynchos,TX,eBird,NA
Oceanites oceanicus,TX,eBird,NA
Hydrobates leucorhous,TX,eBird,NA
Hydrobates castro,TX,eBird,NA
Pterodroma arminjoniana,TX,eBird,NA
Pterodroma hasitata,TX,eBird,NA
Pterodroma longirostris,TX,eBird,NA
Procellaria aequinoctialis,TX,eBird,NA
Calonectris borealis,TX,eBird,NA
Calonectris diomedea,TX,eBird,NA
Ardenna gravis,TX,eBird,NA
Ardenna pacifica,TX,eBird,NA
Ardenna grisea,TX,eBird,NA
Puffinus puffinus,TX,eBird,NA
Puffinus lherminieri,TX,eBird,NA
Jabiru mycteria,TX,eBird,NA
Mycteria americana,TX,eBird,NA
Fregata magnificens,TX,eBird,NA
Morus bassanus,TX,eBird,NA
Sula sula,TX,eBird,NA
Sula leucogaster,TX,eBird,NA
Sula dactylatra,TX,eBird,NA
Sula nebouxii,TX,eBird,NA
Anhinga anhinga,TX,eBird,NA
Nannopterum auritum,TX,eBird,NA
Nannopterum brasilianum,TX,eBird,NA
Eudocimus albus,TX,eBird,NA
Plegadis falcinellus,TX,eBird,NA
Plegadis chihi,TX,eBird,NA
Platalea ajaja,TX,eBird,NA
Tigrisoma mexicanum,TX,eBird,NA
Botaurus lentiginosus,TX,eBird,NA
Botaurus exilis,TX,eBird,NA
Nyctanassa violacea,TX,eBird,NA
Nycticorax nycticorax,TX,eBird,NA
Egretta caerulea,TX,eBird,NA
Egretta tricolor,TX,eBird,NA
Egretta rufescens,TX,eBird,NA
Egretta thula,TX,eBird,NA
Butorides virescens,TX,eBird,NA
Ardea ibis,TX,eBird,NA
Ardea alba,TX,eBird,NA
Ardea herodias,TX,eBird,NA
Pelecanus erythrorhynchos,TX,eBird,NA
Pelecanus occidentalis,TX,eBird,NA
Coragyps atratus,TX,eBird,NA
Cathartes aura,TX,eBird,NA
Pandion haliaetus,TX,eBird,NA
Elanus leucurus,TX,eBird,NA
Chondrohierax uncinatus,TX,eBird,NA
Elanoides forficatus,TX,eBird,NA
Aquila chrysaetos,TX,eBird,NA
Accipiter striatus,TX,eBird,NA
Astur cooperii,TX,eBird,NA
Astur atricapillus,TX,eBird,NA
Circus hudsonius,TX,eBird,NA
Harpagus bidentatus,TX,eBird,NA
Haliaeetus leucocephalus,TX,eBird,NA
Haliaeetus pelagicus,TX,eBird,NA
Ictinia mississippiensis,TX,eBird,NA
Geranospiza caerulescens,TX,eBird,NA
Rostrhamus sociabilis,TX,eBird,NA
Buteogallus anthracinus,TX,eBird,NA
Buteogallus urubitinga,TX,eBird,NA
Rupornis magnirostris,TX,eBird,NA
Parabuteo unicinctus,TX,eBird,NA
Geranoaetus albicaudatus,TX,eBird,NA
Buteo plagiatus,TX,eBird,NA
Buteo platypterus,TX,eBird,NA
Buteo lineatus,TX,eBird,NA
Buteo albonotatus,TX,eBird,NA
Buteo brachyurus,TX,eBird,NA
Buteo swainsoni,TX,eBird,NA
Buteo jamaicensis,TX,eBird,NA
Buteo lagopus,TX,eBird,NA
Buteo regalis,TX,eBird,NA
Tyto furcata,TX,eBird,NA
Psiloscops flammeolus,TX,eBird,NA
Megascops kennicottii,TX,eBird,NA
Megascops asio,TX,eBird,NA
Bubo scandiacus,TX,eBird,NA
Bubo virginianus,TX,eBird,NA
Glaucidium gnoma,TX,eBird,NA
Glaucidium brasilianum,TX,eBird,NA
Micrathene whitneyi,TX,eBird,NA
Athene cunicularia,TX,eBird,NA
Strix virgata,TX,eBird,NA
Strix occidentalis,TX,eBird,NA
Strix varia,TX,eBird,NA
Asio otus,TX,eBird,NA
Asio stygius,TX,eBird,NA
Asio flammeus,TX,eBird,NA
Aegolius acadicus,TX,eBird,NA
Trogon ambiguus,TX,eBird,NA
Tockus kempi,TX,eBird,NA
Megaceryle torquata,TX,eBird,NA
Megaceryle alcyon,TX,eBird,NA
Chloroceryle amazona,TX,eBird,NA
Chloroceryle americana,TX,eBird,NA
Ramphastos sulfuratus,TX,eBird,NA
Sphyrapicus thyroideus,TX,eBird,NA
Sphyrapicus varius,TX,eBird,NA
Sphyrapicus nuchalis,TX,eBird,NA
Sphyrapicus ruber,TX,eBird,NA
Melanerpes lewis,TX,eBird,NA
Melanerpes erythrocephalus,TX,eBird,NA
Melanerpes formicivorus,TX,eBird,NA
Melanerpes aurifrons,TX,eBird,NA
Melanerpes carolinus,TX,eBird,NA
Dryobates pubescens,TX,eBird,NA
Dryobates scalaris,TX,eBird,NA
Leuconotopicus borealis,TX,eBird,NA
Leuconotopicus villosus,TX,eBird,NA
Campephilus principalis,TX,eBird,NA
Dryocopus pileatus,TX,eBird,NA
Colaptes auratus,TX,eBird,NA
Micrastur semitorquatus,TX,eBird,NA
Caracara plancus,TX,eBird,NA
Daptrius chimachima,TX,eBird,NA
Falco sparverius,TX,eBird,NA
Falco columbarius,TX,eBird,NA
Falco femoralis,TX,eBird,NA
Falco rufigularis,TX,eBird,NA
Falco rusticolus,TX,eBird,NA
Falco peregrinus,TX,eBird,NA
Falco mexicanus,TX,eBird,NA
Nymphicus hollandicus,TX,eBird,NA
Cacatua sanguinea,TX,eBird,NA
Cacatua galerita,TX,eBird,NA
Psittacula eupatria,TX,eBird,NA
Psittacula krameri,TX,eBird,NA
Psephotus haematonotus,TX,eBird,NA
Melopsittacus undulatus,TX,eBird,NA
Agapornis roseicollis,TX,eBird,NA
Agapornis fischeri,TX,eBird,NA
Agapornis lilianae,TX,eBird,NA
Bolborhynchus lineola,TX,eBird,NA
Myiopsitta monachus,TX,eBird,NA
Brotogeris versicolurus,TX,eBird,NA
Brotogeris chiriri,TX,eBird,NA
Pionus senilis,TX,eBird,NA
Amazona viridigenalis,TX,eBird,NA
Amazona finschi,TX,eBird,NA
Amazona autumnalis,TX,eBird,NA
Amazona auropalliata,TX,eBird,NA
Amazona oratrix,TX,eBird,NA
Amazona ochrocephala,TX,eBird,NA
Amazona albifrons,TX,eBird,NA
Amazona xantholora,TX,eBird,NA
Pyrrhura molinae,TX,eBird,NA
Anodorhynchus hyacinthinus,TX,eBird,NA
Eupsittula nana,TX,eBird,NA
Eupsittula canicularis,TX,eBird,NA
Aratinga nenday,TX,eBird,NA
Aratinga solstitialis,TX,eBird,NA
Ara ararauna,TX,eBird,NA
Ara severus,TX,eBird,NA
Ara militaris,TX,eBird,NA
Ara macao,TX,eBird,NA
Thectocercus acuticaudatus,TX,eBird,NA
Psittacara holochlorus,TX,eBird,NA
Psittacara mitratus,TX,eBird,NA
Psittacara erythrogenys,TX,eBird,NA
Thamnophilus doliatus,TX,eBird,NA
Tityra semifasciata,TX,eBird,NA
Pachyramphus major,TX,eBird,NA
Pachyramphus aglaiae,TX,eBird,NA
Camptostoma imberbe,TX,eBird,NA
Myiopagis viridicata,TX,eBird,NA
Elaenia parvirostris,TX,eBird,NA
Elaenia albiceps,TX,eBird,NA
Mitrephanes phaeocercus,TX,eBird,NA
Contopus cooperi,TX,eBird,NA
Contopus pertinax,TX,eBird,NA
Contopus sordidulus,TX,eBird,NA
Contopus virens,TX,eBird,NA
Empidonax flaviventris,TX,eBird,NA
Empidonax virescens,TX,eBird,NA
Empidonax alnorum,TX,eBird,NA
Empidonax traillii,TX,eBird,NA
Empidonax minimus,TX,eBird,NA
Empidonax hammondii,TX,eBird,NA
Empidonax wrightii,TX,eBird,NA
Empidonax oberholseri,TX,eBird,NA
Empidonax difficilis,TX,eBird,NA
Empidonax fulvifrons,TX,eBird,NA
Sayornis nigricans,TX,eBird,NA
Sayornis phoebe,TX,eBird,NA
Sayornis saya,TX,eBird,NA
Pyrocephalus rubinus,TX,eBird,NA
Myiarchus tuberculifer,TX,eBird,NA
Myiarchus cinerascens,TX,eBird,NA
Myiarchus nuttingi,TX,eBird,NA
Myiarchus crinitus,TX,eBird,NA
Myiarchus tyrannulus,TX,eBird,NA
Machetornis rixosa,TX,eBird,NA
Pitangus sulphuratus,TX,eBird,NA
Myiozetetes similis,TX,eBird,NA
Myiodynastes luteiventris,TX,eBird,NA
Legatus leucophaius,TX,eBird,NA
Empidonomus varius,TX,eBird,NA
Tyrannus melancholicus,TX,eBird,NA
Tyrannus couchii,TX,eBird,NA
Tyrannus vociferans,TX,eBird,NA
Tyrannus crassirostris,TX,eBird,NA
Tyrannus verticalis,TX,eBird,NA
Tyrannus tyrannus,TX,eBird,NA
Tyrannus dominicensis,TX,eBird,NA
Tyrannus forficatus,TX,eBird,NA
Tyrannus savana,TX,eBird,NA
Vireo atricapilla,TX,eBird,NA
Vireo griseus,TX,eBird,NA
Vireo bellii,TX,eBird,NA
Vireo vicinior,TX,eBird,NA
Vireo huttoni,TX,eBird,NA
Vireo flavifrons,TX,eBird,NA
Vireo cassinii,TX,eBird,NA
Vireo solitarius,TX,eBird,NA
Vireo plumbeus,TX,eBird,NA
Vireo philadelphicus,TX,eBird,NA
Vireo gilvus,TX,eBird,NA
Vireo swainsoni,TX,eBird,NA
Vireo olivaceus,TX,eBird,NA
Vireo flavoviridis,TX,eBird,NA
Vireo altiloquus,TX,eBird,NA
Vireo magister,TX,eBird,NA
Lanius ludovicianus,TX,eBird,NA
Lanius borealis,TX,eBird,NA
Cyanocorax colliei,TX,eBird,NA
Cyanocorax morio,TX,eBird,NA
Cyanocorax yncas,TX,eBird,NA
Cyanocorax yucatanicus,TX,eBird,NA
Cyanocorax beecheii,TX,eBird,NA
Cyanocorax sanblasianus,TX,eBird,NA
Gymnorhinus cyanocephalus,TX,eBird,NA
Cyanocitta stelleri,TX,eBird,NA
Cyanocitta cristata,TX,eBird,NA
Aphelocoma woodhouseii,TX,eBird,NA
Aphelocoma wollweberi,TX,eBird,NA
Pica hudsonia,TX,eBird,NA
Nucifraga columbiana,TX,eBird,NA
Corvus splendens,TX,eBird,NA
Corvus brachyrhynchos,TX,eBird,NA
Corvus imparatus,TX,eBird,NA
Corvus ossifragus,TX,eBird,NA
Corvus cryptoleucus,TX,eBird,NA
Corvus corax,TX,eBird,NA
Poecile carolinensis,TX,eBird,NA
Poecile atricapillus,TX,eBird,NA
Poecile gambeli,TX,eBird,NA
Baeolophus ridgwayi,TX,eBird,NA
Baeolophus bicolor,TX,eBird,NA
Baeolophus atricristatus,TX,eBird,NA
Auriparus flaviceps,TX,eBird,NA
Eremophila alpestris,TX,eBird,NA
Riparia riparia,TX,eBird,NA
Tachycineta bicolor,TX,eBird,NA
Tachycineta thalassina,TX,eBird,NA
Progne subis,TX,eBird,NA
Progne chalybea,TX,eBird,NA
Stelgidopteryx serripennis,TX,eBird,NA
Pygochelidon cyanoleuca,TX,eBird,NA
Hirundo rustica,TX,eBird,NA
Petrochelidon pyrrhonota,TX,eBird,NA
Petrochelidon fulva,TX,eBird,NA
Pycnonotus jocosus,TX,eBird,NA
Pycnonotus cafer,TX,eBird,NA
Psaltriparus minimus,TX,eBird,NA
Corthylio calendula,TX,eBird,NA
Regulus satrapa,TX,eBird,NA
Sitta carolinensis,TX,eBird,NA
Sitta pygmaea,TX,eBird,NA
Sitta pusilla,TX,eBird,NA
Sitta canadensis,TX,eBird,NA
Certhia americana,TX,eBird,NA
Polioptila caerulea,TX,eBird,NA
Polioptila melanura,TX,eBird,NA
Salpinctes obsoletus,TX,eBird,NA
Catherpes mexicanus,TX,eBird,NA
Troglodytes aedon,TX,eBird,NA
Troglodytes pacificus,TX,eBird,NA
Troglodytes hiemalis,TX,eBird,NA
Cistothorus stellaris,TX,eBird,NA
Cistothorus palustris,TX,eBird,NA
Thryothorus ludovicianus,TX,eBird,NA
Thryomanes bewickii,TX,eBird,NA
Campylorhynchus brunneicapillus,TX,eBird,NA
Cinclus mexicanus,TX,eBird,NA
Sturnus vulgaris,TX,eBird,NA
Melanotis caerulescens,TX,eBird,NA
Melanoptila glabrirostris,TX,eBird,NA
Dumetella carolinensis,TX,eBird,NA
Toxostoma curvirostre,TX,eBird,NA
Toxostoma rufum,TX,eBird,NA
Toxostoma longirostre,TX,eBird,NA
Toxostoma crissale,TX,eBird,NA
Oreoscoptes montanus,TX,eBird,NA
Mimus gilvus,TX,eBird,NA
Mimus polyglottos,TX,eBird,NA
Sialia sialis,TX,eBird,NA
Sialia mexicana,TX,eBird,NA
Sialia currucoides,TX,eBird,NA
Myadestes townsendi,TX,eBird,NA
Ixoreus naevius,TX,eBird,NA
Catharus aurantiirostris,TX,eBird,NA
Catharus mexicanus,TX,eBird,NA
Catharus fuscescens,TX,eBird,NA
Catharus minimus,TX,eBird,NA
Catharus ustulatus,TX,eBird,NA
Catharus guttatus,TX,eBird,NA
Hylocichla mustelina,TX,eBird,NA
Ridgwayia pinicola,TX,eBird,NA
Turdus migratorius,TX,eBird,NA
Turdus rufopalliatus,TX,eBird,NA
Turdus assimilis,TX,eBird,NA
Turdus grayi,TX,eBird,NA
Saxicola stejnegeri,TX,eBird,NA
Oenanthe oenanthe,TX,eBird,NA
Bombycilla garrulus,TX,eBird,NA
Bombycilla cedrorum,TX,eBird,NA
Ptiliogonys cinereus,TX,eBird,NA
Phainopepla nitens,TX,eBird,NA
Peucedramus taeniatus,TX,eBird,NA
Euplectes franciscanus,TX,eBird,NA
Taeniopygia guttata,TX,eBird,NA
Spermestes cucullata,TX,eBird,NA
Spermestes fringilloides,TX,eBird,NA
Euodice malabarica,TX,eBird,NA
Lonchura punctulata,TX,eBird,NA
Lonchura malacca,TX,eBird,NA
Estrilda melpoda,TX,eBird,NA
Estrilda astrild,TX,eBird,NA
Estrilda troglodytes,TX,eBird,NA
Lagonosticta senegala,TX,eBird,NA
Vidua macroura,TX,eBird,NA
Passer domesticus,TX,eBird,NA
Motacilla alba,TX,eBird,NA
Anthus rubescens,TX,eBird,NA
Anthus spragueii,TX,eBird,NA
Hesperiphona vespertina,TX,eBird,NA
Pinicola enucleator,TX,eBird,NA
Leucosticte tephrocotis,TX,eBird,NA
Haemorhous mexicanus,TX,eBird,NA
Haemorhous purpureus,TX,eBird,NA
Haemorhous cassinii,TX,eBird,NA
Crithagra leucopygia,TX,eBird,NA
Crithagra mozambica,TX,eBird,NA
Acanthis flammea,TX,eBird,NA
Loxia curvirostra,TX,eBird,NA
Loxia leucoptera,TX,eBird,NA
Carduelis carduelis,TX,eBird,NA
Serinus canaria,TX,eBird,NA
Spinus pinus,TX,eBird,NA
Spinus notatus,TX,eBird,NA
Spinus psaltria,TX,eBird,NA
Spinus lawrencei,TX,eBird,NA
Spinus tristis,TX,eBird,NA
Calcarius lapponicus,TX,eBird,NA
Calcarius ornatus,TX,eBird,NA
Calcarius pictus,TX,eBird,NA
Rhynchophanes mccownii,TX,eBird,NA
Plectrophenax nivalis,TX,eBird,NA
Peucaea botterii,TX,eBird,NA
Peucaea cassinii,TX,eBird,NA
Peucaea aestivalis,TX,eBird,NA
Ammodramus savannarum,TX,eBird,NA
Arremonops rufivirgatus,TX,eBird,NA
Spizella passerina,TX,eBird,NA
Spizella pallida,TX,eBird,NA
Spizella atrogularis,TX,eBird,NA
Spizella pusilla,TX,eBird,NA
Spizella breweri,TX,eBird,NA
Amphispiza bilineata,TX,eBird,NA
Chondestes grammacus,TX,eBird,NA
Calamospiza melanocorys,TX,eBird,NA
Spizelloides arborea,TX,eBird,NA
Passerella iliaca,TX,eBird,NA
Junco hyemalis,TX,eBird,NA
Junco phaeonotus,TX,eBird,NA
Zonotrichia leucophrys,TX,eBird,NA
Zonotrichia atricapilla,TX,eBird,NA
Zonotrichia querula,TX,eBird,NA
Zonotrichia albicollis,TX,eBird,NA
Artemisiospiza nevadensis,TX,eBird,NA
Oriturus superciliosus,TX,eBird,NA
Pooecetes gramineus,TX,eBird,NA
Ammospiza leconteii,TX,eBird,NA
Ammospiza maritima,TX,eBird,NA
Ammospiza nelsoni,TX,eBird,NA
Passerculus sandwichensis,TX,eBird,NA
Centronyx bairdii,TX,eBird,NA
Centronyx henslowii,TX,eBird,NA
Melospiza melodia,TX,eBird,NA
Melospiza lincolnii,TX,eBird,NA
Melospiza georgiana,TX,eBird,NA
Melozone fusca,TX,eBird,NA
Aimophila ruficeps,TX,eBird,NA
Pipilo chlorurus,TX,eBird,NA
Pipilo maculatus,TX,eBird,NA
Pipilo erythrophthalmus,TX,eBird,NA
Icteria virens,TX,eBird,NA
Xanthocephalus xanthocephalus,TX,eBird,NA
Dolichonyx oryzivorus,TX,eBird,NA
Sturnella neglecta,TX,eBird,NA
Sturnella magna,TX,eBird,NA
Sturnella lilianae,TX,eBird,NA
Icterus wagleri,TX,eBird,NA
Icterus spurius,TX,eBird,NA
Icterus cucullatus,TX,eBird,NA
Icterus icterus,TX,eBird,NA
Icterus pustulatus,TX,eBird,NA
Icterus bullockii,TX,eBird,NA
Icterus gularis,TX,eBird,NA
Icterus graduacauda,TX,eBird,NA
Icterus galbula,TX,eBird,NA
Icterus parisorum,TX,eBird,NA
Agelaius phoeniceus,TX,eBird,NA
Molothrus bonariensis,TX,eBird,NA
Molothrus aeneus,TX,eBird,NA
Molothrus ater,TX,eBird,NA
Euphagus carolinus,TX,eBird,NA
Euphagus cyanocephalus,TX,eBird,NA
Quiscalus quiscula,TX,eBird,NA
Quiscalus major,TX,eBird,NA
Quiscalus mexicanus,TX,eBird,NA
Seiurus aurocapilla,TX,eBird,NA
Helmitheros vermivorum,TX,eBird,NA
Parkesia motacilla,TX,eBird,NA
Parkesia noveboracensis,TX,eBird,NA
Vermivora chrysoptera,TX,eBird,NA
Vermivora cyanoptera,TX,eBird,NA
Mniotilta varia,TX,eBird,NA
Protonotaria citrea,TX,eBird,NA
Limnothlypis swainsonii,TX,eBird,NA
Oreothlypis superciliosa,TX,eBird,NA
Leiothlypis peregrina,TX,eBird,NA
Leiothlypis celata,TX,eBird,NA
Leiothlypis crissalis,TX,eBird,NA
Leiothlypis luciae,TX,eBird,NA
Leiothlypis ruficapilla,TX,eBird,NA
Leiothlypis virginiae,TX,eBird,NA
Oporornis agilis,TX,eBird,NA
Geothlypis poliocephala,TX,eBird,NA
Geothlypis tolmiei,TX,eBird,NA
Geothlypis philadelphia,TX,eBird,NA
Geothlypis formosa,TX,eBird,NA
Geothlypis trichas,TX,eBird,NA
Setophaga citrina,TX,eBird,NA
Setophaga ruticilla,TX,eBird,NA
Setophaga tigrina,TX,eBird,NA
Setophaga cerulea,TX,eBird,NA
Setophaga americana,TX,eBird,NA
Setophaga pitiayumi,TX,eBird,NA
Setophaga magnolia,TX,eBird,NA
Setophaga castanea,TX,eBird,NA
Setophaga fusca,TX,eBird,NA
Setophaga aestiva,TX,eBird,NA
Setophaga petechia,TX,eBird,NA
Setophaga pensylvanica,TX,eBird,NA
Setophaga striata,TX,eBird,NA
Setophaga caerulescens,TX,eBird,NA
Setophaga palmarum,TX,eBird,NA
Setophaga pinus,TX,eBird,NA
Setophaga coronata,TX,eBird,NA
Setophaga dominica,TX,eBird,NA
Setophaga discolor,TX,eBird,NA
Setophaga graciae,TX,eBird,NA
Setophaga nigrescens,TX,eBird,NA
Setophaga townsendi,TX,eBird,NA
Setophaga occidentalis,TX,eBird,NA
Setophaga chrysoparia,TX,eBird,NA
Setophaga virens,TX,eBird,NA
Euthlypis lachrymosa,TX,eBird,NA
Basileuterus rufifrons,TX,eBird,NA
Basileuterus culicivorus,TX,eBird,NA
Cardellina canadensis,TX,eBird,NA
Cardellina pusilla,TX,eBird,NA
Cardellina rubrifrons,TX,eBird,NA
Myioborus pictus,TX,eBird,NA
Myioborus miniatus,TX,eBird,NA
Piranga flava,TX,eBird,NA
Piranga rubra,TX,eBird,NA
Piranga olivacea,TX,eBird,NA
Piranga ludoviciana,TX,eBird,NA
Piranga bidentata,TX,eBird,NA
Periporphyrus celaeno,TX,eBird,NA
Cardinalis cardinalis,TX,eBird,NA
Cardinalis sinuatus,TX,eBird,NA
Pheucticus chrysopeplus,TX,eBird,NA
Pheucticus ludovicianus,TX,eBird,NA
Pheucticus melanocephalus,TX,eBird,NA
Cyanocompsa parellina,TX,eBird,NA
Passerina caerulea,TX,eBird,NA
Passerina amoena,TX,eBird,NA
Passerina cyanea,TX,eBird,NA
Passerina leclancherii,TX,eBird,NA
Passerina versicolor,TX,eBird,NA
Passerina ciris,TX,eBird,NA
Spiza americana,TX,eBird,NA
Ramphocelus carbo,TX,eBird,NA
Cyanerpes cyaneus,TX,eBird,NA
Sicalis flaveola,TX,eBird,NA
Sporophila morelleti,TX,eBird,NA
Sporophila torqueola,TX,eBird,NA
Tiaris olivaceus,TX,eBird,NA
Dendrocygna bicolor,UT,eBird,NA
Anser indicus,UT,eBird,NA
Anser caerulescens,UT,eBird,NA
Anser rossii,UT,eBird,NA
Anser anser,UT,eBird,NA
Anser cygnoides,UT,eBird,NA
Anser albifrons,UT,eBird,NA
Branta bernicla,UT,eBird,NA
Branta leucopsis,UT,eBird,NA
Branta hutchinsii,UT,eBird,NA
Branta canadensis,UT,eBird,NA
Cygnus olor,UT,eBird,NA
Cygnus atratus,UT,eBird,NA
Cygnus buccinator,UT,eBird,NA
Cygnus columbianus,UT,eBird,NA
Alopochen aegyptiaca,UT,eBird,NA
Tadorna ferruginea,UT,eBird,NA
Cairina moschata,UT,eBird,NA
Callonetta leucophrys,UT,eBird,NA
Aix sponsa,UT,eBird,NA
Aix galericulata,UT,eBird,NA
Spatula querquedula,UT,eBird,NA
Spatula discors,UT,eBird,NA
Spatula cyanoptera,UT,eBird,NA
Spatula clypeata,UT,eBird,NA
Mareca strepera,UT,eBird,NA
Mareca penelope,UT,eBird,NA
Mareca americana,UT,eBird,NA
Anas platyrhynchos,UT,eBird,NA
Anas diazi,UT,eBird,NA
Anas rubripes,UT,eBird,NA
Anas acuta,UT,eBird,NA
Anas crecca,UT,eBird,NA
Netta rufina,UT,eBird,NA
Aythya valisineria,UT,eBird,NA
Aythya americana,UT,eBird,NA
Aythya collaris,UT,eBird,NA
Aythya marila,UT,eBird,NA
Aythya affinis,UT,eBird,NA
Histrionicus histrionicus,UT,eBird,NA
Melanitta perspicillata,UT,eBird,NA
Melanitta deglandi,UT,eBird,NA
Melanitta americana,UT,eBird,NA
Clangula hyemalis,UT,eBird,NA
Bucephala albeola,UT,eBird,NA
Bucephala clangula,UT,eBird,NA
Bucephala islandica,UT,eBird,NA
Lophodytes cucullatus,UT,eBird,NA
Mergus merganser,UT,eBird,NA
Mergus serrator,UT,eBird,NA
Oxyura jamaicensis,UT,eBird,NA
Numida meleagris,UT,eBird,NA
Colinus virginianus,UT,eBird,NA
Callipepla squamata,UT,eBird,NA
Callipepla californica,UT,eBird,NA
Callipepla gambelii,UT,eBird,NA
Meleagris gallopavo,UT,eBird,NA
Bonasa umbellus,UT,eBird,NA
Centrocercus urophasianus,UT,eBird,NA
Centrocercus minimus,UT,eBird,NA
Dendragapus obscurus,UT,eBird,NA
Tympanuchus phasianellus,UT,eBird,NA
Lagopus leucura,UT,eBird,NA
Perdix perdix,UT,eBird,NA
Phasianus colchicus,UT,eBird,NA
Phasianus versicolor,UT,eBird,NA
Pavo cristatus,UT,eBird,NA
Gallus gallus,UT,eBird,NA
Coturnix japonica,UT,eBird,NA
Alectoris chukar,UT,eBird,NA
Columba livia,UT,eBird,NA
Patagioenas fasciata,UT,eBird,NA
Streptopelia decaocto,UT,eBird,NA
Streptopelia roseogrisea,UT,eBird,NA
Columbina inca,UT,eBird,NA
Columbina passerina,UT,eBird,NA
Columbina talpacoti,UT,eBird,NA
Zenaida asiatica,UT,eBird,NA
Zenaida macroura,UT,eBird,NA
Geococcyx californianus,UT,eBird,NA
Coccyzus americanus,UT,eBird,NA
Coccyzus erythropthalmus,UT,eBird,NA
Chordeiles acutipennis,UT,eBird,NA
Chordeiles minor,UT,eBird,NA
Phalaenoptilus nuttallii,UT,eBird,NA
Antrostomus arizonae,UT,eBird,NA
Cypseloides niger,UT,eBird,NA
Chaetura pelagica,UT,eBird,NA
Chaetura vauxi,UT,eBird,NA
Aeronautes saxatalis,UT,eBird,NA
Eugenes fulgens,UT,eBird,NA
Archilochus colubris,UT,eBird,NA
Archilochus alexandri,UT,eBird,NA
Calypte anna,UT,eBird,NA
Calypte costae,UT,eBird,NA
Selasphorus calliope,UT,eBird,NA
Selasphorus rufus,UT,eBird,NA
Selasphorus platycercus,UT,eBird,NA
Cynanthus latirostris,UT,eBird,NA
Rallus limicola,UT,eBird,NA
Porzana carolina,UT,eBird,NA
Gallinula galeata,UT,eBird,NA
Fulica americana,UT,eBird,NA
Porphyrio martinica,UT,eBird,NA
Antigone canadensis,UT,eBird,NA
Grus americana,UT,eBird,NA
Grus grus,UT,eBird,NA
Himantopus mexicanus,UT,eBird,NA
Recurvirostra americana,UT,eBird,NA
Pluvialis squatarola,UT,eBird,NA
Pluvialis dominica,UT,eBird,NA
Pluvialis fulva,UT,eBird,NA
Charadrius vociferus,UT,eBird,NA
Charadrius semipalmatus,UT,eBird,NA
Anarhynchus montanus,UT,eBird,NA
Anarhynchus nivosus,UT,eBird,NA
Bartramia longicauda,UT,eBird,NA
Numenius hudsonicus,UT,eBird,NA
Numenius americanus,UT,eBird,NA
Limosa lapponica,UT,eBird,NA
Limosa haemastica,UT,eBird,NA
Limosa fedoa,UT,eBird,NA
Limnodromus griseus,UT,eBird,NA
Limnodromus scolopaceus,UT,eBird,NA
Gallinago delicata,UT,eBird,NA
Phalaropus tricolor,UT,eBird,NA
Phalaropus fulicarius,UT,eBird,NA
Phalaropus lobatus,UT,eBird,NA
Actitis macularius,UT,eBird,NA
Tringa solitaria,UT,eBird,NA
Tringa incana,UT,eBird,NA
Tringa flavipes,UT,eBird,NA
Tringa semipalmata,UT,eBird,NA
Tringa melanoleuca,UT,eBird,NA
Arenaria interpres,UT,eBird,NA
Calidris canutus,UT,eBird,NA
Calidris pugnax,UT,eBird,NA
Calidris acuminata,UT,eBird,NA
Calidris ferruginea,UT,eBird,NA
Calidris himantopus,UT,eBird,NA
Calidris subruficollis,UT,eBird,NA
Calidris alba,UT,eBird,NA
Calidris alpina,UT,eBird,NA
Calidris maritima,UT,eBird,NA
Calidris bairdii,UT,eBird,NA
Calidris fuscicollis,UT,eBird,NA
Calidris minutilla,UT,eBird,NA
Calidris melanotos,UT,eBird,NA
Calidris mauri,UT,eBird,NA
Calidris pusilla,UT,eBird,NA
Stercorarius longicaudus,UT,eBird,NA
Stercorarius parasiticus,UT,eBird,NA
Stercorarius pomarinus,UT,eBird,NA
Synthliboramphus antiquus,UT,eBird,NA
Hydrocoloeus minutus,UT,eBird,NA
Rissa tridactyla,UT,eBird,NA
Xema sabini,UT,eBird,NA
Chroicocephalus philadelphia,UT,eBird,NA
Chroicocephalus ridibundus,UT,eBird,NA
Leucophaeus atricilla,UT,eBird,NA
Leucophaeus pipixcan,UT,eBird,NA
Larus heermanni,UT,eBird,NA
Larus brachyrhynchus,UT,eBird,NA
Larus delawarensis,UT,eBird,NA
Larus livens,UT,eBird,NA
Larus occidentalis,UT,eBird,NA
Larus smithsonianus,UT,eBird,NA
Larus vegae,UT,eBird,NA
Larus marinus,UT,eBird,NA
Larus hyperboreus,UT,eBird,NA
Larus fuscus,UT,eBird,NA
Larus californicus,UT,eBird,NA
Larus glaucescens,UT,eBird,NA
Larus glaucoides,UT,eBird,NA
Sternula antillarum,UT,eBird,NA
Hydroprogne caspia,UT,eBird,NA
Chlidonias niger,UT,eBird,NA
Sterna forsteri,UT,eBird,NA
Sterna paradisaea,UT,eBird,NA
Sterna hirundo,UT,eBird,NA
Phoenicopterus chilensis,UT,eBird,NA
Phoeniconaias minor,UT,eBird,NA
Podilymbus podiceps,UT,eBird,NA
Podiceps auritus,UT,eBird,NA
Podiceps grisegena,UT,eBird,NA
Podiceps nigricollis,UT,eBird,NA
Aechmophorus occidentalis,UT,eBird,NA
Aechmophorus clarkii,UT,eBird,NA
Gavia stellata,UT,eBird,NA
Gavia pacifica,UT,eBird,NA
Gavia immer,UT,eBird,NA
Gavia adamsii,UT,eBird,NA
Mycteria americana,UT,eBird,NA
Fregata magnificens,UT,eBird,NA
Sula nebouxii,UT,eBird,NA
Nannopterum auritum,UT,eBird,NA
Nannopterum brasilianum,UT,eBird,NA
Eudocimus albus,UT,eBird,NA
Plegadis falcinellus,UT,eBird,NA
Plegadis chihi,UT,eBird,NA
Platalea ajaja,UT,eBird,NA
Botaurus lentiginosus,UT,eBird,NA
Botaurus exilis,UT,eBird,NA
Nyctanassa violacea,UT,eBird,NA
Nycticorax nycticorax,UT,eBird,NA
Egretta caerulea,UT,eBird,NA
Egretta tricolor,UT,eBird,NA
Egretta rufescens,UT,eBird,NA
Egretta thula,UT,eBird,NA
Butorides virescens,UT,eBird,NA
Ardea ibis,UT,eBird,NA
Ardea alba,UT,eBird,NA
Ardea herodias,UT,eBird,NA
Pelecanus erythrorhynchos,UT,eBird,NA
Pelecanus occidentalis,UT,eBird,NA
Gymnogyps californianus,UT,eBird,NA
Cathartes aura,UT,eBird,NA
Pandion haliaetus,UT,eBird,NA
Elanus leucurus,UT,eBird,NA
Aquila chrysaetos,UT,eBird,NA
Accipiter striatus,UT,eBird,NA
Astur cooperii,UT,eBird,NA
Astur atricapillus,UT,eBird,NA
Circus hudsonius,UT,eBird,NA
Haliaeetus leucocephalus,UT,eBird,NA
Ictinia mississippiensis,UT,eBird,NA
Buteogallus anthracinus,UT,eBird,NA
Buteo plagiatus,UT,eBird,NA
Buteo platypterus,UT,eBird,NA
Buteo lineatus,UT,eBird,NA
Buteo albonotatus,UT,eBird,NA
Buteo swainsoni,UT,eBird,NA
Buteo jamaicensis,UT,eBird,NA
Buteo lagopus,UT,eBird,NA
Buteo regalis,UT,eBird,NA
Tyto furcata,UT,eBird,NA
Psiloscops flammeolus,UT,eBird,NA
Megascops kennicottii,UT,eBird,NA
Bubo scandiacus,UT,eBird,NA
Bubo virginianus,UT,eBird,NA
Glaucidium gnoma,UT,eBird,NA
Micrathene whitneyi,UT,eBird,NA
Athene cunicularia,UT,eBird,NA
Strix occidentalis,UT,eBird,NA
Strix nebulosa,UT,eBird,NA
Asio otus,UT,eBird,NA
Asio flammeus,UT,eBird,NA
Aegolius funereus,UT,eBird,NA
Aegolius acadicus,UT,eBird,NA
Megaceryle alcyon,UT,eBird,NA
Sphyrapicus thyroideus,UT,eBird,NA
Sphyrapicus varius,UT,eBird,NA
Sphyrapicus nuchalis,UT,eBird,NA
Sphyrapicus ruber,UT,eBird,NA
Melanerpes lewis,UT,eBird,NA
Melanerpes erythrocephalus,UT,eBird,NA
Melanerpes formicivorus,UT,eBird,NA
Picoides dorsalis,UT,eBird,NA
Dryobates pubescens,UT,eBird,NA
Dryobates scalaris,UT,eBird,NA
Leuconotopicus villosus,UT,eBird,NA
Colaptes auratus,UT,eBird,NA
Colaptes chrysoides,UT,eBird,NA
Caracara plancus,UT,eBird,NA
Falco sparverius,UT,eBird,NA
Falco columbarius,UT,eBird,NA
Falco rusticolus,UT,eBird,NA
Falco peregrinus,UT,eBird,NA
Falco mexicanus,UT,eBird,NA
Nymphicus hollandicus,UT,eBird,NA
Psittacula eques,UT,eBird,NA
Melopsittacus undulatus,UT,eBird,NA
Agapornis fischeri,UT,eBird,NA
Myiopsitta monachus,UT,eBird,NA
Aratinga solstitialis,UT,eBird,NA
Contopus cooperi,UT,eBird,NA
Contopus sordidulus,UT,eBird,NA
Empidonax flaviventris,UT,eBird,NA
Empidonax alnorum,UT,eBird,NA
Empidonax traillii,UT,eBird,NA
Empidonax minimus,UT,eBird,NA
Empidonax hammondii,UT,eBird,NA
Empidonax wrightii,UT,eBird,NA
Empidonax oberholseri,UT,eBird,NA
Empidonax difficilis,UT,eBird,NA
Sayornis nigricans,UT,eBird,NA
Sayornis phoebe,UT,eBird,NA
Sayornis saya,UT,eBird,NA
Pyrocephalus rubinus,UT,eBird,NA
Myiarchus tuberculifer,UT,eBird,NA
Myiarchus cinerascens,UT,eBird,NA
Myiarchus crinitus,UT,eBird,NA
Myiarchus tyrannulus,UT,eBird,NA
Tyrannus melancholicus,UT,eBird,NA
Tyrannus vociferans,UT,eBird,NA
Tyrannus crassirostris,UT,eBird,NA
Tyrannus verticalis,UT,eBird,NA
Tyrannus tyrannus,UT,eBird,NA
Tyrannus forficatus,UT,eBird,NA
Vireo griseus,UT,eBird,NA
Vireo bellii,UT,eBird,NA
Vireo vicinior,UT,eBird,NA
Vireo flavifrons,UT,eBird,NA
Vireo cassinii,UT,eBird,NA
Vireo solitarius,UT,eBird,NA
Vireo plumbeus,UT,eBird,NA
Vireo philadelphicus,UT,eBird,NA
Vireo swainsoni,UT,eBird,NA
Vireo olivaceus,UT,eBird,NA
Lanius ludovicianus,UT,eBird,NA
Lanius borealis,UT,eBird,NA
Perisoreus canadensis,UT,eBird,NA
Gymnorhinus cyanocephalus,UT,eBird,NA
Cyanocitta stelleri,UT,eBird,NA
Cyanocitta cristata,UT,eBird,NA
Aphelocoma woodhouseii,UT,eBird,NA
Pica hudsonia,UT,eBird,NA
Nucifraga columbiana,UT,eBird,NA
Corvus brachyrhynchos,UT,eBird,NA
Corvus corax,UT,eBird,NA
Poecile atricapillus,UT,eBird,NA
Poecile gambeli,UT,eBird,NA
Baeolophus ridgwayi,UT,eBird,NA
Auriparus flaviceps,UT,eBird,NA
Eremophila alpestris,UT,eBird,NA
Riparia riparia,UT,eBird,NA
Tachycineta bicolor,UT,eBird,NA
Tachycineta thalassina,UT,eBird,NA
Progne subis,UT,eBird,NA
Stelgidopteryx serripennis,UT,eBird,NA
Hirundo rustica,UT,eBird,NA
Petrochelidon pyrrhonota,UT,eBird,NA
Psaltriparus minimus,UT,eBird,NA
Corthylio calendula,UT,eBird,NA
Regulus satrapa,UT,eBird,NA
Sitta carolinensis,UT,eBird,NA
Sitta pygmaea,UT,eBird,NA
Sitta canadensis,UT,eBird,NA
Certhia americana,UT,eBird,NA
Polioptila caerulea,UT,eBird,NA
Polioptila melanura,UT,eBird,NA
Salpinctes obsoletus,UT,eBird,NA
Catherpes mexicanus,UT,eBird,NA
Troglodytes aedon,UT,eBird,NA
Troglodytes pacificus,UT,eBird,NA
Troglodytes hiemalis,UT,eBird,NA
Cistothorus palustris,UT,eBird,NA
Thryomanes bewickii,UT,eBird,NA
Campylorhynchus brunneicapillus,UT,eBird,NA
Cinclus mexicanus,UT,eBird,NA
Sturnus vulgaris,UT,eBird,NA
Dumetella carolinensis,UT,eBird,NA
Toxostoma curvirostre,UT,eBird,NA
Toxostoma rufum,UT,eBird,NA
Toxostoma bendirei,UT,eBird,NA
Toxostoma lecontei,UT,eBird,NA
Toxostoma crissale,UT,eBird,NA
Oreoscoptes montanus,UT,eBird,NA
Mimus polyglottos,UT,eBird,NA
Sialia sialis,UT,eBird,NA
Sialia mexicana,UT,eBird,NA
Sialia currucoides,UT,eBird,NA
Myadestes townsendi,UT,eBird,NA
Ixoreus naevius,UT,eBird,NA
Catharus fuscescens,UT,eBird,NA
Catharus ustulatus,UT,eBird,NA
Catharus guttatus,UT,eBird,NA
Hylocichla mustelina,UT,eBird,NA
Turdus migratorius,UT,eBird,NA
Turdus rufopalliatus,UT,eBird,NA
Bombycilla garrulus,UT,eBird,NA
Bombycilla cedrorum,UT,eBird,NA
Phainopepla nitens,UT,eBird,NA
Peucedramus taeniatus,UT,eBird,NA
Euplectes franciscanus,UT,eBird,NA
Taeniopygia guttata,UT,eBird,NA
Uraeginthus bengalus,UT,eBird,NA
Vidua chalybeata,UT,eBird,NA
Passer domesticus,UT,eBird,NA
Anthus rubescens,UT,eBird,NA
Anthus spragueii,UT,eBird,NA
Fringilla montifringilla,UT,eBird,NA
Hesperiphona vespertina,UT,eBird,NA
Pinicola enucleator,UT,eBird,NA
Leucosticte tephrocotis,UT,eBird,NA
Leucosticte atrata,UT,eBird,NA
Leucosticte australis,UT,eBird,NA
Haemorhous mexicanus,UT,eBird,NA
Haemorhous purpureus,UT,eBird,NA
Haemorhous cassinii,UT,eBird,NA
Acanthis flammea,UT,eBird,NA
Loxia curvirostra,UT,eBird,NA
Loxia leucoptera,UT,eBird,NA
Carduelis carduelis,UT,eBird,NA
Spinus pinus,UT,eBird,NA
Spinus psaltria,UT,eBird,NA
Spinus lawrencei,UT,eBird,NA
Spinus tristis,UT,eBird,NA
Calcarius lapponicus,UT,eBird,NA
Calcarius ornatus,UT,eBird,NA
Rhynchophanes mccownii,UT,eBird,NA
Plectrophenax nivalis,UT,eBird,NA
Peucaea cassinii,UT,eBird,NA
Ammodramus savannarum,UT,eBird,NA
Spizella passerina,UT,eBird,NA
Spizella pallida,UT,eBird,NA
Spizella atrogularis,UT,eBird,NA
Spizella pusilla,UT,eBird,NA
Spizella breweri,UT,eBird,NA
Amphispiza bilineata,UT,eBird,NA
Chondestes grammacus,UT,eBird,NA
Calamospiza melanocorys,UT,eBird,NA
Spizelloides arborea,UT,eBird,NA
Passerella iliaca,UT,eBird,NA
Junco hyemalis,UT,eBird,NA
Zonotrichia leucophrys,UT,eBird,NA
Zonotrichia atricapilla,UT,eBird,NA
Zonotrichia querula,UT,eBird,NA
Zonotrichia albicollis,UT,eBird,NA
Artemisiospiza nevadensis,UT,eBird,NA
Pooecetes gramineus,UT,eBird,NA
Ammospiza leconteii,UT,eBird,NA
Ammospiza nelsoni,UT,eBird,NA
Passerculus sandwichensis,UT,eBird,NA
Centronyx bairdii,UT,eBird,NA
Melospiza melodia,UT,eBird,NA
Melospiza lincolnii,UT,eBird,NA
Melospiza georgiana,UT,eBird,NA
Melozone fusca,UT,eBird,NA
Melozone aberti,UT,eBird,NA
Aimophila ruficeps,UT,eBird,NA
Pipilo chlorurus,UT,eBird,NA
Pipilo maculatus,UT,eBird,NA
Icteria virens,UT,eBird,NA
Xanthocephalus xanthocephalus,UT,eBird,NA
Dolichonyx oryzivorus,UT,eBird,NA
Sturnella neglecta,UT,eBird,NA
Icterus spurius,UT,eBird,NA
Icterus cucullatus,UT,eBird,NA
Icterus pustulatus,UT,eBird,NA
Icterus bullockii,UT,eBird,NA
Icterus galbula,UT,eBird,NA
Icterus parisorum,UT,eBird,NA
Agelaius phoeniceus,UT,eBird,NA
Molothrus aeneus,UT,eBird,NA
Molothrus ater,UT,eBird,NA
Euphagus carolinus,UT,eBird,NA
Euphagus cyanocephalus,UT,eBird,NA
Quiscalus quiscula,UT,eBird,NA
Quiscalus mexicanus,UT,eBird,NA
Seiurus aurocapilla,UT,eBird,NA
Helmitheros vermivorum,UT,eBird,NA
Parkesia motacilla,UT,eBird,NA
Parkesia noveboracensis,UT,eBird,NA
Vermivora chrysoptera,UT,eBird,NA
Vermivora cyanoptera,UT,eBird,NA
Mniotilta varia,UT,eBird,NA
Protonotaria citrea,UT,eBird,NA
Leiothlypis peregrina,UT,eBird,NA
Leiothlypis celata,UT,eBird,NA
Leiothlypis luciae,UT,eBird,NA
Leiothlypis ruficapilla,UT,eBird,NA
Leiothlypis virginiae,UT,eBird,NA
Oporornis agilis,UT,eBird,NA
Geothlypis tolmiei,UT,eBird,NA
Geothlypis formosa,UT,eBird,NA
Geothlypis trichas,UT,eBird,NA
Setophaga citrina,UT,eBird,NA
Setophaga ruticilla,UT,eBird,NA
Setophaga tigrina,UT,eBird,NA
Setophaga americana,UT,eBird,NA
Setophaga magnolia,UT,eBird,NA
Setophaga castanea,UT,eBird,NA
Setophaga fusca,UT,eBird,NA
Setophaga aestiva,UT,eBird,NA
Setophaga pensylvanica,UT,eBird,NA
Setophaga striata,UT,eBird,NA
Setophaga caerulescens,UT,eBird,NA
Setophaga palmarum,UT,eBird,NA
Setophaga pinus,UT,eBird,NA
Setophaga coronata,UT,eBird,NA
Setophaga dominica,UT,eBird,NA
Setophaga discolor,UT,eBird,NA
Setophaga graciae,UT,eBird,NA
Setophaga nigrescens,UT,eBird,NA
Setophaga townsendi,UT,eBird,NA
Setophaga occidentalis,UT,eBird,NA
Setophaga virens,UT,eBird,NA
Cardellina canadensis,UT,eBird,NA
Cardellina pusilla,UT,eBird,NA
Myioborus pictus,UT,eBird,NA
Piranga flava,UT,eBird,NA
Piranga rubra,UT,eBird,NA
Piranga olivacea,UT,eBird,NA
Piranga ludoviciana,UT,eBird,NA
Cardinalis cardinalis,UT,eBird,NA
Cardinalis sinuatus,UT,eBird,NA
Pheucticus ludovicianus,UT,eBird,NA
Pheucticus melanocephalus,UT,eBird,NA
Passerina caerulea,UT,eBird,NA
Passerina amoena,UT,eBird,NA
Passerina cyanea,UT,eBird,NA
Passerina ciris,UT,eBird,NA
Spiza americana,UT,eBird,NA
Dendrocygna autumnalis,VT,eBird,NA
Dendrocygna bicolor,VT,eBird,NA
Anser indicus,VT,eBird,NA
Anser caerulescens,VT,eBird,NA
Anser rossii,VT,eBird,NA
Anser anser,VT,eBird,NA
Anser cygnoides,VT,eBird,NA
Anser albifrons,VT,eBird,NA
Anser brachyrhynchus,VT,eBird,NA
Branta bernicla,VT,eBird,NA
Branta leucopsis,VT,eBird,NA
Branta hutchinsii,VT,eBird,NA
Branta canadensis,VT,eBird,NA
Cygnus olor,VT,eBird,NA
Cygnus buccinator,VT,eBird,NA
Cygnus columbianus,VT,eBird,NA
Tadorna ferruginea,VT,eBird,NA
Cairina moschata,VT,eBird,NA
Aix sponsa,VT,eBird,NA
Aix galericulata,VT,eBird,NA
Spatula querquedula,VT,eBird,NA
Spatula discors,VT,eBird,NA
Spatula clypeata,VT,eBird,NA
Mareca strepera,VT,eBird,NA
Mareca penelope,VT,eBird,NA
Mareca americana,VT,eBird,NA
Anas platyrhynchos,VT,eBird,NA
Anas rubripes,VT,eBird,NA
Anas acuta,VT,eBird,NA
Anas crecca,VT,eBird,NA
Aythya valisineria,VT,eBird,NA
Aythya americana,VT,eBird,NA
Aythya ferina,VT,eBird,NA
Aythya collaris,VT,eBird,NA
Aythya fuligula,VT,eBird,NA
Aythya marila,VT,eBird,NA
Aythya affinis,VT,eBird,NA
Somateria spectabilis,VT,eBird,NA
Somateria mollissima,VT,eBird,NA
Histrionicus histrionicus,VT,eBird,NA
Melanitta perspicillata,VT,eBird,NA
Melanitta deglandi,VT,eBird,NA
Melanitta americana,VT,eBird,NA
Clangula hyemalis,VT,eBird,NA
Bucephala albeola,VT,eBird,NA
Bucephala clangula,VT,eBird,NA
Bucephala islandica,VT,eBird,NA
Lophodytes cucullatus,VT,eBird,NA
Mergus merganser,VT,eBird,NA
Mergus serrator,VT,eBird,NA
Oxyura jamaicensis,VT,eBird,NA
Numida meleagris,VT,eBird,NA
Colinus virginianus,VT,eBird,NA
Meleagris gallopavo,VT,eBird,NA
Bonasa umbellus,VT,eBird,NA
Lagopus lagopus,VT,eBird,NA
Canachites canadensis,VT,eBird,NA
Perdix perdix,VT,eBird,NA
Chrysolophus pictus,VT,eBird,NA
Phasianus colchicus,VT,eBird,NA
Gallus gallus,VT,eBird,NA
Coturnix coturnix,VT,eBird,NA
Alectoris chukar,VT,eBird,NA
Columba livia,VT,eBird,NA
Patagioenas fasciata,VT,eBird,NA
Streptopelia turtur,VT,eBird,NA
Streptopelia decaocto,VT,eBird,NA
Streptopelia roseogrisea,VT,eBird,NA
Zenaida asiatica,VT,eBird,NA
Zenaida macroura,VT,eBird,NA
Coccyzus americanus,VT,eBird,NA
Coccyzus erythropthalmus,VT,eBird,NA
Chordeiles minor,VT,eBird,NA
Antrostomus vociferus,VT,eBird,NA
Chaetura pelagica,VT,eBird,NA
Colibri thalassinus,VT,eBird,NA
Archilochus colubris,VT,eBird,NA
Selasphorus rufus,VT,eBird,NA
Rallus elegans,VT,eBird,NA
Rallus limicola,VT,eBird,NA
Porzana carolina,VT,eBird,NA
Gallinula galeata,VT,eBird,NA
Fulica americana,VT,eBird,NA
Porphyrio martinica,VT,eBird,NA
Coturnicops noveboracensis,VT,eBird,NA
Antigone canadensis,VT,eBird,NA
Grus americana,VT,eBird,NA
Grus grus,VT,eBird,NA
Recurvirostra americana,VT,eBird,NA
Pluvialis squatarola,VT,eBird,NA
Pluvialis dominica,VT,eBird,NA
Pluvialis fulva,VT,eBird,NA
Charadrius vociferus,VT,eBird,NA
Charadrius hiaticula,VT,eBird,NA
Charadrius semipalmatus,VT,eBird,NA
Charadrius melodus,VT,eBird,NA
Bartramia longicauda,VT,eBird,NA
Numenius hudsonicus,VT,eBird,NA
Limosa limosa,VT,eBird,NA
Limosa haemastica,VT,eBird,NA
Limosa fedoa,VT,eBird,NA
Limnodromus griseus,VT,eBird,NA
Limnodromus scolopaceus,VT,eBird,NA
Scolopax minor,VT,eBird,NA
Gallinago delicata,VT,eBird,NA
Phalaropus tricolor,VT,eBird,NA
Phalaropus fulicarius,VT,eBird,NA
Phalaropus lobatus,VT,eBird,NA
Actitis macularius,VT,eBird,NA
Tringa solitaria,VT,eBird,NA
Tringa flavipes,VT,eBird,NA
Tringa semipalmata,VT,eBird,NA
Tringa melanoleuca,VT,eBird,NA
Arenaria interpres,VT,eBird,NA
Calidris canutus,VT,eBird,NA
Calidris pugnax,VT,eBird,NA
Calidris ferruginea,VT,eBird,NA
Calidris himantopus,VT,eBird,NA
Calidris subruficollis,VT,eBird,NA
Calidris alba,VT,eBird,NA
Calidris alpina,VT,eBird,NA
Calidris maritima,VT,eBird,NA
Calidris bairdii,VT,eBird,NA
Calidris fuscicollis,VT,eBird,NA
Calidris minutilla,VT,eBird,NA
Calidris melanotos,VT,eBird,NA
Calidris mauri,VT,eBird,NA
Calidris pusilla,VT,eBird,NA
Stercorarius longicaudus,VT,eBird,NA
Stercorarius parasiticus,VT,eBird,NA
Stercorarius pomarinus,VT,eBird,NA
Fratercula arctica,VT,eBird,NA
Cepphus grylle,VT,eBird,NA
Alca torda,VT,eBird,NA
Alle alle,VT,eBird,NA
Uria lomvia,VT,eBird,NA
Uria aalge,VT,eBird,NA
Synthliboramphus antiquus,VT,eBird,NA
Hydrocoloeus minutus,VT,eBird,NA
Rissa tridactyla,VT,eBird,NA
Pagophila eburnea,VT,eBird,NA
Xema sabini,VT,eBird,NA
Chroicocephalus philadelphia,VT,eBird,NA
Chroicocephalus ridibundus,VT,eBird,NA
Leucophaeus atricilla,VT,eBird,NA
Leucophaeus pipixcan,VT,eBird,NA
Larus crassirostris,VT,eBird,NA
Larus delawarensis,VT,eBird,NA
Larus smithsonianus,VT,eBird,NA
Larus marinus,VT,eBird,NA
Larus hyperboreus,VT,eBird,NA
Larus fuscus,VT,eBird,NA
Larus schistisagus,VT,eBird,NA
Larus glaucoides,VT,eBird,NA
Onychoprion fuscatus,VT,eBird,NA
Hydroprogne caspia,VT,eBird,NA
Chlidonias niger,VT,eBird,NA
Chlidonias leucopterus,VT,eBird,NA
Sterna forsteri,VT,eBird,NA
Sterna paradisaea,VT,eBird,NA
Sterna hirundo,VT,eBird,NA
Podilymbus podiceps,VT,eBird,NA
Podiceps auritus,VT,eBird,NA
Podiceps grisegena,VT,eBird,NA
Podiceps nigricollis,VT,eBird,NA
Aechmophorus occidentalis,VT,eBird,NA
Phaethon lepturus,VT,eBird,NA
Gavia stellata,VT,eBird,NA
Gavia pacifica,VT,eBird,NA
Gavia immer,VT,eBird,NA
Oceanites oceanicus,VT,eBird,NA
Hydrobates leucorhous,VT,eBird,NA
Hydrobates castro,VT,eBird,NA
Fulmarus glacialis,VT,eBird,NA
Ardenna gravis,VT,eBird,NA
Morus bassanus,VT,eBird,NA
Sula leucogaster,VT,eBird,NA
Anhinga anhinga,VT,eBird,NA
Phalacrocorax carbo,VT,eBird,NA
Nannopterum auritum,VT,eBird,NA
Eudocimus albus,VT,eBird,NA
Plegadis falcinellus,VT,eBird,NA
Botaurus lentiginosus,VT,eBird,NA
Botaurus exilis,VT,eBird,NA
Nyctanassa violacea,VT,eBird,NA
Nycticorax nycticorax,VT,eBird,NA
Egretta caerulea,VT,eBird,NA
Egretta tricolor,VT,eBird,NA
Egretta thula,VT,eBird,NA
Egretta garzetta,VT,eBird,NA
Butorides virescens,VT,eBird,NA
Ardea ibis,VT,eBird,NA
Ardea alba,VT,eBird,NA
Ardea herodias,VT,eBird,NA
Pelecanus erythrorhynchos,VT,eBird,NA
Pelecanus occidentalis,VT,eBird,NA
Coragyps atratus,VT,eBird,NA
Cathartes aura,VT,eBird,NA
Pandion haliaetus,VT,eBird,NA
Elanoides forficatus,VT,eBird,NA
Aquila chrysaetos,VT,eBird,NA
Accipiter striatus,VT,eBird,NA
Astur cooperii,VT,eBird,NA
Astur atricapillus,VT,eBird,NA
Circus hudsonius,VT,eBird,NA
Haliaeetus leucocephalus,VT,eBird,NA
Buteo platypterus,VT,eBird,NA
Buteo lineatus,VT,eBird,NA
Buteo swainsoni,VT,eBird,NA
Buteo jamaicensis,VT,eBird,NA
Buteo lagopus,VT,eBird,NA
Tyto furcata,VT,eBird,NA
Megascops asio,VT,eBird,NA
Bubo scandiacus,VT,eBird,NA
Bubo virginianus,VT,eBird,NA
Surnia ulula,VT,eBird,NA
Strix varia,VT,eBird,NA
Strix nebulosa,VT,eBird,NA
Asio otus,VT,eBird,NA
Asio flammeus,VT,eBird,NA
Aegolius funereus,VT,eBird,NA
Aegolius acadicus,VT,eBird,NA
Megaceryle alcyon,VT,eBird,NA
Sphyrapicus varius,VT,eBird,NA
Melanerpes lewis,VT,eBird,NA
Melanerpes erythrocephalus,VT,eBird,NA
Melanerpes carolinus,VT,eBird,NA
Picoides dorsalis,VT,eBird,NA
Picoides arcticus,VT,eBird,NA
Dryobates pubescens,VT,eBird,NA
Leuconotopicus villosus,VT,eBird,NA
Dryocopus pileatus,VT,eBird,NA
Colaptes auratus,VT,eBird,NA
Caracara plancus,VT,eBird,NA
Falco sparverius,VT,eBird,NA
Falco columbarius,VT,eBird,NA
Falco rusticolus,VT,eBird,NA
Falco peregrinus,VT,eBird,NA
Falco mexicanus,VT,eBird,NA
Nymphicus hollandicus,VT,eBird,NA
Melopsittacus undulatus,VT,eBird,NA
Contopus cooperi,VT,eBird,NA
Contopus virens,VT,eBird,NA
Empidonax flaviventris,VT,eBird,NA
Empidonax virescens,VT,eBird,NA
Empidonax alnorum,VT,eBird,NA
Empidonax traillii,VT,eBird,NA
Empidonax minimus,VT,eBird,NA
Empidonax hammondii,VT,eBird,NA
Sayornis phoebe,VT,eBird,NA
Sayornis saya,VT,eBird,NA
Myiarchus cinerascens,VT,eBird,NA
Myiarchus crinitus,VT,eBird,NA
Tyrannus verticalis,VT,eBird,NA
Tyrannus tyrannus,VT,eBird,NA
Tyrannus forficatus,VT,eBird,NA
Tyrannus savana,VT,eBird,NA
Vireo griseus,VT,eBird,NA
Vireo bellii,VT,eBird,NA
Vireo flavifrons,VT,eBird,NA
Vireo cassinii,VT,eBird,NA
Vireo solitarius,VT,eBird,NA
Vireo philadelphicus,VT,eBird,NA
Vireo gilvus,VT,eBird,NA
Vireo olivaceus,VT,eBird,NA
Lanius ludovicianus,VT,eBird,NA
Lanius borealis,VT,eBird,NA
Perisoreus canadensis,VT,eBird,NA
Cyanocitta cristata,VT,eBird,NA
Corvus brachyrhynchos,VT,eBird,NA
Corvus ossifragus,VT,eBird,NA
Corvus corax,VT,eBird,NA
Poecile atricapillus,VT,eBird,NA
Poecile hudsonicus,VT,eBird,NA
Baeolophus bicolor,VT,eBird,NA
Eremophila alpestris,VT,eBird,NA
Riparia riparia,VT,eBird,NA
Tachycineta bicolor,VT,eBird,NA
Progne subis,VT,eBird,NA
Stelgidopteryx serripennis,VT,eBird,NA
Hirundo rustica,VT,eBird,NA
Petrochelidon pyrrhonota,VT,eBird,NA
Petrochelidon fulva,VT,eBird,NA
Corthylio calendula,VT,eBird,NA
Regulus satrapa,VT,eBird,NA
Sitta carolinensis,VT,eBird,NA
Sitta canadensis,VT,eBird,NA
Certhia americana,VT,eBird,NA
Polioptila caerulea,VT,eBird,NA
Troglodytes aedon,VT,eBird,NA
Troglodytes hiemalis,VT,eBird,NA
Cistothorus stellaris,VT,eBird,NA
Cistothorus palustris,VT,eBird,NA
Thryothorus ludovicianus,VT,eBird,NA
Thryomanes bewickii,VT,eBird,NA
Sturnus vulgaris,VT,eBird,NA
Dumetella carolinensis,VT,eBird,NA
Toxostoma rufum,VT,eBird,NA
Mimus polyglottos,VT,eBird,NA
Sialia sialis,VT,eBird,NA
Sialia currucoides,VT,eBird,NA
Myadestes townsendi,VT,eBird,NA
Ixoreus naevius,VT,eBird,NA
Catharus fuscescens,VT,eBird,NA
Catharus minimus,VT,eBird,NA
Catharus bicknelli,VT,eBird,NA
Catharus ustulatus,VT,eBird,NA
Catharus guttatus,VT,eBird,NA
Hylocichla mustelina,VT,eBird,NA
Turdus migratorius,VT,eBird,NA
Oenanthe oenanthe,VT,eBird,NA
Bombycilla garrulus,VT,eBird,NA
Bombycilla cedrorum,VT,eBird,NA
Passer domesticus,VT,eBird,NA
Anthus rubescens,VT,eBird,NA
Hesperiphona vespertina,VT,eBird,NA
Pinicola enucleator,VT,eBird,NA
Haemorhous mexicanus,VT,eBird,NA
Haemorhous purpureus,VT,eBird,NA
Acanthis flammea,VT,eBird,NA
Loxia curvirostra,VT,eBird,NA
Loxia leucoptera,VT,eBird,NA
Carduelis carduelis,VT,eBird,NA
Spinus pinus,VT,eBird,NA
Spinus tristis,VT,eBird,NA
Calcarius lapponicus,VT,eBird,NA
Calcarius pictus,VT,eBird,NA
Plectrophenax nivalis,VT,eBird,NA
Ammodramus savannarum,VT,eBird,NA
Spizella passerina,VT,eBird,NA
Spizella pallida,VT,eBird,NA
Spizella pusilla,VT,eBird,NA
Chondestes grammacus,VT,eBird,NA
Calamospiza melanocorys,VT,eBird,NA
Spizelloides arborea,VT,eBird,NA
Passerella iliaca,VT,eBird,NA
Junco hyemalis,VT,eBird,NA
Zonotrichia leucophrys,VT,eBird,NA
Zonotrichia atricapilla,VT,eBird,NA
Zonotrichia querula,VT,eBird,NA
Zonotrichia albicollis,VT,eBird,NA
Pooecetes gramineus,VT,eBird,NA
Ammospiza leconteii,VT,eBird,NA
Ammospiza nelsoni,VT,eBird,NA
Passerculus sandwichensis,VT,eBird,NA
Centronyx henslowii,VT,eBird,NA
Melospiza melodia,VT,eBird,NA
Melospiza lincolnii,VT,eBird,NA
Melospiza georgiana,VT,eBird,NA
Pipilo chlorurus,VT,eBird,NA
Pipilo maculatus,VT,eBird,NA
Pipilo erythrophthalmus,VT,eBird,NA
Icteria virens,VT,eBird,NA
Xanthocephalus xanthocephalus,VT,eBird,NA
Dolichonyx oryzivorus,VT,eBird,NA
Sturnella neglecta,VT,eBird,NA
Sturnella magna,VT,eBird,NA
Icterus spurius,VT,eBird,NA
Icterus bullockii,VT,eBird,NA
Icterus galbula,VT,eBird,NA
Agelaius phoeniceus,VT,eBird,NA
Molothrus ater,VT,eBird,NA
Euphagus carolinus,VT,eBird,NA
Euphagus cyanocephalus,VT,eBird,NA
Quiscalus quiscula,VT,eBird,NA
Seiurus aurocapilla,VT,eBird,NA
Helmitheros vermivorum,VT,eBird,NA
Parkesia motacilla,VT,eBird,NA
Parkesia noveboracensis,VT,eBird,NA
Vermivora chrysoptera,VT,eBird,NA
Vermivora cyanoptera,VT,eBird,NA
Mniotilta varia,VT,eBird,NA
Protonotaria citrea,VT,eBird,NA
Limnothlypis swainsonii,VT,eBird,NA
Leiothlypis peregrina,VT,eBird,NA
Leiothlypis celata,VT,eBird,NA
Leiothlypis ruficapilla,VT,eBird,NA
Oporornis agilis,VT,eBird,NA
Geothlypis philadelphia,VT,eBird,NA
Geothlypis formosa,VT,eBird,NA
Geothlypis trichas,VT,eBird,NA
Setophaga citrina,VT,eBird,NA
Setophaga ruticilla,VT,eBird,NA
Setophaga tigrina,VT,eBird,NA
Setophaga cerulea,VT,eBird,NA
Setophaga americana,VT,eBird,NA
Setophaga magnolia,VT,eBird,NA
Setophaga castanea,VT,eBird,NA
Setophaga fusca,VT,eBird,NA
Setophaga aestiva,VT,eBird,NA
Setophaga pensylvanica,VT,eBird,NA
Setophaga striata,VT,eBird,NA
Setophaga caerulescens,VT,eBird,NA
Setophaga palmarum,VT,eBird,NA
Setophaga pinus,VT,eBird,NA
Setophaga coronata,VT,eBird,NA
Setophaga dominica,VT,eBird,NA
Setophaga discolor,VT,eBird,NA
Setophaga nigrescens,VT,eBird,NA
Setophaga virens,VT,eBird,NA
Cardellina canadensis,VT,eBird,NA
Cardellina pusilla,VT,eBird,NA
Piranga rubra,VT,eBird,NA
Piranga olivacea,VT,eBird,NA
Piranga ludoviciana,VT,eBird,NA
Cardinalis cardinalis,VT,eBird,NA
Pheucticus ludovicianus,VT,eBird,NA
Pheucticus melanocephalus,VT,eBird,NA
Passerina caerulea,VT,eBird,NA
Passerina cyanea,VT,eBird,NA
Passerina ciris,VT,eBird,NA
Spiza americana,VT,eBird,NA
Dromaius novaehollandiae,VA,eBird,NA
Dendrocygna autumnalis,VA,eBird,NA
Dendrocygna arborea,VA,eBird,NA
Dendrocygna bicolor,VA,eBird,NA
Anser indicus,VA,eBird,NA
Anser caerulescens,VA,eBird,NA
Anser rossii,VA,eBird,NA
Anser anser,VA,eBird,NA
Anser cygnoides,VA,eBird,NA
Anser albifrons,VA,eBird,NA
Anser brachyrhynchus,VA,eBird,NA
Branta bernicla,VA,eBird,NA
Branta leucopsis,VA,eBird,NA
Branta hutchinsii,VA,eBird,NA
Branta canadensis,VA,eBird,NA
Cygnus olor,VA,eBird,NA
Cygnus atratus,VA,eBird,NA
Cygnus melancoryphus,VA,eBird,NA
Cygnus buccinator,VA,eBird,NA
Cygnus columbianus,VA,eBird,NA
Alopochen aegyptiaca,VA,eBird,NA
Tadorna ferruginea,VA,eBird,NA
Cairina moschata,VA,eBird,NA
Callonetta leucophrys,VA,eBird,NA
Aix sponsa,VA,eBird,NA
Aix galericulata,VA,eBird,NA
Spatula querquedula,VA,eBird,NA
Spatula discors,VA,eBird,NA
Spatula cyanoptera,VA,eBird,NA
Spatula clypeata,VA,eBird,NA
Mareca strepera,VA,eBird,NA
Mareca penelope,VA,eBird,NA
Mareca americana,VA,eBird,NA
Anas platyrhynchos,VA,eBird,NA
Anas rubripes,VA,eBird,NA
Anas fulvigula,VA,eBird,NA
Anas bahamensis,VA,eBird,NA
Anas acuta,VA,eBird,NA
Anas crecca,VA,eBird,NA
Aythya valisineria,VA,eBird,NA
Aythya americana,VA,eBird,NA
Aythya collaris,VA,eBird,NA
Aythya fuligula,VA,eBird,NA
Aythya marila,VA,eBird,NA
Aythya affinis,VA,eBird,NA
Somateria spectabilis,VA,eBird,NA
Somateria mollissima,VA,eBird,NA
Histrionicus histrionicus,VA,eBird,NA
Melanitta perspicillata,VA,eBird,NA
Melanitta deglandi,VA,eBird,NA
Melanitta americana,VA,eBird,NA
Clangula hyemalis,VA,eBird,NA
Bucephala albeola,VA,eBird,NA
Bucephala clangula,VA,eBird,NA
Bucephala islandica,VA,eBird,NA
Lophodytes cucullatus,VA,eBird,NA
Mergus merganser,VA,eBird,NA
Mergus serrator,VA,eBird,NA
Oxyura jamaicensis,VA,eBird,NA
Numida meleagris,VA,eBird,NA
Colinus virginianus,VA,eBird,NA
Meleagris gallopavo,VA,eBird,NA
Bonasa umbellus,VA,eBird,NA
Chrysolophus pictus,VA,eBird,NA
Chrysolophus amherstiae,VA,eBird,NA
Phasianus colchicus,VA,eBird,NA
Phasianus versicolor,VA,eBird,NA
Pavo cristatus,VA,eBird,NA
Pavo muticus,VA,eBird,NA
Gallus gallus,VA,eBird,NA
Alectoris chukar,VA,eBird,NA
Columba livia,VA,eBird,NA
Patagioenas leucocephala,VA,eBird,NA
Ectopistes migratorius,VA,eBird,NA
Streptopelia decaocto,VA,eBird,NA
Streptopelia roseogrisea,VA,eBird,NA
Geopelia cuneata,VA,eBird,NA
Columbina inca,VA,eBird,NA
Columbina passerina,VA,eBird,NA
Zenaida asiatica,VA,eBird,NA
Zenaida macroura,VA,eBird,NA
Crotophaga sulcirostris,VA,eBird,NA
Coccyzus americanus,VA,eBird,NA
Coccyzus erythropthalmus,VA,eBird,NA
Chordeiles minor,VA,eBird,NA
Antrostomus carolinensis,VA,eBird,NA
Antrostomus vociferus,VA,eBird,NA
Chaetura pelagica,VA,eBird,NA
Colibri thalassinus,VA,eBird,NA
Eugenes fulgens,VA,eBird,NA
Archilochus colubris,VA,eBird,NA
Archilochus alexandri,VA,eBird,NA
Calypte anna,VA,eBird,NA
Selasphorus calliope,VA,eBird,NA
Selasphorus rufus,VA,eBird,NA
Selasphorus sasin,VA,eBird,NA
Ramosomyia violiceps,VA,eBird,NA
Amazilia yucatanensis,VA,eBird,NA
Rallus elegans,VA,eBird,NA
Rallus crepitans,VA,eBird,NA
Rallus limicola,VA,eBird,NA
Mustelirallus erythrops,VA,eBird,NA
Porzana carolina,VA,eBird,NA
Gallinula galeata,VA,eBird,NA
Fulica americana,VA,eBird,NA
Porphyrio martinica,VA,eBird,NA
Coturnicops noveboracensis,VA,eBird,NA
Laterallus jamaicensis,VA,eBird,NA
Aramus guarauna,VA,eBird,NA
Antigone canadensis,VA,eBird,NA
Himantopus mexicanus,VA,eBird,NA
Recurvirostra americana,VA,eBird,NA
Haematopus palliatus,VA,eBird,NA
Pluvialis squatarola,VA,eBird,NA
Pluvialis apricaria,VA,eBird,NA
Pluvialis dominica,VA,eBird,NA
Charadrius vociferus,VA,eBird,NA
Charadrius semipalmatus,VA,eBird,NA
Charadrius melodus,VA,eBird,NA
Vanellus vanellus,VA,eBird,NA
Anarhynchus mongolus,VA,eBird,NA
Anarhynchus wilsonia,VA,eBird,NA
Anarhynchus montanus,VA,eBird,NA
Anarhynchus nivosus,VA,eBird,NA
Bartramia longicauda,VA,eBird,NA
Numenius hudsonicus,VA,eBird,NA
Numenius phaeopus,VA,eBird,NA
Numenius americanus,VA,eBird,NA
Limosa lapponica,VA,eBird,NA
Limosa limosa,VA,eBird,NA
Limosa haemastica,VA,eBird,NA
Limosa fedoa,VA,eBird,NA
Limnodromus griseus,VA,eBird,NA
Limnodromus scolopaceus,VA,eBird,NA
Scolopax minor,VA,eBird,NA
Gallinago delicata,VA,eBird,NA
Phalaropus tricolor,VA,eBird,NA
Phalaropus fulicarius,VA,eBird,NA
Phalaropus lobatus,VA,eBird,NA
Xenus cinereus,VA,eBird,NA
Actitis macularius,VA,eBird,NA
Tringa solitaria,VA,eBird,NA
Tringa flavipes,VA,eBird,NA
Tringa semipalmata,VA,eBird,NA
Tringa melanoleuca,VA,eBird,NA
Arenaria interpres,VA,eBird,NA
Calidris canutus,VA,eBird,NA
Calidris pugnax,VA,eBird,NA
Calidris acuminata,VA,eBird,NA
Calidris ferruginea,VA,eBird,NA
Calidris himantopus,VA,eBird,NA
Calidris ruficollis,VA,eBird,NA
Calidris subruficollis,VA,eBird,NA
Calidris alba,VA,eBird,NA
Calidris alpina,VA,eBird,NA
Calidris maritima,VA,eBird,NA
Calidris bairdii,VA,eBird,NA
Calidris fuscicollis,VA,eBird,NA
Calidris minutilla,VA,eBird,NA
Calidris melanotos,VA,eBird,NA
Calidris mauri,VA,eBird,NA
Calidris pusilla,VA,eBird,NA
Stercorarius longicaudus,VA,eBird,NA
Stercorarius parasiticus,VA,eBird,NA
Stercorarius pomarinus,VA,eBird,NA
Stercorarius skua,VA,eBird,NA
Stercorarius maccormicki,VA,eBird,NA
Fratercula arctica,VA,eBird,NA
Cepphus grylle,VA,eBird,NA
Alca torda,VA,eBird,NA
Alle alle,VA,eBird,NA
Uria lomvia,VA,eBird,NA
Uria aalge,VA,eBird,NA
Synthliboramphus antiquus,VA,eBird,NA
Hydrocoloeus minutus,VA,eBird,NA
Rissa tridactyla,VA,eBird,NA
Xema sabini,VA,eBird,NA
Chroicocephalus philadelphia,VA,eBird,NA
Chroicocephalus ridibundus,VA,eBird,NA
Leucophaeus atricilla,VA,eBird,NA
Leucophaeus pipixcan,VA,eBird,NA
Larus crassirostris,VA,eBird,NA
Larus heermanni,VA,eBird,NA
Larus canus,VA,eBird,NA
Larus brachyrhynchus,VA,eBird,NA
Larus delawarensis,VA,eBird,NA
Larus smithsonianus,VA,eBird,NA
Larus vegae,VA,eBird,NA
Larus michahellis,VA,eBird,NA
Larus marinus,VA,eBird,NA
Larus hyperboreus,VA,eBird,NA
Larus fuscus,VA,eBird,NA
Larus californicus,VA,eBird,NA
Larus glaucoides,VA,eBird,NA
Rynchops niger,VA,eBird,NA
Anous stolidus,VA,eBird,NA
Onychoprion fuscatus,VA,eBird,NA
Onychoprion anaethetus,VA,eBird,NA
Sternula antillarum,VA,eBird,NA
Gelochelidon nilotica,VA,eBird,NA
Hydroprogne caspia,VA,eBird,NA
Chlidonias niger,VA,eBird,NA
Chlidonias leucopterus,VA,eBird,NA
Sterna forsteri,VA,eBird,NA
Sterna paradisaea,VA,eBird,NA
Sterna hirundo,VA,eBird,NA
Sterna dougallii,VA,eBird,NA
Thalasseus sandvicensis,VA,eBird,NA
Thalasseus elegans,VA,eBird,NA
Thalasseus maximus,VA,eBird,NA
Phoenicopterus chilensis,VA,eBird,NA
Phoenicopterus ruber,VA,eBird,NA
Podilymbus podiceps,VA,eBird,NA
Podiceps auritus,VA,eBird,NA
Podiceps grisegena,VA,eBird,NA
Podiceps nigricollis,VA,eBird,NA
Aechmophorus occidentalis,VA,eBird,NA
Aechmophorus clarkii,VA,eBird,NA
Phaethon lepturus,VA,eBird,NA
Phaethon aethereus,VA,eBird,NA
Gavia stellata,VA,eBird,NA
Gavia pacifica,VA,eBird,NA
Gavia immer,VA,eBird,NA
Thalassarche chlororhynchos,VA,eBird,NA
Thalassarche melanophris,VA,eBird,NA
Oceanites oceanicus,VA,eBird,NA
Pelagodroma marina,VA,eBird,NA
Hydrobates pelagicus,VA,eBird,NA
Hydrobates leucorhous,VA,eBird,NA
Hydrobates castro,VA,eBird,NA
Fulmarus glacialis,VA,eBird,NA
Pterodroma arminjoniana,VA,eBird,NA
Pterodroma deserta,VA,eBird,NA
Pterodroma cahow,VA,eBird,NA
Pterodroma hasitata,VA,eBird,NA
Bulweria bulwerii,VA,eBird,NA
Calonectris borealis,VA,eBird,NA
Calonectris diomedea,VA,eBird,NA
Ardenna gravis,VA,eBird,NA
Ardenna grisea,VA,eBird,NA
Puffinus puffinus,VA,eBird,NA
Puffinus lherminieri,VA,eBird,NA
Mycteria americana,VA,eBird,NA
Fregata magnificens,VA,eBird,NA
Morus bassanus,VA,eBird,NA
Sula leucogaster,VA,eBird,NA
Sula dactylatra,VA,eBird,NA
Anhinga anhinga,VA,eBird,NA
Phalacrocorax carbo,VA,eBird,NA
Nannopterum auritum,VA,eBird,NA
Nannopterum brasilianum,VA,eBird,NA
Eudocimus albus,VA,eBird,NA
Plegadis falcinellus,VA,eBird,NA
Plegadis chihi,VA,eBird,NA
Platalea ajaja,VA,eBird,NA
Botaurus lentiginosus,VA,eBird,NA
Botaurus exilis,VA,eBird,NA
Nyctanassa violacea,VA,eBird,NA
Nycticorax nycticorax,VA,eBird,NA
Egretta caerulea,VA,eBird,NA
Egretta tricolor,VA,eBird,NA
Egretta rufescens,VA,eBird,NA
Egretta thula,VA,eBird,NA
Egretta garzetta,VA,eBird,NA
Butorides virescens,VA,eBird,NA
Ardea ibis,VA,eBird,NA
Ardea alba,VA,eBird,NA
Ardea cinerea,VA,eBird,NA
Ardea herodias,VA,eBird,NA
Pelecanus erythrorhynchos,VA,eBird,NA
Pelecanus occidentalis,VA,eBird,NA
Coragyps atratus,VA,eBird,NA
Cathartes aura,VA,eBird,NA
Pandion haliaetus,VA,eBird,NA
Elanus leucurus,VA,eBird,NA
Elanoides forficatus,VA,eBird,NA
Aquila chrysaetos,VA,eBird,NA
Accipiter striatus,VA,eBird,NA
Astur cooperii,VA,eBird,NA
Astur atricapillus,VA,eBird,NA
Circus aeruginosus,VA,eBird,NA
Circus hudsonius,VA,eBird,NA
Haliaeetus leucocephalus,VA,eBird,NA
Ictinia mississippiensis,VA,eBird,NA
Rostrhamus sociabilis,VA,eBird,NA
Buteo platypterus,VA,eBird,NA
Buteo lineatus,VA,eBird,NA
Buteo albonotatus,VA,eBird,NA
Buteo swainsoni,VA,eBird,NA
Buteo jamaicensis,VA,eBird,NA
Buteo lagopus,VA,eBird,NA
Buteo regalis,VA,eBird,NA
Tyto furcata,VA,eBird,NA
Megascops asio,VA,eBird,NA
Bubo scandiacus,VA,eBird,NA
Bubo virginianus,VA,eBird,NA
Athene cunicularia,VA,eBird,NA
Strix varia,VA,eBird,NA
Asio otus,VA,eBird,NA
Asio flammeus,VA,eBird,NA
Aegolius acadicus,VA,eBird,NA
Megaceryle alcyon,VA,eBird,NA
Sphyrapicus varius,VA,eBird,NA
Melanerpes lewis,VA,eBird,NA
Melanerpes erythrocephalus,VA,eBird,NA
Melanerpes carolinus,VA,eBird,NA
Dryobates pubescens,VA,eBird,NA
Leuconotopicus borealis,VA,eBird,NA
Leuconotopicus villosus,VA,eBird,NA
Dryocopus pileatus,VA,eBird,NA
Colaptes auratus,VA,eBird,NA
Caracara plancus,VA,eBird,NA
Falco sparverius,VA,eBird,NA
Falco columbarius,VA,eBird,NA
Falco rusticolus,VA,eBird,NA
Falco peregrinus,VA,eBird,NA
Falco mexicanus,VA,eBird,NA
Nymphicus hollandicus,VA,eBird,NA
Psittacula krameri,VA,eBird,NA
Melopsittacus undulatus,VA,eBird,NA
Agapornis roseicollis,VA,eBird,NA
Myiopsitta monachus,VA,eBird,NA
Aratinga nenday,VA,eBird,NA
Psittacara erythrogenys,VA,eBird,NA
Contopus cooperi,VA,eBird,NA
Contopus sordidulus,VA,eBird,NA
Contopus virens,VA,eBird,NA
Empidonax flaviventris,VA,eBird,NA
Empidonax virescens,VA,eBird,NA
Empidonax alnorum,VA,eBird,NA
Empidonax traillii,VA,eBird,NA
Empidonax minimus,VA,eBird,NA
Empidonax hammondii,VA,eBird,NA
Empidonax wrightii,VA,eBird,NA
Empidonax oberholseri,VA,eBird,NA
Empidonax difficilis,VA,eBird,NA
Sayornis phoebe,VA,eBird,NA
Sayornis saya,VA,eBird,NA
Pyrocephalus rubinus,VA,eBird,NA
Myiarchus cinerascens,VA,eBird,NA
Myiarchus crinitus,VA,eBird,NA
Tyrannus melancholicus,VA,eBird,NA
Tyrannus couchii,VA,eBird,NA
Tyrannus verticalis,VA,eBird,NA
Tyrannus tyrannus,VA,eBird,NA
Tyrannus dominicensis,VA,eBird,NA
Tyrannus forficatus,VA,eBird,NA
Tyrannus savana,VA,eBird,NA
Vireo griseus,VA,eBird,NA
Vireo bellii,VA,eBird,NA
Vireo flavifrons,VA,eBird,NA
Vireo solitarius,VA,eBird,NA
Vireo philadelphicus,VA,eBird,NA
Vireo gilvus,VA,eBird,NA
Vireo olivaceus,VA,eBird,NA
Vireo altiloquus,VA,eBird,NA
Lanius ludovicianus,VA,eBird,NA
Lanius borealis,VA,eBird,NA
Cyanocitta cristata,VA,eBird,NA
Pica hudsonia,VA,eBird,NA
Corvus splendens,VA,eBird,NA
Corvus brachyrhynchos,VA,eBird,NA
Corvus ossifragus,VA,eBird,NA
Corvus corax,VA,eBird,NA
Poecile carolinensis,VA,eBird,NA
Poecile atricapillus,VA,eBird,NA
Poecile hudsonicus,VA,eBird,NA
Baeolophus bicolor,VA,eBird,NA
Parus major,VA,eBird,NA
Eremophila alpestris,VA,eBird,NA
Riparia riparia,VA,eBird,NA
Tachycineta bicolor,VA,eBird,NA
Tachycineta thalassina,VA,eBird,NA
Progne subis,VA,eBird,NA
Progne tapera,VA,eBird,NA
Stelgidopteryx serripennis,VA,eBird,NA
Hirundo rustica,VA,eBird,NA
Petrochelidon pyrrhonota,VA,eBird,NA
Petrochelidon fulva,VA,eBird,NA
Corthylio calendula,VA,eBird,NA
Regulus satrapa,VA,eBird,NA
Sitta carolinensis,VA,eBird,NA
Sitta pusilla,VA,eBird,NA
Sitta canadensis,VA,eBird,NA
Certhia americana,VA,eBird,NA
Polioptila caerulea,VA,eBird,NA
Salpinctes obsoletus,VA,eBird,NA
Troglodytes aedon,VA,eBird,NA
Troglodytes hiemalis,VA,eBird,NA
Cistothorus stellaris,VA,eBird,NA
Cistothorus palustris,VA,eBird,NA
Thryothorus ludovicianus,VA,eBird,NA
Thryomanes bewickii,VA,eBird,NA
Sturnus vulgaris,VA,eBird,NA
Dumetella carolinensis,VA,eBird,NA
Toxostoma rufum,VA,eBird,NA
Oreoscoptes montanus,VA,eBird,NA
Mimus polyglottos,VA,eBird,NA
Sialia sialis,VA,eBird,NA
Sialia currucoides,VA,eBird,NA
Myadestes townsendi,VA,eBird,NA
Ixoreus naevius,VA,eBird,NA
Catharus fuscescens,VA,eBird,NA
Catharus minimus,VA,eBird,NA
Catharus bicknelli,VA,eBird,NA
Catharus ustulatus,VA,eBird,NA
Catharus guttatus,VA,eBird,NA
Hylocichla mustelina,VA,eBird,NA
Turdus migratorius,VA,eBird,NA
Tarsiger cyanurus,VA,eBird,NA
Oenanthe oenanthe,VA,eBird,NA
Bombycilla garrulus,VA,eBird,NA
Bombycilla cedrorum,VA,eBird,NA
Euplectes franciscanus,VA,eBird,NA
Taeniopygia guttata,VA,eBird,NA
Estrilda melpoda,VA,eBird,NA
Passer domesticus,VA,eBird,NA
Motacilla tschutschensis,VA,eBird,NA
Motacilla alba,VA,eBird,NA
Anthus rubescens,VA,eBird,NA
Anthus spragueii,VA,eBird,NA
Hesperiphona vespertina,VA,eBird,NA
Pinicola enucleator,VA,eBird,NA
Leucosticte tephrocotis,VA,eBird,NA
Haemorhous mexicanus,VA,eBird,NA
Haemorhous purpureus,VA,eBird,NA
Chloris chloris,VA,eBird,NA
Acanthis flammea,VA,eBird,NA
Loxia curvirostra,VA,eBird,NA
Loxia leucoptera,VA,eBird,NA
Carduelis carduelis,VA,eBird,NA
Serinus canaria,VA,eBird,NA
Spinus pinus,VA,eBird,NA
Spinus psaltria,VA,eBird,NA
Spinus tristis,VA,eBird,NA
Calcarius lapponicus,VA,eBird,NA
Calcarius ornatus,VA,eBird,NA
Calcarius pictus,VA,eBird,NA
Plectrophenax nivalis,VA,eBird,NA
Peucaea aestivalis,VA,eBird,NA
Ammodramus savannarum,VA,eBird,NA
Spizella passerina,VA,eBird,NA
Spizella pallida,VA,eBird,NA
Spizella pusilla,VA,eBird,NA
Spizella breweri,VA,eBird,NA
Amphispiza bilineata,VA,eBird,NA
Chondestes grammacus,VA,eBird,NA
Calamospiza melanocorys,VA,eBird,NA
Spizelloides arborea,VA,eBird,NA
Passerella iliaca,VA,eBird,NA
Junco hyemalis,VA,eBird,NA
Zonotrichia leucophrys,VA,eBird,NA
Zonotrichia querula,VA,eBird,NA
Zonotrichia albicollis,VA,eBird,NA
Pooecetes gramineus,VA,eBird,NA
Ammospiza leconteii,VA,eBird,NA
Ammospiza maritima,VA,eBird,NA
Ammospiza nelsoni,VA,eBird,NA
Ammospiza caudacuta,VA,eBird,NA
Passerculus sandwichensis,VA,eBird,NA
Centronyx henslowii,VA,eBird,NA
Melospiza melodia,VA,eBird,NA
Melospiza lincolnii,VA,eBird,NA
Melospiza georgiana,VA,eBird,NA
Pipilo chlorurus,VA,eBird,NA
Pipilo maculatus,VA,eBird,NA
Pipilo erythrophthalmus,VA,eBird,NA
Icteria virens,VA,eBird,NA
Xanthocephalus xanthocephalus,VA,eBird,NA
Dolichonyx oryzivorus,VA,eBird,NA
Sturnella neglecta,VA,eBird,NA
Sturnella magna,VA,eBird,NA
Icterus spurius,VA,eBird,NA
Icterus bullockii,VA,eBird,NA
Icterus galbula,VA,eBird,NA
Icterus parisorum,VA,eBird,NA
Agelaius phoeniceus,VA,eBird,NA
Molothrus bonariensis,VA,eBird,NA
Molothrus ater,VA,eBird,NA
Euphagus carolinus,VA,eBird,NA
Euphagus cyanocephalus,VA,eBird,NA
Quiscalus quiscula,VA,eBird,NA
Quiscalus major,VA,eBird,NA
Seiurus aurocapilla,VA,eBird,NA
Helmitheros vermivorum,VA,eBird,NA
Parkesia motacilla,VA,eBird,NA
Parkesia noveboracensis,VA,eBird,NA
Vermivora bachmanii,VA,eBird,NA
Vermivora chrysoptera,VA,eBird,NA
Vermivora cyanoptera,VA,eBird,NA
Mniotilta varia,VA,eBird,NA
Protonotaria citrea,VA,eBird,NA
Limnothlypis swainsonii,VA,eBird,NA
Leiothlypis peregrina,VA,eBird,NA
Leiothlypis celata,VA,eBird,NA
Leiothlypis luciae,VA,eBird,NA
Leiothlypis ruficapilla,VA,eBird,NA
Leiothlypis virginiae,VA,eBird,NA
Oporornis agilis,VA,eBird,NA
Geothlypis tolmiei,VA,eBird,NA
Geothlypis philadelphia,VA,eBird,NA
Geothlypis formosa,VA,eBird,NA
Geothlypis trichas,VA,eBird,NA
Setophaga citrina,VA,eBird,NA
Setophaga ruticilla,VA,eBird,NA
Setophaga kirtlandii,VA,eBird,NA
Setophaga tigrina,VA,eBird,NA
Setophaga cerulea,VA,eBird,NA
Setophaga americana,VA,eBird,NA
Setophaga magnolia,VA,eBird,NA
Setophaga castanea,VA,eBird,NA
Setophaga fusca,VA,eBird,NA
Setophaga aestiva,VA,eBird,NA
Setophaga pensylvanica,VA,eBird,NA
Setophaga striata,VA,eBird,NA
Setophaga caerulescens,VA,eBird,NA
Setophaga palmarum,VA,eBird,NA
Setophaga pinus,VA,eBird,NA
Setophaga coronata,VA,eBird,NA
Setophaga dominica,VA,eBird,NA
Setophaga discolor,VA,eBird,NA
Setophaga nigrescens,VA,eBird,NA
Setophaga townsendi,VA,eBird,NA
Setophaga virens,VA,eBird,NA
Cardellina canadensis,VA,eBird,NA
Cardellina pusilla,VA,eBird,NA
Piranga rubra,VA,eBird,NA
Piranga olivacea,VA,eBird,NA
Piranga ludoviciana,VA,eBird,NA
Cardinalis cardinalis,VA,eBird,NA
Pheucticus ludovicianus,VA,eBird,NA
Pheucticus melanocephalus,VA,eBird,NA
Passerina caerulea,VA,eBird,NA
Passerina amoena,VA,eBird,NA
Passerina cyanea,VA,eBird,NA
Passerina ciris,VA,eBird,NA
Spiza americana,VA,eBird,NA
Sicalis flaveola,VA,eBird,NA
Dromaius novaehollandiae,WA,eBird,NA
Nothoprocta perdicaria,WA,eBird,NA
Dendrocygna bicolor,WA,eBird,NA
Anser indicus,WA,eBird,NA
Anser canagicus,WA,eBird,NA
Anser caerulescens,WA,eBird,NA
Anser rossii,WA,eBird,NA
Anser anser,WA,eBird,NA
Anser cygnoides,WA,eBird,NA
Anser albifrons,WA,eBird,NA
Anser fabalis,WA,eBird,NA
Anser brachyrhynchus,WA,eBird,NA
Branta bernicla,WA,eBird,NA
Branta leucopsis,WA,eBird,NA
Branta hutchinsii,WA,eBird,NA
Branta canadensis,WA,eBird,NA
Cygnus olor,WA,eBird,NA
Cygnus atratus,WA,eBird,NA
Cygnus buccinator,WA,eBird,NA
Cygnus columbianus,WA,eBird,NA
Cygnus cygnus,WA,eBird,NA
Alopochen aegyptiaca,WA,eBird,NA
Cairina moschata,WA,eBird,NA
Callonetta leucophrys,WA,eBird,NA
Aix sponsa,WA,eBird,NA
Aix galericulata,WA,eBird,NA
Sibirionetta formosa,WA,eBird,NA
Spatula querquedula,WA,eBird,NA
Spatula discors,WA,eBird,NA
Spatula cyanoptera,WA,eBird,NA
Spatula clypeata,WA,eBird,NA
Mareca strepera,WA,eBird,NA
Mareca falcata,WA,eBird,NA
Mareca penelope,WA,eBird,NA
Mareca americana,WA,eBird,NA
Anas platyrhynchos,WA,eBird,NA
Anas rubripes,WA,eBird,NA
Anas bahamensis,WA,eBird,NA
Anas acuta,WA,eBird,NA
Anas crecca,WA,eBird,NA
Aythya valisineria,WA,eBird,NA
Aythya americana,WA,eBird,NA
Aythya collaris,WA,eBird,NA
Aythya fuligula,WA,eBird,NA
Aythya marila,WA,eBird,NA
Aythya affinis,WA,eBird,NA
Polysticta stelleri,WA,eBird,NA
Somateria spectabilis,WA,eBird,NA
Somateria mollissima,WA,eBird,NA
Histrionicus histrionicus,WA,eBird,NA
Melanitta perspicillata,WA,eBird,NA
Melanitta deglandi,WA,eBird,NA
Melanitta americana,WA,eBird,NA
Clangula hyemalis,WA,eBird,NA
Bucephala albeola,WA,eBird,NA
Bucephala clangula,WA,eBird,NA
Bucephala islandica,WA,eBird,NA
Mergellus albellus,WA,eBird,NA
Lophodytes cucullatus,WA,eBird,NA
Mergus merganser,WA,eBird,NA
Mergus serrator,WA,eBird,NA
Oxyura jamaicensis,WA,eBird,NA
Numida meleagris,WA,eBird,NA
Oreortyx pictus,WA,eBird,NA
Colinus virginianus,WA,eBird,NA
Callipepla squamata,WA,eBird,NA
Callipepla californica,WA,eBird,NA
Meleagris gallopavo,WA,eBird,NA
Bonasa umbellus,WA,eBird,NA
Centrocercus urophasianus,WA,eBird,NA
Dendragapus obscurus,WA,eBird,NA
Dendragapus fuliginosus,WA,eBird,NA
Tympanuchus phasianellus,WA,eBird,NA
Lagopus leucura,WA,eBird,NA
Canachites canadensis,WA,eBird,NA
Perdix perdix,WA,eBird,NA
Syrmaticus reevesii,WA,eBird,NA
Chrysolophus pictus,WA,eBird,NA
Phasianus colchicus,WA,eBird,NA
Phasianus versicolor,WA,eBird,NA
Pavo cristatus,WA,eBird,NA
Pavo muticus,WA,eBird,NA
Gallus gallus,WA,eBird,NA
Alectoris rufa,WA,eBird,NA
Alectoris chukar,WA,eBird,NA
Columba livia,WA,eBird,NA
Patagioenas fasciata,WA,eBird,NA
Streptopelia decaocto,WA,eBird,NA
Streptopelia roseogrisea,WA,eBird,NA
Zenaida asiatica,WA,eBird,NA
Zenaida macroura,WA,eBird,NA
Coccyzus americanus,WA,eBird,NA
Coccyzus erythropthalmus,WA,eBird,NA
Chordeiles acutipennis,WA,eBird,NA
Chordeiles minor,WA,eBird,NA
Phalaenoptilus nuttallii,WA,eBird,NA
Cypseloides niger,WA,eBird,NA
Chaetura vauxi,WA,eBird,NA
Aeronautes saxatalis,WA,eBird,NA
Archilochus colubris,WA,eBird,NA
Archilochus alexandri,WA,eBird,NA
Calypte anna,WA,eBird,NA
Calypte costae,WA,eBird,NA
Selasphorus calliope,WA,eBird,NA
Selasphorus rufus,WA,eBird,NA
Selasphorus sasin,WA,eBird,NA
Selasphorus platycercus,WA,eBird,NA
Cynanthus latirostris,WA,eBird,NA
Rallus limicola,WA,eBird,NA
Aramides ypecaha,WA,eBird,NA
Porzana carolina,WA,eBird,NA
Fulica americana,WA,eBird,NA
Porphyrio martinica,WA,eBird,NA
Coturnicops noveboracensis,WA,eBird,NA
Balearica regulorum,WA,eBird,NA
Antigone canadensis,WA,eBird,NA
Grus grus,WA,eBird,NA
Himantopus mexicanus,WA,eBird,NA
Recurvirostra americana,WA,eBird,NA
Haematopus bachmani,WA,eBird,NA
Pluvialis squatarola,WA,eBird,NA
Pluvialis dominica,WA,eBird,NA
Pluvialis fulva,WA,eBird,NA
Eudromias morinellus,WA,eBird,NA
Charadrius vociferus,WA,eBird,NA
Charadrius hiaticula,WA,eBird,NA
Charadrius semipalmatus,WA,eBird,NA
Charadrius melodus,WA,eBird,NA
Anarhynchus mongolus,WA,eBird,NA
Anarhynchus wilsonia,WA,eBird,NA
Anarhynchus montanus,WA,eBird,NA
Anarhynchus nivosus,WA,eBird,NA
Bartramia longicauda,WA,eBird,NA
Numenius tahitiensis,WA,eBird,NA
Numenius hudsonicus,WA,eBird,NA
Numenius phaeopus,WA,eBird,NA
Numenius americanus,WA,eBird,NA
Limosa lapponica,WA,eBird,NA
Limosa haemastica,WA,eBird,NA
Limosa fedoa,WA,eBird,NA
Limnodromus griseus,WA,eBird,NA
Limnodromus scolopaceus,WA,eBird,NA
Lymnocryptes minimus,WA,eBird,NA
Gallinago delicata,WA,eBird,NA
Phalaropus tricolor,WA,eBird,NA
Phalaropus fulicarius,WA,eBird,NA
Phalaropus lobatus,WA,eBird,NA
Actitis macularius,WA,eBird,NA
Tringa solitaria,WA,eBird,NA
Tringa brevipes,WA,eBird,NA
Tringa incana,WA,eBird,NA
Tringa stagnatilis,WA,eBird,NA
Tringa glareola,WA,eBird,NA
Tringa flavipes,WA,eBird,NA
Tringa semipalmata,WA,eBird,NA
Tringa erythropus,WA,eBird,NA
Tringa melanoleuca,WA,eBird,NA
Arenaria interpres,WA,eBird,NA
Arenaria melanocephala,WA,eBird,NA
Calidris tenuirostris,WA,eBird,NA
Calidris canutus,WA,eBird,NA
Calidris virgata,WA,eBird,NA
Calidris pugnax,WA,eBird,NA
Calidris acuminata,WA,eBird,NA
Calidris ferruginea,WA,eBird,NA
Calidris himantopus,WA,eBird,NA
Calidris temminckii,WA,eBird,NA
Calidris ruficollis,WA,eBird,NA
Calidris subruficollis,WA,eBird,NA
Calidris alba,WA,eBird,NA
Calidris alpina,WA,eBird,NA
Calidris ptilocnemis,WA,eBird,NA
Calidris bairdii,WA,eBird,NA
Calidris minuta,WA,eBird,NA
Calidris fuscicollis,WA,eBird,NA
Calidris minutilla,WA,eBird,NA
Calidris melanotos,WA,eBird,NA
Calidris mauri,WA,eBird,NA
Calidris pusilla,WA,eBird,NA
Stercorarius longicaudus,WA,eBird,NA
Stercorarius parasiticus,WA,eBird,NA
Stercorarius pomarinus,WA,eBird,NA
Stercorarius maccormicki,WA,eBird,NA
Cerorhinca monocerata,WA,eBird,NA
Fratercula cirrhata,WA,eBird,NA
Fratercula corniculata,WA,eBird,NA
Ptychoramphus aleuticus,WA,eBird,NA
Aethia pusilla,WA,eBird,NA
Aethia cristatella,WA,eBird,NA
Aethia psittacula,WA,eBird,NA
Brachyramphus perdix,WA,eBird,NA
Brachyramphus brevirostris,WA,eBird,NA
Brachyramphus marmoratus,WA,eBird,NA
Cepphus columba,WA,eBird,NA
Uria lomvia,WA,eBird,NA
Uria aalge,WA,eBird,NA
Synthliboramphus antiquus,WA,eBird,NA
Synthliboramphus scrippsi,WA,eBird,NA
Synthliboramphus hypoleucus,WA,eBird,NA
Creagrus furcatus,WA,eBird,NA
Hydrocoloeus minutus,WA,eBird,NA
Rhodostethia rosea,WA,eBird,NA
Rissa tridactyla,WA,eBird,NA
Rissa brevirostris,WA,eBird,NA
Pagophila eburnea,WA,eBird,NA
Xema sabini,WA,eBird,NA
Chroicocephalus philadelphia,WA,eBird,NA
Chroicocephalus ridibundus,WA,eBird,NA
Leucophaeus atricilla,WA,eBird,NA
Leucophaeus pipixcan,WA,eBird,NA
Larus crassirostris,WA,eBird,NA
Larus heermanni,WA,eBird,NA
Larus brachyrhynchus,WA,eBird,NA
Larus delawarensis,WA,eBird,NA
Larus occidentalis,WA,eBird,NA
Larus smithsonianus,WA,eBird,NA
Larus vegae,WA,eBird,NA
Larus marinus,WA,eBird,NA
Larus hyperboreus,WA,eBird,NA
Larus fuscus,WA,eBird,NA
Larus californicus,WA,eBird,NA
Larus glaucescens,WA,eBird,NA
Larus schistisagus,WA,eBird,NA
Larus glaucoides,WA,eBird,NA
Sternula antillarum,WA,eBird,NA
Hydroprogne caspia,WA,eBird,NA
Chlidonias niger,WA,eBird,NA
Sterna forsteri,WA,eBird,NA
Sterna paradisaea,WA,eBird,NA
Sterna hirundo,WA,eBird,NA
Thalasseus elegans,WA,eBird,NA
Podilymbus podiceps,WA,eBird,NA
Podiceps auritus,WA,eBird,NA
Podiceps grisegena,WA,eBird,NA
Podiceps nigricollis,WA,eBird,NA
Aechmophorus occidentalis,WA,eBird,NA
Aechmophorus clarkii,WA,eBird,NA
Phaethon aethereus,WA,eBird,NA
Gavia stellata,WA,eBird,NA
Gavia arctica,WA,eBird,NA
Gavia pacifica,WA,eBird,NA
Gavia immer,WA,eBird,NA
Gavia adamsii,WA,eBird,NA
Phoebastria immutabilis,WA,eBird,NA
Phoebastria nigripes,WA,eBird,NA
Phoebastria albatrus,WA,eBird,NA
Thalassarche cauta,WA,eBird,NA
Oceanites oceanicus,WA,eBird,NA
Hydrobates furcatus,WA,eBird,NA
Hydrobates leucorhous,WA,eBird,NA
Hydrobates homochroa,WA,eBird,NA
Macronectes halli,WA,eBird,NA
Fulmarus glacialis,WA,eBird,NA
Pterodroma ultima,WA,eBird,NA
Pterodroma solandri,WA,eBird,NA
Pterodroma inexpectata,WA,eBird,NA
Pterodroma sandwichensis,WA,eBird,NA
Pterodroma cookii,WA,eBird,NA
Ardenna creatopus,WA,eBird,NA
Ardenna carneipes,WA,eBird,NA
Ardenna gravis,WA,eBird,NA
Ardenna pacifica,WA,eBird,NA
Ardenna bulleri,WA,eBird,NA
Ardenna grisea,WA,eBird,NA
Ardenna tenuirostris,WA,eBird,NA
Puffinus puffinus,WA,eBird,NA
Fregata magnificens,WA,eBird,NA
Sula sula,WA,eBird,NA
Sula brewsteri,WA,eBird,NA
Sula granti,WA,eBird,NA
Sula nebouxii,WA,eBird,NA
Urile penicillatus,WA,eBird,NA
Urile pelagicus,WA,eBird,NA
Nannopterum auritum,WA,eBird,NA
Eudocimus albus,WA,eBird,NA
Plegadis falcinellus,WA,eBird,NA
Plegadis chihi,WA,eBird,NA
Botaurus lentiginosus,WA,eBird,NA
Nyctanassa violacea,WA,eBird,NA
Nycticorax nycticorax,WA,eBird,NA
Egretta caerulea,WA,eBird,NA
Egretta thula,WA,eBird,NA
Butorides virescens,WA,eBird,NA
Ardea ibis,WA,eBird,NA
Ardea alba,WA,eBird,NA
Ardea herodias,WA,eBird,NA
Pelecanus erythrorhynchos,WA,eBird,NA
Pelecanus occidentalis,WA,eBird,NA
Gymnogyps californianus,WA,eBird,NA
Cathartes aura,WA,eBird,NA
Pandion haliaetus,WA,eBird,NA
Elanus leucurus,WA,eBird,NA
Aquila chrysaetos,WA,eBird,NA
Accipiter striatus,WA,eBird,NA
Astur cooperii,WA,eBird,NA
Astur atricapillus,WA,eBird,NA
Circus hudsonius,WA,eBird,NA
Haliaeetus leucocephalus,WA,eBird,NA
Parabuteo unicinctus,WA,eBird,NA
Buteo platypterus,WA,eBird,NA
Buteo lineatus,WA,eBird,NA
Buteo albonotatus,WA,eBird,NA
Buteo swainsoni,WA,eBird,NA
Buteo jamaicensis,WA,eBird,NA
Buteo lagopus,WA,eBird,NA
Buteo regalis,WA,eBird,NA
Tyto furcata,WA,eBird,NA
Psiloscops flammeolus,WA,eBird,NA
Megascops kennicottii,WA,eBird,NA
Bubo scandiacus,WA,eBird,NA
Bubo virginianus,WA,eBird,NA
Surnia ulula,WA,eBird,NA
Glaucidium gnoma,WA,eBird,NA
Athene cunicularia,WA,eBird,NA
Strix occidentalis,WA,eBird,NA
Strix varia,WA,eBird,NA
Strix nebulosa,WA,eBird,NA
Asio otus,WA,eBird,NA
Asio flammeus,WA,eBird,NA
Aegolius funereus,WA,eBird,NA
Aegolius acadicus,WA,eBird,NA
Megaceryle alcyon,WA,eBird,NA
Sphyrapicus thyroideus,WA,eBird,NA
Sphyrapicus varius,WA,eBird,NA
Sphyrapicus nuchalis,WA,eBird,NA
Sphyrapicus ruber,WA,eBird,NA
Melanerpes lewis,WA,eBird,NA
Melanerpes formicivorus,WA,eBird,NA
Picoides dorsalis,WA,eBird,NA
Picoides arcticus,WA,eBird,NA
Dryobates pubescens,WA,eBird,NA
Leuconotopicus villosus,WA,eBird,NA
Leuconotopicus albolarvatus,WA,eBird,NA
Dryocopus pileatus,WA,eBird,NA
Colaptes auratus,WA,eBird,NA
Caracara plancus,WA,eBird,NA
Falco tinnunculus,WA,eBird,NA
Falco sparverius,WA,eBird,NA
Falco columbarius,WA,eBird,NA
Falco subbuteo,WA,eBird,NA
Falco rusticolus,WA,eBird,NA
Falco peregrinus,WA,eBird,NA
Falco mexicanus,WA,eBird,NA
Nymphicus hollandicus,WA,eBird,NA
Psittacula krameri,WA,eBird,NA
Psephotus haematonotus,WA,eBird,NA
Melopsittacus undulatus,WA,eBird,NA
Myiopsitta monachus,WA,eBird,NA
Ara ararauna,WA,eBird,NA
Ara militaris,WA,eBird,NA
Psittacara mitratus,WA,eBird,NA
Psittacara erythrogenys,WA,eBird,NA
Contopus cooperi,WA,eBird,NA
Contopus pertinax,WA,eBird,NA
Contopus sordidulus,WA,eBird,NA
Contopus virens,WA,eBird,NA
Empidonax flaviventris,WA,eBird,NA
Empidonax alnorum,WA,eBird,NA
Empidonax traillii,WA,eBird,NA
Empidonax minimus,WA,eBird,NA
Empidonax hammondii,WA,eBird,NA
Empidonax wrightii,WA,eBird,NA
Empidonax oberholseri,WA,eBird,NA
Empidonax difficilis,WA,eBird,NA
Sayornis nigricans,WA,eBird,NA
Sayornis phoebe,WA,eBird,NA
Sayornis saya,WA,eBird,NA
Pyrocephalus rubinus,WA,eBird,NA
Myiarchus tuberculifer,WA,eBird,NA
Myiarchus cinerascens,WA,eBird,NA
Empidonomus varius,WA,eBird,NA
Tyrannus melancholicus,WA,eBird,NA
Tyrannus verticalis,WA,eBird,NA
Tyrannus tyrannus,WA,eBird,NA
Tyrannus forficatus,WA,eBird,NA
Tyrannus savana,WA,eBird,NA
Vireo griseus,WA,eBird,NA
Vireo bellii,WA,eBird,NA
Vireo huttoni,WA,eBird,NA
Vireo flavifrons,WA,eBird,NA
Vireo cassinii,WA,eBird,NA
Vireo solitarius,WA,eBird,NA
Vireo philadelphicus,WA,eBird,NA
Vireo swainsoni,WA,eBird,NA
Vireo olivaceus,WA,eBird,NA
Vireo flavoviridis,WA,eBird,NA
Lanius ludovicianus,WA,eBird,NA
Lanius borealis,WA,eBird,NA
Perisoreus canadensis,WA,eBird,NA
Gymnorhinus cyanocephalus,WA,eBird,NA
Cyanocitta stelleri,WA,eBird,NA
Cyanocitta cristata,WA,eBird,NA
Aphelocoma californica,WA,eBird,NA
Aphelocoma woodhouseii,WA,eBird,NA
Pica hudsonia,WA,eBird,NA
Nucifraga columbiana,WA,eBird,NA
Corvus brachyrhynchos,WA,eBird,NA
Corvus corax,WA,eBird,NA
Poecile atricapillus,WA,eBird,NA
Poecile gambeli,WA,eBird,NA
Poecile rufescens,WA,eBird,NA
Poecile hudsonicus,WA,eBird,NA
Alauda arvensis,WA,eBird,NA
Eremophila alpestris,WA,eBird,NA
Riparia riparia,WA,eBird,NA
Tachycineta bicolor,WA,eBird,NA
Tachycineta thalassina,WA,eBird,NA
Progne subis,WA,eBird,NA
Stelgidopteryx serripennis,WA,eBird,NA
Hirundo rustica,WA,eBird,NA
Petrochelidon pyrrhonota,WA,eBird,NA
Petrochelidon fulva,WA,eBird,NA
Pycnonotus jocosus,WA,eBird,NA
Psaltriparus minimus,WA,eBird,NA
Zosterops simplex,WA,eBird,NA
Corthylio calendula,WA,eBird,NA
Regulus satrapa,WA,eBird,NA
Sitta carolinensis,WA,eBird,NA
Sitta pygmaea,WA,eBird,NA
Sitta canadensis,WA,eBird,NA
Certhia americana,WA,eBird,NA
Polioptila caerulea,WA,eBird,NA
Salpinctes obsoletus,WA,eBird,NA
Catherpes mexicanus,WA,eBird,NA
Troglodytes aedon,WA,eBird,NA
Troglodytes pacificus,WA,eBird,NA
Troglodytes hiemalis,WA,eBird,NA
Cistothorus palustris,WA,eBird,NA
Thryomanes bewickii,WA,eBird,NA
Cinclus mexicanus,WA,eBird,NA
Sturnus vulgaris,WA,eBird,NA
Dumetella carolinensis,WA,eBird,NA
Toxostoma rufum,WA,eBird,NA
Oreoscoptes montanus,WA,eBird,NA
Mimus longicaudatus,WA,eBird,NA
Mimus polyglottos,WA,eBird,NA
Sialia sialis,WA,eBird,NA
Sialia mexicana,WA,eBird,NA
Sialia currucoides,WA,eBird,NA
Myadestes townsendi,WA,eBird,NA
Ixoreus naevius,WA,eBird,NA
Catharus fuscescens,WA,eBird,NA
Catharus ustulatus,WA,eBird,NA
Catharus guttatus,WA,eBird,NA
Turdus philomelos,WA,eBird,NA
Turdus iliacus,WA,eBird,NA
Turdus eunomus,WA,eBird,NA
Turdus migratorius,WA,eBird,NA
Tarsiger cyanurus,WA,eBird,NA
Oenanthe oenanthe,WA,eBird,NA
Bombycilla garrulus,WA,eBird,NA
Bombycilla cedrorum,WA,eBird,NA
Phainopepla nitens,WA,eBird,NA
Ploceus cucullatus,WA,eBird,NA
Euplectes franciscanus,WA,eBird,NA
Taeniopygia guttata,WA,eBird,NA
Spermestes bicolor,WA,eBird,NA
Vidua macroura,WA,eBird,NA
Prunella montanella,WA,eBird,NA
Passer domesticus,WA,eBird,NA
Passer montanus,WA,eBird,NA
Motacilla cinerea,WA,eBird,NA
Motacilla tschutschensis,WA,eBird,NA
Motacilla alba,WA,eBird,NA
Anthus cervinus,WA,eBird,NA
Anthus japonicus,WA,eBird,NA
Anthus rubescens,WA,eBird,NA
Fringilla montifringilla,WA,eBird,NA
Hesperiphona vespertina,WA,eBird,NA
Pinicola enucleator,WA,eBird,NA
Leucosticte tephrocotis,WA,eBird,NA
Haemorhous mexicanus,WA,eBird,NA
Haemorhous purpureus,WA,eBird,NA
Haemorhous cassinii,WA,eBird,NA
Acanthis flammea,WA,eBird,NA
Loxia curvirostra,WA,eBird,NA
Loxia leucoptera,WA,eBird,NA
Carduelis carduelis,WA,eBird,NA
Spinus pinus,WA,eBird,NA
Spinus psaltria,WA,eBird,NA
Spinus lawrencei,WA,eBird,NA
Spinus tristis,WA,eBird,NA
Calcarius lapponicus,WA,eBird,NA
Calcarius ornatus,WA,eBird,NA
Calcarius pictus,WA,eBird,NA
Rhynchophanes mccownii,WA,eBird,NA
Plectrophenax nivalis,WA,eBird,NA
Plectrophenax hyperboreus,WA,eBird,NA
Emberiza pusilla,WA,eBird,NA
Emberiza rustica,WA,eBird,NA
Peucaea cassinii,WA,eBird,NA
Ammodramus savannarum,WA,eBird,NA
Spizella passerina,WA,eBird,NA
Spizella pallida,WA,eBird,NA
Spizella pusilla,WA,eBird,NA
Spizella breweri,WA,eBird,NA
Amphispiza bilineata,WA,eBird,NA
Chondestes grammacus,WA,eBird,NA
Calamospiza melanocorys,WA,eBird,NA
Spizelloides arborea,WA,eBird,NA
Passerella iliaca,WA,eBird,NA
Junco hyemalis,WA,eBird,NA
Zonotrichia leucophrys,WA,eBird,NA
Zonotrichia atricapilla,WA,eBird,NA
Zonotrichia querula,WA,eBird,NA
Zonotrichia albicollis,WA,eBird,NA
Artemisiospiza nevadensis,WA,eBird,NA
Pooecetes gramineus,WA,eBird,NA
Ammospiza leconteii,WA,eBird,NA
Ammospiza nelsoni,WA,eBird,NA
Passerculus sandwichensis,WA,eBird,NA
Melospiza melodia,WA,eBird,NA
Melospiza lincolnii,WA,eBird,NA
Melospiza georgiana,WA,eBird,NA
Pipilo chlorurus,WA,eBird,NA
Pipilo maculatus,WA,eBird,NA
Icteria virens,WA,eBird,NA
Xanthocephalus xanthocephalus,WA,eBird,NA
Dolichonyx oryzivorus,WA,eBird,NA
Sturnella neglecta,WA,eBird,NA
Sturnella magna,WA,eBird,NA
Icterus spurius,WA,eBird,NA
Icterus cucullatus,WA,eBird,NA
Icterus bullockii,WA,eBird,NA
Icterus galbula,WA,eBird,NA
Icterus parisorum,WA,eBird,NA
Agelaius phoeniceus,WA,eBird,NA
Agelaius tricolor,WA,eBird,NA
Molothrus ater,WA,eBird,NA
Euphagus carolinus,WA,eBird,NA
Euphagus cyanocephalus,WA,eBird,NA
Quiscalus quiscula,WA,eBird,NA
Quiscalus mexicanus,WA,eBird,NA
Seiurus aurocapilla,WA,eBird,NA
Parkesia noveboracensis,WA,eBird,NA
Vermivora chrysoptera,WA,eBird,NA
Vermivora cyanoptera,WA,eBird,NA
Mniotilta varia,WA,eBird,NA
Protonotaria citrea,WA,eBird,NA
Leiothlypis peregrina,WA,eBird,NA
Leiothlypis celata,WA,eBird,NA
Leiothlypis luciae,WA,eBird,NA
Leiothlypis ruficapilla,WA,eBird,NA
Geothlypis tolmiei,WA,eBird,NA
Geothlypis philadelphia,WA,eBird,NA
Geothlypis trichas,WA,eBird,NA
Setophaga citrina,WA,eBird,NA
Setophaga ruticilla,WA,eBird,NA
Setophaga tigrina,WA,eBird,NA
Setophaga americana,WA,eBird,NA
Setophaga magnolia,WA,eBird,NA
Setophaga castanea,WA,eBird,NA
Setophaga fusca,WA,eBird,NA
Setophaga aestiva,WA,eBird,NA
Setophaga pensylvanica,WA,eBird,NA
Setophaga striata,WA,eBird,NA
Setophaga caerulescens,WA,eBird,NA
Setophaga palmarum,WA,eBird,NA
Setophaga coronata,WA,eBird,NA
Setophaga dominica,WA,eBird,NA
Setophaga discolor,WA,eBird,NA
Setophaga nigrescens,WA,eBird,NA
Setophaga townsendi,WA,eBird,NA
Setophaga occidentalis,WA,eBird,NA
Setophaga virens,WA,eBird,NA
Cardellina canadensis,WA,eBird,NA
Cardellina pusilla,WA,eBird,NA
Myioborus pictus,WA,eBird,NA
Piranga rubra,WA,eBird,NA
Piranga olivacea,WA,eBird,NA
Piranga ludoviciana,WA,eBird,NA
Pheucticus ludovicianus,WA,eBird,NA
Pheucticus melanocephalus,WA,eBird,NA
Passerina caerulea,WA,eBird,NA
Passerina amoena,WA,eBird,NA
Passerina cyanea,WA,eBird,NA
Passerina ciris,WA,eBird,NA
Spiza americana,WA,eBird,NA
Dromaius novaehollandiae,WV,eBird,NA
Dendrocygna autumnalis,WV,eBird,NA
Anser indicus,WV,eBird,NA
Anser caerulescens,WV,eBird,NA
Anser rossii,WV,eBird,NA
Anser anser,WV,eBird,NA
Anser cygnoides,WV,eBird,NA
Anser albifrons,WV,eBird,NA
Branta bernicla,WV,eBird,NA
Branta leucopsis,WV,eBird,NA
Branta hutchinsii,WV,eBird,NA
Branta canadensis,WV,eBird,NA
Cygnus olor,WV,eBird,NA
Cygnus atratus,WV,eBird,NA
Cygnus buccinator,WV,eBird,NA
Cygnus columbianus,WV,eBird,NA
Alopochen aegyptiaca,WV,eBird,NA
Tadorna ferruginea,WV,eBird,NA
Cairina moschata,WV,eBird,NA
Aix sponsa,WV,eBird,NA
Aix galericulata,WV,eBird,NA
Spatula querquedula,WV,eBird,NA
Spatula discors,WV,eBird,NA
Spatula cyanoptera,WV,eBird,NA
Spatula clypeata,WV,eBird,NA
Mareca strepera,WV,eBird,NA
Mareca penelope,WV,eBird,NA
Mareca americana,WV,eBird,NA
Anas platyrhynchos,WV,eBird,NA
Anas rubripes,WV,eBird,NA
Anas bahamensis,WV,eBird,NA
Anas acuta,WV,eBird,NA
Anas crecca,WV,eBird,NA
Aythya valisineria,WV,eBird,NA
Aythya americana,WV,eBird,NA
Aythya collaris,WV,eBird,NA
Aythya fuligula,WV,eBird,NA
Aythya marila,WV,eBird,NA
Aythya affinis,WV,eBird,NA
Somateria spectabilis,WV,eBird,NA
Histrionicus histrionicus,WV,eBird,NA
Melanitta perspicillata,WV,eBird,NA
Melanitta deglandi,WV,eBird,NA
Melanitta americana,WV,eBird,NA
Clangula hyemalis,WV,eBird,NA
Bucephala albeola,WV,eBird,NA
Bucephala clangula,WV,eBird,NA
Lophodytes cucullatus,WV,eBird,NA
Mergus merganser,WV,eBird,NA
Mergus serrator,WV,eBird,NA
Oxyura jamaicensis,WV,eBird,NA
Numida meleagris,WV,eBird,NA
Colinus virginianus,WV,eBird,NA
Callipepla californica,WV,eBird,NA
Meleagris gallopavo,WV,eBird,NA
Bonasa umbellus,WV,eBird,NA
Phasianus colchicus,WV,eBird,NA
Pavo cristatus,WV,eBird,NA
Gallus gallus,WV,eBird,NA
Alectoris chukar,WV,eBird,NA
Columba livia,WV,eBird,NA
Ectopistes migratorius,WV,eBird,NA
Streptopelia decaocto,WV,eBird,NA
Columbina inca,WV,eBird,NA
Zenaida asiatica,WV,eBird,NA
Zenaida macroura,WV,eBird,NA
Coccyzus americanus,WV,eBird,NA
Coccyzus erythropthalmus,WV,eBird,NA
Chordeiles acutipennis,WV,eBird,NA
Chordeiles minor,WV,eBird,NA
Antrostomus carolinensis,WV,eBird,NA
Antrostomus vociferus,WV,eBird,NA
Chaetura pelagica,WV,eBird,NA
Colibri thalassinus,WV,eBird,NA
Archilochus colubris,WV,eBird,NA
Archilochus alexandri,WV,eBird,NA
Selasphorus rufus,WV,eBird,NA
Rallus elegans,WV,eBird,NA
Rallus limicola,WV,eBird,NA
Porzana carolina,WV,eBird,NA
Gallinula galeata,WV,eBird,NA
Fulica americana,WV,eBird,NA
Porphyrio martinica,WV,eBird,NA
Coturnicops noveboracensis,WV,eBird,NA
Laterallus jamaicensis,WV,eBird,NA
Aramus guarauna,WV,eBird,NA
Antigone canadensis,WV,eBird,NA
Himantopus mexicanus,WV,eBird,NA
Recurvirostra americana,WV,eBird,NA
Pluvialis squatarola,WV,eBird,NA
Pluvialis dominica,WV,eBird,NA
Charadrius vociferus,WV,eBird,NA
Charadrius semipalmatus,WV,eBird,NA
Charadrius melodus,WV,eBird,NA
Bartramia longicauda,WV,eBird,NA
Numenius hudsonicus,WV,eBird,NA
Limosa haemastica,WV,eBird,NA
Limosa fedoa,WV,eBird,NA
Limnodromus griseus,WV,eBird,NA
Limnodromus scolopaceus,WV,eBird,NA
Scolopax minor,WV,eBird,NA
Gallinago delicata,WV,eBird,NA
Phalaropus tricolor,WV,eBird,NA
Phalaropus fulicarius,WV,eBird,NA
Phalaropus lobatus,WV,eBird,NA
Actitis macularius,WV,eBird,NA
Tringa solitaria,WV,eBird,NA
Tringa flavipes,WV,eBird,NA
Tringa semipalmata,WV,eBird,NA
Tringa melanoleuca,WV,eBird,NA
Arenaria interpres,WV,eBird,NA
Calidris tenuirostris,WV,eBird,NA
Calidris canutus,WV,eBird,NA
Calidris himantopus,WV,eBird,NA
Calidris subruficollis,WV,eBird,NA
Calidris alba,WV,eBird,NA
Calidris alpina,WV,eBird,NA
Calidris bairdii,WV,eBird,NA
Calidris fuscicollis,WV,eBird,NA
Calidris minutilla,WV,eBird,NA
Calidris melanotos,WV,eBird,NA
Calidris mauri,WV,eBird,NA
Calidris pusilla,WV,eBird,NA
Stercorarius longicaudus,WV,eBird,NA
Stercorarius parasiticus,WV,eBird,NA
Hydrocoloeus minutus,WV,eBird,NA
Rissa tridactyla,WV,eBird,NA
Xema sabini,WV,eBird,NA
Chroicocephalus philadelphia,WV,eBird,NA
Leucophaeus atricilla,WV,eBird,NA
Leucophaeus pipixcan,WV,eBird,NA
Larus delawarensis,WV,eBird,NA
Larus dominicanus,WV,eBird,NA
Larus smithsonianus,WV,eBird,NA
Larus marinus,WV,eBird,NA
Larus hyperboreus,WV,eBird,NA
Larus fuscus,WV,eBird,NA
Larus glaucoides,WV,eBird,NA
Onychoprion fuscatus,WV,eBird,NA
Sternula antillarum,WV,eBird,NA
Hydroprogne caspia,WV,eBird,NA
Chlidonias niger,WV,eBird,NA
Sterna forsteri,WV,eBird,NA
Sterna paradisaea,WV,eBird,NA
Sterna hirundo,WV,eBird,NA
Podilymbus podiceps,WV,eBird,NA
Podiceps auritus,WV,eBird,NA
Podiceps grisegena,WV,eBird,NA
Podiceps nigricollis,WV,eBird,NA
Aechmophorus occidentalis,WV,eBird,NA
Gavia stellata,WV,eBird,NA
Gavia pacifica,WV,eBird,NA
Gavia immer,WV,eBird,NA
Mycteria americana,WV,eBird,NA
Fregata magnificens,WV,eBird,NA
Anhinga anhinga,WV,eBird,NA
Phalacrocorax carbo,WV,eBird,NA
Nannopterum auritum,WV,eBird,NA
Eudocimus albus,WV,eBird,NA
Plegadis falcinellus,WV,eBird,NA
Plegadis chihi,WV,eBird,NA
Platalea ajaja,WV,eBird,NA
Botaurus lentiginosus,WV,eBird,NA
Botaurus exilis,WV,eBird,NA
Nyctanassa violacea,WV,eBird,NA
Nycticorax nycticorax,WV,eBird,NA
Egretta caerulea,WV,eBird,NA
Egretta tricolor,WV,eBird,NA
Egretta thula,WV,eBird,NA
Butorides virescens,WV,eBird,NA
Ardea ibis,WV,eBird,NA
Ardea alba,WV,eBird,NA
Ardea herodias,WV,eBird,NA
Pelecanus erythrorhynchos,WV,eBird,NA
Pelecanus occidentalis,WV,eBird,NA
Coragyps atratus,WV,eBird,NA
Cathartes aura,WV,eBird,NA
Pandion haliaetus,WV,eBird,NA
Elanus leucurus,WV,eBird,NA
Elanoides forficatus,WV,eBird,NA
Aquila chrysaetos,WV,eBird,NA
Accipiter striatus,WV,eBird,NA
Astur cooperii,WV,eBird,NA
Astur atricapillus,WV,eBird,NA
Circus hudsonius,WV,eBird,NA
Haliaeetus leucocephalus,WV,eBird,NA
Ictinia mississippiensis,WV,eBird,NA
Buteo platypterus,WV,eBird,NA
Buteo lineatus,WV,eBird,NA
Buteo swainsoni,WV,eBird,NA
Buteo jamaicensis,WV,eBird,NA
Buteo lagopus,WV,eBird,NA
Buteo regalis,WV,eBird,NA
Tyto furcata,WV,eBird,NA
Megascops asio,WV,eBird,NA
Bubo scandiacus,WV,eBird,NA
Bubo virginianus,WV,eBird,NA
Surnia ulula,WV,eBird,NA
Strix varia,WV,eBird,NA
Asio otus,WV,eBird,NA
Asio flammeus,WV,eBird,NA
Aegolius acadicus,WV,eBird,NA
Megaceryle alcyon,WV,eBird,NA
Sphyrapicus varius,WV,eBird,NA
Melanerpes erythrocephalus,WV,eBird,NA
Melanerpes carolinus,WV,eBird,NA
Picoides arcticus,WV,eBird,NA
Dryobates pubescens,WV,eBird,NA
Leuconotopicus villosus,WV,eBird,NA
Dryocopus pileatus,WV,eBird,NA
Colaptes auratus,WV,eBird,NA
Caracara plancus,WV,eBird,NA
Falco sparverius,WV,eBird,NA
Falco columbarius,WV,eBird,NA
Falco rusticolus,WV,eBird,NA
Falco peregrinus,WV,eBird,NA
Melopsittacus undulatus,WV,eBird,NA
Trichoglossus borneus,WV,eBird,NA
Myiopsitta monachus,WV,eBird,NA
Conuropsis carolinensis,WV,eBird,NA
Contopus cooperi,WV,eBird,NA
Contopus virens,WV,eBird,NA
Empidonax flaviventris,WV,eBird,NA
Empidonax virescens,WV,eBird,NA
Empidonax alnorum,WV,eBird,NA
Empidonax traillii,WV,eBird,NA
Empidonax minimus,WV,eBird,NA
Sayornis phoebe,WV,eBird,NA
Sayornis saya,WV,eBird,NA
Pyrocephalus rubinus,WV,eBird,NA
Myiarchus cinerascens,WV,eBird,NA
Myiarchus crinitus,WV,eBird,NA
Tyrannus verticalis,WV,eBird,NA
Tyrannus tyrannus,WV,eBird,NA
Tyrannus forficatus,WV,eBird,NA
Tyrannus savana,WV,eBird,NA
Vireo griseus,WV,eBird,NA
Vireo bellii,WV,eBird,NA
Vireo flavifrons,WV,eBird,NA
Vireo solitarius,WV,eBird,NA
Vireo philadelphicus,WV,eBird,NA
Vireo gilvus,WV,eBird,NA
Vireo olivaceus,WV,eBird,NA
Lanius ludovicianus,WV,eBird,NA
Lanius borealis,WV,eBird,NA
Cyanocitta cristata,WV,eBird,NA
Pica hudsonia,WV,eBird,NA
Corvus brachyrhynchos,WV,eBird,NA
Corvus ossifragus,WV,eBird,NA
Corvus corax,WV,eBird,NA
Poecile carolinensis,WV,eBird,NA
Poecile atricapillus,WV,eBird,NA
Poecile hudsonicus,WV,eBird,NA
Baeolophus bicolor,WV,eBird,NA
Eremophila alpestris,WV,eBird,NA
Riparia riparia,WV,eBird,NA
Tachycineta bicolor,WV,eBird,NA
Progne subis,WV,eBird,NA
Stelgidopteryx serripennis,WV,eBird,NA
Hirundo rustica,WV,eBird,NA
Petrochelidon pyrrhonota,WV,eBird,NA
Petrochelidon fulva,WV,eBird,NA
Corthylio calendula,WV,eBird,NA
Regulus satrapa,WV,eBird,NA
Sitta carolinensis,WV,eBird,NA
Sitta canadensis,WV,eBird,NA
Certhia americana,WV,eBird,NA
Polioptila caerulea,WV,eBird,NA
Troglodytes aedon,WV,eBird,NA
Troglodytes hiemalis,WV,eBird,NA
Cistothorus stellaris,WV,eBird,NA
Cistothorus palustris,WV,eBird,NA
Thryothorus ludovicianus,WV,eBird,NA
Thryomanes bewickii,WV,eBird,NA
Sturnus vulgaris,WV,eBird,NA
Dumetella carolinensis,WV,eBird,NA
Toxostoma rufum,WV,eBird,NA
Mimus polyglottos,WV,eBird,NA
Sialia sialis,WV,eBird,NA
Myadestes townsendi,WV,eBird,NA
Ixoreus naevius,WV,eBird,NA
Catharus fuscescens,WV,eBird,NA
Catharus minimus,WV,eBird,NA
Catharus bicknelli,WV,eBird,NA
Catharus ustulatus,WV,eBird,NA
Catharus guttatus,WV,eBird,NA
Hylocichla mustelina,WV,eBird,NA
Turdus migratorius,WV,eBird,NA
Bombycilla garrulus,WV,eBird,NA
Bombycilla cedrorum,WV,eBird,NA
Passer domesticus,WV,eBird,NA
Anthus rubescens,WV,eBird,NA
Hesperiphona vespertina,WV,eBird,NA
Pinicola enucleator,WV,eBird,NA
Haemorhous mexicanus,WV,eBird,NA
Haemorhous purpureus,WV,eBird,NA
Acanthis flammea,WV,eBird,NA
Loxia curvirostra,WV,eBird,NA
Loxia leucoptera,WV,eBird,NA
Spinus pinus,WV,eBird,NA
Spinus tristis,WV,eBird,NA
Calcarius lapponicus,WV,eBird,NA
Calcarius pictus,WV,eBird,NA
Plectrophenax nivalis,WV,eBird,NA
Peucaea aestivalis,WV,eBird,NA
Ammodramus savannarum,WV,eBird,NA
Spizella passerina,WV,eBird,NA
Spizella pallida,WV,eBird,NA
Spizella pusilla,WV,eBird,NA
Chondestes grammacus,WV,eBird,NA
Calamospiza melanocorys,WV,eBird,NA
Spizelloides arborea,WV,eBird,NA
Passerella iliaca,WV,eBird,NA
Junco hyemalis,WV,eBird,NA
Zonotrichia leucophrys,WV,eBird,NA
Zonotrichia querula,WV,eBird,NA
Zonotrichia albicollis,WV,eBird,NA
Pooecetes gramineus,WV,eBird,NA
Ammospiza leconteii,WV,eBird,NA
Ammospiza nelsoni,WV,eBird,NA
Passerculus sandwichensis,WV,eBird,NA
Centronyx bairdii,WV,eBird,NA
Centronyx henslowii,WV,eBird,NA
Melospiza melodia,WV,eBird,NA
Melospiza lincolnii,WV,eBird,NA
Melospiza georgiana,WV,eBird,NA
Pipilo chlorurus,WV,eBird,NA
Pipilo erythrophthalmus,WV,eBird,NA
Icteria virens,WV,eBird,NA
Xanthocephalus xanthocephalus,WV,eBird,NA
Dolichonyx oryzivorus,WV,eBird,NA
Sturnella neglecta,WV,eBird,NA
Sturnella magna,WV,eBird,NA
Icterus spurius,WV,eBird,NA
Icterus galbula,WV,eBird,NA
Agelaius phoeniceus,WV,eBird,NA
Molothrus ater,WV,eBird,NA
Euphagus carolinus,WV,eBird,NA
Euphagus cyanocephalus,WV,eBird,NA
Quiscalus quiscula,WV,eBird,NA
Seiurus aurocapilla,WV,eBird,NA
Helmitheros vermivorum,WV,eBird,NA
Parkesia motacilla,WV,eBird,NA
Parkesia noveboracensis,WV,eBird,NA
Vermivora chrysoptera,WV,eBird,NA
Vermivora cyanoptera,WV,eBird,NA
Mniotilta varia,WV,eBird,NA
Protonotaria citrea,WV,eBird,NA
Limnothlypis swainsonii,WV,eBird,NA
Leiothlypis peregrina,WV,eBird,NA
Leiothlypis celata,WV,eBird,NA
Leiothlypis ruficapilla,WV,eBird,NA
Leiothlypis virginiae,WV,eBird,NA
Oporornis agilis,WV,eBird,NA
Geothlypis philadelphia,WV,eBird,NA
Geothlypis formosa,WV,eBird,NA
Geothlypis trichas,WV,eBird,NA
Setophaga citrina,WV,eBird,NA
Setophaga ruticilla,WV,eBird,NA
Setophaga kirtlandii,WV,eBird,NA
Setophaga tigrina,WV,eBird,NA
Setophaga cerulea,WV,eBird,NA
Setophaga americana,WV,eBird,NA
Setophaga magnolia,WV,eBird,NA
Setophaga castanea,WV,eBird,NA
Setophaga fusca,WV,eBird,NA
Setophaga aestiva,WV,eBird,NA
Setophaga pensylvanica,WV,eBird,NA
Setophaga striata,WV,eBird,NA
Setophaga caerulescens,WV,eBird,NA
Setophaga palmarum,WV,eBird,NA
Setophaga pinus,WV,eBird,NA
Setophaga coronata,WV,eBird,NA
Setophaga dominica,WV,eBird,NA
Setophaga discolor,WV,eBird,NA
Setophaga nigrescens,WV,eBird,NA
Setophaga virens,WV,eBird,NA
Cardellina canadensis,WV,eBird,NA
Cardellina pusilla,WV,eBird,NA
Piranga rubra,WV,eBird,NA
Piranga olivacea,WV,eBird,NA
Piranga ludoviciana,WV,eBird,NA
Cardinalis cardinalis,WV,eBird,NA
Pheucticus ludovicianus,WV,eBird,NA
Pheucticus melanocephalus,WV,eBird,NA
Passerina caerulea,WV,eBird,NA
Passerina cyanea,WV,eBird,NA
Passerina ciris,WV,eBird,NA
Spiza americana,WV,eBird,NA
Paroaria coronata,WV,eBird,NA
Dendrocygna autumnalis,WI,eBird,NA
Dendrocygna bicolor,WI,eBird,NA
Anser canagicus,WI,eBird,NA
Anser caerulescens,WI,eBird,NA
Anser rossii,WI,eBird,NA
Anser anser,WI,eBird,NA
Anser cygnoides,WI,eBird,NA
Anser albifrons,WI,eBird,NA
Branta bernicla,WI,eBird,NA
Branta leucopsis,WI,eBird,NA
Branta hutchinsii,WI,eBird,NA
Branta canadensis,WI,eBird,NA
Cygnus olor,WI,eBird,NA
Cygnus atratus,WI,eBird,NA
Cygnus buccinator,WI,eBird,NA
Cygnus columbianus,WI,eBird,NA
Cygnus cygnus,WI,eBird,NA
Alopochen aegyptiaca,WI,eBird,NA
Tadorna tadorna,WI,eBird,NA
Cairina moschata,WI,eBird,NA
Aix sponsa,WI,eBird,NA
Aix galericulata,WI,eBird,NA
Spatula querquedula,WI,eBird,NA
Spatula discors,WI,eBird,NA
Spatula cyanoptera,WI,eBird,NA
Spatula clypeata,WI,eBird,NA
Mareca strepera,WI,eBird,NA
Mareca penelope,WI,eBird,NA
Mareca americana,WI,eBird,NA
Anas platyrhynchos,WI,eBird,NA
Anas rubripes,WI,eBird,NA
Anas bahamensis,WI,eBird,NA
Anas acuta,WI,eBird,NA
Anas crecca,WI,eBird,NA
Aythya valisineria,WI,eBird,NA
Aythya americana,WI,eBird,NA
Aythya collaris,WI,eBird,NA
Aythya fuligula,WI,eBird,NA
Aythya marila,WI,eBird,NA
Aythya affinis,WI,eBird,NA
Somateria spectabilis,WI,eBird,NA
Somateria mollissima,WI,eBird,NA
Histrionicus histrionicus,WI,eBird,NA
Melanitta perspicillata,WI,eBird,NA
Melanitta deglandi,WI,eBird,NA
Melanitta americana,WI,eBird,NA
Clangula hyemalis,WI,eBird,NA
Bucephala albeola,WI,eBird,NA
Bucephala clangula,WI,eBird,NA
Bucephala islandica,WI,eBird,NA
Mergellus albellus,WI,eBird,NA
Lophodytes cucullatus,WI,eBird,NA
Mergus merganser,WI,eBird,NA
Mergus serrator,WI,eBird,NA
Nomonyx dominicus,WI,eBird,NA
Oxyura jamaicensis,WI,eBird,NA
Numida meleagris,WI,eBird,NA
Oreortyx pictus,WI,eBird,NA
Colinus virginianus,WI,eBird,NA
Callipepla gambelii,WI,eBird,NA
Meleagris gallopavo,WI,eBird,NA
Bonasa umbellus,WI,eBird,NA
Tympanuchus phasianellus,WI,eBird,NA
Tympanuchus cupido,WI,eBird,NA
Canachites canadensis,WI,eBird,NA
Perdix perdix,WI,eBird,NA
Chrysolophus pictus,WI,eBird,NA
Phasianus colchicus,WI,eBird,NA
Phasianus versicolor,WI,eBird,NA
Lophura swinhoii,WI,eBird,NA
Pavo cristatus,WI,eBird,NA
Gallus gallus,WI,eBird,NA
Alectoris rufa,WI,eBird,NA
Alectoris chukar,WI,eBird,NA
Columba livia,WI,eBird,NA
Patagioenas fasciata,WI,eBird,NA
Ectopistes migratorius,WI,eBird,NA
Streptopelia decaocto,WI,eBird,NA
Streptopelia roseogrisea,WI,eBird,NA
Columbina inca,WI,eBird,NA
Columbina passerina,WI,eBird,NA
Zenaida asiatica,WI,eBird,NA
Zenaida macroura,WI,eBird,NA
Crotophaga sulcirostris,WI,eBird,NA
Coccyzus americanus,WI,eBird,NA
Coccyzus erythropthalmus,WI,eBird,NA
Chordeiles acutipennis,WI,eBird,NA
Chordeiles minor,WI,eBird,NA
Antrostomus carolinensis,WI,eBird,NA
Antrostomus vociferus,WI,eBird,NA
Chaetura pelagica,WI,eBird,NA
Colibri thalassinus,WI,eBird,NA
Anthracothorax prevostii,WI,eBird,NA
Archilochus colubris,WI,eBird,NA
Calypte anna,WI,eBird,NA
Selasphorus rufus,WI,eBird,NA
Selasphorus sasin,WI,eBird,NA
Cynanthus latirostris,WI,eBird,NA
Amazilia yucatanensis,WI,eBird,NA
Rallus elegans,WI,eBird,NA
Rallus limicola,WI,eBird,NA
Porzana carolina,WI,eBird,NA
Gallinula galeata,WI,eBird,NA
Fulica americana,WI,eBird,NA
Porphyrio martinica,WI,eBird,NA
Coturnicops noveboracensis,WI,eBird,NA
Laterallus jamaicensis,WI,eBird,NA
Aramus guarauna,WI,eBird,NA
Antigone canadensis,WI,eBird,NA
Grus americana,WI,eBird,NA
Himantopus mexicanus,WI,eBird,NA
Recurvirostra americana,WI,eBird,NA
Pluvialis squatarola,WI,eBird,NA
Pluvialis dominica,WI,eBird,NA
Charadrius vociferus,WI,eBird,NA
Charadrius semipalmatus,WI,eBird,NA
Charadrius melodus,WI,eBird,NA
Anarhynchus wilsonia,WI,eBird,NA
Anarhynchus nivosus,WI,eBird,NA
Bartramia longicauda,WI,eBird,NA
Numenius hudsonicus,WI,eBird,NA
Numenius borealis,WI,eBird,NA
Numenius americanus,WI,eBird,NA
Limosa lapponica,WI,eBird,NA
Limosa haemastica,WI,eBird,NA
Limosa fedoa,WI,eBird,NA
Limnodromus griseus,WI,eBird,NA
Limnodromus scolopaceus,WI,eBird,NA
Scolopax minor,WI,eBird,NA
Gallinago delicata,WI,eBird,NA
Phalaropus tricolor,WI,eBird,NA
Phalaropus fulicarius,WI,eBird,NA
Phalaropus lobatus,WI,eBird,NA
Actitis macularius,WI,eBird,NA
Tringa solitaria,WI,eBird,NA
Tringa flavipes,WI,eBird,NA
Tringa semipalmata,WI,eBird,NA
Tringa erythropus,WI,eBird,NA
Tringa melanoleuca,WI,eBird,NA
Arenaria interpres,WI,eBird,NA
Arenaria melanocephala,WI,eBird,NA
Calidris canutus,WI,eBird,NA
Calidris pugnax,WI,eBird,NA
Calidris acuminata,WI,eBird,NA
Calidris ferruginea,WI,eBird,NA
Calidris himantopus,WI,eBird,NA
Calidris subruficollis,WI,eBird,NA
Calidris alba,WI,eBird,NA
Calidris alpina,WI,eBird,NA
Calidris maritima,WI,eBird,NA
Calidris bairdii,WI,eBird,NA
Calidris fuscicollis,WI,eBird,NA
Calidris minutilla,WI,eBird,NA
Calidris melanotos,WI,eBird,NA
Calidris mauri,WI,eBird,NA
Calidris pusilla,WI,eBird,NA
Stercorarius longicaudus,WI,eBird,NA
Stercorarius parasiticus,WI,eBird,NA
Stercorarius pomarinus,WI,eBird,NA
Brachyramphus perdix,WI,eBird,NA
Alle alle,WI,eBird,NA
Synthliboramphus antiquus,WI,eBird,NA
Hydrocoloeus minutus,WI,eBird,NA
Rhodostethia rosea,WI,eBird,NA
Rissa tridactyla,WI,eBird,NA
Pagophila eburnea,WI,eBird,NA
Xema sabini,WI,eBird,NA
Chroicocephalus philadelphia,WI,eBird,NA
Chroicocephalus ridibundus,WI,eBird,NA
Leucophaeus atricilla,WI,eBird,NA
Leucophaeus pipixcan,WI,eBird,NA
Larus crassirostris,WI,eBird,NA
Larus brachyrhynchus,WI,eBird,NA
Larus delawarensis,WI,eBird,NA
Larus dominicanus,WI,eBird,NA
Larus smithsonianus,WI,eBird,NA
Larus marinus,WI,eBird,NA
Larus hyperboreus,WI,eBird,NA
Larus fuscus,WI,eBird,NA
Larus californicus,WI,eBird,NA
Larus glaucescens,WI,eBird,NA
Larus schistisagus,WI,eBird,NA
Larus glaucoides,WI,eBird,NA
Onychoprion fuscatus,WI,eBird,NA
Sternula antillarum,WI,eBird,NA
Gelochelidon nilotica,WI,eBird,NA
Hydroprogne caspia,WI,eBird,NA
Chlidonias niger,WI,eBird,NA
Chlidonias leucopterus,WI,eBird,NA
Sterna forsteri,WI,eBird,NA
Sterna paradisaea,WI,eBird,NA
Sterna hirundo,WI,eBird,NA
Thalasseus maximus,WI,eBird,NA
Phoenicopterus ruber,WI,eBird,NA
Podilymbus podiceps,WI,eBird,NA
Podiceps auritus,WI,eBird,NA
Podiceps grisegena,WI,eBird,NA
Podiceps nigricollis,WI,eBird,NA
Aechmophorus occidentalis,WI,eBird,NA
Aechmophorus clarkii,WI,eBird,NA
Gavia stellata,WI,eBird,NA
Gavia arctica,WI,eBird,NA
Gavia pacifica,WI,eBird,NA
Gavia immer,WI,eBird,NA
Ardenna tenuirostris,WI,eBird,NA
Mycteria americana,WI,eBird,NA
Fregata magnificens,WI,eBird,NA
Sula leucogaster,WI,eBird,NA
Anhinga anhinga,WI,eBird,NA
Nannopterum auritum,WI,eBird,NA
Nannopterum brasilianum,WI,eBird,NA
Eudocimus albus,WI,eBird,NA
Plegadis falcinellus,WI,eBird,NA
Plegadis chihi,WI,eBird,NA
Platalea ajaja,WI,eBird,NA
Botaurus lentiginosus,WI,eBird,NA
Botaurus exilis,WI,eBird,NA
Nyctanassa violacea,WI,eBird,NA
Nycticorax nycticorax,WI,eBird,NA
Egretta caerulea,WI,eBird,NA
Egretta tricolor,WI,eBird,NA
Egretta thula,WI,eBird,NA
Butorides virescens,WI,eBird,NA
Ardea ibis,WI,eBird,NA
Ardea alba,WI,eBird,NA
Ardea herodias,WI,eBird,NA
Pelecanus erythrorhynchos,WI,eBird,NA
Pelecanus occidentalis,WI,eBird,NA
Coragyps atratus,WI,eBird,NA
Cathartes aura,WI,eBird,NA
Pandion haliaetus,WI,eBird,NA
Elanus leucurus,WI,eBird,NA
Elanoides forficatus,WI,eBird,NA
Aquila chrysaetos,WI,eBird,NA
Accipiter striatus,WI,eBird,NA
Astur cooperii,WI,eBird,NA
Astur atricapillus,WI,eBird,NA
Circus hudsonius,WI,eBird,NA
Haliaeetus leucocephalus,WI,eBird,NA
Ictinia mississippiensis,WI,eBird,NA
Parabuteo unicinctus,WI,eBird,NA
Buteo platypterus,WI,eBird,NA
Buteo lineatus,WI,eBird,NA
Buteo swainsoni,WI,eBird,NA
Buteo jamaicensis,WI,eBird,NA
Buteo lagopus,WI,eBird,NA
Buteo regalis,WI,eBird,NA
Tyto furcata,WI,eBird,NA
Megascops asio,WI,eBird,NA
Bubo scandiacus,WI,eBird,NA
Bubo virginianus,WI,eBird,NA
Surnia ulula,WI,eBird,NA
Athene cunicularia,WI,eBird,NA
Strix varia,WI,eBird,NA
Strix nebulosa,WI,eBird,NA
Asio otus,WI,eBird,NA
Asio flammeus,WI,eBird,NA
Aegolius funereus,WI,eBird,NA
Aegolius acadicus,WI,eBird,NA
Megaceryle alcyon,WI,eBird,NA
Sphyrapicus varius,WI,eBird,NA
Melanerpes lewis,WI,eBird,NA
Melanerpes erythrocephalus,WI,eBird,NA
Melanerpes carolinus,WI,eBird,NA
Picoides dorsalis,WI,eBird,NA
Picoides arcticus,WI,eBird,NA
Dryobates pubescens,WI,eBird,NA
Leuconotopicus villosus,WI,eBird,NA
Dryocopus pileatus,WI,eBird,NA
Colaptes auratus,WI,eBird,NA
Caracara plancus,WI,eBird,NA
Falco sparverius,WI,eBird,NA
Falco columbarius,WI,eBird,NA
Falco rusticolus,WI,eBird,NA
Falco peregrinus,WI,eBird,NA
Falco mexicanus,WI,eBird,NA
Nymphicus hollandicus,WI,eBird,NA
Psittacula krameri,WI,eBird,NA
Melopsittacus undulatus,WI,eBird,NA
Agapornis roseicollis,WI,eBird,NA
Myiopsitta monachus,WI,eBird,NA
Contopus cooperi,WI,eBird,NA
Contopus sordidulus,WI,eBird,NA
Contopus virens,WI,eBird,NA
Empidonax flaviventris,WI,eBird,NA
Empidonax virescens,WI,eBird,NA
Empidonax alnorum,WI,eBird,NA
Empidonax traillii,WI,eBird,NA
Empidonax minimus,WI,eBird,NA
Empidonax hammondii,WI,eBird,NA
Empidonax wrightii,WI,eBird,NA
Empidonax oberholseri,WI,eBird,NA
Sayornis phoebe,WI,eBird,NA
Sayornis saya,WI,eBird,NA
Pyrocephalus rubinus,WI,eBird,NA
Myiarchus cinerascens,WI,eBird,NA
Myiarchus crinitus,WI,eBird,NA
Tyrannus melancholicus,WI,eBird,NA
Tyrannus vociferans,WI,eBird,NA
Tyrannus verticalis,WI,eBird,NA
Tyrannus tyrannus,WI,eBird,NA
Tyrannus forficatus,WI,eBird,NA
Tyrannus savana,WI,eBird,NA
Vireo griseus,WI,eBird,NA
Vireo bellii,WI,eBird,NA
Vireo vicinior,WI,eBird,NA
Vireo flavifrons,WI,eBird,NA
Vireo solitarius,WI,eBird,NA
Vireo plumbeus,WI,eBird,NA
Vireo philadelphicus,WI,eBird,NA
Vireo gilvus,WI,eBird,NA
Vireo olivaceus,WI,eBird,NA
Lanius ludovicianus,WI,eBird,NA
Lanius borealis,WI,eBird,NA
Perisoreus canadensis,WI,eBird,NA
Cyanocitta cristata,WI,eBird,NA
Aphelocoma wollweberi,WI,eBird,NA
Pica hudsonia,WI,eBird,NA
Nucifraga columbiana,WI,eBird,NA
Corvus brachyrhynchos,WI,eBird,NA
Corvus ossifragus,WI,eBird,NA
Corvus corax,WI,eBird,NA
Poecile atricapillus,WI,eBird,NA
Poecile hudsonicus,WI,eBird,NA
Cyanistes caeruleus,WI,eBird,NA
Cyanistes cyanus,WI,eBird,NA
Baeolophus bicolor,WI,eBird,NA
Parus major,WI,eBird,NA
Eremophila alpestris,WI,eBird,NA
Riparia riparia,WI,eBird,NA
Tachycineta bicolor,WI,eBird,NA
Progne subis,WI,eBird,NA
Stelgidopteryx serripennis,WI,eBird,NA
Hirundo rustica,WI,eBird,NA
Petrochelidon pyrrhonota,WI,eBird,NA
Petrochelidon fulva,WI,eBird,NA
Phylloscopus inornatus,WI,eBird,NA
Corthylio calendula,WI,eBird,NA
Regulus satrapa,WI,eBird,NA
Sitta carolinensis,WI,eBird,NA
Sitta pusilla,WI,eBird,NA
Sitta canadensis,WI,eBird,NA
Certhia americana,WI,eBird,NA
Polioptila caerulea,WI,eBird,NA
Salpinctes obsoletus,WI,eBird,NA
Troglodytes aedon,WI,eBird,NA
Troglodytes hiemalis,WI,eBird,NA
Cistothorus stellaris,WI,eBird,NA
Cistothorus palustris,WI,eBird,NA
Thryothorus ludovicianus,WI,eBird,NA
Thryomanes bewickii,WI,eBird,NA
Sturnus vulgaris,WI,eBird,NA
Dumetella carolinensis,WI,eBird,NA
Toxostoma curvirostre,WI,eBird,NA
Toxostoma rufum,WI,eBird,NA
Oreoscoptes montanus,WI,eBird,NA
Mimus polyglottos,WI,eBird,NA
Sialia sialis,WI,eBird,NA
Sialia currucoides,WI,eBird,NA
Myadestes townsendi,WI,eBird,NA
Ixoreus naevius,WI,eBird,NA
Catharus fuscescens,WI,eBird,NA
Catharus minimus,WI,eBird,NA
Catharus ustulatus,WI,eBird,NA
Catharus guttatus,WI,eBird,NA
Hylocichla mustelina,WI,eBird,NA
Turdus pilaris,WI,eBird,NA
Turdus migratorius,WI,eBird,NA
Oenanthe oenanthe,WI,eBird,NA
Bombycilla garrulus,WI,eBird,NA
Bombycilla cedrorum,WI,eBird,NA
Phainopepla nitens,WI,eBird,NA
Euplectes franciscanus,WI,eBird,NA
Neochmia temporalis,WI,eBird,NA
Estrilda melpoda,WI,eBird,NA
Passer domesticus,WI,eBird,NA
Passer montanus,WI,eBird,NA
Motacilla alba,WI,eBird,NA
Anthus rubescens,WI,eBird,NA
Anthus spragueii,WI,eBird,NA
Fringilla coelebs,WI,eBird,NA
Fringilla montifringilla,WI,eBird,NA
Hesperiphona vespertina,WI,eBird,NA
Pinicola enucleator,WI,eBird,NA
Leucosticte tephrocotis,WI,eBird,NA
Haemorhous mexicanus,WI,eBird,NA
Haemorhous purpureus,WI,eBird,NA
Chloris chloris,WI,eBird,NA
Acanthis flammea,WI,eBird,NA
Loxia curvirostra,WI,eBird,NA
Loxia leucoptera,WI,eBird,NA
Carduelis carduelis,WI,eBird,NA
Spinus spinus,WI,eBird,NA
Spinus pinus,WI,eBird,NA
Spinus psaltria,WI,eBird,NA
Spinus tristis,WI,eBird,NA
Calcarius lapponicus,WI,eBird,NA
Calcarius ornatus,WI,eBird,NA
Calcarius pictus,WI,eBird,NA
Plectrophenax nivalis,WI,eBird,NA
Emberiza citrinella,WI,eBird,NA
Ammodramus savannarum,WI,eBird,NA
Spizella passerina,WI,eBird,NA
Spizella pallida,WI,eBird,NA
Spizella pusilla,WI,eBird,NA
Amphispiza bilineata,WI,eBird,NA
Chondestes grammacus,WI,eBird,NA
Calamospiza melanocorys,WI,eBird,NA
Spizelloides arborea,WI,eBird,NA
Passerella iliaca,WI,eBird,NA
Junco hyemalis,WI,eBird,NA
Zonotrichia leucophrys,WI,eBird,NA
Zonotrichia atricapilla,WI,eBird,NA
Zonotrichia querula,WI,eBird,NA
Zonotrichia albicollis,WI,eBird,NA
Pooecetes gramineus,WI,eBird,NA
Ammospiza leconteii,WI,eBird,NA
Ammospiza nelsoni,WI,eBird,NA
Passerculus sandwichensis,WI,eBird,NA
Centronyx bairdii,WI,eBird,NA
Centronyx henslowii,WI,eBird,NA
Melospiza melodia,WI,eBird,NA
Melospiza lincolnii,WI,eBird,NA
Melospiza georgiana,WI,eBird,NA
Aimophila ruficeps,WI,eBird,NA
Pipilo chlorurus,WI,eBird,NA
Pipilo maculatus,WI,eBird,NA
Pipilo erythrophthalmus,WI,eBird,NA
Icteria virens,WI,eBird,NA
Xanthocephalus xanthocephalus,WI,eBird,NA
Dolichonyx oryzivorus,WI,eBird,NA
Sturnella neglecta,WI,eBird,NA
Sturnella magna,WI,eBird,NA
Icterus spurius,WI,eBird,NA
Icterus cucullatus,WI,eBird,NA
Icterus pustulatus,WI,eBird,NA
Icterus bullockii,WI,eBird,NA
Icterus galbula,WI,eBird,NA
Icterus parisorum,WI,eBird,NA
Agelaius phoeniceus,WI,eBird,NA
Molothrus ater,WI,eBird,NA
Euphagus carolinus,WI,eBird,NA
Euphagus cyanocephalus,WI,eBird,NA
Quiscalus quiscula,WI,eBird,NA
Quiscalus mexicanus,WI,eBird,NA
Seiurus aurocapilla,WI,eBird,NA
Helmitheros vermivorum,WI,eBird,NA
Parkesia motacilla,WI,eBird,NA
Parkesia noveboracensis,WI,eBird,NA
Vermivora chrysoptera,WI,eBird,NA
Vermivora cyanoptera,WI,eBird,NA
Mniotilta varia,WI,eBird,NA
Protonotaria citrea,WI,eBird,NA
Limnothlypis swainsonii,WI,eBird,NA
Leiothlypis peregrina,WI,eBird,NA
Leiothlypis celata,WI,eBird,NA
Leiothlypis ruficapilla,WI,eBird,NA
Leiothlypis virginiae,WI,eBird,NA
Oporornis agilis,WI,eBird,NA
Geothlypis tolmiei,WI,eBird,NA
Geothlypis philadelphia,WI,eBird,NA
Geothlypis formosa,WI,eBird,NA
Geothlypis trichas,WI,eBird,NA
Setophaga citrina,WI,eBird,NA
Setophaga ruticilla,WI,eBird,NA
Setophaga kirtlandii,WI,eBird,NA
Setophaga tigrina,WI,eBird,NA
Setophaga cerulea,WI,eBird,NA
Setophaga americana,WI,eBird,NA
Setophaga magnolia,WI,eBird,NA
Setophaga castanea,WI,eBird,NA
Setophaga fusca,WI,eBird,NA
Setophaga aestiva,WI,eBird,NA
Setophaga pensylvanica,WI,eBird,NA
Setophaga striata,WI,eBird,NA
Setophaga caerulescens,WI,eBird,NA
Setophaga palmarum,WI,eBird,NA
Setophaga pinus,WI,eBird,NA
Setophaga coronata,WI,eBird,NA
Setophaga dominica,WI,eBird,NA
Setophaga discolor,WI,eBird,NA
Setophaga nigrescens,WI,eBird,NA
Setophaga townsendi,WI,eBird,NA
Setophaga occidentalis,WI,eBird,NA
Setophaga virens,WI,eBird,NA
Cardellina canadensis,WI,eBird,NA
Cardellina pusilla,WI,eBird,NA
Myioborus pictus,WI,eBird,NA
Piranga rubra,WI,eBird,NA
Piranga olivacea,WI,eBird,NA
Piranga ludoviciana,WI,eBird,NA
Piranga bidentata,WI,eBird,NA
Cardinalis cardinalis,WI,eBird,NA
Cardinalis sinuatus,WI,eBird,NA
Pheucticus ludovicianus,WI,eBird,NA
Pheucticus melanocephalus,WI,eBird,NA
Passerina caerulea,WI,eBird,NA
Passerina amoena,WI,eBird,NA
Passerina cyanea,WI,eBird,NA
Passerina versicolor,WI,eBird,NA
Passerina ciris,WI,eBird,NA
Spiza americana,WI,eBird,NA
Paroaria coronata,WI,eBird,NA
Dromaius novaehollandiae,WY,eBird,NA
Dendrocygna bicolor,WY,eBird,NA
Anser caerulescens,WY,eBird,NA
Anser rossii,WY,eBird,NA
Anser anser,WY,eBird,NA
Anser cygnoides,WY,eBird,NA
Anser albifrons,WY,eBird,NA
Anser serrirostris,WY,eBird,NA
Branta bernicla,WY,eBird,NA
Branta hutchinsii,WY,eBird,NA
Branta canadensis,WY,eBird,NA
Cygnus olor,WY,eBird,NA
Cygnus buccinator,WY,eBird,NA
Cygnus columbianus,WY,eBird,NA
Cygnus cygnus,WY,eBird,NA
Tadorna ferruginea,WY,eBird,NA
Tadorna tadorna,WY,eBird,NA
Aix sponsa,WY,eBird,NA
Spatula querquedula,WY,eBird,NA
Spatula discors,WY,eBird,NA
Spatula cyanoptera,WY,eBird,NA
Spatula clypeata,WY,eBird,NA
Mareca strepera,WY,eBird,NA
Mareca penelope,WY,eBird,NA
Mareca americana,WY,eBird,NA
Anas platyrhynchos,WY,eBird,NA
Anas diazi,WY,eBird,NA
Anas rubripes,WY,eBird,NA
Anas fulvigula,WY,eBird,NA
Anas acuta,WY,eBird,NA
Anas crecca,WY,eBird,NA
Aythya valisineria,WY,eBird,NA
Aythya americana,WY,eBird,NA
Aythya collaris,WY,eBird,NA
Aythya fuligula,WY,eBird,NA
Aythya marila,WY,eBird,NA
Aythya affinis,WY,eBird,NA
Somateria spectabilis,WY,eBird,NA
Histrionicus histrionicus,WY,eBird,NA
Melanitta perspicillata,WY,eBird,NA
Melanitta deglandi,WY,eBird,NA
Melanitta americana,WY,eBird,NA
Clangula hyemalis,WY,eBird,NA
Bucephala albeola,WY,eBird,NA
Bucephala clangula,WY,eBird,NA
Bucephala islandica,WY,eBird,NA
Lophodytes cucullatus,WY,eBird,NA
Mergus merganser,WY,eBird,NA
Mergus serrator,WY,eBird,NA
Oxyura jamaicensis,WY,eBird,NA
Numida meleagris,WY,eBird,NA
Colinus virginianus,WY,eBird,NA
Callipepla californica,WY,eBird,NA
Callipepla gambelii,WY,eBird,NA
Meleagris gallopavo,WY,eBird,NA
Bonasa umbellus,WY,eBird,NA
Centrocercus urophasianus,WY,eBird,NA
Dendragapus obscurus,WY,eBird,NA
Tympanuchus phasianellus,WY,eBird,NA
Lagopus leucura,WY,eBird,NA
Perdix perdix,WY,eBird,NA
Phasianus colchicus,WY,eBird,NA
Pavo cristatus,WY,eBird,NA
Alectoris chukar,WY,eBird,NA
Columba livia,WY,eBird,NA
Patagioenas fasciata,WY,eBird,NA
Streptopelia decaocto,WY,eBird,NA
Streptopelia roseogrisea,WY,eBird,NA
Zenaida asiatica,WY,eBird,NA
Zenaida macroura,WY,eBird,NA
Crotophaga sulcirostris,WY,eBird,NA
Coccyzus americanus,WY,eBird,NA
Coccyzus erythropthalmus,WY,eBird,NA
Chordeiles acutipennis,WY,eBird,NA
Chordeiles minor,WY,eBird,NA
Phalaenoptilus nuttallii,WY,eBird,NA
Cypseloides niger,WY,eBird,NA
Chaetura pelagica,WY,eBird,NA
Chaetura vauxi,WY,eBird,NA
Aeronautes saxatalis,WY,eBird,NA
Eugenes fulgens,WY,eBird,NA
Archilochus colubris,WY,eBird,NA
Archilochus alexandri,WY,eBird,NA
Calypte anna,WY,eBird,NA
Calypte costae,WY,eBird,NA
Selasphorus calliope,WY,eBird,NA
Selasphorus rufus,WY,eBird,NA
Selasphorus platycercus,WY,eBird,NA
Rallus limicola,WY,eBird,NA
Porzana carolina,WY,eBird,NA
Gallinula galeata,WY,eBird,NA
Fulica americana,WY,eBird,NA
Porphyrio martinica,WY,eBird,NA
Coturnicops noveboracensis,WY,eBird,NA
Laterallus jamaicensis,WY,eBird,NA
Antigone canadensis,WY,eBird,NA
Grus americana,WY,eBird,NA
Grus grus,WY,eBird,NA
Himantopus mexicanus,WY,eBird,NA
Recurvirostra americana,WY,eBird,NA
Pluvialis squatarola,WY,eBird,NA
Pluvialis dominica,WY,eBird,NA
Charadrius vociferus,WY,eBird,NA
Charadrius semipalmatus,WY,eBird,NA
Charadrius melodus,WY,eBird,NA
Anarhynchus montanus,WY,eBird,NA
Anarhynchus nivosus,WY,eBird,NA
Bartramia longicauda,WY,eBird,NA
Numenius hudsonicus,WY,eBird,NA
Numenius americanus,WY,eBird,NA
Limosa haemastica,WY,eBird,NA
Limosa fedoa,WY,eBird,NA
Limnodromus griseus,WY,eBird,NA
Limnodromus scolopaceus,WY,eBird,NA
Scolopax minor,WY,eBird,NA
Gallinago delicata,WY,eBird,NA
Phalaropus tricolor,WY,eBird,NA
Phalaropus fulicarius,WY,eBird,NA
Phalaropus lobatus,WY,eBird,NA
Actitis macularius,WY,eBird,NA
Tringa solitaria,WY,eBird,NA
Tringa flavipes,WY,eBird,NA
Tringa semipalmata,WY,eBird,NA
Tringa melanoleuca,WY,eBird,NA
Arenaria interpres,WY,eBird,NA
Calidris canutus,WY,eBird,NA
Calidris pugnax,WY,eBird,NA
Calidris ferruginea,WY,eBird,NA
Calidris himantopus,WY,eBird,NA
Calidris subruficollis,WY,eBird,NA
Calidris alba,WY,eBird,NA
Calidris alpina,WY,eBird,NA
Calidris bairdii,WY,eBird,NA
Calidris fuscicollis,WY,eBird,NA
Calidris minutilla,WY,eBird,NA
Calidris melanotos,WY,eBird,NA
Calidris mauri,WY,eBird,NA
Calidris pusilla,WY,eBird,NA
Stercorarius longicaudus,WY,eBird,NA
Stercorarius parasiticus,WY,eBird,NA
Stercorarius pomarinus,WY,eBird,NA
Brachyramphus perdix,WY,eBird,NA
Synthliboramphus antiquus,WY,eBird,NA
Hydrocoloeus minutus,WY,eBird,NA
Rhodostethia rosea,WY,eBird,NA
Rissa tridactyla,WY,eBird,NA
Xema sabini,WY,eBird,NA
Chroicocephalus philadelphia,WY,eBird,NA
Chroicocephalus ridibundus,WY,eBird,NA
Leucophaeus atricilla,WY,eBird,NA
Leucophaeus pipixcan,WY,eBird,NA
Larus heermanni,WY,eBird,NA
Larus brachyrhynchus,WY,eBird,NA
Larus delawarensis,WY,eBird,NA
Larus occidentalis,WY,eBird,NA
Larus smithsonianus,WY,eBird,NA
Larus marinus,WY,eBird,NA
Larus hyperboreus,WY,eBird,NA
Larus fuscus,WY,eBird,NA
Larus californicus,WY,eBird,NA
Larus glaucescens,WY,eBird,NA
Larus glaucoides,WY,eBird,NA
Sternula antillarum,WY,eBird,NA
Hydroprogne caspia,WY,eBird,NA
Chlidonias niger,WY,eBird,NA
Sterna forsteri,WY,eBird,NA
Sterna paradisaea,WY,eBird,NA
Sterna hirundo,WY,eBird,NA
Podilymbus podiceps,WY,eBird,NA
Podiceps auritus,WY,eBird,NA
Podiceps grisegena,WY,eBird,NA
Podiceps nigricollis,WY,eBird,NA
Aechmophorus occidentalis,WY,eBird,NA
Aechmophorus clarkii,WY,eBird,NA
Gavia stellata,WY,eBird,NA
Gavia pacifica,WY,eBird,NA
Gavia immer,WY,eBird,NA
Gavia adamsii,WY,eBird,NA
Calonectris leucomelas,WY,eBird,NA
Mycteria americana,WY,eBird,NA
Fregata ariel,WY,eBird,NA
Nannopterum auritum,WY,eBird,NA
Nannopterum brasilianum,WY,eBird,NA
Eudocimus albus,WY,eBird,NA
Plegadis falcinellus,WY,eBird,NA
Plegadis chihi,WY,eBird,NA
Botaurus lentiginosus,WY,eBird,NA
Botaurus exilis,WY,eBird,NA
Nyctanassa violacea,WY,eBird,NA
Nycticorax nycticorax,WY,eBird,NA
Egretta caerulea,WY,eBird,NA
Egretta tricolor,WY,eBird,NA
Egretta thula,WY,eBird,NA
Butorides virescens,WY,eBird,NA
Ardea ibis,WY,eBird,NA
Ardea alba,WY,eBird,NA
Ardea herodias,WY,eBird,NA
Pelecanus erythrorhynchos,WY,eBird,NA
Pelecanus occidentalis,WY,eBird,NA
Gymnogyps californianus,WY,eBird,NA
Coragyps atratus,WY,eBird,NA
Cathartes aura,WY,eBird,NA
Pandion haliaetus,WY,eBird,NA
Elanus leucurus,WY,eBird,NA
Elanoides forficatus,WY,eBird,NA
Aquila chrysaetos,WY,eBird,NA
Accipiter striatus,WY,eBird,NA
Astur cooperii,WY,eBird,NA
Astur atricapillus,WY,eBird,NA
Circus hudsonius,WY,eBird,NA
Haliaeetus leucocephalus,WY,eBird,NA
Ictinia mississippiensis,WY,eBird,NA
Parabuteo unicinctus,WY,eBird,NA
Buteo plagiatus,WY,eBird,NA
Buteo platypterus,WY,eBird,NA
Buteo lineatus,WY,eBird,NA
Buteo swainsoni,WY,eBird,NA
Buteo jamaicensis,WY,eBird,NA
Buteo lagopus,WY,eBird,NA
Buteo regalis,WY,eBird,NA
Tyto furcata,WY,eBird,NA
Psiloscops flammeolus,WY,eBird,NA
Megascops kennicottii,WY,eBird,NA
Megascops asio,WY,eBird,NA
Bubo scandiacus,WY,eBird,NA
Bubo virginianus,WY,eBird,NA
Surnia ulula,WY,eBird,NA
Glaucidium gnoma,WY,eBird,NA
Athene cunicularia,WY,eBird,NA
Strix varia,WY,eBird,NA
Strix nebulosa,WY,eBird,NA
Asio otus,WY,eBird,NA
Asio flammeus,WY,eBird,NA
Aegolius funereus,WY,eBird,NA
Aegolius acadicus,WY,eBird,NA
Megaceryle alcyon,WY,eBird,NA
Sphyrapicus thyroideus,WY,eBird,NA
Sphyrapicus varius,WY,eBird,NA
Sphyrapicus nuchalis,WY,eBird,NA
Melanerpes lewis,WY,eBird,NA
Melanerpes erythrocephalus,WY,eBird,NA
Melanerpes formicivorus,WY,eBird,NA
Melanerpes carolinus,WY,eBird,NA
Picoides dorsalis,WY,eBird,NA
Picoides arcticus,WY,eBird,NA
Dryobates pubescens,WY,eBird,NA
Leuconotopicus villosus,WY,eBird,NA
Leuconotopicus albolarvatus,WY,eBird,NA
Dryocopus pileatus,WY,eBird,NA
Colaptes auratus,WY,eBird,NA
Caracara plancus,WY,eBird,NA
Falco sparverius,WY,eBird,NA
Falco columbarius,WY,eBird,NA
Falco rusticolus,WY,eBird,NA
Falco peregrinus,WY,eBird,NA
Falco mexicanus,WY,eBird,NA
Nymphicus hollandicus,WY,eBird,NA
Contopus cooperi,WY,eBird,NA
Contopus sordidulus,WY,eBird,NA
Contopus virens,WY,eBird,NA
Empidonax flaviventris,WY,eBird,NA
Empidonax alnorum,WY,eBird,NA
Empidonax traillii,WY,eBird,NA
Empidonax minimus,WY,eBird,NA
Empidonax hammondii,WY,eBird,NA
Empidonax wrightii,WY,eBird,NA
Empidonax oberholseri,WY,eBird,NA
Empidonax difficilis,WY,eBird,NA
Sayornis nigricans,WY,eBird,NA
Sayornis phoebe,WY,eBird,NA
Sayornis saya,WY,eBird,NA
Pyrocephalus rubinus,WY,eBird,NA
Myiarchus cinerascens,WY,eBird,NA
Myiarchus crinitus,WY,eBird,NA
Tyrannus vociferans,WY,eBird,NA
Tyrannus verticalis,WY,eBird,NA
Tyrannus tyrannus,WY,eBird,NA
Tyrannus forficatus,WY,eBird,NA
Tyrannus savana,WY,eBird,NA
Vireo griseus,WY,eBird,NA
Vireo bellii,WY,eBird,NA
Vireo vicinior,WY,eBird,NA
Vireo flavifrons,WY,eBird,NA
Vireo cassinii,WY,eBird,NA
Vireo solitarius,WY,eBird,NA
Vireo plumbeus,WY,eBird,NA
Vireo philadelphicus,WY,eBird,NA
Vireo gilvus,WY,eBird,NA
Vireo swainsoni,WY,eBird,NA
Vireo olivaceus,WY,eBird,NA
Lanius ludovicianus,WY,eBird,NA
Lanius borealis,WY,eBird,NA
Perisoreus canadensis,WY,eBird,NA
Gymnorhinus cyanocephalus,WY,eBird,NA
Cyanocitta stelleri,WY,eBird,NA
Cyanocitta cristata,WY,eBird,NA
Aphelocoma woodhouseii,WY,eBird,NA
Pica hudsonia,WY,eBird,NA
Nucifraga columbiana,WY,eBird,NA
Corvus brachyrhynchos,WY,eBird,NA
Corvus corax,WY,eBird,NA
Poecile atricapillus,WY,eBird,NA
Poecile gambeli,WY,eBird,NA
Baeolophus ridgwayi,WY,eBird,NA
Eremophila alpestris,WY,eBird,NA
Riparia riparia,WY,eBird,NA
Tachycineta bicolor,WY,eBird,NA
Tachycineta thalassina,WY,eBird,NA
Progne subis,WY,eBird,NA
Stelgidopteryx serripennis,WY,eBird,NA
Hirundo rustica,WY,eBird,NA
Petrochelidon pyrrhonota,WY,eBird,NA
Psaltriparus minimus,WY,eBird,NA
Corthylio calendula,WY,eBird,NA
Regulus satrapa,WY,eBird,NA
Sitta carolinensis,WY,eBird,NA
Sitta pygmaea,WY,eBird,NA
Sitta canadensis,WY,eBird,NA
Certhia americana,WY,eBird,NA
Polioptila caerulea,WY,eBird,NA
Salpinctes obsoletus,WY,eBird,NA
Catherpes mexicanus,WY,eBird,NA
Troglodytes aedon,WY,eBird,NA
Troglodytes pacificus,WY,eBird,NA
Troglodytes hiemalis,WY,eBird,NA
Cistothorus stellaris,WY,eBird,NA
Cistothorus palustris,WY,eBird,NA
Thryothorus ludovicianus,WY,eBird,NA
Thryomanes bewickii,WY,eBird,NA
Cinclus mexicanus,WY,eBird,NA
Sturnus vulgaris,WY,eBird,NA
Dumetella carolinensis,WY,eBird,NA
Toxostoma curvirostre,WY,eBird,NA
Toxostoma rufum,WY,eBird,NA
Oreoscoptes montanus,WY,eBird,NA
Mimus polyglottos,WY,eBird,NA
Sialia sialis,WY,eBird,NA
Sialia mexicana,WY,eBird,NA
Sialia currucoides,WY,eBird,NA
Myadestes townsendi,WY,eBird,NA
Ixoreus naevius,WY,eBird,NA
Catharus fuscescens,WY,eBird,NA
Catharus minimus,WY,eBird,NA
Catharus ustulatus,WY,eBird,NA
Catharus guttatus,WY,eBird,NA
Hylocichla mustelina,WY,eBird,NA
Turdus migratorius,WY,eBird,NA
Tarsiger cyanurus,WY,eBird,NA
Bombycilla garrulus,WY,eBird,NA
Bombycilla cedrorum,WY,eBird,NA
Passer domesticus,WY,eBird,NA
Anthus rubescens,WY,eBird,NA
Anthus spragueii,WY,eBird,NA
Fringilla montifringilla,WY,eBird,NA
Hesperiphona vespertina,WY,eBird,NA
Pinicola enucleator,WY,eBird,NA
Leucosticte tephrocotis,WY,eBird,NA
Leucosticte atrata,WY,eBird,NA
Leucosticte australis,WY,eBird,NA
Haemorhous mexicanus,WY,eBird,NA
Haemorhous purpureus,WY,eBird,NA
Haemorhous cassinii,WY,eBird,NA
Acanthis flammea,WY,eBird,NA
Loxia curvirostra,WY,eBird,NA
Loxia sinesciuris,WY,eBird,NA
Loxia leucoptera,WY,eBird,NA
Carduelis carduelis,WY,eBird,NA
Spinus pinus,WY,eBird,NA
Spinus psaltria,WY,eBird,NA
Spinus lawrencei,WY,eBird,NA
Spinus tristis,WY,eBird,NA
Calcarius lapponicus,WY,eBird,NA
Calcarius ornatus,WY,eBird,NA
Calcarius pictus,WY,eBird,NA
Rhynchophanes mccownii,WY,eBird,NA
Plectrophenax nivalis,WY,eBird,NA
Peucaea cassinii,WY,eBird,NA
Ammodramus savannarum,WY,eBird,NA
Spizella passerina,WY,eBird,NA
Spizella pallida,WY,eBird,NA
Spizella pusilla,WY,eBird,NA
Spizella breweri,WY,eBird,NA
Amphispiza bilineata,WY,eBird,NA
Chondestes grammacus,WY,eBird,NA
Calamospiza melanocorys,WY,eBird,NA
Spizelloides arborea,WY,eBird,NA
Passerella iliaca,WY,eBird,NA
Junco hyemalis,WY,eBird,NA
Zonotrichia leucophrys,WY,eBird,NA
Zonotrichia atricapilla,WY,eBird,NA
Zonotrichia querula,WY,eBird,NA
Zonotrichia albicollis,WY,eBird,NA
Artemisiospiza nevadensis,WY,eBird,NA
Pooecetes gramineus,WY,eBird,NA
Ammospiza leconteii,WY,eBird,NA
Ammospiza nelsoni,WY,eBird,NA
Passerculus sandwichensis,WY,eBird,NA
Centronyx bairdii,WY,eBird,NA
Melospiza melodia,WY,eBird,NA
Melospiza lincolnii,WY,eBird,NA
Melospiza georgiana,WY,eBird,NA
Pipilo chlorurus,WY,eBird,NA
Pipilo maculatus,WY,eBird,NA
Pipilo erythrophthalmus,WY,eBird,NA
Icteria virens,WY,eBird,NA
Xanthocephalus xanthocephalus,WY,eBird,NA
Dolichonyx oryzivorus,WY,eBird,NA
Sturnella neglecta,WY,eBird,NA
Sturnella magna,WY,eBird,NA
Icterus spurius,WY,eBird,NA
Icterus cucullatus,WY,eBird,NA
Icterus bullockii,WY,eBird,NA
Icterus galbula,WY,eBird,NA
Icterus parisorum,WY,eBird,NA
Agelaius phoeniceus,WY,eBird,NA
Molothrus ater,WY,eBird,NA
Euphagus carolinus,WY,eBird,NA
Euphagus cyanocephalus,WY,eBird,NA
Quiscalus quiscula,WY,eBird,NA
Quiscalus mexicanus,WY,eBird,NA
Seiurus aurocapilla,WY,eBird,NA
Helmitheros vermivorum,WY,eBird,NA
Parkesia noveboracensis,WY,eBird,NA
Vermivora chrysoptera,WY,eBird,NA
Vermivora cyanoptera,WY,eBird,NA
Mniotilta varia,WY,eBird,NA
Protonotaria citrea,WY,eBird,NA
Leiothlypis peregrina,WY,eBird,NA
Leiothlypis celata,WY,eBird,NA
Leiothlypis ruficapilla,WY,eBird,NA
Leiothlypis virginiae,WY,eBird,NA
Oporornis agilis,WY,eBird,NA
Geothlypis tolmiei,WY,eBird,NA
Geothlypis philadelphia,WY,eBird,NA
Geothlypis formosa,WY,eBird,NA
Geothlypis trichas,WY,eBird,NA
Setophaga citrina,WY,eBird,NA
Setophaga ruticilla,WY,eBird,NA
Setophaga tigrina,WY,eBird,NA
Setophaga americana,WY,eBird,NA
Setophaga magnolia,WY,eBird,NA
Setophaga castanea,WY,eBird,NA
Setophaga fusca,WY,eBird,NA
Setophaga aestiva,WY,eBird,NA
Setophaga pensylvanica,WY,eBird,NA
Setophaga striata,WY,eBird,NA
Setophaga caerulescens,WY,eBird,NA
Setophaga palmarum,WY,eBird,NA
Setophaga pinus,WY,eBird,NA
Setophaga coronata,WY,eBird,NA
Setophaga dominica,WY,eBird,NA
Setophaga discolor,WY,eBird,NA
Setophaga graciae,WY,eBird,NA
Setophaga nigrescens,WY,eBird,NA
Setophaga townsendi,WY,eBird,NA
Setophaga occidentalis,WY,eBird,NA
Setophaga virens,WY,eBird,NA
Cardellina canadensis,WY,eBird,NA
Cardellina pusilla,WY,eBird,NA
Cardellina rubrifrons,WY,eBird,NA
Piranga rubra,WY,eBird,NA
Piranga olivacea,WY,eBird,NA
Piranga ludoviciana,WY,eBird,NA
Cardinalis cardinalis,WY,eBird,NA
Pheucticus chrysopeplus,WY,eBird,NA
Pheucticus ludovicianus,WY,eBird,NA
Pheucticus melanocephalus,WY,eBird,NA
Passerina caerulea,WY,eBird,NA
Passerina amoena,WY,eBird,NA
Passerina cyanea,WY,eBird,NA
Passerina ciris,WY,eBird,NA
Spiza americana,WY,eBird,NA
