"scientific_name","common_name","state_code","designation","source","designation_db","gs_name","fetched_at"
"Ailanthus altissima","tree of heaven","OH","Invasive","Ohio Administrative Code 901:5-30-01","Invasive","Ailanthus altissima",2026-01-22 18:30:31.462679
"Alliaria petiolata","garlic mustard","OH","Invasive","Ohio Administrative Code 901:5-30-01","Invasive","Alliaria petiolata",2026-01-22 18:30:31.462679
"Alnus glutinosa","black alder","OH","Invasive","Ohio Administrative Code 901:5-30-01","Invasive","Alnus glutinosa",2026-01-22 18:30:31.462679
"Ampelopsis brevipedunculata","porcelain berry","OH","Invasive","Ohio Administrative Code 901:5-30-01","Invasive","Ampelopsis brevipedunculata",2026-01-22 18:30:31.462679
"Artemisia vulgaris","mugwort","OH","Invasive","Ohio Administrative Code 901:5-30-01","Invasive","Artemisia vulgaris",2026-01-22 18:30:31.462679
"Berberis thunbergii","Japanese barberry","OH","Invasive","Ohio Administrative Code 901:5-30-01","Invasive","Berberis thunbergii",2026-01-22 18:30:31.462679
"Berberis vulgaris","common barberry","OH","Invasive","Ohio Administrative Code 901:5-30-01","Invasive","Berberis vulgaris",2026-01-22 18:30:31.462679
"Butomus umbellatus","flowering rush","OH","Invasive","Ohio Administrative Code 901:5-30-01","Invasive","Butomus umbellatus",2026-01-22 18:30:31.462679
"Celastrus orbiculatus","oriental bittersweet","OH","Invasive","Ohio Administrative Code 901:5-30-01","Invasive","Celastrus orbiculatus",2026-01-22 18:30:31.462679
"Centaurea stoebe","spotted knapweed","OH","Invasive","Ohio Administrative Code 901:5-30-01","Invasive","Centaurea stoebe",2026-01-22 18:30:31.462679
"Cirsium arvense","Canada thistle","OH","Invasive","Ohio Administrative Code 901:5-30-01","Invasive","Cirsium arvense",2026-01-22 18:30:31.462679
"Cirsium vulgare","bull thistle","OH","Invasive","Ohio Administrative Code 901:5-30-01","Invasive","Cirsium vulgare",2026-01-22 18:30:31.462679
"Conium maculatum","poison hemlock","OH","Invasive","Ohio Administrative Code 901:5-30-01","Invasive","Conium maculatum",2026-01-22 18:30:31.462679
"Coronilla varia","crown vetch","OH","Invasive","Ohio Administrative Code 901:5-30-01","Invasive","Coronilla varia",2026-01-22 18:30:31.462679
"Dipsacus fullonum","common teasel","OH","Invasive","Ohio Administrative Code 901:5-30-01","Invasive","Dipsacus fullonum",2026-01-22 18:30:31.462679
"Dipsacus laciniatus","cut-leaved teasel","OH","Invasive","Ohio Administrative Code 901:5-30-01","Invasive","Dipsacus laciniatus",2026-01-22 18:30:31.462679
"Egeria densa","Brazilian waterweed","OH","Invasive","Ohio Administrative Code 901:5-30-01","Invasive","Egeria densa",2026-01-22 18:30:31.462679
"Elaeagnus angustifolia","Russian olive","OH","Invasive","Ohio Administrative Code 901:5-30-01","Invasive","Elaeagnus angustifolia",2026-01-22 18:30:31.462679
"Elaeagnus umbellata","autumn olive","OH","Invasive","Ohio Administrative Code 901:5-30-01","Invasive","Elaeagnus umbellata",2026-01-22 18:30:31.462679
"Euonymus alatus","burning bush","OH","Invasive","Ohio Administrative Code 901:5-30-01","Invasive","Euonymus alatus",2026-01-22 18:30:31.462679
"Euonymus fortunei","winter creeper","OH","Invasive","Ohio Administrative Code 901:5-30-01","Invasive","Euonymus fortunei",2026-01-22 18:30:31.462679
"Euphorbia esula","leafy spurge","OH","Invasive","Ohio Administrative Code 901:5-30-01","Invasive","Euphorbia esula",2026-01-22 18:30:31.462679
"Ficaria verna","lesser celandine","OH","Invasive","Ohio Administrative Code 901:5-30-01","Invasive","Ficaria verna",2026-01-22 18:30:31.462679
"Frangula alnus","glossy buckthorn","OH","Invasive","Ohio Administrative Code 901:5-30-01","Invasive","Frangula alnus",2026-01-22 18:30:31.462679
"Heracleum mantegazzianum","giant hogweed","OH","Invasive","Ohio Administrative Code 901:5-30-01","Invasive","Heracleum mantegazzianum",2026-01-22 18:30:31.462679
"Hesperis matronalis","dame's rocket","OH","Invasive","Ohio Administrative Code 901:5-30-01","Invasive","Hesperis matronalis",2026-01-22 18:30:31.462679
"Humulus japonicus","Japanese hops","OH","Invasive","Ohio Administrative Code 901:5-30-01","Invasive","Humulus japonicus",2026-01-22 18:30:31.462679
"Hydrilla verticillata","hydrilla","OH","Invasive","Ohio Administrative Code 901:5-30-01","Invasive","Hydrilla verticillata",2026-01-22 18:30:31.462679
"Iris pseudacorus","yellow flag iris","OH","Invasive","Ohio Administrative Code 901:5-30-01","Invasive","Iris pseudacorus",2026-01-22 18:30:31.462679
"Lepidium latifolium","perennial pepperweed","OH","Invasive","Ohio Administrative Code 901:5-30-01","Invasive","Lepidium latifolium",2026-01-22 18:30:31.462679
"Lespedeza cuneata","sericea lespedeza","OH","Invasive","Ohio Administrative Code 901:5-30-01","Invasive","Lespedeza cuneata",2026-01-22 18:30:31.462679
"Ligustrum obtusifolium","border privet","OH","Invasive","Ohio Administrative Code 901:5-30-01","Invasive","Ligustrum obtusifolium",2026-01-22 18:30:31.462679
"Lonicera japonica","Japanese honeysuckle","OH","Invasive","Ohio Administrative Code 901:5-30-01","Invasive","Lonicera japonica",2026-01-22 18:30:31.462679
"Lonicera maackii","Amur honeysuckle","OH","Invasive","Ohio Administrative Code 901:5-30-01","Invasive","Lonicera maackii",2026-01-22 18:30:31.462679
"Lonicera morrowii","Morrow's honeysuckle","OH","Invasive","Ohio Administrative Code 901:5-30-01","Invasive","Lonicera morrowii",2026-01-22 18:30:31.462679
"Lonicera tatarica","Tatarian honeysuckle","OH","Invasive","Ohio Administrative Code 901:5-30-01","Invasive","Lonicera tatarica",2026-01-22 18:30:31.462679
"Lythrum salicaria","purple loosestrife","OH","Invasive","Ohio Administrative Code 901:5-30-01","Invasive","Lythrum salicaria",2026-01-22 18:30:31.462679
"Microstegium vimineum","Japanese stiltgrass","OH","Invasive","Ohio Administrative Code 901:5-30-01","Invasive","Microstegium vimineum",2026-01-22 18:30:31.462679
"Miscanthus sinensis","Chinese silvergrass","OH","Invasive","Ohio Administrative Code 901:5-30-01","Invasive","Miscanthus sinensis",2026-01-22 18:30:31.462679
"Myriophyllum spicatum","Eurasian watermilfoil","OH","Invasive","Ohio Administrative Code 901:5-30-01","Invasive","Myriophyllum spicatum",2026-01-22 18:30:31.462679
"Nymphoides peltata","yellow floating heart","OH","Invasive","Ohio Administrative Code 901:5-30-01","Invasive","Nymphoides peltata",2026-01-22 18:30:31.462679
"Pastinaca sativa","wild parsnip","OH","Invasive","Ohio Administrative Code 901:5-30-01","Invasive","Pastinaca sativa",2026-01-22 18:30:31.462679
"Paulownia tomentosa","princess tree","OH","Invasive","Ohio Administrative Code 901:5-30-01","Invasive","Paulownia tomentosa",2026-01-22 18:30:31.462679
"Persicaria perfoliata","mile-a-minute vine","OH","Invasive","Ohio Administrative Code 901:5-30-01","Invasive","Persicaria perfoliata",2026-01-22 18:30:31.462679
"Phalaris arundinacea","reed canary grass","OH","Invasive","Ohio Administrative Code 901:5-30-01","Invasive","Phalaris arundinacea",2026-01-22 18:30:31.462679
"Phragmites australis","common reed","OH","Invasive","Ohio Administrative Code 901:5-30-01","Invasive","Phragmites australis",2026-01-22 18:30:31.462679
"Polygonum cuspidatum","Japanese knotweed","OH","Invasive","Ohio Administrative Code 901:5-30-01","Invasive","Polygonum cuspidatum",2026-01-22 18:30:31.462679
"Potamogeton crispus","curly-leaf pondweed","OH","Invasive","Ohio Administrative Code 901:5-30-01","Invasive","Potamogeton crispus",2026-01-22 18:30:31.462679
"Pueraria montana","kudzu","OH","Invasive","Ohio Administrative Code 901:5-30-01","Invasive","Pueraria montana",2026-01-22 18:30:31.462679
"Pyrus calleryana","Callery pear","OH","Invasive","Ohio Administrative Code 901:5-30-01","Invasive","Pyrus calleryana",2026-01-22 18:30:31.462679
"Ranunculus ficaria","fig buttercup","OH","Invasive","Ohio Administrative Code 901:5-30-01","Invasive","Ranunculus ficaria",2026-01-22 18:30:31.462679
"Rhamnus cathartica","common buckthorn","OH","Invasive","Ohio Administrative Code 901:5-30-01","Invasive","Rhamnus cathartica",2026-01-22 18:30:31.462679
"Rosa multiflora","multiflora rose","OH","Invasive","Ohio Administrative Code 901:5-30-01","Invasive","Rosa multiflora",2026-01-22 18:30:31.462679
"Spiraea japonica","Japanese meadowsweet","OH","Invasive","Ohio Administrative Code 901:5-30-01","Invasive","Spiraea japonica",2026-01-22 18:30:31.462679
"Torilis japonica","Japanese hedge parsley","OH","Invasive","Ohio Administrative Code 901:5-30-01","Invasive","Torilis japonica",2026-01-22 18:30:31.462679
"Trapa natans","water chestnut","OH","Invasive","Ohio Administrative Code 901:5-30-01","Invasive","Trapa natans",2026-01-22 18:30:31.462679
"Typha angustifolia","narrow-leaved cattail","OH","Invasive","Ohio Administrative Code 901:5-30-01","Invasive","Typha angustifolia",2026-01-22 18:30:31.462679
"Vincetoxicum nigrum","black swallow-wort","OH","Invasive","Ohio Administrative Code 901:5-30-01","Invasive","Vincetoxicum nigrum",2026-01-22 18:30:31.462679
"Vincetoxicum rossicum","pale swallow-wort","OH","Invasive","Ohio Administrative Code 901:5-30-01","Invasive","Vincetoxicum rossicum",2026-01-22 18:30:31.462679
"Vinca minor","common periwinkle","OH","Invasive","Ohio Administrative Code 901:5-30-01","Invasive","Vinca minor",2026-01-22 18:30:31.462679
"Viburnum lantana","wayfaring tree","OH","Invasive","Ohio Administrative Code 901:5-30-01","Invasive","Viburnum lantana",2026-01-22 18:30:31.462679
"Viburnum opulus","European cranberrybush","OH","Invasive","Ohio Administrative Code 901:5-30-01","Invasive","Viburnum opulus",2026-01-22 18:30:31.462679
"Cynanchum louiseae","Black swallow-wort","MN","Prohibited-Eradicate","Minnesota Department of Agriculture","Invasive-High","Cynanchum louiseae",2026-01-22 18:30:31.462679
"Centaurea jacea","Brown knapweed","MN","Prohibited-Eradicate","Minnesota Department of Agriculture","Invasive-High","Centaurea jacea",2026-01-22 18:30:31.462679
"Dipsacus fullonum","Common teasel","MN","Prohibited-Eradicate","Minnesota Department of Agriculture","Invasive-High","Dipsacus fullonum",2026-01-22 18:30:31.462679
"Dipsacus laciniatus","Cutleaf teasel","MN","Prohibited-Eradicate","Minnesota Department of Agriculture","Invasive-High","Dipsacus laciniatus",2026-01-22 18:30:31.462679
"Linaria dalmatica","Dalmatian toadflax","MN","Prohibited-Eradicate","Minnesota Department of Agriculture","Invasive-High","Linaria dalmatica",2026-01-22 18:30:31.462679
"Centaurea diffusa","Diffuse knapweed","MN","Prohibited-Eradicate","Minnesota Department of Agriculture","Invasive-High","Centaurea diffusa",2026-01-22 18:30:31.462679
"Heracleum mantegazzianum","Giant hogweed","MN","Prohibited-Eradicate","Minnesota Department of Agriculture","Invasive-High","Heracleum mantegazzianum",2026-01-22 18:30:31.462679
"Lonicera japonica","Japanese honeysuckle","MN","Prohibited-Eradicate","Minnesota Department of Agriculture","Invasive-High","Lonicera japonica",2026-01-22 18:30:31.462679
"Digitalis lanata","Grecian foxglove","MN","Prohibited-Eradicate","Minnesota Department of Agriculture","Invasive-High","Digitalis lanata",2026-01-22 18:30:31.462679
"Humulus japonicus","Japanese hops","MN","Prohibited-Eradicate","Minnesota Department of Agriculture","Invasive-High","Humulus japonicus",2026-01-22 18:30:31.462679
"Sorghum halepense","Johnsongrass","MN","Prohibited-Eradicate","Minnesota Department of Agriculture","Invasive-High","Sorghum halepense",2026-01-22 18:30:31.462679
"Cynanchum rossicum","Pale swallow-wort","MN","Prohibited-Eradicate","Minnesota Department of Agriculture","Invasive-High","Cynanchum rossicum",2026-01-22 18:30:31.462679
"Amaranthus palmeri","Palmer amaranth","MN","Prohibited-Eradicate","Minnesota Department of Agriculture","Invasive-High","Amaranthus palmeri",2026-01-22 18:30:31.462679
"Thladiantha dubia","Red hailstone","MN","Prohibited-Eradicate","Minnesota Department of Agriculture","Invasive-High","Thladiantha dubia",2026-01-22 18:30:31.462679
"Microstegium vimineum","Japanese stiltgrass","MN","Prohibited-Eradicate","Minnesota Department of Agriculture","Invasive-High","Microstegium vimineum",2026-01-22 18:30:31.462679
"Ailanthus altissima","Tree of heaven","MN","Prohibited-Eradicate","Minnesota Department of Agriculture","Invasive-High","Ailanthus altissima",2026-01-22 18:30:31.462679
"Centaurea solstitialis","Yellow starthistle","MN","Prohibited-Eradicate","Minnesota Department of Agriculture","Invasive-High","Centaurea solstitialis",2026-01-22 18:30:31.462679
"Polygonum x bohemicum","Bohemian knotweed","MN","Prohibited-Control","Minnesota Department of Agriculture","Invasive-Moderate","Polygonum x",2026-01-22 18:30:31.462679
"Cirsium arvense","Canada thistle","MN","Prohibited-Control","Minnesota Department of Agriculture","Invasive-Moderate","Cirsium arvense",2026-01-22 18:30:31.462679
"Berberis vulgaris","Common barberry","MN","Prohibited-Control","Minnesota Department of Agriculture","Invasive-Moderate","Berberis vulgaris",2026-01-22 18:30:31.462679
"Tanacetum vulgare","Common tansy","MN","Prohibited-Control","Minnesota Department of Agriculture","Invasive-Moderate","Tanacetum vulgare",2026-01-22 18:30:31.462679
"Polygonum sachalinense","Giant knotweed","MN","Prohibited-Control","Minnesota Department of Agriculture","Invasive-Moderate","Polygonum sachalinense",2026-01-22 18:30:31.462679
"Polygonum cuspidatum","Japanese knotweed","MN","Prohibited-Control","Minnesota Department of Agriculture","Invasive-Moderate","Polygonum cuspidatum",2026-01-22 18:30:31.462679
"Euphorbia virgata","Leafy spurge","MN","Prohibited-Control","Minnesota Department of Agriculture","Invasive-Moderate","Euphorbia virgata",2026-01-22 18:30:31.462679
"Centaurea x moncktonii","Meadow knapweed","MN","Prohibited-Control","Minnesota Department of Agriculture","Invasive-Moderate","Centaurea x",2026-01-22 18:30:31.462679
"Cardamine impatiens","Narrowleaf bittercress","MN","Prohibited-Control","Minnesota Department of Agriculture","Invasive-Moderate","Cardamine impatiens",2026-01-22 18:30:31.462679
"Phragmites australis","Non-native phragmites","MN","Prohibited-Control","Minnesota Department of Agriculture","Invasive-Moderate","Phragmites australis",2026-01-22 18:30:31.462679
"Carduus acanthoides","Plumeless thistle","MN","Prohibited-Control","Minnesota Department of Agriculture","Invasive-Moderate","Carduus acanthoides",2026-01-22 18:30:31.462679
"Conium maculatum","Poison hemlock","MN","Prohibited-Control","Minnesota Department of Agriculture","Invasive-Moderate","Conium maculatum",2026-01-22 18:30:31.462679
"Lythrum salicaria","Purple loosestrife","MN","Prohibited-Control","Minnesota Department of Agriculture","Invasive-Moderate","Lythrum salicaria",2026-01-22 18:30:31.462679
"Celastrus orbiculatus","Oriental bittersweet","MN","Prohibited-Control","Minnesota Department of Agriculture","Invasive-Moderate","Celastrus orbiculatus",2026-01-22 18:30:31.462679
"Centaurea stoebe","Spotted knapweed","MN","Prohibited-Control","Minnesota Department of Agriculture","Invasive-Moderate","Centaurea stoebe",2026-01-22 18:30:31.462679
"Pastinaca sativa","Wild parsnip","MN","Prohibited-Control","Minnesota Department of Agriculture","Invasive-Moderate","Pastinaca sativa",2026-01-22 18:30:31.462679
"Lonicera maackii","Amur honeysuckle","MN","Restricted","Minnesota Department of Agriculture","Invasive-Low","Lonicera maackii",2026-01-22 18:30:31.462679
"Elaeagnus umbellata","Autumn olive","MN","Restricted","Minnesota Department of Agriculture","Invasive-Low","Elaeagnus umbellata",2026-01-22 18:30:31.462679
"Lonicera x bella","Bell's honeysuckle","MN","Restricted","Minnesota Department of Agriculture","Invasive-Low","Lonicera x",2026-01-22 18:30:31.462679
"Robinia pseudoacacia","Black locust","MN","Restricted","Minnesota Department of Agriculture","Invasive-Low","Robinia pseudoacacia",2026-01-22 18:30:31.462679
"Pyrus calleryana","Callery pear","MN","Restricted","Minnesota Department of Agriculture","Invasive-Low","Pyrus calleryana",2026-01-22 18:30:31.462679
"Rhamnus cathartica","Common buckthorn","MN","Restricted","Minnesota Department of Agriculture","Invasive-Low","Rhamnus cathartica",2026-01-22 18:30:31.462679
"Alnus glutinosa","European alder","MN","Restricted","Minnesota Department of Agriculture","Invasive-Low","Alnus glutinosa",2026-01-22 18:30:31.462679
"Alliaria petiolata","Garlic mustard","MN","Restricted","Minnesota Department of Agriculture","Invasive-Low","Alliaria petiolata",2026-01-22 18:30:31.462679
"Frangula alnus","Glossy buckthorn","MN","Restricted","Minnesota Department of Agriculture","Invasive-Low","Frangula alnus",2026-01-22 18:30:31.462679
"Berberis thunbergii","Japanese barberry","MN","Restricted","Minnesota Department of Agriculture","Invasive-Low","Berberis thunbergii",2026-01-22 18:30:31.462679
"Ficaria verna","Lesser celandine","MN","Restricted","Minnesota Department of Agriculture","Invasive-Low","Ficaria verna",2026-01-22 18:30:31.462679
"Lonicera morrowii","Morrow's honeysuckle","MN","Restricted","Minnesota Department of Agriculture","Invasive-Low","Lonicera morrowii",2026-01-22 18:30:31.462679
"Rosa multiflora","Multiflora rose","MN","Restricted","Minnesota Department of Agriculture","Invasive-Low","Rosa multiflora",2026-01-22 18:30:31.462679
"Ampelopsis brevipedunculata","Porcelain berry","MN","Restricted","Minnesota Department of Agriculture","Invasive-Low","Ampelopsis brevipedunculata",2026-01-22 18:30:31.462679
"Lonicera tatarica","Tatarian honeysuckle","MN","Restricted","Minnesota Department of Agriculture","Invasive-Low","Lonicera tatarica",2026-01-22 18:30:31.462679
"Euonymus alatus","Burning bush","MN","Restricted","Minnesota Department of Agriculture","Invasive-Low","Euonymus alatus",2026-01-22 18:30:31.462679
"Alhagi pseudalhagi","Camelthorn","CO","List A","Colorado Department of Agriculture","Invasive-High","Alhagi pseudalhagi",2026-01-22 18:30:31.462679
"Crupina vulgaris","Common crupina","CO","List A","Colorado Department of Agriculture","Invasive-High","Crupina vulgaris",2026-01-22 18:30:31.462679
"Salvinia molesta","Giant salvinia","CO","List A","Colorado Department of Agriculture","Invasive-High","Salvinia molesta",2026-01-22 18:30:31.462679
"Hydrilla verticillata","Hydrilla","CO","List A","Colorado Department of Agriculture","Invasive-High","Hydrilla verticillata",2026-01-22 18:30:31.462679
"Taeniatherum caput-medusae","Medusahead rye","CO","List A","Colorado Department of Agriculture","Invasive-High","Taeniatherum caput-medusae",2026-01-22 18:30:31.462679
"Myriophyllum aquaticum","Parrotfeather","CO","List A","Colorado Department of Agriculture","Invasive-High","Myriophyllum aquaticum",2026-01-22 18:30:31.462679
"Centaurea virgata","Squarrose knapweed","CO","List A","Colorado Department of Agriculture","Invasive-High","Centaurea virgata",2026-01-22 18:30:31.462679
"Ventenata dubia","Ventenata grass","CO","List A","Colorado Department of Agriculture","Invasive-High","Ventenata dubia",2026-01-22 18:30:31.462679
"Peganum harmala","African rue","CO","List A","Colorado Department of Agriculture","Invasive-High","Peganum harmala",2026-01-22 18:30:31.462679
"Isatis tinctoria","Dyer's woad","CO","List A","Colorado Department of Agriculture","Invasive-High","Isatis tinctoria",2026-01-22 18:30:31.462679
"Brassica elongata","Elongated mustard","CO","List A","Colorado Department of Agriculture","Invasive-High","Brassica elongata",2026-01-22 18:30:31.462679
"Butomus umbellatus","Flowering rush","CO","List A","Colorado Department of Agriculture","Invasive-High","Butomus umbellatus",2026-01-22 18:30:31.462679
"Centaurea x moncktonii","Meadow knapweed","CO","List A","Colorado Department of Agriculture","Invasive-High","Centaurea x",2026-01-22 18:30:31.462679
"Chondrilla juncea","Rush skeletonweed","CO","List A","Colorado Department of Agriculture","Invasive-High","Chondrilla juncea",2026-01-22 18:30:31.462679
"Senecio jacobaea","Tansy ragwort","CO","List A","Colorado Department of Agriculture","Invasive-High","Senecio jacobaea",2026-01-22 18:30:31.462679
"Centaurea solstitialis","Yellow starthistle","CO","List A","Colorado Department of Agriculture","Invasive-High","Centaurea solstitialis",2026-01-22 18:30:31.462679
"Euphorbia cyparissias","Cypress spurge","CO","List A","Colorado Department of Agriculture","Invasive-High","Euphorbia cyparissias",2026-01-22 18:30:31.462679
"Arundo donax","Giant reed","CO","List A","Colorado Department of Agriculture","Invasive-High","Arundo donax",2026-01-22 18:30:31.462679
"Epilobium hirsutum","Hairy willow-herb","CO","List A","Colorado Department of Agriculture","Invasive-High","Epilobium hirsutum",2026-01-22 18:30:31.462679
"Polygonum cuspidatum","Japanese knotweed","CO","List A","Colorado Department of Agriculture","Invasive-High","Polygonum cuspidatum",2026-01-22 18:30:31.462679
"Salvia aethiopis","Mediterranean sage","CO","List A","Colorado Department of Agriculture","Invasive-High","Salvia aethiopis",2026-01-22 18:30:31.462679
"Euphorbia myrsinites","Myrtle spurge","CO","List A","Colorado Department of Agriculture","Invasive-High","Euphorbia myrsinites",2026-01-22 18:30:31.462679
"Hieracium aurantiacum","Orange hawkweed","CO","List A","Colorado Department of Agriculture","Invasive-High","Hieracium aurantiacum",2026-01-22 18:30:31.462679
"Lythrum salicaria","Purple loosestrife","CO","List A","Colorado Department of Agriculture","Invasive-High","Lythrum salicaria",2026-01-22 18:30:31.462679
"Iris pseudacorus","Yellow flag iris","CO","List A","Colorado Department of Agriculture","Invasive-High","Iris pseudacorus",2026-01-22 18:30:31.462679
"Artemisia absinthium","Absinth wormwood","CO","List B","Colorado Department of Agriculture","Invasive-Moderate","Artemisia absinthium",2026-01-22 18:30:31.462679
"Hyoscyamus niger","Black henbane","CO","List B","Colorado Department of Agriculture","Invasive-Moderate","Hyoscyamus niger",2026-01-22 18:30:31.462679
"Saponaria officinalis","Bouncingbet","CO","List B","Colorado Department of Agriculture","Invasive-Moderate","Saponaria officinalis",2026-01-22 18:30:31.462679
"Cirsium vulgare","Bull thistle","CO","List B","Colorado Department of Agriculture","Invasive-Moderate","Cirsium vulgare",2026-01-22 18:30:31.462679
"Cirsium arvense","Canada thistle","CO","List B","Colorado Department of Agriculture","Invasive-Moderate","Cirsium arvense",2026-01-22 18:30:31.462679
"Clematis orientalis","Chinese clematis","CO","List B","Colorado Department of Agriculture","Invasive-Moderate","Clematis orientalis",2026-01-22 18:30:31.462679
"Tanacetum vulgare","Common tansy","CO","List B","Colorado Department of Agriculture","Invasive-Moderate","Tanacetum vulgare",2026-01-22 18:30:31.462679
"Dipsacus fullonum","Common teasel","CO","List B","Colorado Department of Agriculture","Invasive-Moderate","Dipsacus fullonum",2026-01-22 18:30:31.462679
"Dipsacus laciniatus","Cutleaf teasel","CO","List B","Colorado Department of Agriculture","Invasive-Moderate","Dipsacus laciniatus",2026-01-22 18:30:31.462679
"Linaria dalmatica","Dalmatian toadflax","CO","List B","Colorado Department of Agriculture","Invasive-Moderate","Linaria dalmatica",2026-01-22 18:30:31.462679
"Hesperis matronalis","Dame's rocket","CO","List B","Colorado Department of Agriculture","Invasive-Moderate","Hesperis matronalis",2026-01-22 18:30:31.462679
"Centaurea diffusa","Diffuse knapweed","CO","List B","Colorado Department of Agriculture","Invasive-Moderate","Centaurea diffusa",2026-01-22 18:30:31.462679
"Myriophyllum spicatum","Eurasian watermilfoil","CO","List B","Colorado Department of Agriculture","Invasive-Moderate","Myriophyllum spicatum",2026-01-22 18:30:31.462679
"Lepidium draba","Hoary cress","CO","List B","Colorado Department of Agriculture","Invasive-Moderate","Lepidium draba",2026-01-22 18:30:31.462679
"Cynoglossum officinale","Houndstongue","CO","List B","Colorado Department of Agriculture","Invasive-Moderate","Cynoglossum officinale",2026-01-22 18:30:31.462679
"Aegilops cylindrica","Jointed goatgrass","CO","List B","Colorado Department of Agriculture","Invasive-Moderate","Aegilops cylindrica",2026-01-22 18:30:31.462679
"Euphorbia esula","Leafy spurge","CO","List B","Colorado Department of Agriculture","Invasive-Moderate","Euphorbia esula",2026-01-22 18:30:31.462679
"Carduus nutans","Musk thistle","CO","List B","Colorado Department of Agriculture","Invasive-Moderate","Carduus nutans",2026-01-22 18:30:31.462679
"Leucanthemum vulgare","Oxeye daisy","CO","List B","Colorado Department of Agriculture","Invasive-Moderate","Leucanthemum vulgare",2026-01-22 18:30:31.462679
"Lepidium latifolium","Perennial pepperweed","CO","List B","Colorado Department of Agriculture","Invasive-Moderate","Lepidium latifolium",2026-01-22 18:30:31.462679
"Carduus acanthoides","Plumeless thistle","CO","List B","Colorado Department of Agriculture","Invasive-Moderate","Carduus acanthoides",2026-01-22 18:30:31.462679
"Rhaponticum repens","Russian knapweed","CO","List B","Colorado Department of Agriculture","Invasive-Moderate","Rhaponticum repens",2026-01-22 18:30:31.462679
"Elaeagnus angustifolia","Russian olive","CO","List B","Colorado Department of Agriculture","Invasive-Moderate","Elaeagnus angustifolia",2026-01-22 18:30:31.462679
"Tamarix ramosissima","Saltcedar","CO","List B","Colorado Department of Agriculture","Invasive-Moderate","Tamarix ramosissima",2026-01-22 18:30:31.462679
"Onopordum acanthium","Scotch thistle","CO","List B","Colorado Department of Agriculture","Invasive-Moderate","Onopordum acanthium",2026-01-22 18:30:31.462679
"Centaurea stoebe","Spotted knapweed","CO","List B","Colorado Department of Agriculture","Invasive-Moderate","Centaurea stoebe",2026-01-22 18:30:31.462679
"Potentilla recta","Sulfur cinquefoil","CO","List B","Colorado Department of Agriculture","Invasive-Moderate","Potentilla recta",2026-01-22 18:30:31.462679
"Linaria vulgaris","Yellow toadflax","CO","List B","Colorado Department of Agriculture","Invasive-Moderate","Linaria vulgaris",2026-01-22 18:30:31.462679
"Poa bulbosa","Bulbous bluegrass","CO","List C","Colorado Department of Agriculture","Invasive-Low","Poa bulbosa",2026-01-22 18:30:31.462679
"Cichorium intybus","Chicory","CO","List C","Colorado Department of Agriculture","Invasive-Low","Cichorium intybus",2026-01-22 18:30:31.462679
"Arctium minus","Common burdock","CO","List C","Colorado Department of Agriculture","Invasive-Low","Arctium minus",2026-01-22 18:30:31.462679
"Verbascum thapsus","Common mullein","CO","List C","Colorado Department of Agriculture","Invasive-Low","Verbascum thapsus",2026-01-22 18:30:31.462679
"Hypericum perforatum","Common St. Johnswort","CO","List C","Colorado Department of Agriculture","Invasive-Low","Hypericum perforatum",2026-01-22 18:30:31.462679
"Bromus tectorum","Downy brome","CO","List C","Colorado Department of Agriculture","Invasive-Low","Bromus tectorum",2026-01-22 18:30:31.462679
"Convolvulus arvensis","Field bindweed","CO","List C","Colorado Department of Agriculture","Invasive-Low","Convolvulus arvensis",2026-01-22 18:30:31.462679
"Halogeton glomeratus","Halogeton","CO","List C","Colorado Department of Agriculture","Invasive-Low","Halogeton glomeratus",2026-01-22 18:30:31.462679
"Sorghum halepense","Johnsongrass","CO","List C","Colorado Department of Agriculture","Invasive-Low","Sorghum halepense",2026-01-22 18:30:31.462679
"Sonchus arvensis","Perennial sowthistle","CO","List C","Colorado Department of Agriculture","Invasive-Low","Sonchus arvensis",2026-01-22 18:30:31.462679
"Conium maculatum","Poison hemlock","CO","List C","Colorado Department of Agriculture","Invasive-Low","Conium maculatum",2026-01-22 18:30:31.462679
"Tribulus terrestris","Puncturevine","CO","List C","Colorado Department of Agriculture","Invasive-Low","Tribulus terrestris",2026-01-22 18:30:31.462679
"Elymus repens","Quackgrass","CO","List C","Colorado Department of Agriculture","Invasive-Low","Elymus repens",2026-01-22 18:30:31.462679
"Ulmus pumila","Siberian elm","CO","List C","Colorado Department of Agriculture","Invasive-Low","Ulmus pumila",2026-01-22 18:30:31.462679
"Ailanthus altissima","Tree of Heaven","CO","List C","Colorado Department of Agriculture","Invasive-Low","Ailanthus altissima",2026-01-22 18:30:31.462679
"Convolvulus arvensis","Field bindweed","WY","State Designated Noxious","Wyoming Weed & Pest Council","Invasive","Convolvulus arvensis",2026-01-22 18:30:31.462679
"Cirsium arvense","Canada thistle","WY","State Designated Noxious","Wyoming Weed & Pest Council","Invasive","Cirsium arvense",2026-01-22 18:30:31.462679
"Euphorbia esula","Leafy spurge","WY","State Designated Noxious","Wyoming Weed & Pest Council","Invasive","Euphorbia esula",2026-01-22 18:30:31.462679
"Sonchus arvensis","Perennial sowthistle","WY","State Designated Noxious","Wyoming Weed & Pest Council","Invasive","Sonchus arvensis",2026-01-22 18:30:31.462679
"Elymus repens","Quackgrass","WY","State Designated Noxious","Wyoming Weed & Pest Council","Invasive","Elymus repens",2026-01-22 18:30:31.462679
"Cardaria draba","Hoary cress","WY","State Designated Noxious","Wyoming Weed & Pest Council","Invasive","Cardaria draba",2026-01-22 18:30:31.462679
"Lepidium latifolium","Perennial pepperweed","WY","State Designated Noxious","Wyoming Weed & Pest Council","Invasive","Lepidium latifolium",2026-01-22 18:30:31.462679
"Leucanthemum vulgare","Ox-eye daisy","WY","State Designated Noxious","Wyoming Weed & Pest Council","Invasive","Leucanthemum vulgare",2026-01-22 18:30:31.462679
"Franseria discolor","Skeletonleaf bursage","WY","State Designated Noxious","Wyoming Weed & Pest Council","Invasive","Franseria discolor",2026-01-22 18:30:31.462679
"Centaurea repens","Russian knapweed","WY","State Designated Noxious","Wyoming Weed & Pest Council","Invasive","Centaurea repens",2026-01-22 18:30:31.462679
"Linaria vulgaris","Yellow toadflax","WY","State Designated Noxious","Wyoming Weed & Pest Council","Invasive","Linaria vulgaris",2026-01-22 18:30:31.462679
"Linaria dalmatica","Dalmatian toadflax","WY","State Designated Noxious","Wyoming Weed & Pest Council","Invasive","Linaria dalmatica",2026-01-22 18:30:31.462679
"Onopordum acanthium","Scotch thistle","WY","State Designated Noxious","Wyoming Weed & Pest Council","Invasive","Onopordum acanthium",2026-01-22 18:30:31.462679
"Carduus nutans","Musk thistle","WY","State Designated Noxious","Wyoming Weed & Pest Council","Invasive","Carduus nutans",2026-01-22 18:30:31.462679
"Arctium minus","Common burdock","WY","State Designated Noxious","Wyoming Weed & Pest Council","Invasive","Arctium minus",2026-01-22 18:30:31.462679
"Carduus acanthoides","Plumeless thistle","WY","State Designated Noxious","Wyoming Weed & Pest Council","Invasive","Carduus acanthoides",2026-01-22 18:30:31.462679
"Isatis tinctoria","Dyers woad","WY","State Designated Noxious","Wyoming Weed & Pest Council","Invasive","Isatis tinctoria",2026-01-22 18:30:31.462679
"Cynoglossum officinale","Houndstongue","WY","State Designated Noxious","Wyoming Weed & Pest Council","Invasive","Cynoglossum officinale",2026-01-22 18:30:31.462679
"Centaurea maculosa","Spotted knapweed","WY","State Designated Noxious","Wyoming Weed & Pest Council","Invasive","Centaurea maculosa",2026-01-22 18:30:31.462679
"Centaurea diffusa","Diffuse knapweed","WY","State Designated Noxious","Wyoming Weed & Pest Council","Invasive","Centaurea diffusa",2026-01-22 18:30:31.462679
"Lythrum salicaria","Purple loosestrife","WY","State Designated Noxious","Wyoming Weed & Pest Council","Invasive","Lythrum salicaria",2026-01-22 18:30:31.462679
"Tamarix spp","Saltcedar","WY","State Designated Noxious","Wyoming Weed & Pest Council","Invasive","Tamarix spp",2026-01-22 18:30:31.462679
"Hypericum perforatum","Common St. Johnswort","WY","State Designated Noxious","Wyoming Weed & Pest Council","Invasive","Hypericum perforatum",2026-01-22 18:30:31.462679
"Tanacetum vulgare","Common tansy","WY","State Designated Noxious","Wyoming Weed & Pest Council","Invasive","Tanacetum vulgare",2026-01-22 18:30:31.462679
"Elaeagnus angustifolia","Russian olive","WY","State Designated Noxious","Wyoming Weed & Pest Council","Invasive","Elaeagnus angustifolia",2026-01-22 18:30:31.462679
"Hyoscyamus niger","Black henbane","WY","State Designated Noxious","Wyoming Weed & Pest Council","Invasive","Hyoscyamus niger",2026-01-22 18:30:31.462679
"Verbascum thapsus","Common mullein","WY","State Designated Noxious","Wyoming Weed & Pest Council","Invasive","Verbascum thapsus",2026-01-22 18:30:31.462679
"Centaurea solstitialis","Yellow starthistle","WY","State Designated Noxious","Wyoming Weed & Pest Council","Invasive","Centaurea solstitialis",2026-01-22 18:30:31.462679
"Ventenata dubia","Ventenata","WY","State Designated Noxious","Wyoming Weed & Pest Council","Invasive","Ventenata dubia",2026-01-22 18:30:31.462679
"Taeniatherum caput-medusae","Medusahead rye","WY","State Designated Noxious","Wyoming Weed & Pest Council","Invasive","Taeniatherum caput-medusae",2026-01-22 18:30:31.462679
"Amaranthus palmeri","Palmer amaranth","WY","State Designated Noxious","Wyoming Weed & Pest Council","Invasive","Amaranthus palmeri",2026-01-22 18:30:31.462679
"Convolvulus arvensis","Field bindweed","AK","Prohibited","Alaska DNR Plant Materials Center","Invasive","Convolvulus arvensis",2026-01-22 18:30:31.462679
"Rorippa austriaca","Austrian fieldcress","AK","Prohibited","Alaska DNR Plant Materials Center","Invasive","Rorippa austriaca",2026-01-22 18:30:31.462679
"Galinsoga parviflora","Galinsoga","AK","Prohibited","Alaska DNR Plant Materials Center","Invasive","Galinsoga parviflora",2026-01-22 18:30:31.462679
"Galeopsis tetrahit","Hempnettle","AK","Prohibited","Alaska DNR Plant Materials Center","Invasive","Galeopsis tetrahit",2026-01-22 18:30:31.462679
"Solanum carolinense","Horsenettle","AK","Prohibited","Alaska DNR Plant Materials Center","Invasive","Solanum carolinense",2026-01-22 18:30:31.462679
"Acroptilon repens","Russian knapweed","AK","Prohibited","Alaska DNR Plant Materials Center","Invasive","Acroptilon repens",2026-01-22 18:30:31.462679
"Lactuca pulchella","Blue-flowering lettuce","AK","Prohibited","Alaska DNR Plant Materials Center","Invasive","Lactuca pulchella",2026-01-22 18:30:31.462679
"Elymus repens","Quackgrass","AK","Prohibited","Alaska DNR Plant Materials Center","Invasive","Elymus repens",2026-01-22 18:30:31.462679
"Sonchus arvensis","Perennial sowthistle","AK","Prohibited","Alaska DNR Plant Materials Center","Invasive","Sonchus arvensis",2026-01-22 18:30:31.462679
"Euphorbia esula","Leafy spurge","AK","Prohibited","Alaska DNR Plant Materials Center","Invasive","Euphorbia esula",2026-01-22 18:30:31.462679
"Cirsium arvense","Canada thistle","AK","Prohibited","Alaska DNR Plant Materials Center","Invasive","Cirsium arvense",2026-01-22 18:30:31.462679
"Cardaria draba","Whitetop","AK","Prohibited","Alaska DNR Plant Materials Center","Invasive","Cardaria draba",2026-01-22 18:30:31.462679
"Lythrum salicaria","Purple loosestrife","AK","Prohibited","Alaska DNR Plant Materials Center","Invasive","Lythrum salicaria",2026-01-22 18:30:31.462679
"Hieracium aurantiacum","Orange hawkweed","AK","Prohibited","Alaska DNR Plant Materials Center","Invasive","Hieracium aurantiacum",2026-01-22 18:30:31.462679
"Poa annua","Annual bluegrass","AK","Restricted","Alaska DNR Plant Materials Center","Invasive-Low","Poa annua",2026-01-22 18:30:31.462679
"Lappula echinata","Blue burr","AK","Restricted","Alaska DNR Plant Materials Center","Invasive-Low","Lappula echinata",2026-01-22 18:30:31.462679
"Brassica juncea","Mustard","AK","Restricted","Alaska DNR Plant Materials Center","Invasive-Low","Brassica juncea",2026-01-22 18:30:31.462679
"Avena fatua","Wild oats","AK","Restricted","Alaska DNR Plant Materials Center","Invasive-Low","Avena fatua",2026-01-22 18:30:31.462679
"Plantago lanceolata","Buckhorn plantain","AK","Restricted","Alaska DNR Plant Materials Center","Invasive-Low","Plantago lanceolata",2026-01-22 18:30:31.462679
"Raphanus raphanistrum","Radish","AK","Restricted","Alaska DNR Plant Materials Center","Invasive-Low","Raphanus raphanistrum",2026-01-22 18:30:31.462679
"Linaria vulgaris","Yellow toadflax","AK","Restricted","Alaska DNR Plant Materials Center","Invasive-Low","Linaria vulgaris",2026-01-22 18:30:31.462679
"Vicia cracca","Tufted vetch","AK","Restricted","Alaska DNR Plant Materials Center","Invasive-Low","Vicia cracca",2026-01-22 18:30:31.462679
"Polygonum convolvulus","Wild buckwheat","AK","Restricted","Alaska DNR Plant Materials Center","Invasive-Low","Polygonum convolvulus",2026-01-22 18:30:31.462679
"Artemisia absinthium","Absinth wormwood","SD","State Noxious","South Dakota DANR","Invasive","Artemisia absinthium",2026-01-22 18:30:31.462679
"Euphorbia esula","Leafy spurge","SD","State Noxious","South Dakota DANR","Invasive","Euphorbia esula",2026-01-22 18:30:31.462679
"Cirsium arvense","Canada thistle","SD","State Noxious","South Dakota DANR","Invasive","Cirsium arvense",2026-01-22 18:30:31.462679
"Sonchus arvensis","Perennial sow thistle","SD","State Noxious","South Dakota DANR","Invasive","Sonchus arvensis",2026-01-22 18:30:31.462679
"Cardaria draba","Hoary cress","SD","State Noxious","South Dakota DANR","Invasive","Cardaria draba",2026-01-22 18:30:31.462679
"Lythrum salicaria","Purple loosestrife","SD","State Noxious","South Dakota DANR","Invasive","Lythrum salicaria",2026-01-22 18:30:31.462679
"Tamarix ramosissima","Salt cedar","SD","State Noxious","South Dakota DANR","Invasive","Tamarix ramosissima",2026-01-22 18:30:31.462679
"Artemisia absinthium","Absinth wormwood","ND","State Noxious","North Dakota Department of Agriculture","Invasive","Artemisia absinthium",2026-01-22 18:30:31.462679
"Cirsium arvense","Canada thistle","ND","State Noxious","North Dakota Department of Agriculture","Invasive","Cirsium arvense",2026-01-22 18:30:31.462679
"Linaria dalmatica","Dalmatian toadflax","ND","State Noxious","North Dakota Department of Agriculture","Invasive","Linaria dalmatica",2026-01-22 18:30:31.462679
"Centaurea diffusa","Diffuse knapweed","ND","State Noxious","North Dakota Department of Agriculture","Invasive","Centaurea diffusa",2026-01-22 18:30:31.462679
"Cynoglossum officinale","Houndstongue","ND","State Noxious","North Dakota Department of Agriculture","Invasive","Cynoglossum officinale",2026-01-22 18:30:31.462679
"Euphorbia esula","Leafy spurge","ND","State Noxious","North Dakota Department of Agriculture","Invasive","Euphorbia esula",2026-01-22 18:30:31.462679
"Carduus nutans","Musk thistle","ND","State Noxious","North Dakota Department of Agriculture","Invasive","Carduus nutans",2026-01-22 18:30:31.462679
"Amaranthus palmeri","Palmer amaranth","ND","State Noxious","North Dakota Department of Agriculture","Invasive","Amaranthus palmeri",2026-01-22 18:30:31.462679
"Lythrum salicaria","Purple loosestrife","ND","State Noxious","North Dakota Department of Agriculture","Invasive","Lythrum salicaria",2026-01-22 18:30:31.462679
"Centaurea repens","Russian knapweed","ND","State Noxious","North Dakota Department of Agriculture","Invasive","Centaurea repens",2026-01-22 18:30:31.462679
"Tamarix spp","Saltcedar","ND","State Noxious","North Dakota Department of Agriculture","Invasive","Tamarix spp",2026-01-22 18:30:31.462679
"Centaurea maculosa","Spotted knapweed","ND","State Noxious","North Dakota Department of Agriculture","Invasive","Centaurea maculosa",2026-01-22 18:30:31.462679
"Linaria vulgaris","Yellow toadflax","ND","State Noxious","North Dakota Department of Agriculture","Invasive","Linaria vulgaris",2026-01-22 18:30:31.462679
"Acer ginnala","Amur maple","ME","Do Not Sell","Maine DACF Invasive Plants","Invasive","Acer ginnala",2026-01-22 18:30:31.462679
"Acer platanoides","Norway maple","ME","Do Not Sell","Maine DACF Invasive Plants","Invasive","Acer platanoides",2026-01-22 18:30:31.462679
"Aegopodium podagraria","Bishop's weed","ME","Do Not Sell","Maine DACF Invasive Plants","Invasive","Aegopodium podagraria",2026-01-22 18:30:31.462679
"Ailanthus altissima","Tree of heaven","ME","Do Not Sell","Maine DACF Invasive Plants","Invasive","Ailanthus altissima",2026-01-22 18:30:31.462679
"Alliaria petiolata","Garlic mustard","ME","Do Not Sell","Maine DACF Invasive Plants","Invasive","Alliaria petiolata",2026-01-22 18:30:31.462679
"Amorpha fruticosa","False indigo","ME","Do Not Sell","Maine DACF Invasive Plants","Invasive","Amorpha fruticosa",2026-01-22 18:30:31.462679
"Ampelopsis glandulosa","Porcelainberry","ME","Do Not Sell","Maine DACF Invasive Plants","Invasive","Ampelopsis glandulosa",2026-01-22 18:30:31.462679
"Artemisia vulgaris","Common mugwort","ME","Do Not Sell","Maine DACF Invasive Plants","Invasive","Artemisia vulgaris",2026-01-22 18:30:31.462679
"Berberis thunbergii","Japanese barberry","ME","Do Not Sell","Maine DACF Invasive Plants","Invasive","Berberis thunbergii",2026-01-22 18:30:31.462679
"Berberis vulgaris","Common barberry","ME","Do Not Sell","Maine DACF Invasive Plants","Invasive","Berberis vulgaris",2026-01-22 18:30:31.462679
"Celastrus orbiculatus","Asiatic bittersweet","ME","Do Not Sell","Maine DACF Invasive Plants","Invasive","Celastrus orbiculatus",2026-01-22 18:30:31.462679
"Elaeagnus umbellata","Autumn olive","ME","Do Not Sell","Maine DACF Invasive Plants","Invasive","Elaeagnus umbellata",2026-01-22 18:30:31.462679
"Euonymus alatus","Winged euonymus","ME","Do Not Sell","Maine DACF Invasive Plants","Invasive","Euonymus alatus",2026-01-22 18:30:31.462679
"Euphorbia cyparissias","Cypress spurge","ME","Do Not Sell","Maine DACF Invasive Plants","Invasive","Euphorbia cyparissias",2026-01-22 18:30:31.462679
"Fallopia baldschuanica","Chinese bindweed","ME","Do Not Sell","Maine DACF Invasive Plants","Invasive","Fallopia baldschuanica",2026-01-22 18:30:31.462679
"Fallopia japonica","Japanese knotweed","ME","Do Not Sell","Maine DACF Invasive Plants","Invasive","Fallopia japonica",2026-01-22 18:30:31.462679
"Frangula alnus","Glossy buckthorn","ME","Do Not Sell","Maine DACF Invasive Plants","Invasive","Frangula alnus",2026-01-22 18:30:31.462679
"Hesperis matronalis","Dame's rocket","ME","Do Not Sell","Maine DACF Invasive Plants","Invasive","Hesperis matronalis",2026-01-22 18:30:31.462679
"Impatiens glandulifera","Ornamental jewelweed","ME","Do Not Sell","Maine DACF Invasive Plants","Invasive","Impatiens glandulifera",2026-01-22 18:30:31.462679
"Iris pseudacorus","Yellow iris","ME","Do Not Sell","Maine DACF Invasive Plants","Invasive","Iris pseudacorus",2026-01-22 18:30:31.462679
"Ligustrum vulgare","Common privet","ME","Do Not Sell","Maine DACF Invasive Plants","Invasive","Ligustrum vulgare",2026-01-22 18:30:31.462679
"Lonicera japonica","Japanese honeysuckle","ME","Do Not Sell","Maine DACF Invasive Plants","Invasive","Lonicera japonica",2026-01-22 18:30:31.462679
"Lonicera maackii","Amur honeysuckle","ME","Do Not Sell","Maine DACF Invasive Plants","Invasive","Lonicera maackii",2026-01-22 18:30:31.462679
"Lonicera morrowii","Morrow's honeysuckle","ME","Do Not Sell","Maine DACF Invasive Plants","Invasive","Lonicera morrowii",2026-01-22 18:30:31.462679
"Lonicera tatarica","Tatarian honeysuckle","ME","Do Not Sell","Maine DACF Invasive Plants","Invasive","Lonicera tatarica",2026-01-22 18:30:31.462679
"Lythrum salicaria","Purple loosestrife","ME","Do Not Sell","Maine DACF Invasive Plants","Invasive","Lythrum salicaria",2026-01-22 18:30:31.462679
"Microstegium vimineum","Stilt grass","ME","Do Not Sell","Maine DACF Invasive Plants","Invasive","Microstegium vimineum",2026-01-22 18:30:31.462679
"Paulownia tomentosa","Paulownia","ME","Do Not Sell","Maine DACF Invasive Plants","Invasive","Paulownia tomentosa",2026-01-22 18:30:31.462679
"Persicaria perfoliata","Mile-a-minute weed","ME","Do Not Sell","Maine DACF Invasive Plants","Invasive","Persicaria perfoliata",2026-01-22 18:30:31.462679
"Phellodendron amurense","Amur cork tree","ME","Do Not Sell","Maine DACF Invasive Plants","Invasive","Phellodendron amurense",2026-01-22 18:30:31.462679
"Populus alba","White cottonwood","ME","Do Not Sell","Maine DACF Invasive Plants","Invasive","Populus alba",2026-01-22 18:30:31.462679
"Robinia pseudoacacia","Black locust","ME","Do Not Sell","Maine DACF Invasive Plants","Invasive","Robinia pseudoacacia",2026-01-22 18:30:31.462679
"Rosa multiflora","Multiflora rose","ME","Do Not Sell","Maine DACF Invasive Plants","Invasive","Rosa multiflora",2026-01-22 18:30:31.462679
"Alnus glutinosa","European alder","ME","Do Not Sell","Maine DACF Invasive Plants","Invasive","Alnus glutinosa",2026-01-22 18:30:31.462679
"Angelica sylvestris","Woodland angelica","ME","Do Not Sell","Maine DACF Invasive Plants","Invasive","Angelica sylvestris",2026-01-22 18:30:31.462679
"Anthriscus sylvestris","Wild chervil","ME","Do Not Sell","Maine DACF Invasive Plants","Invasive","Anthriscus sylvestris",2026-01-22 18:30:31.462679
"Aralia elata","Japanese angelica tree","ME","Do Not Sell","Maine DACF Invasive Plants","Invasive","Aralia elata",2026-01-22 18:30:31.462679
"Butomus umbellatus","Flowering rush","ME","Do Not Sell","Maine DACF Invasive Plants","Invasive","Butomus umbellatus",2026-01-22 18:30:31.462679
"Elaeagnus angustifolia","Russian olive","ME","Do Not Sell","Maine DACF Invasive Plants","Invasive","Elaeagnus angustifolia",2026-01-22 18:30:31.462679
"Euonymus fortunei","Wintercreeper","ME","Do Not Sell","Maine DACF Invasive Plants","Invasive","Euonymus fortunei",2026-01-22 18:30:31.462679
"Festuca filiformis","Fine-leaved sheep fescue","ME","Do Not Sell","Maine DACF Invasive Plants","Invasive","Festuca filiformis",2026-01-22 18:30:31.462679
"Ficaria verna","Lesser celandine","ME","Do Not Sell","Maine DACF Invasive Plants","Invasive","Ficaria verna",2026-01-22 18:30:31.462679
"Glaucium flavum","Yellow hornpoppy","ME","Do Not Sell","Maine DACF Invasive Plants","Invasive","Glaucium flavum",2026-01-22 18:30:31.462679
"Glechoma hederacea","Ground ivy","ME","Do Not Sell","Maine DACF Invasive Plants","Invasive","Glechoma hederacea",2026-01-22 18:30:31.462679
"Glyceria maxima","Great mannagrass","ME","Do Not Sell","Maine DACF Invasive Plants","Invasive","Glyceria maxima",2026-01-22 18:30:31.462679
"Hippophae rhamnoides","Sea buckthorn","ME","Do Not Sell","Maine DACF Invasive Plants","Invasive","Hippophae rhamnoides",2026-01-22 18:30:31.462679
"Ligustrum obtusifolium","Border privet","ME","Do Not Sell","Maine DACF Invasive Plants","Invasive","Ligustrum obtusifolium",2026-01-22 18:30:31.462679
"Lonicera xylosteum","Dwarf honeysuckle","ME","Do Not Sell","Maine DACF Invasive Plants","Invasive","Lonicera xylosteum",2026-01-22 18:30:31.462679
"Lythrum virgatum","European wand loosestrife","ME","Do Not Sell","Maine DACF Invasive Plants","Invasive","Lythrum virgatum",2026-01-22 18:30:31.462679
"Miscanthus sacchariflorus","Amur silvergrass","ME","Do Not Sell","Maine DACF Invasive Plants","Invasive","Miscanthus sacchariflorus",2026-01-22 18:30:31.462679
"Petasites japonicus","Fuki","ME","Do Not Sell","Maine DACF Invasive Plants","Invasive","Petasites japonicus",2026-01-22 18:30:31.462679
"Phalaris arundinacea","Reed canary grass","ME","Do Not Sell","Maine DACF Invasive Plants","Invasive","Phalaris arundinacea",2026-01-22 18:30:31.462679
"Photinia villosa","Photinia","ME","Do Not Sell","Maine DACF Invasive Plants","Invasive","Photinia villosa",2026-01-22 18:30:31.462679
"Phragmites australis","Common reed","ME","Do Not Sell","Maine DACF Invasive Plants","Invasive","Phragmites australis",2026-01-22 18:30:31.462679
"Phyllostachys aurea","Golden bamboo","ME","Do Not Sell","Maine DACF Invasive Plants","Invasive","Phyllostachys aurea",2026-01-22 18:30:31.462679
"Phyllostachys aureosulcata","Yellow groove bamboo","ME","Do Not Sell","Maine DACF Invasive Plants","Invasive","Phyllostachys aureosulcata",2026-01-22 18:30:31.462679
"Pyrus calleryana","Callery pear","ME","Do Not Sell","Maine DACF Invasive Plants","Invasive","Pyrus calleryana",2026-01-22 18:30:31.462679
"Ranunculus repens","Creeping buttercup","ME","Do Not Sell","Maine DACF Invasive Plants","Invasive","Ranunculus repens",2026-01-22 18:30:31.462679
"Rubus phoenicolasius","Wineberry","ME","Do Not Sell","Maine DACF Invasive Plants","Invasive","Rubus phoenicolasius",2026-01-22 18:30:31.462679
"Silphium perfoliatum","Cup plant","ME","Do Not Sell","Maine DACF Invasive Plants","Invasive","Silphium perfoliatum",2026-01-22 18:30:31.462679
"Sorbus aucuparia","European mountain-ash","ME","Do Not Sell","Maine DACF Invasive Plants","Invasive","Sorbus aucuparia",2026-01-22 18:30:31.462679
"Tussilago farfara","Coltsfoot","ME","Do Not Sell","Maine DACF Invasive Plants","Invasive","Tussilago farfara",2026-01-22 18:30:31.462679
"Valeriana officinalis","Common valerian","ME","Do Not Sell","Maine DACF Invasive Plants","Invasive","Valeriana officinalis",2026-01-22 18:30:31.462679
"Cirsium vulgare","Bull thistle","MD","Noxious","Maryland Department of Agriculture","Invasive","Cirsium vulgare",2026-01-22 18:30:31.462679
"Cirsium arvense","Canada thistle","MD","Noxious","Maryland Department of Agriculture","Invasive","Cirsium arvense",2026-01-22 18:30:31.462679
"Sorghum halepense","Johnsongrass","MD","Noxious","Maryland Department of Agriculture","Invasive","Sorghum halepense",2026-01-22 18:30:31.462679
"Carduus nutans","Musk thistle","MD","Noxious","Maryland Department of Agriculture","Invasive","Carduus nutans",2026-01-22 18:30:31.462679
"Amaranthus palmeri","Palmer amaranth","MD","Noxious","Maryland Department of Agriculture","Invasive","Amaranthus palmeri",2026-01-22 18:30:31.462679
"Carduus acanthoides","Plumeless thistle","MD","Noxious","Maryland Department of Agriculture","Invasive","Carduus acanthoides",2026-01-22 18:30:31.462679
"Sorghum bicolor","Shattercane","MD","Noxious","Maryland Department of Agriculture","Invasive","Sorghum bicolor",2026-01-22 18:30:31.462679
"Amaranthus tuberculatus","Tall waterhemp","MD","Noxious","Maryland Department of Agriculture","Invasive","Amaranthus tuberculatus",2026-01-22 18:30:31.462679
"Pueraria lobata","Kudzu","KS","State Noxious","Kansas Department of Agriculture","Invasive","Pueraria lobata",2026-01-22 18:30:31.462679
"Convolvulus arvensis","Field bindweed","KS","State Noxious","Kansas Department of Agriculture","Invasive","Convolvulus arvensis",2026-01-22 18:30:31.462679
"Centaurea repens","Russian knapweed","KS","State Noxious","Kansas Department of Agriculture","Invasive","Centaurea repens",2026-01-22 18:30:31.462679
"Cardaria draba","Hoary cress","KS","State Noxious","Kansas Department of Agriculture","Invasive","Cardaria draba",2026-01-22 18:30:31.462679
"Cirsium arvense","Canada thistle","KS","State Noxious","Kansas Department of Agriculture","Invasive","Cirsium arvense",2026-01-22 18:30:31.462679
"Elymus repens","Quackgrass","KS","State Noxious","Kansas Department of Agriculture","Invasive","Elymus repens",2026-01-22 18:30:31.462679
"Euphorbia esula","Leafy spurge","KS","State Noxious","Kansas Department of Agriculture","Invasive","Euphorbia esula",2026-01-22 18:30:31.462679
"Ambrosia grayi","Bur ragweed","KS","State Noxious","Kansas Department of Agriculture","Invasive","Ambrosia grayi",2026-01-22 18:30:31.462679
"Hoffmannseggia densiflora","Pignut","KS","State Noxious","Kansas Department of Agriculture","Invasive","Hoffmannseggia densiflora",2026-01-22 18:30:31.462679
"Carduus nutans","Musk thistle","KS","State Noxious","Kansas Department of Agriculture","Invasive","Carduus nutans",2026-01-22 18:30:31.462679
"Sorghum halepense","Johnsongrass","KS","State Noxious","Kansas Department of Agriculture","Invasive","Sorghum halepense",2026-01-22 18:30:31.462679
"Lespedeza cuneata","Sericea lespedeza","KS","State Noxious","Kansas Department of Agriculture","Invasive","Lespedeza cuneata",2026-01-22 18:30:31.462679
"Cirsium arvense","Canada thistle","NE","State Noxious","Nebraska Department of Agriculture","Invasive","Cirsium arvense",2026-01-22 18:30:31.462679
"Euphorbia esula","Leafy spurge","NE","State Noxious","Nebraska Department of Agriculture","Invasive","Euphorbia esula",2026-01-22 18:30:31.462679
"Carduus nutans","Musk thistle","NE","State Noxious","Nebraska Department of Agriculture","Invasive","Carduus nutans",2026-01-22 18:30:31.462679
"Carduus acanthoides","Plumeless thistle","NE","State Noxious","Nebraska Department of Agriculture","Invasive","Carduus acanthoides",2026-01-22 18:30:31.462679
"Lythrum salicaria","Purple loosestrife","NE","State Noxious","Nebraska Department of Agriculture","Invasive","Lythrum salicaria",2026-01-22 18:30:31.462679
"Centaurea stoebe","Spotted knapweed","NE","State Noxious","Nebraska Department of Agriculture","Invasive","Centaurea stoebe",2026-01-22 18:30:31.462679
"Centaurea diffusa","Diffuse knapweed","NE","State Noxious","Nebraska Department of Agriculture","Invasive","Centaurea diffusa",2026-01-22 18:30:31.462679
"Tamarix ramosissima","Saltcedar","NE","State Noxious","Nebraska Department of Agriculture","Invasive","Tamarix ramosissima",2026-01-22 18:30:31.462679
"Phragmites australis","Common reed","NE","State Noxious","Nebraska Department of Agriculture","Invasive","Phragmites australis",2026-01-22 18:30:31.462679
"Lespedeza cuneata","Sericea lespedeza","NE","State Noxious","Nebraska Department of Agriculture","Invasive","Lespedeza cuneata",2026-01-22 18:30:31.462679
"Polygonum cuspidatum","Japanese knotweed","NE","State Noxious","Nebraska Department of Agriculture","Invasive","Polygonum cuspidatum",2026-01-22 18:30:31.462679
"Polygonum sachalinense","Giant knotweed","NE","State Noxious","Nebraska Department of Agriculture","Invasive","Polygonum sachalinense",2026-01-22 18:30:31.462679
"Fallopia x bohemica","Bohemian knotweed","NE","State Noxious","Nebraska Department of Agriculture","Invasive","Fallopia x",2026-01-22 18:30:31.462679
"Alhagi maurorum","Camelthorn","TX","State Noxious","Texas Department of Agriculture","Invasive","Alhagi maurorum",2026-01-22 18:30:31.462679
"Alternanthera philoxeroides","Alligatorweed","TX","State Noxious","Texas Department of Agriculture","Invasive","Alternanthera philoxeroides",2026-01-22 18:30:31.462679
"Arundo donax","Giant reed","TX","State Noxious","Texas Department of Agriculture","Invasive","Arundo donax",2026-01-22 18:30:31.462679
"Asphodelus fistulosus","Onionweed","TX","State Noxious","Texas Department of Agriculture","Invasive","Asphodelus fistulosus",2026-01-22 18:30:31.462679
"Calystegia sepium","Hedge bindweed","TX","State Noxious","Texas Department of Agriculture","Invasive","Calystegia sepium",2026-01-22 18:30:31.462679
"Commelina benghalensis","Tropical spiderwort","TX","State Noxious","Texas Department of Agriculture","Invasive","Commelina benghalensis",2026-01-22 18:30:31.462679
"Convolvulus arvensis","Field bindweed","TX","State Noxious","Texas Department of Agriculture","Invasive","Convolvulus arvensis",2026-01-22 18:30:31.462679
"Cuscuta japonica","Japanese dodder","TX","State Noxious","Texas Department of Agriculture","Invasive","Cuscuta japonica",2026-01-22 18:30:31.462679
"Cyperus entrerianus","Deep-rooted sedge","TX","State Noxious","Texas Department of Agriculture","Invasive","Cyperus entrerianus",2026-01-22 18:30:31.462679
"Eichhornia azurea","Anchored water hyacinth","TX","State Noxious","Texas Department of Agriculture","Invasive","Eichhornia azurea",2026-01-22 18:30:31.462679
"Eichhornia crassipes","Common water hyacinth","TX","State Noxious","Texas Department of Agriculture","Invasive","Eichhornia crassipes",2026-01-22 18:30:31.462679
"Hydrilla verticillata","Hydrilla","TX","State Noxious","Texas Department of Agriculture","Invasive","Hydrilla verticillata",2026-01-22 18:30:31.462679
"Imperata cylindrica","Cogongrass","TX","State Noxious","Texas Department of Agriculture","Invasive","Imperata cylindrica",2026-01-22 18:30:31.462679
"Lygodium japonicum","Japanese climbing fern","TX","State Noxious","Texas Department of Agriculture","Invasive","Lygodium japonicum",2026-01-22 18:30:31.462679
"Orobanche ramosa","Branched broomrape","TX","State Noxious","Texas Department of Agriculture","Invasive","Orobanche ramosa",2026-01-22 18:30:31.462679
"Pennisetum ciliare","Buffelgrass","TX","State Noxious","Texas Department of Agriculture","Invasive","Pennisetum ciliare",2026-01-22 18:30:31.462679
"Phragmites australis","Common reed","TX","State Noxious","Texas Department of Agriculture","Invasive","Phragmites australis",2026-01-22 18:30:31.462679
"Pistia stratiotes","Water lettuce","TX","State Noxious","Texas Department of Agriculture","Invasive","Pistia stratiotes",2026-01-22 18:30:31.462679
"Salvinia molesta","Giant salvinia","TX","State Noxious","Texas Department of Agriculture","Invasive","Salvinia molesta",2026-01-22 18:30:31.462679
"Solanum viarum","Tropical soda apple","TX","State Noxious","Texas Department of Agriculture","Invasive","Solanum viarum",2026-01-22 18:30:31.462679
"Striga asiatica","Witchweed","TX","State Noxious","Texas Department of Agriculture","Invasive","Striga asiatica",2026-01-22 18:30:31.462679
"Tamarix aphylla","Athel tree","TX","State Noxious","Texas Department of Agriculture","Invasive","Tamarix aphylla",2026-01-22 18:30:31.462679
"Tamarix ramosissima","Saltcedar","TX","State Noxious","Texas Department of Agriculture","Invasive","Tamarix ramosissima",2026-01-22 18:30:31.462679
"Triadica sebifera","Chinese tallow","TX","State Noxious","Texas Department of Agriculture","Invasive","Triadica sebifera",2026-01-22 18:30:31.462679
"Crupina vulgaris","Common crupina","UT","Class 1A","Utah Dept of Agriculture Noxious Weed List","Invasive","Crupina vulgaris",2026-01-22 18:30:31.462679
"Peganum harmala","African rue","UT","Class 1A","Utah Dept of Agriculture Noxious Weed List","Invasive","Peganum harmala",2026-01-22 18:30:31.462679
"Anchusa arvensis","Small bugloss","UT","Class 1A","Utah Dept of Agriculture Noxious Weed List","Invasive","Anchusa arvensis",2026-01-22 18:30:31.462679
"Salvia aethiopis","Mediterranean sage","UT","Class 1A","Utah Dept of Agriculture Noxious Weed List","Invasive","Salvia aethiopis",2026-01-22 18:30:31.462679
"Milium vernale","Spring millet","UT","Class 1A","Utah Dept of Agriculture Noxious Weed List","Invasive","Milium vernale",2026-01-22 18:30:31.462679
"Zygophyllum fabago","Syrian beancaper","UT","Class 1A","Utah Dept of Agriculture Noxious Weed List","Invasive","Zygophyllum fabago",2026-01-22 18:30:31.462679
"Ventenata dubia","Ventenata","UT","Class 1A","Utah Dept of Agriculture Noxious Weed List","Invasive","Ventenata dubia",2026-01-22 18:30:31.462679
"Carduus acanthoides","Plumeless thistle","UT","Class 1A","Utah Dept of Agriculture Noxious Weed List","Invasive","Carduus acanthoides",2026-01-22 18:30:31.462679
"Centaurea melitensis","Malta starthistle","UT","Class 1A","Utah Dept of Agriculture Noxious Weed List","Invasive","Centaurea melitensis",2026-01-22 18:30:31.462679
"Alhagi maurorum","Camelthorn","UT","Class 1B","Utah Dept of Agriculture Noxious Weed List","Invasive","Alhagi maurorum",2026-01-22 18:30:31.462679
"Alliaria petiolata","Garlic mustard","UT","Class 1B","Utah Dept of Agriculture Noxious Weed List","Invasive","Alliaria petiolata",2026-01-22 18:30:31.462679
"Centaurea calcitrapa","Purple starthistle","UT","Class 1B","Utah Dept of Agriculture Noxious Weed List","Invasive","Centaurea calcitrapa",2026-01-22 18:30:31.462679
"Galega officinalis","Goatsrue","UT","Class 1B","Utah Dept of Agriculture Noxious Weed List","Invasive","Galega officinalis",2026-01-22 18:30:31.462679
"Brassica tournefortii","African mustard","UT","Class 1B","Utah Dept of Agriculture Noxious Weed List","Invasive","Brassica tournefortii",2026-01-22 18:30:31.462679
"Arundo donax","Giant reed","UT","Class 1B","Utah Dept of Agriculture Noxious Weed List","Invasive","Arundo donax",2026-01-22 18:30:31.462679
"Polygonum cuspidatum","Japanese knotweed","UT","Class 1B","Utah Dept of Agriculture Noxious Weed List","Invasive","Polygonum cuspidatum",2026-01-22 18:30:31.462679
"Echium vulgare","Blueweed","UT","Class 1B","Utah Dept of Agriculture Noxious Weed List","Invasive","Echium vulgare",2026-01-22 18:30:31.462679
"Brassica elongata","Elongated mustard","UT","Class 1B","Utah Dept of Agriculture Noxious Weed List","Invasive","Brassica elongata",2026-01-22 18:30:31.462679
"Hypericum perforatum","Common St. Johnswort","UT","Class 1B","Utah Dept of Agriculture Noxious Weed List","Invasive","Hypericum perforatum",2026-01-22 18:30:31.462679
"Leucanthemum vulgare","Oxeye daisy","UT","Class 1B","Utah Dept of Agriculture Noxious Weed List","Invasive","Leucanthemum vulgare",2026-01-22 18:30:31.462679
"Scorzonera laciniata","Cutleaf vipergrass","UT","Class 1B","Utah Dept of Agriculture Noxious Weed List","Invasive","Scorzonera laciniata",2026-01-22 18:30:31.462679
"Euphorbia esula","Leafy spurge","UT","Class 2","Utah Dept of Agriculture Noxious Weed List","Invasive","Euphorbia esula",2026-01-22 18:30:31.462679
"Taeniatherum caput-medusae","Medusahead","UT","Class 2","Utah Dept of Agriculture Noxious Weed List","Invasive","Taeniatherum caput-medusae",2026-01-22 18:30:31.462679
"Chondrilla juncea","Rush skeletonweed","UT","Class 2","Utah Dept of Agriculture Noxious Weed List","Invasive","Chondrilla juncea",2026-01-22 18:30:31.462679
"Centaurea stoebe","Spotted knapweed","UT","Class 2","Utah Dept of Agriculture Noxious Weed List","Invasive","Centaurea stoebe",2026-01-22 18:30:31.462679
"Lythrum salicaria","Purple loosestrife","UT","Class 2","Utah Dept of Agriculture Noxious Weed List","Invasive","Lythrum salicaria",2026-01-22 18:30:31.462679
"Centaurea virgata","Squarrose knapweed","UT","Class 2","Utah Dept of Agriculture Noxious Weed List","Invasive","Centaurea virgata",2026-01-22 18:30:31.462679
"Isatis tinctoria","Dyers woad","UT","Class 2","Utah Dept of Agriculture Noxious Weed List","Invasive","Isatis tinctoria",2026-01-22 18:30:31.462679
"Centaurea solstitialis","Yellow starthistle","UT","Class 2","Utah Dept of Agriculture Noxious Weed List","Invasive","Centaurea solstitialis",2026-01-22 18:30:31.462679
"Linaria vulgaris","Yellow toadflax","UT","Class 2","Utah Dept of Agriculture Noxious Weed List","Invasive","Linaria vulgaris",2026-01-22 18:30:31.462679
"Centaurea diffusa","Diffuse knapweed","UT","Class 2","Utah Dept of Agriculture Noxious Weed List","Invasive","Centaurea diffusa",2026-01-22 18:30:31.462679
"Hyoscyamus niger","Black henbane","UT","Class 2","Utah Dept of Agriculture Noxious Weed List","Invasive","Hyoscyamus niger",2026-01-22 18:30:31.462679
"Linaria dalmatica","Dalmatian toadflax","UT","Class 2","Utah Dept of Agriculture Noxious Weed List","Invasive","Linaria dalmatica",2026-01-22 18:30:31.462679
"Acroptilon repens","Russian knapweed","UT","Class 3","Utah Dept of Agriculture Noxious Weed List","Invasive","Acroptilon repens",2026-01-22 18:30:31.462679
"Cynoglossum officinale","Houndstongue","UT","Class 3","Utah Dept of Agriculture Noxious Weed List","Invasive","Cynoglossum officinale",2026-01-22 18:30:31.462679
"Lepidium latifolium","Perennial pepperweed","UT","Class 3","Utah Dept of Agriculture Noxious Weed List","Invasive","Lepidium latifolium",2026-01-22 18:30:31.462679
"Phragmites australis","Common reed","UT","Class 3","Utah Dept of Agriculture Noxious Weed List","Invasive","Phragmites australis",2026-01-22 18:30:31.462679
"Tamarix ramosissima","Saltcedar","UT","Class 3","Utah Dept of Agriculture Noxious Weed List","Invasive","Tamarix ramosissima",2026-01-22 18:30:31.462679
"Cardaria draba","Hoary cress","UT","Class 3","Utah Dept of Agriculture Noxious Weed List","Invasive","Cardaria draba",2026-01-22 18:30:31.462679
"Cirsium arvense","Canada thistle","UT","Class 3","Utah Dept of Agriculture Noxious Weed List","Invasive","Cirsium arvense",2026-01-22 18:30:31.462679
"Conium maculatum","Poison hemlock","UT","Class 3","Utah Dept of Agriculture Noxious Weed List","Invasive","Conium maculatum",2026-01-22 18:30:31.462679
"Carduus nutans","Musk thistle","UT","Class 3","Utah Dept of Agriculture Noxious Weed List","Invasive","Carduus nutans",2026-01-22 18:30:31.462679
"Elymus repens","Quackgrass","UT","Class 3","Utah Dept of Agriculture Noxious Weed List","Invasive","Elymus repens",2026-01-22 18:30:31.462679
"Aegilops cylindrica","Jointed goatgrass","UT","Class 3","Utah Dept of Agriculture Noxious Weed List","Invasive","Aegilops cylindrica",2026-01-22 18:30:31.462679
"Cynodon dactylon","Bermudagrass","UT","Class 3","Utah Dept of Agriculture Noxious Weed List","Invasive","Cynodon dactylon",2026-01-22 18:30:31.462679
"Sorghum halepense","Johnsongrass","UT","Class 3","Utah Dept of Agriculture Noxious Weed List","Invasive","Sorghum halepense",2026-01-22 18:30:31.462679
"Sorghum almum","Sorghum almum","UT","Class 3","Utah Dept of Agriculture Noxious Weed List","Invasive","Sorghum almum",2026-01-22 18:30:31.462679
"Onopordum acanthium","Scotch thistle","UT","Class 3","Utah Dept of Agriculture Noxious Weed List","Invasive","Onopordum acanthium",2026-01-22 18:30:31.462679
"Convolvulus arvensis","Field bindweed","UT","Class 3","Utah Dept of Agriculture Noxious Weed List","Invasive","Convolvulus arvensis",2026-01-22 18:30:31.462679
"Tribulus terrestris","Puncturevine","UT","Class 3","Utah Dept of Agriculture Noxious Weed List","Invasive","Tribulus terrestris",2026-01-22 18:30:31.462679
"Imperata cylindrica","Cogongrass","UT","Class 4","Utah Dept of Agriculture Noxious Weed List","Invasive","Imperata cylindrica",2026-01-22 18:30:31.462679
"Euphorbia myrsinites","Myrtle spurge","UT","Class 4","Utah Dept of Agriculture Noxious Weed List","Invasive","Euphorbia myrsinites",2026-01-22 18:30:31.462679
"Hesperis matronalis","Dames rocket","UT","Class 4","Utah Dept of Agriculture Noxious Weed List","Invasive","Hesperis matronalis",2026-01-22 18:30:31.462679
"Cytisus scoparius","Scotch broom","UT","Class 4","Utah Dept of Agriculture Noxious Weed List","Invasive","Cytisus scoparius",2026-01-22 18:30:31.462679
"Elaeagnus angustifolia","Russian olive","UT","Class 4","Utah Dept of Agriculture Noxious Weed List","Invasive","Elaeagnus angustifolia",2026-01-22 18:30:31.462679
"Peganum harmala","African rue","NV","State Noxious","Nevada Dept of Agriculture","Invasive","Peganum harmala",2026-01-22 18:30:31.462679
"Rorippa austriaca","Austrian fieldcress","NV","State Noxious","Nevada Dept of Agriculture","Invasive","Rorippa austriaca",2026-01-22 18:30:31.462679
"Sphaerophysa salsula","Austrian peaweed","NV","State Noxious","Nevada Dept of Agriculture","Invasive","Sphaerophysa salsula",2026-01-22 18:30:31.462679
"Aegilops triuncialis","Barbed goatgrass","NV","State Noxious","Nevada Dept of Agriculture","Invasive","Aegilops triuncialis",2026-01-22 18:30:31.462679
"Hyoscyamus niger","Black henbane","NV","State Noxious","Nevada Dept of Agriculture","Invasive","Hyoscyamus niger",2026-01-22 18:30:31.462679
"Pennisetum ciliare","Buffelgrass","NV","State Noxious","Nevada Dept of Agriculture","Invasive","Pennisetum ciliare",2026-01-22 18:30:31.462679
"Alhagi maurorum","Camelthorn","NV","State Noxious","Nevada Dept of Agriculture","Invasive","Alhagi maurorum",2026-01-22 18:30:31.462679
"Cirsium arvense","Canada thistle","NV","State Noxious","Nevada Dept of Agriculture","Invasive","Cirsium arvense",2026-01-22 18:30:31.462679
"Crupina vulgaris","Common crupina","NV","State Noxious","Nevada Dept of Agriculture","Invasive","Crupina vulgaris",2026-01-22 18:30:31.462679
"Potamogeton crispus","Curly leaf pondweed","NV","State Noxious","Nevada Dept of Agriculture","Invasive","Potamogeton crispus",2026-01-22 18:30:31.462679
"Linaria dalmatica","Dalmatian toadflax","NV","State Noxious","Nevada Dept of Agriculture","Invasive","Linaria dalmatica",2026-01-22 18:30:31.462679
"Volutaria tubuliflora","Desert knapweed","NV","State Noxious","Nevada Dept of Agriculture","Invasive","Volutaria tubuliflora",2026-01-22 18:30:31.462679
"Centaurea diffusa","Diffuse knapweed","NV","State Noxious","Nevada Dept of Agriculture","Invasive","Centaurea diffusa",2026-01-22 18:30:31.462679
"Isatis tinctoria","Dyers woad","NV","State Noxious","Nevada Dept of Agriculture","Invasive","Isatis tinctoria",2026-01-22 18:30:31.462679
"Myriophyllum spicatum","Eurasian watermilfoil","NV","State Noxious","Nevada Dept of Agriculture","Invasive","Myriophyllum spicatum",2026-01-22 18:30:31.462679
"Butomus umbellatus","Flowering rush","NV","State Noxious","Nevada Dept of Agriculture","Invasive","Butomus umbellatus",2026-01-22 18:30:31.462679
"Arundo donax","Giant reed","NV","State Noxious","Nevada Dept of Agriculture","Invasive","Arundo donax",2026-01-22 18:30:31.462679
"Salvinia molesta","Giant salvinia","NV","State Noxious","Nevada Dept of Agriculture","Invasive","Salvinia molesta",2026-01-22 18:30:31.462679
"Galega officinalis","Goatsrue","NV","State Noxious","Nevada Dept of Agriculture","Invasive","Galega officinalis",2026-01-22 18:30:31.462679
"Pennisetum setaceum","Green fountaingrass","NV","State Noxious","Nevada Dept of Agriculture","Invasive","Pennisetum setaceum",2026-01-22 18:30:31.462679
"Cardaria draba","Hoary cress","NV","State Noxious","Nevada Dept of Agriculture","Invasive","Cardaria draba",2026-01-22 18:30:31.462679
"Solanum carolinense","Horsenettle","NV","State Noxious","Nevada Dept of Agriculture","Invasive","Solanum carolinense",2026-01-22 18:30:31.462679
"Cynoglossum officinale","Houndstongue","NV","State Noxious","Nevada Dept of Agriculture","Invasive","Cynoglossum officinale",2026-01-22 18:30:31.462679
"Hydrilla verticillata","Hydrilla","NV","State Noxious","Nevada Dept of Agriculture","Invasive","Hydrilla verticillata",2026-01-22 18:30:31.462679
"Centaurea iberica","Iberian starthistle","NV","State Noxious","Nevada Dept of Agriculture","Invasive","Centaurea iberica",2026-01-22 18:30:31.462679
"Sorghum halepense","Johnsongrass","NV","State Noxious","Nevada Dept of Agriculture","Invasive","Sorghum halepense",2026-01-22 18:30:31.462679
"Aegilops cylindrica","Jointed goatgrass","NV","State Noxious","Nevada Dept of Agriculture","Invasive","Aegilops cylindrica",2026-01-22 18:30:31.462679
"Hypericum perforatum","Klamath weed","NV","State Noxious","Nevada Dept of Agriculture","Invasive","Hypericum perforatum",2026-01-22 18:30:31.462679
"Euphorbia esula","Leafy spurge","NV","State Noxious","Nevada Dept of Agriculture","Invasive","Euphorbia esula",2026-01-22 18:30:31.462679
"Centaurea melitensis","Malta starthistle","NV","State Noxious","Nevada Dept of Agriculture","Invasive","Centaurea melitensis",2026-01-22 18:30:31.462679
"Anthemis cotula","Mayweed chamomile","NV","State Noxious","Nevada Dept of Agriculture","Invasive","Anthemis cotula",2026-01-22 18:30:31.462679
"Salvia aethiopis","Mediterranean sage","NV","State Noxious","Nevada Dept of Agriculture","Invasive","Salvia aethiopis",2026-01-22 18:30:31.462679
"Taeniatherum caput-medusae","Medusahead","NV","State Noxious","Nevada Dept of Agriculture","Invasive","Taeniatherum caput-medusae",2026-01-22 18:30:31.462679
"Carduus nutans","Musk thistle","NV","State Noxious","Nevada Dept of Agriculture","Invasive","Carduus nutans",2026-01-22 18:30:31.462679
"Lepidium latifolium","Perennial pepperweed","NV","State Noxious","Nevada Dept of Agriculture","Invasive","Lepidium latifolium",2026-01-22 18:30:31.462679
"Sonchus arvensis","Perennial sowthistle","NV","State Noxious","Nevada Dept of Agriculture","Invasive","Sonchus arvensis",2026-01-22 18:30:31.462679
"Conium maculatum","Poison hemlock","NV","State Noxious","Nevada Dept of Agriculture","Invasive","Conium maculatum",2026-01-22 18:30:31.462679
"Tribulus terrestris","Puncturevine","NV","State Noxious","Nevada Dept of Agriculture","Invasive","Tribulus terrestris",2026-01-22 18:30:31.462679
"Lythrum salicaria","Purple loosestrife","NV","State Noxious","Nevada Dept of Agriculture","Invasive","Lythrum salicaria",2026-01-22 18:30:31.462679
"Centaurea calcitrapa","Purple starthistle","NV","State Noxious","Nevada Dept of Agriculture","Invasive","Centaurea calcitrapa",2026-01-22 18:30:31.462679
"Chondrilla juncea","Rush skeletonweed","NV","State Noxious","Nevada Dept of Agriculture","Invasive","Chondrilla juncea",2026-01-22 18:30:31.462679
"Acroptilon repens","Russian knapweed","NV","State Noxious","Nevada Dept of Agriculture","Invasive","Acroptilon repens",2026-01-22 18:30:31.462679
"Brassica tournefortii","Sahara mustard","NV","State Noxious","Nevada Dept of Agriculture","Invasive","Brassica tournefortii",2026-01-22 18:30:31.462679
"Tamarix ramosissima","Saltcedar","NV","State Noxious","Nevada Dept of Agriculture","Invasive","Tamarix ramosissima",2026-01-22 18:30:31.462679
"Onopordum acanthium","Scotch thistle","NV","State Noxious","Nevada Dept of Agriculture","Invasive","Onopordum acanthium",2026-01-22 18:30:31.462679
"Solanum elaeagnifolium","Silverleaf nightshade","NV","State Noxious","Nevada Dept of Agriculture","Invasive","Solanum elaeagnifolium",2026-01-22 18:30:31.462679
"Centaurea stoebe","Spotted knapweed","NV","State Noxious","Nevada Dept of Agriculture","Invasive","Centaurea stoebe",2026-01-22 18:30:31.462679
"Centaurea virgata","Squarrose knapweed","NV","State Noxious","Nevada Dept of Agriculture","Invasive","Centaurea virgata",2026-01-22 18:30:31.462679
"Potentilla recta","Sulfur cinquefoil","NV","State Noxious","Nevada Dept of Agriculture","Invasive","Potentilla recta",2026-01-22 18:30:31.462679
"Zygophyllum fabago","Syrian beancaper","NV","State Noxious","Nevada Dept of Agriculture","Invasive","Zygophyllum fabago",2026-01-22 18:30:31.462679
"Ventenata dubia","Ventenata","NV","State Noxious","Nevada Dept of Agriculture","Invasive","Ventenata dubia",2026-01-22 18:30:31.462679
"Cicuta maculata","Water hemlock","NV","State Noxious","Nevada Dept of Agriculture","Invasive","Cicuta maculata",2026-01-22 18:30:31.462679
"Centaurea solstitialis","Yellow starthistle","NV","State Noxious","Nevada Dept of Agriculture","Invasive","Centaurea solstitialis",2026-01-22 18:30:31.462679
"Linaria vulgaris","Yellow toadflax","NV","State Noxious","Nevada Dept of Agriculture","Invasive","Linaria vulgaris",2026-01-22 18:30:31.462679
"Cytisus scoparius","Scotch broom","ID","Prohibited","Idaho Invasive Species Council","Invasive","Cytisus scoparius",2026-01-22 18:30:31.462679
"Genista germanica","Genista","ID","Prohibited","Idaho Invasive Species Council","Invasive","Genista germanica",2026-01-22 18:30:31.462679
"Spartium junceum","Spanish broom","ID","Prohibited","Idaho Invasive Species Council","Invasive","Spartium junceum",2026-01-22 18:30:31.462679
"Heracleum mantegazzianum","Giant hogweed","ID","EDRR","Idaho Invasive Species Council","Invasive","Heracleum mantegazzianum",2026-01-22 18:30:31.462679
"Galega officinalis","Goatsrue","ID","EDRR","Idaho Invasive Species Council","Invasive","Galega officinalis",2026-01-22 18:30:31.462679
"Centaurea iberica","Iberian starthistle","ID","EDRR","Idaho Invasive Species Council","Invasive","Centaurea iberica",2026-01-22 18:30:31.462679
"Impatiens glandulifera","Policemans helmet","ID","EDRR","Idaho Invasive Species Council","Invasive","Impatiens glandulifera",2026-01-22 18:30:31.462679
"Centaurea triumfettii","Purple starthistle","ID","EDRR","Idaho Invasive Species Council","Invasive","Centaurea triumfettii",2026-01-22 18:30:31.462679
"Zygophyllum fabago","Syrian beancaper","ID","EDRR","Idaho Invasive Species Council","Invasive","Zygophyllum fabago",2026-01-22 18:30:31.462679
"Hieracium lachenalii","Tall hawkweed","ID","EDRR","Idaho Invasive Species Council","Invasive","Hieracium lachenalii",2026-01-22 18:30:31.462679
"Hieracium glomeratum","Yellow devil hawkweed","ID","EDRR","Idaho Invasive Species Council","Invasive","Hieracium glomeratum",2026-01-22 18:30:31.462679
"Centaurea virgata","Squarrose knapweed","ID","EDRR","Idaho Invasive Species Council","Invasive","Centaurea virgata",2026-01-22 18:30:31.462679
"Imperata cylindrica","Cogongrass","ID","EDRR","Idaho Invasive Species Council","Invasive","Imperata cylindrica",2026-01-22 18:30:31.462679
"Hyoscyamus niger","Black henbane","ID","Control","Idaho Invasive Species Council","Invasive","Hyoscyamus niger",2026-01-22 18:30:31.462679
"Fallopia x bohemica","Bohemian knotweed","ID","Control","Idaho Invasive Species Council","Invasive","Fallopia x",2026-01-22 18:30:31.462679
"Solanum rostratum","Buffalobur","ID","Control","Idaho Invasive Species Council","Invasive","Solanum rostratum",2026-01-22 18:30:31.462679
"Crupina vulgaris","Common crupina","ID","Control","Idaho Invasive Species Council","Invasive","Crupina vulgaris",2026-01-22 18:30:31.462679
"Isatis tinctoria","Dyers woad","ID","Control","Idaho Invasive Species Council","Invasive","Isatis tinctoria",2026-01-22 18:30:31.462679
"Fallopia sachalinensis","Giant knotweed","ID","Control","Idaho Invasive Species Council","Invasive","Fallopia sachalinensis",2026-01-22 18:30:31.462679
"Fallopia japonica","Japanese knotweed","ID","Control","Idaho Invasive Species Council","Invasive","Fallopia japonica",2026-01-22 18:30:31.462679
"Sorghum halepense","Johnsongrass","ID","Control","Idaho Invasive Species Council","Invasive","Sorghum halepense",2026-01-22 18:30:31.462679
"Nardus stricta","Matgrass","ID","Control","Idaho Invasive Species Council","Invasive","Nardus stricta",2026-01-22 18:30:31.462679
"Centaurea dealbata","Meadow knapweed","ID","Control","Idaho Invasive Species Council","Invasive","Centaurea dealbata",2026-01-22 18:30:31.462679
"Salvia aethiopis","Mediterranean sage","ID","Control","Idaho Invasive Species Council","Invasive","Salvia aethiopis",2026-01-22 18:30:31.462679
"Carduus nutans","Musk thistle","ID","Control","Idaho Invasive Species Council","Invasive","Carduus nutans",2026-01-22 18:30:31.462679
"Hieracium aurantiacum","Orange hawkweed","ID","Control","Idaho Invasive Species Council","Invasive","Hieracium aurantiacum",2026-01-22 18:30:31.462679
"Sonchus arvensis","Perennial sowthistle","ID","Control","Idaho Invasive Species Council","Invasive","Sonchus arvensis",2026-01-22 18:30:31.462679
"Acroptilon repens","Russian knapweed","ID","Control","Idaho Invasive Species Council","Invasive","Acroptilon repens",2026-01-22 18:30:31.462679
"Anchusa arvensis","Small bugloss","ID","Control","Idaho Invasive Species Council","Invasive","Anchusa arvensis",2026-01-22 18:30:31.462679
"Echium vulgare","Vipers bugloss","ID","Control","Idaho Invasive Species Council","Invasive","Echium vulgare",2026-01-22 18:30:31.462679
"Hieracium caespitosum","Yellow hawkweed","ID","Control","Idaho Invasive Species Council","Invasive","Hieracium caespitosum",2026-01-22 18:30:31.462679
"Cirsium arvense","Canada thistle","ID","Containment","Idaho Invasive Species Council","Invasive","Cirsium arvense",2026-01-22 18:30:31.462679
"Linaria dalmatica","Dalmatian toadflax","ID","Containment","Idaho Invasive Species Council","Invasive","Linaria dalmatica",2026-01-22 18:30:31.462679
"Centaurea diffusa","Diffuse knapweed","ID","Containment","Idaho Invasive Species Council","Invasive","Centaurea diffusa",2026-01-22 18:30:31.462679
"Convolvulus arvensis","Field bindweed","ID","Containment","Idaho Invasive Species Council","Invasive","Convolvulus arvensis",2026-01-22 18:30:31.462679
"Berteroa incana","Hoary alyssum","ID","Containment","Idaho Invasive Species Council","Invasive","Berteroa incana",2026-01-22 18:30:31.462679
"Cynoglossum officinale","Houndstongue","ID","Containment","Idaho Invasive Species Council","Invasive","Cynoglossum officinale",2026-01-22 18:30:31.462679
"Aegilops cylindrica","Jointed goatgrass","ID","Containment","Idaho Invasive Species Council","Invasive","Aegilops cylindrica",2026-01-22 18:30:31.462679
"Euphorbia esula","Leafy spurge","ID","Containment","Idaho Invasive Species Council","Invasive","Euphorbia esula",2026-01-22 18:30:31.462679
"Milium vernale","Spring millet","ID","Containment","Idaho Invasive Species Council","Invasive","Milium vernale",2026-01-22 18:30:31.462679
"Leucanthemum vulgare","Oxeye daisy","ID","Containment","Idaho Invasive Species Council","Invasive","Leucanthemum vulgare",2026-01-22 18:30:31.462679
"Lepidium latifolium","Perennial pepperweed","ID","Containment","Idaho Invasive Species Council","Invasive","Lepidium latifolium",2026-01-22 18:30:31.462679
"Carduus acanthoides","Plumeless thistle","ID","Containment","Idaho Invasive Species Council","Invasive","Carduus acanthoides",2026-01-22 18:30:31.462679
"Conium maculatum","Poison hemlock","ID","Containment","Idaho Invasive Species Council","Invasive","Conium maculatum",2026-01-22 18:30:31.462679
"Tribulus terrestris","Puncturevine","ID","Containment","Idaho Invasive Species Council","Invasive","Tribulus terrestris",2026-01-22 18:30:31.462679
"Lythrum salicaria","Purple loosestrife","ID","Containment","Idaho Invasive Species Council","Invasive","Lythrum salicaria",2026-01-22 18:30:31.462679
"Chondrilla juncea","Rush skeletonweed","ID","Containment","Idaho Invasive Species Council","Invasive","Chondrilla juncea",2026-01-22 18:30:31.462679
"Tamarix ramosissima","Saltcedar","ID","Containment","Idaho Invasive Species Council","Invasive","Tamarix ramosissima",2026-01-22 18:30:31.462679
"Onopordum acanthium","Scotch thistle","ID","Containment","Idaho Invasive Species Council","Invasive","Onopordum acanthium",2026-01-22 18:30:31.462679
"Centaurea stoebe","Spotted knapweed","ID","Containment","Idaho Invasive Species Council","Invasive","Centaurea stoebe",2026-01-22 18:30:31.462679
"Senecio jacobaea","Tansy ragwort","ID","Containment","Idaho Invasive Species Council","Invasive","Senecio jacobaea",2026-01-22 18:30:31.462679
"Bryonia alba","White bryony","ID","Containment","Idaho Invasive Species Council","Invasive","Bryonia alba",2026-01-22 18:30:31.462679
"Cardaria draba","Whitetop","ID","Containment","Idaho Invasive Species Council","Invasive","Cardaria draba",2026-01-22 18:30:31.462679
"Centaurea solstitialis","Yellow starthistle","ID","Containment","Idaho Invasive Species Council","Invasive","Centaurea solstitialis",2026-01-22 18:30:31.462679
"Linaria vulgaris","Yellow toadflax","ID","Containment","Idaho Invasive Species Council","Invasive","Linaria vulgaris",2026-01-22 18:30:31.462679
"Acer platanoides","Norway maple","CT","Invasive","Connecticut Invasive Plant Working Group (CIPWG)","Invasive","Acer platanoides",2026-01-22 18:30:31.462679
"Aegopodium podagraria","Goutweed","CT","Invasive","Connecticut Invasive Plant Working Group (CIPWG)","Invasive","Aegopodium podagraria",2026-01-22 18:30:31.462679
"Ailanthus altissima","Tree of heaven","CT","Invasive","Connecticut Invasive Plant Working Group (CIPWG)","Invasive","Ailanthus altissima",2026-01-22 18:30:31.462679
"Alliaria petiolata","Garlic mustard","CT","Invasive","Connecticut Invasive Plant Working Group (CIPWG)","Invasive","Alliaria petiolata",2026-01-22 18:30:31.462679
"Ampelopsis brevipedunculata","Porcelainberry","CT","Invasive","Connecticut Invasive Plant Working Group (CIPWG)","Invasive","Ampelopsis brevipedunculata",2026-01-22 18:30:31.462679
"Artemisia vulgaris","Mugwort","CT","Invasive","Connecticut Invasive Plant Working Group (CIPWG)","Invasive","Artemisia vulgaris",2026-01-22 18:30:31.462679
"Berberis thunbergii","Japanese barberry","CT","Invasive","Connecticut Invasive Plant Working Group (CIPWG)","Invasive","Berberis thunbergii",2026-01-22 18:30:31.462679
"Berberis vulgaris","Common barberry","CT","Invasive","Connecticut Invasive Plant Working Group (CIPWG)","Invasive","Berberis vulgaris",2026-01-22 18:30:31.462679
"Cabomba caroliniana","Fanwort","CT","Invasive","Connecticut Invasive Plant Working Group (CIPWG)","Invasive","Cabomba caroliniana",2026-01-22 18:30:31.462679
"Cardamine impatiens","Narrowleaf bittercress","CT","Invasive","Connecticut Invasive Plant Working Group (CIPWG)","Invasive","Cardamine impatiens",2026-01-22 18:30:31.462679
"Celastrus orbiculatus","Asiatic bittersweet","CT","Invasive","Connecticut Invasive Plant Working Group (CIPWG)","Invasive","Celastrus orbiculatus",2026-01-22 18:30:31.462679
"Centaurea stoebe","Spotted knapweed","CT","Invasive","Connecticut Invasive Plant Working Group (CIPWG)","Invasive","Centaurea stoebe",2026-01-22 18:30:31.462679
"Cynanchum louiseae","Black swallow-wort","CT","Invasive","Connecticut Invasive Plant Working Group (CIPWG)","Invasive","Cynanchum louiseae",2026-01-22 18:30:31.462679
"Cynanchum rossicum","Pale swallow-wort","CT","Invasive","Connecticut Invasive Plant Working Group (CIPWG)","Invasive","Cynanchum rossicum",2026-01-22 18:30:31.462679
"Elaeagnus umbellata","Autumn olive","CT","Invasive","Connecticut Invasive Plant Working Group (CIPWG)","Invasive","Elaeagnus umbellata",2026-01-22 18:30:31.462679
"Elymus repens","Quackgrass","CT","Invasive","Connecticut Invasive Plant Working Group (CIPWG)","Invasive","Elymus repens",2026-01-22 18:30:31.462679
"Euonymus alatus","Winged euonymus","CT","Invasive","Connecticut Invasive Plant Working Group (CIPWG)","Invasive","Euonymus alatus",2026-01-22 18:30:31.462679
"Euphorbia esula","Leafy spurge","CT","Invasive","Connecticut Invasive Plant Working Group (CIPWG)","Invasive","Euphorbia esula",2026-01-22 18:30:31.462679
"Frangula alnus","Glossy buckthorn","CT","Invasive","Connecticut Invasive Plant Working Group (CIPWG)","Invasive","Frangula alnus",2026-01-22 18:30:31.462679
"Froelichia gracilis","Slender snake cotton","CT","Invasive","Connecticut Invasive Plant Working Group (CIPWG)","Invasive","Froelichia gracilis",2026-01-22 18:30:31.462679
"Hesperis matronalis","Dames rocket","CT","Invasive","Connecticut Invasive Plant Working Group (CIPWG)","Invasive","Hesperis matronalis",2026-01-22 18:30:31.462679
"Hydrilla verticillata","Hydrilla","CT","Invasive","Connecticut Invasive Plant Working Group (CIPWG)","Invasive","Hydrilla verticillata",2026-01-22 18:30:31.462679
"Iris pseudacorus","Yellow iris","CT","Invasive","Connecticut Invasive Plant Working Group (CIPWG)","Invasive","Iris pseudacorus",2026-01-22 18:30:31.462679
"Lepidium latifolium","Perennial pepperweed","CT","Invasive","Connecticut Invasive Plant Working Group (CIPWG)","Invasive","Lepidium latifolium",2026-01-22 18:30:31.462679
"Lonicera japonica","Japanese honeysuckle","CT","Invasive","Connecticut Invasive Plant Working Group (CIPWG)","Invasive","Lonicera japonica",2026-01-22 18:30:31.462679
"Lonicera maackii","Amur honeysuckle","CT","Invasive","Connecticut Invasive Plant Working Group (CIPWG)","Invasive","Lonicera maackii",2026-01-22 18:30:31.462679
"Lonicera morrowii","Morrows honeysuckle","CT","Invasive","Connecticut Invasive Plant Working Group (CIPWG)","Invasive","Lonicera morrowii",2026-01-22 18:30:31.462679
"Lonicera x bella","Belle honeysuckle","CT","Invasive","Connecticut Invasive Plant Working Group (CIPWG)","Invasive","Lonicera x",2026-01-22 18:30:31.462679
"Lythrum salicaria","Purple loosestrife","CT","Invasive","Connecticut Invasive Plant Working Group (CIPWG)","Invasive","Lythrum salicaria",2026-01-22 18:30:31.462679
"Microstegium vimineum","Japanese stiltgrass","CT","Invasive","Connecticut Invasive Plant Working Group (CIPWG)","Invasive","Microstegium vimineum",2026-01-22 18:30:31.462679
"Myosotis scorpioides","Forget-me-not","CT","Invasive","Connecticut Invasive Plant Working Group (CIPWG)","Invasive","Myosotis scorpioides",2026-01-22 18:30:31.462679
"Myriophyllum heterophyllum","Variable-leaf watermilfoil","CT","Invasive","Connecticut Invasive Plant Working Group (CIPWG)","Invasive","Myriophyllum heterophyllum",2026-01-22 18:30:31.462679
"Phragmites australis","Common reed","CT","Invasive","Connecticut Invasive Plant Working Group (CIPWG)","Invasive","Phragmites australis",2026-01-22 18:30:31.462679
"Polygonum cuspidatum","Japanese knotweed","CT","Invasive","Connecticut Invasive Plant Working Group (CIPWG)","Invasive","Polygonum cuspidatum",2026-01-22 18:30:31.462679
"Pueraria montana","Kudzu","CT","Invasive","Connecticut Invasive Plant Working Group (CIPWG)","Invasive","Pueraria montana",2026-01-22 18:30:31.462679
"Pyrus calleryana","Callery pear","CT","Invasive","Connecticut Invasive Plant Working Group (CIPWG)","Invasive","Pyrus calleryana",2026-01-22 18:30:31.462679
"Rhamnus cathartica","Common buckthorn","CT","Invasive","Connecticut Invasive Plant Working Group (CIPWG)","Invasive","Rhamnus cathartica",2026-01-22 18:30:31.462679
"Robinia pseudoacacia","Black locust","CT","Invasive","Connecticut Invasive Plant Working Group (CIPWG)","Invasive","Robinia pseudoacacia",2026-01-22 18:30:31.462679
"Rosa multiflora","Multiflora rose","CT","Invasive","Connecticut Invasive Plant Working Group (CIPWG)","Invasive","Rosa multiflora",2026-01-22 18:30:31.462679
"Acer ginnala","Amur maple","CT","Potentially Invasive","Connecticut Invasive Plant Working Group (CIPWG)","Invasive","Acer ginnala",2026-01-22 18:30:31.462679
"Acer pseudoplatanus","Sycamore maple","CT","Potentially Invasive","Connecticut Invasive Plant Working Group (CIPWG)","Invasive","Acer pseudoplatanus",2026-01-22 18:30:31.462679
"Amorpha fruticosa","False indigo","CT","Potentially Invasive","Connecticut Invasive Plant Working Group (CIPWG)","Invasive","Amorpha fruticosa",2026-01-22 18:30:31.462679
"Aralia elata","Japanese angelica tree","CT","Potentially Invasive","Connecticut Invasive Plant Working Group (CIPWG)","Invasive","Aralia elata",2026-01-22 18:30:31.462679
"Arthraxon hispidus","Hairy jointgrass","CT","Potentially Invasive","Connecticut Invasive Plant Working Group (CIPWG)","Invasive","Arthraxon hispidus",2026-01-22 18:30:31.462679
"Bassia scoparia","Common kochia","CT","Potentially Invasive","Connecticut Invasive Plant Working Group (CIPWG)","Invasive","Bassia scoparia",2026-01-22 18:30:31.462679
"Bromus tectorum","Drooping brome-grass","CT","Potentially Invasive","Connecticut Invasive Plant Working Group (CIPWG)","Invasive","Bromus tectorum",2026-01-22 18:30:31.462679
"Butomus umbellatus","Flowering rush","CT","Potentially Invasive","Connecticut Invasive Plant Working Group (CIPWG)","Invasive","Butomus umbellatus",2026-01-22 18:30:31.462679
"Callitriche stagnalis","Pond water-starwort","CT","Potentially Invasive","Connecticut Invasive Plant Working Group (CIPWG)","Invasive","Callitriche stagnalis",2026-01-22 18:30:31.462679
"Carex kobomugi","Japanese sedge","CT","Potentially Invasive","Connecticut Invasive Plant Working Group (CIPWG)","Invasive","Carex kobomugi",2026-01-22 18:30:31.462679
"Cirsium arvense","Canada thistle","CT","Potentially Invasive","Connecticut Invasive Plant Working Group (CIPWG)","Invasive","Cirsium arvense",2026-01-22 18:30:31.462679
"Datura stramonium","Jimsonweed","CT","Potentially Invasive","Connecticut Invasive Plant Working Group (CIPWG)","Invasive","Datura stramonium",2026-01-22 18:30:31.462679
"Egeria densa","Brazilian water-weed","CT","Potentially Invasive","Connecticut Invasive Plant Working Group (CIPWG)","Invasive","Egeria densa",2026-01-22 18:30:31.462679
"Eichhornia crassipes","Common water-hyacinth","CT","Potentially Invasive","Connecticut Invasive Plant Working Group (CIPWG)","Invasive","Eichhornia crassipes",2026-01-22 18:30:31.462679
"Elaeagnus angustifolia","Russian olive","CT","Potentially Invasive","Connecticut Invasive Plant Working Group (CIPWG)","Invasive","Elaeagnus angustifolia",2026-01-22 18:30:31.462679
"Elsholtzia ciliata","Crested late-summer mint","CT","Potentially Invasive","Connecticut Invasive Plant Working Group (CIPWG)","Invasive","Elsholtzia ciliata",2026-01-22 18:30:31.462679
"Euphorbia cyparissias","Cypress spurge","CT","Potentially Invasive","Connecticut Invasive Plant Working Group (CIPWG)","Invasive","Euphorbia cyparissias",2026-01-22 18:30:31.462679
"Glechoma hederacea","Ground ivy","CT","Potentially Invasive","Connecticut Invasive Plant Working Group (CIPWG)","Invasive","Glechoma hederacea",2026-01-22 18:30:31.462679
"Glyceria maxima","Reed mannagrass","CT","Potentially Invasive","Connecticut Invasive Plant Working Group (CIPWG)","Invasive","Glyceria maxima",2026-01-22 18:30:31.462679
"Heracleum mantegazzianum","Giant hogweed","CT","Potentially Invasive","Connecticut Invasive Plant Working Group (CIPWG)","Invasive","Heracleum mantegazzianum",2026-01-22 18:30:31.462679
"Humulus japonicus","Japanese hops","CT","Potentially Invasive","Connecticut Invasive Plant Working Group (CIPWG)","Invasive","Humulus japonicus",2026-01-22 18:30:31.462679
"Impatiens glandulifera","Ornamental jewelweed","CT","Potentially Invasive","Connecticut Invasive Plant Working Group (CIPWG)","Invasive","Impatiens glandulifera",2026-01-22 18:30:31.462679
"Ligustrum obtusifolium","Border privet","CT","Potentially Invasive","Connecticut Invasive Plant Working Group (CIPWG)","Invasive","Ligustrum obtusifolium",2026-01-22 18:30:31.462679
"Ligustrum ovalifolium","California privet","CT","Potentially Invasive","Connecticut Invasive Plant Working Group (CIPWG)","Invasive","Ligustrum ovalifolium",2026-01-22 18:30:31.462679
"Ligustrum vulgare","European privet","CT","Potentially Invasive","Connecticut Invasive Plant Working Group (CIPWG)","Invasive","Ligustrum vulgare",2026-01-22 18:30:31.462679
"Lonicera tatarica","Tatarian honeysuckle","CT","Potentially Invasive","Connecticut Invasive Plant Working Group (CIPWG)","Invasive","Lonicera tatarica",2026-01-22 18:30:31.462679
"Lonicera xylosteum","Dwarf honeysuckle","CT","Potentially Invasive","Connecticut Invasive Plant Working Group (CIPWG)","Invasive","Lonicera xylosteum",2026-01-22 18:30:31.462679
"Lychnis flos-cuculi","Ragged robin","CT","Potentially Invasive","Connecticut Invasive Plant Working Group (CIPWG)","Invasive","Lychnis flos-cuculi",2026-01-22 18:30:31.462679
"Lysimachia nummularia","Moneywort","CT","Potentially Invasive","Connecticut Invasive Plant Working Group (CIPWG)","Invasive","Lysimachia nummularia",2026-01-22 18:30:31.462679
"Lysimachia vulgaris","Garden loosestrife","CT","Potentially Invasive","Connecticut Invasive Plant Working Group (CIPWG)","Invasive","Lysimachia vulgaris",2026-01-22 18:30:31.462679
"Marsilea quadrifolia","European waterclover","CT","Potentially Invasive","Connecticut Invasive Plant Working Group (CIPWG)","Invasive","Marsilea quadrifolia",2026-01-22 18:30:31.462679
"Miscanthus sinensis","Eulalia","CT","Potentially Invasive","Connecticut Invasive Plant Working Group (CIPWG)","Invasive","Miscanthus sinensis",2026-01-22 18:30:31.462679
"Myriophyllum aquaticum","Parrotfeather","CT","Potentially Invasive","Connecticut Invasive Plant Working Group (CIPWG)","Invasive","Myriophyllum aquaticum",2026-01-22 18:30:31.462679
"Wisteria floribunda","Japanese wisteria","CT","Potentially Invasive","Connecticut Invasive Plant Working Group (CIPWG)","Invasive","Wisteria floribunda",2026-01-22 18:30:31.462679
"Wisteria sinensis","Chinese wisteria","CT","Potentially Invasive","Connecticut Invasive Plant Working Group (CIPWG)","Invasive","Wisteria sinensis",2026-01-22 18:30:31.462679
"Elymus repens","Quackgrass","IA","Primary Noxious","Iowa DNR / Iowa Code Chapter 317","Invasive","Elymus repens",2026-01-22 18:30:31.462679
"Sonchus arvensis","Perennial sowthistle","IA","Primary Noxious","Iowa DNR / Iowa Code Chapter 317","Invasive","Sonchus arvensis",2026-01-22 18:30:31.462679
"Cirsium arvense","Canada thistle","IA","Primary Noxious","Iowa DNR / Iowa Code Chapter 317","Invasive","Cirsium arvense",2026-01-22 18:30:31.462679
"Cirsium vulgare","Bull thistle","IA","Primary Noxious","Iowa DNR / Iowa Code Chapter 317","Invasive","Cirsium vulgare",2026-01-22 18:30:31.462679
"Convolvulus arvensis","Field bindweed","IA","Primary Noxious","Iowa DNR / Iowa Code Chapter 317","Invasive","Convolvulus arvensis",2026-01-22 18:30:31.462679
"Solanum carolinense","Horsenettle","IA","Primary Noxious","Iowa DNR / Iowa Code Chapter 317","Invasive","Solanum carolinense",2026-01-22 18:30:31.462679
"Euphorbia esula","Leafy spurge","IA","Primary Noxious","Iowa DNR / Iowa Code Chapter 317","Invasive","Euphorbia esula",2026-01-22 18:30:31.462679
"Cardaria draba","Hoary cress","IA","Primary Noxious","Iowa DNR / Iowa Code Chapter 317","Invasive","Cardaria draba",2026-01-22 18:30:31.462679
"Acroptilon repens","Russian knapweed","IA","Primary Noxious","Iowa DNR / Iowa Code Chapter 317","Invasive","Acroptilon repens",2026-01-22 18:30:31.462679
"Rhamnus cathartica","Common buckthorn","IA","Primary Noxious","Iowa DNR / Iowa Code Chapter 317","Invasive","Rhamnus cathartica",2026-01-22 18:30:31.462679
"Rosa multiflora","Multiflora rose","IA","Primary Noxious","Iowa DNR / Iowa Code Chapter 317","Invasive","Rosa multiflora",2026-01-22 18:30:31.462679
"Amaranthus palmeri","Palmer amaranth","IA","Primary Noxious","Iowa DNR / Iowa Code Chapter 317","Invasive","Amaranthus palmeri",2026-01-22 18:30:31.462679
"Tribulus terrestris","Puncturevine","IA","Primary Noxious","Iowa DNR / Iowa Code Chapter 317","Invasive","Tribulus terrestris",2026-01-22 18:30:31.462679
"Dipsacus fullonum","Common teasel","IA","Primary Noxious","Iowa DNR / Iowa Code Chapter 317","Invasive","Dipsacus fullonum",2026-01-22 18:30:31.462679
"Sorghum bicolor","Shattercane","IA","Primary Noxious","Iowa DNR / Iowa Code Chapter 317","Invasive","Sorghum bicolor",2026-01-22 18:30:31.462679
"Abutilon theophrasti","Velvetleaf","IA","Secondary Noxious","Iowa DNR / Iowa Code Chapter 317","Invasive","Abutilon theophrasti",2026-01-22 18:30:31.462679
"Xanthium strumarium","Common cocklebur","IA","Secondary Noxious","Iowa DNR / Iowa Code Chapter 317","Invasive","Xanthium strumarium",2026-01-22 18:30:31.462679
"Sinapis arvensis","Wild mustard","IA","Secondary Noxious","Iowa DNR / Iowa Code Chapter 317","Invasive","Sinapis arvensis",2026-01-22 18:30:31.462679
"Daucus carota","Wild carrot","IA","Secondary Noxious","Iowa DNR / Iowa Code Chapter 317","Invasive","Daucus carota",2026-01-22 18:30:31.462679
"Plantago lanceolata","Buckhorn plantain","IA","Secondary Noxious","Iowa DNR / Iowa Code Chapter 317","Invasive","Plantago lanceolata",2026-01-22 18:30:31.462679
"Rumex acetosella","Sheep sorrel","IA","Secondary Noxious","Iowa DNR / Iowa Code Chapter 317","Invasive","Rumex acetosella",2026-01-22 18:30:31.462679
"Rumex crispus","Curly dock","IA","Secondary Noxious","Iowa DNR / Iowa Code Chapter 317","Invasive","Rumex crispus",2026-01-22 18:30:31.462679
"Rumex altissimus","Smooth dock","IA","Secondary Noxious","Iowa DNR / Iowa Code Chapter 317","Invasive","Rumex altissimus",2026-01-22 18:30:31.462679
"Conium maculatum","Poison hemlock","IA","Secondary Noxious","Iowa DNR / Iowa Code Chapter 317","Invasive","Conium maculatum",2026-01-22 18:30:31.462679
"Helianthus annuus","Wild sunflower","IA","Secondary Noxious","Iowa DNR / Iowa Code Chapter 317","Invasive","Helianthus annuus",2026-01-22 18:30:31.462679
"Elaeagnus umbellata","Autumn olive","IA","Invasive","Iowa DNR / Iowa Code Chapter 317","Invasive","Elaeagnus umbellata",2026-01-22 18:30:31.462679
"Bromus tectorum","Cheatgrass","IA","Invasive","Iowa DNR / Iowa Code Chapter 317","Invasive","Bromus tectorum",2026-01-22 18:30:31.462679
"Ulmus parvifolia","Chinese elm","IA","Invasive","Iowa DNR / Iowa Code Chapter 317","Invasive","Ulmus parvifolia",2026-01-22 18:30:31.462679
"Arctium minus","Common burdock","IA","Invasive","Iowa DNR / Iowa Code Chapter 317","Invasive","Arctium minus",2026-01-22 18:30:31.462679
"Coronilla varia","Crown vetch","IA","Invasive","Iowa DNR / Iowa Code Chapter 317","Invasive","Coronilla varia",2026-01-22 18:30:31.462679
"Hesperis matronalis","Dames rocket","IA","Invasive","Iowa DNR / Iowa Code Chapter 317","Invasive","Hesperis matronalis",2026-01-22 18:30:31.462679
"Lonicera maackii","Amur honeysuckle","IA","Invasive","Iowa DNR / Iowa Code Chapter 317","Invasive","Lonicera maackii",2026-01-22 18:30:31.462679
"Lonicera morrowii","Morrows honeysuckle","IA","Invasive","Iowa DNR / Iowa Code Chapter 317","Invasive","Lonicera morrowii",2026-01-22 18:30:31.462679
"Lonicera tatarica","Tatarian honeysuckle","IA","Invasive","Iowa DNR / Iowa Code Chapter 317","Invasive","Lonicera tatarica",2026-01-22 18:30:31.462679
"Alliaria petiolata","Garlic mustard","IA","Invasive","Iowa DNR / Iowa Code Chapter 317","Invasive","Alliaria petiolata",2026-01-22 18:30:31.462679
"Heracleum mantegazzianum","Giant hogweed","IA","Invasive","Iowa DNR / Iowa Code Chapter 317","Invasive","Heracleum mantegazzianum",2026-01-22 18:30:31.462679
"Berberis thunbergii","Japanese barberry","IA","Invasive","Iowa DNR / Iowa Code Chapter 317","Invasive","Berberis thunbergii",2026-01-22 18:30:31.462679
"Polygonum cuspidatum","Japanese knotweed","IA","Invasive","Iowa DNR / Iowa Code Chapter 317","Invasive","Polygonum cuspidatum",2026-01-22 18:30:31.462679
"Centaurea stoebe","Spotted knapweed","IA","Invasive","Iowa DNR / Iowa Code Chapter 317","Invasive","Centaurea stoebe",2026-01-22 18:30:31.462679
"Pueraria montana","Kudzu","IA","Invasive","Iowa DNR / Iowa Code Chapter 317","Invasive","Pueraria montana",2026-01-22 18:30:31.462679
"Carduus nutans","Musk thistle","IA","Invasive","Iowa DNR / Iowa Code Chapter 317","Invasive","Carduus nutans",2026-01-22 18:30:31.462679
"Celastrus orbiculatus","Oriental bittersweet","IA","Invasive","Iowa DNR / Iowa Code Chapter 317","Invasive","Celastrus orbiculatus",2026-01-22 18:30:31.462679
"Ligustrum vulgare","European privet","IA","Invasive","Iowa DNR / Iowa Code Chapter 317","Invasive","Ligustrum vulgare",2026-01-22 18:30:31.462679
"Lythrum salicaria","Purple loosestrife","IA","Invasive","Iowa DNR / Iowa Code Chapter 317","Invasive","Lythrum salicaria",2026-01-22 18:30:31.462679
"Phalaris arundinacea","Reed canary grass","IA","Invasive","Iowa DNR / Iowa Code Chapter 317","Invasive","Phalaris arundinacea",2026-01-22 18:30:31.462679
"Elaeagnus angustifolia","Russian olive","IA","Invasive","Iowa DNR / Iowa Code Chapter 317","Invasive","Elaeagnus angustifolia",2026-01-22 18:30:31.462679
"Tamarix ramosissima","Saltcedar","IA","Invasive","Iowa DNR / Iowa Code Chapter 317","Invasive","Tamarix ramosissima",2026-01-22 18:30:31.462679
"Lespedeza cuneata","Sericea lespedeza","IA","Invasive","Iowa DNR / Iowa Code Chapter 317","Invasive","Lespedeza cuneata",2026-01-22 18:30:31.462679
"Ulmus pumila","Siberian elm","IA","Invasive","Iowa DNR / Iowa Code Chapter 317","Invasive","Ulmus pumila",2026-01-22 18:30:31.462679
"Ailanthus altissima","Tree of heaven","IA","Invasive","Iowa DNR / Iowa Code Chapter 317","Invasive","Ailanthus altissima",2026-01-22 18:30:31.462679
"Morus alba","White mulberry","IA","Invasive","Iowa DNR / Iowa Code Chapter 317","Invasive","Morus alba",2026-01-22 18:30:31.462679
"Pastinaca sativa","Wild parsnip","IA","Invasive","Iowa DNR / Iowa Code Chapter 317","Invasive","Pastinaca sativa",2026-01-22 18:30:31.462679
"Euonymus alatus","Burning bush","IA","Invasive","Iowa DNR / Iowa Code Chapter 317","Invasive","Euonymus alatus",2026-01-22 18:30:31.462679
"Centaurea solstitialis","Yellow star thistle","IA","Invasive","Iowa DNR / Iowa Code Chapter 317","Invasive","Centaurea solstitialis",2026-01-22 18:30:31.462679
"Peganum harmala","African rue","OR","List A","Oregon Dept of Agriculture Noxious Weed List","Invasive-High","Peganum harmala",2026-01-22 18:30:31.462679
"Aegilops triuncialis","Barbed goatgrass","OR","List A","Oregon Dept of Agriculture Noxious Weed List","Invasive-High","Aegilops triuncialis",2026-01-22 18:30:31.462679
"Alhagi pseudalhagi","Camelthorn","OR","List A","Oregon Dept of Agriculture Noxious Weed List","Invasive-High","Alhagi pseudalhagi",2026-01-22 18:30:31.462679
"Delairea odorata","Cape ivy","OR","List A","Oregon Dept of Agriculture Noxious Weed List","Invasive-High","Delairea odorata",2026-01-22 18:30:31.462679
"Tussilago farfara","Coltsfoot","OR","List A","Oregon Dept of Agriculture Noxious Weed List","Invasive-High","Tussilago farfara",2026-01-22 18:30:31.462679
"Spartina anglica","Common cordgrass","OR","List A","Oregon Dept of Agriculture Noxious Weed List","Invasive-High","Spartina anglica",2026-01-22 18:30:31.462679
"Hydrocharis morsus-ranae","Common frogbit","OR","List A","Oregon Dept of Agriculture Noxious Weed List","Invasive-High","Hydrocharis morsus-ranae",2026-01-22 18:30:31.462679
"Sagittaria platyphylla","Delta arrowhead","OR","List A","Oregon Dept of Agriculture Noxious Weed List","Invasive-High","Sagittaria platyphylla",2026-01-22 18:30:31.462679
"Spartina densiflora","Dense flowered cordgrass","OR","List A","Oregon Dept of Agriculture Noxious Weed List","Invasive-High","Spartina densiflora",2026-01-22 18:30:31.462679
"Trapa natans","European water chestnut","OR","List A","Oregon Dept of Agriculture Noxious Weed List","Invasive-High","Trapa natans",2026-01-22 18:30:31.462679
"Butomus umbellatus","Flowering rush","OR","List A","Oregon Dept of Agriculture Noxious Weed List","Invasive-High","Butomus umbellatus",2026-01-22 18:30:31.462679
"Lysimachia vulgaris","Garden yellow loosestrife","OR","List A","Oregon Dept of Agriculture Noxious Weed List","Invasive-High","Lysimachia vulgaris",2026-01-22 18:30:31.462679
"Heracleum mantegazzianum","Giant hogweed","OR","List A","Oregon Dept of Agriculture Noxious Weed List","Invasive-High","Heracleum mantegazzianum",2026-01-22 18:30:31.462679
"Galega officinalis","Goatsrue","OR","List A","Oregon Dept of Agriculture Noxious Weed List","Invasive-High","Galega officinalis",2026-01-22 18:30:31.462679
"Rubus armeniacus","Armenian blackberry","OR","List B","Oregon Dept of Agriculture Noxious Weed List","Invasive-Moderate","Rubus armeniacus",2026-01-22 18:30:31.462679
"Hedera hibernica","Atlantic ivy","OR","List B","Oregon Dept of Agriculture Noxious Weed List","Invasive-Moderate","Hedera hibernica",2026-01-22 18:30:31.462679
"Acaena novae-zelandiae","Biddy-biddy","OR","List B","Oregon Dept of Agriculture Noxious Weed List","Invasive-Moderate","Acaena novae-zelandiae",2026-01-22 18:30:31.462679
"Fallopia x bohemica","Bohemian knotweed","OR","List B","Oregon Dept of Agriculture Noxious Weed List","Invasive-Moderate","Fallopia x",2026-01-22 18:30:31.462679
"Solanum rostratum","Buffalobur","OR","List B","Oregon Dept of Agriculture Noxious Weed List","Invasive-Moderate","Solanum rostratum",2026-01-22 18:30:31.462679
"Cirsium vulgare","Bull thistle","OR","List B","Oregon Dept of Agriculture Noxious Weed List","Invasive-Moderate","Cirsium vulgare",2026-01-22 18:30:31.462679
"Buddleja davidii","Butterfly bush","OR","List B","Oregon Dept of Agriculture Noxious Weed List","Invasive-Moderate","Buddleja davidii",2026-01-22 18:30:31.462679
"Cirsium arvense","Canada thistle","OR","List B","Oregon Dept of Agriculture Noxious Weed List","Invasive-Moderate","Cirsium arvense",2026-01-22 18:30:31.462679
"Anchusa officinalis","Common bugloss","OR","List B","Oregon Dept of Agriculture Noxious Weed List","Invasive-Moderate","Anchusa officinalis",2026-01-22 18:30:31.462679
"Phragmites australis","Common reed","OR","List B","Oregon Dept of Agriculture Noxious Weed List","Invasive-Moderate","Phragmites australis",2026-01-22 18:30:31.462679
"Crupina vulgaris","Common crupina","OR","List B","Oregon Dept of Agriculture Noxious Weed List","Invasive-Moderate","Crupina vulgaris",2026-01-22 18:30:31.462679
"Rorippa sylvestris","Creeping yellowcress","OR","List B","Oregon Dept of Agriculture Noxious Weed List","Invasive-Moderate","Rorippa sylvestris",2026-01-22 18:30:31.462679
"Dipsacus laciniatus","Cutleaf teasel","OR","List B","Oregon Dept of Agriculture Noxious Weed List","Invasive-Moderate","Dipsacus laciniatus",2026-01-22 18:30:31.462679
"Linaria dalmatica","Dalmatian toadflax","OR","List B","Oregon Dept of Agriculture Noxious Weed List","Invasive-Moderate","Linaria dalmatica",2026-01-22 18:30:31.462679
"Centaurea diffusa","Diffuse knapweed","OR","List B","Oregon Dept of Agriculture Noxious Weed List","Invasive-Moderate","Centaurea diffusa",2026-01-22 18:30:31.462679
"Cuscuta spp","Dodder","OR","List B","Oregon Dept of Agriculture Noxious Weed List","Invasive-Moderate","Cuscuta spp",2026-01-22 18:30:31.462679
"Rosa canina","Dog rose","OR","List B","Oregon Dept of Agriculture Noxious Weed List","Invasive-Moderate","Rosa canina",2026-01-22 18:30:31.462679
"Isatis tinctoria","Dyers woad","OR","List B","Oregon Dept of Agriculture Noxious Weed List","Invasive-Moderate","Isatis tinctoria",2026-01-22 18:30:31.462679
"Crataegus monogyna","English hawthorn","OR","List B","Oregon Dept of Agriculture Noxious Weed List","Invasive-Moderate","Crataegus monogyna",2026-01-22 18:30:31.462679
"Hedera helix","English ivy","OR","List B","Oregon Dept of Agriculture Noxious Weed List","Invasive-Moderate","Hedera helix",2026-01-22 18:30:31.462679
"Myriophyllum spicatum","Eurasian watermilfoil","OR","List B","Oregon Dept of Agriculture Noxious Weed List","Invasive-Moderate","Myriophyllum spicatum",2026-01-22 18:30:31.462679
"Brachypodium sylvaticum","False brome","OR","List B","Oregon Dept of Agriculture Noxious Weed List","Invasive-Moderate","Brachypodium sylvaticum",2026-01-22 18:30:31.462679
"Convolvulus arvensis","Field bindweed","OR","List B","Oregon Dept of Agriculture Noxious Weed List","Invasive-Moderate","Convolvulus arvensis",2026-01-22 18:30:31.462679
"Genista monspessulana","French broom","OR","List B","Oregon Dept of Agriculture Noxious Weed List","Invasive-Moderate","Genista monspessulana",2026-01-22 18:30:31.462679
"Alliaria petiolata","Garlic mustard","OR","List B","Oregon Dept of Agriculture Noxious Weed List","Invasive-Moderate","Alliaria petiolata",2026-01-22 18:30:31.462679
"Fallopia sachalinensis","Giant knotweed","OR","List B","Oregon Dept of Agriculture Noxious Weed List","Invasive-Moderate","Fallopia sachalinensis",2026-01-22 18:30:31.462679
"Arundo donax","Giant reed","OR","List B","Oregon Dept of Agriculture Noxious Weed List","Invasive-Moderate","Arundo donax",2026-01-22 18:30:31.462679
"Ulex europaeus","Gorse","OR","List B","Oregon Dept of Agriculture Noxious Weed List","Invasive-Moderate","Ulex europaeus",2026-01-22 18:30:31.462679
"Lepidium pubescens","Hairy whitetop","OR","List B","Oregon Dept of Agriculture Noxious Weed List","Invasive-Moderate","Lepidium pubescens",2026-01-22 18:30:31.462679
"Halogeton glomeratus","Halogeton","OR","List B","Oregon Dept of Agriculture Noxious Weed List","Invasive-Moderate","Halogeton glomeratus",2026-01-22 18:30:31.462679
"Geranium robertianum","Herb Robert","OR","List B","Oregon Dept of Agriculture Noxious Weed List","Invasive-Moderate","Geranium robertianum",2026-01-22 18:30:31.462679
"Aegilops triuncialis","Barb goatgrass","CA","High","California Invasive Plant Council (Cal-IPC)","Invasive-High","Aegilops triuncialis",2026-01-22 18:30:31.462679
"Alternanthera philoxeroides","Alligatorweed","CA","High","California Invasive Plant Council (Cal-IPC)","Invasive-High","Alternanthera philoxeroides",2026-01-22 18:30:31.462679
"Ammophila arenaria","European beachgrass","CA","High","California Invasive Plant Council (Cal-IPC)","Invasive-High","Ammophila arenaria",2026-01-22 18:30:31.462679
"Arundo donax","Giant reed","CA","High","California Invasive Plant Council (Cal-IPC)","Invasive-High","Arundo donax",2026-01-22 18:30:31.462679
"Brassica tournefortii","Sahara mustard","CA","High","California Invasive Plant Council (Cal-IPC)","Invasive-High","Brassica tournefortii",2026-01-22 18:30:31.462679
"Bromus madritensis","Red brome","CA","High","California Invasive Plant Council (Cal-IPC)","Invasive-High","Bromus madritensis",2026-01-22 18:30:31.462679
"Bromus tectorum","Cheatgrass","CA","High","California Invasive Plant Council (Cal-IPC)","Invasive-High","Bromus tectorum",2026-01-22 18:30:31.462679
"Carpobrotus edulis","Highway iceplant","CA","High","California Invasive Plant Council (Cal-IPC)","Invasive-High","Carpobrotus edulis",2026-01-22 18:30:31.462679
"Carthamus lanatus","Woolly distaff thistle","CA","High","California Invasive Plant Council (Cal-IPC)","Invasive-High","Carthamus lanatus",2026-01-22 18:30:31.462679
"Centaurea solstitialis","Yellow starthistle","CA","High","California Invasive Plant Council (Cal-IPC)","Invasive-High","Centaurea solstitialis",2026-01-22 18:30:31.462679
"Centaurea stoebe","Spotted knapweed","CA","High","California Invasive Plant Council (Cal-IPC)","Invasive-High","Centaurea stoebe",2026-01-22 18:30:31.462679
"Cortaderia jubata","Jubatagrass","CA","High","California Invasive Plant Council (Cal-IPC)","Invasive-High","Cortaderia jubata",2026-01-22 18:30:31.462679
"Cortaderia selloana","Pampasgrass","CA","High","California Invasive Plant Council (Cal-IPC)","Invasive-High","Cortaderia selloana",2026-01-22 18:30:31.462679
"Cytisus scoparius","Scotch broom","CA","High","California Invasive Plant Council (Cal-IPC)","Invasive-High","Cytisus scoparius",2026-01-22 18:30:31.462679
"Delairea odorata","Cape-ivy","CA","High","California Invasive Plant Council (Cal-IPC)","Invasive-High","Delairea odorata",2026-01-22 18:30:31.462679
"Egeria densa","Brazilian egeria","CA","High","California Invasive Plant Council (Cal-IPC)","Invasive-High","Egeria densa",2026-01-22 18:30:31.462679
"Ehrharta calycina","Purple veldtgrass","CA","High","California Invasive Plant Council (Cal-IPC)","Invasive-High","Ehrharta calycina",2026-01-22 18:30:31.462679
"Eichhornia crassipes","Water hyacinth","CA","High","California Invasive Plant Council (Cal-IPC)","Invasive-High","Eichhornia crassipes",2026-01-22 18:30:31.462679
"Euphorbia virgata","Leafy spurge","CA","High","California Invasive Plant Council (Cal-IPC)","Invasive-High","Euphorbia virgata",2026-01-22 18:30:31.462679
"Genista monspessulana","French broom","CA","High","California Invasive Plant Council (Cal-IPC)","Invasive-High","Genista monspessulana",2026-01-22 18:30:31.462679
"Hedera canariensis","Algerian ivy","CA","High","California Invasive Plant Council (Cal-IPC)","Invasive-High","Hedera canariensis",2026-01-22 18:30:31.462679
"Hedera helix","English ivy","CA","High","California Invasive Plant Council (Cal-IPC)","Invasive-High","Hedera helix",2026-01-22 18:30:31.462679
"Taeniatherum caput-medusae","Medusahead","CA","High","California Invasive Plant Council (Cal-IPC)","Invasive-High","Taeniatherum caput-medusae",2026-01-22 18:30:31.462679
"Acacia dealbata","Silver wattle","CA","Moderate","California Invasive Plant Council (Cal-IPC)","Invasive-Moderate","Acacia dealbata",2026-01-22 18:30:31.462679
"Ageratina adenophora","Eupatory","CA","Moderate","California Invasive Plant Council (Cal-IPC)","Invasive-Moderate","Ageratina adenophora",2026-01-22 18:30:31.462679
"Ailanthus altissima","Tree-of-heaven","CA","Moderate","California Invasive Plant Council (Cal-IPC)","Invasive-Moderate","Ailanthus altissima",2026-01-22 18:30:31.462679
"Alhagi maurorum","Camelthorn","CA","Moderate","California Invasive Plant Council (Cal-IPC)","Invasive-Moderate","Alhagi maurorum",2026-01-22 18:30:31.462679
"Alliaria petiolata","Garlic mustard","CA","Moderate","California Invasive Plant Council (Cal-IPC)","Invasive-Moderate","Alliaria petiolata",2026-01-22 18:30:31.462679
"Arctotheca calendula","Fertile capeweed","CA","Moderate","California Invasive Plant Council (Cal-IPC)","Invasive-Moderate","Arctotheca calendula",2026-01-22 18:30:31.462679
"Asparagus asparagoides","Bridal creeper","CA","Moderate","California Invasive Plant Council (Cal-IPC)","Invasive-Moderate","Asparagus asparagoides",2026-01-22 18:30:31.462679
"Asphodelus fistulosus","Onion weed","CA","Moderate","California Invasive Plant Council (Cal-IPC)","Invasive-Moderate","Asphodelus fistulosus",2026-01-22 18:30:31.462679
"Avena barbata","Slender oat","CA","Moderate","California Invasive Plant Council (Cal-IPC)","Invasive-Moderate","Avena barbata",2026-01-22 18:30:31.462679
"Avena fatua","Wild oats","CA","Moderate","California Invasive Plant Council (Cal-IPC)","Invasive-Moderate","Avena fatua",2026-01-22 18:30:31.462679
"Brachypodium sylvaticum","Slender false-brome","CA","Moderate","California Invasive Plant Council (Cal-IPC)","Invasive-Moderate","Brachypodium sylvaticum",2026-01-22 18:30:31.462679
"Brassica nigra","Black mustard","CA","Moderate","California Invasive Plant Council (Cal-IPC)","Invasive-Moderate","Brassica nigra",2026-01-22 18:30:31.462679
"Bromus diandrus","Ripgut brome","CA","Moderate","California Invasive Plant Council (Cal-IPC)","Invasive-Moderate","Bromus diandrus",2026-01-22 18:30:31.462679
"Carduus nutans","Musk thistle","CA","Moderate","California Invasive Plant Council (Cal-IPC)","Invasive-Moderate","Carduus nutans",2026-01-22 18:30:31.462679
"Carduus pycnocephalus","Italian thistle","CA","Moderate","California Invasive Plant Council (Cal-IPC)","Invasive-Moderate","Carduus pycnocephalus",2026-01-22 18:30:31.462679
"Centaurea calcitrapa","Purple starthistle","CA","Moderate","California Invasive Plant Council (Cal-IPC)","Invasive-Moderate","Centaurea calcitrapa",2026-01-22 18:30:31.462679
"Centaurea diffusa","Diffuse knapweed","CA","Moderate","California Invasive Plant Council (Cal-IPC)","Invasive-Moderate","Centaurea diffusa",2026-01-22 18:30:31.462679
"Centaurea melitensis","Tocalote","CA","Moderate","California Invasive Plant Council (Cal-IPC)","Invasive-Moderate","Centaurea melitensis",2026-01-22 18:30:31.462679
"Centaurea virgata","Squarrose knapweed","CA","Moderate","California Invasive Plant Council (Cal-IPC)","Invasive-Moderate","Centaurea virgata",2026-01-22 18:30:31.462679
"Chondrilla juncea","Skeleton weed","CA","Moderate","California Invasive Plant Council (Cal-IPC)","Invasive-Moderate","Chondrilla juncea",2026-01-22 18:30:31.462679
"Cirsium arvense","Canada thistle","CA","Moderate","California Invasive Plant Council (Cal-IPC)","Invasive-Moderate","Cirsium arvense",2026-01-22 18:30:31.462679
"Cirsium vulgare","Bull thistle","CA","Moderate","California Invasive Plant Council (Cal-IPC)","Invasive-Moderate","Cirsium vulgare",2026-01-22 18:30:31.462679
"Clematis vitalba","Old mans beard","CA","Moderate","California Invasive Plant Council (Cal-IPC)","Invasive-Moderate","Clematis vitalba",2026-01-22 18:30:31.462679
"Conium maculatum","Poison-hemlock","CA","Moderate","California Invasive Plant Council (Cal-IPC)","Invasive-Moderate","Conium maculatum",2026-01-22 18:30:31.462679
"Cotoneaster franchetii","Orange cotoneaster","CA","Moderate","California Invasive Plant Council (Cal-IPC)","Invasive-Moderate","Cotoneaster franchetii",2026-01-22 18:30:31.462679
"Cotoneaster lacteus","Milkflower cotoneaster","CA","Moderate","California Invasive Plant Council (Cal-IPC)","Invasive-Moderate","Cotoneaster lacteus",2026-01-22 18:30:31.462679
"Cotoneaster pannosus","Silverleaf cotoneaster","CA","Moderate","California Invasive Plant Council (Cal-IPC)","Invasive-Moderate","Cotoneaster pannosus",2026-01-22 18:30:31.462679
"Cynara cardunculus","Artichoke thistle","CA","Moderate","California Invasive Plant Council (Cal-IPC)","Invasive-Moderate","Cynara cardunculus",2026-01-22 18:30:31.462679
"Cynodon dactylon","Bermuda grass","CA","Moderate","California Invasive Plant Council (Cal-IPC)","Invasive-Moderate","Cynodon dactylon",2026-01-22 18:30:31.462679
"Cynoglossum officinale","Common houndstongue","CA","Moderate","California Invasive Plant Council (Cal-IPC)","Invasive-Moderate","Cynoglossum officinale",2026-01-22 18:30:31.462679
"Cytisus striatus","Portuguese broom","CA","Moderate","California Invasive Plant Council (Cal-IPC)","Invasive-Moderate","Cytisus striatus",2026-01-22 18:30:31.462679
"Dipsacus fullonum","Wild teasel","CA","Moderate","California Invasive Plant Council (Cal-IPC)","Invasive-Moderate","Dipsacus fullonum",2026-01-22 18:30:31.462679
"Dittrichia graveolens","Stinkwort","CA","Moderate","California Invasive Plant Council (Cal-IPC)","Invasive-Moderate","Dittrichia graveolens",2026-01-22 18:30:31.462679
"Ehrharta erecta","Panic veldtgrass","CA","Moderate","California Invasive Plant Council (Cal-IPC)","Invasive-Moderate","Ehrharta erecta",2026-01-22 18:30:31.462679
"Elaeagnus angustifolia","Russian olive","CA","Moderate","California Invasive Plant Council (Cal-IPC)","Invasive-Moderate","Elaeagnus angustifolia",2026-01-22 18:30:31.462679
"Fallopia japonica","Japanese knotweed","CA","Moderate","California Invasive Plant Council (Cal-IPC)","Invasive-Moderate","Fallopia japonica",2026-01-22 18:30:31.462679
"Fallopia sachalinensis","Giant knotweed","CA","Moderate","California Invasive Plant Council (Cal-IPC)","Invasive-Moderate","Fallopia sachalinensis",2026-01-22 18:30:31.462679
"Festuca arundinacea","Reed fescue","CA","Moderate","California Invasive Plant Council (Cal-IPC)","Invasive-Moderate","Festuca arundinacea",2026-01-22 18:30:31.462679
"Ficus carica","Edible fig","CA","Moderate","California Invasive Plant Council (Cal-IPC)","Invasive-Moderate","Ficus carica",2026-01-22 18:30:31.462679
"Foeniculum vulgare","Fennel","CA","Moderate","California Invasive Plant Council (Cal-IPC)","Invasive-Moderate","Foeniculum vulgare",2026-01-22 18:30:31.462679
"Halogeton glomeratus","Halogeton","CA","Moderate","California Invasive Plant Council (Cal-IPC)","Invasive-Moderate","Halogeton glomeratus",2026-01-22 18:30:31.462679
"Hirschfeldia incana","Short-pod mustard","CA","Moderate","California Invasive Plant Council (Cal-IPC)","Invasive-Moderate","Hirschfeldia incana",2026-01-22 18:30:31.462679
"Holcus lanatus","Common velvet grass","CA","Moderate","California Invasive Plant Council (Cal-IPC)","Invasive-Moderate","Holcus lanatus",2026-01-22 18:30:31.462679
"Acacia melanoxylon","Blackwood acacia","CA","Limited","California Invasive Plant Council (Cal-IPC)","Invasive-Low","Acacia melanoxylon",2026-01-22 18:30:31.462679
"Agrostis stolonifera","Creeping bent","CA","Limited","California Invasive Plant Council (Cal-IPC)","Invasive-Low","Agrostis stolonifera",2026-01-22 18:30:31.462679
"Anthoxanthum odoratum","Sweet vernal grass","CA","Limited","California Invasive Plant Council (Cal-IPC)","Invasive-Low","Anthoxanthum odoratum",2026-01-22 18:30:31.462679
"Briza maxima","Big quakinggrass","CA","Limited","California Invasive Plant Council (Cal-IPC)","Invasive-Low","Briza maxima",2026-01-22 18:30:31.462679
"Bromus hordeaceus","Soft brome","CA","Limited","California Invasive Plant Council (Cal-IPC)","Invasive-Low","Bromus hordeaceus",2026-01-22 18:30:31.462679
"Bromus japonicus","Japanese brome","CA","Limited","California Invasive Plant Council (Cal-IPC)","Invasive-Low","Bromus japonicus",2026-01-22 18:30:31.462679
"Carduus acanthoides","Plumeless thistle","CA","Limited","California Invasive Plant Council (Cal-IPC)","Invasive-Low","Carduus acanthoides",2026-01-22 18:30:31.462679
"Carduus tenuiflorus","Slenderflower thistle","CA","Limited","California Invasive Plant Council (Cal-IPC)","Invasive-Low","Carduus tenuiflorus",2026-01-22 18:30:31.462679
"Crataegus monogyna","English hawthorn","CA","Limited","California Invasive Plant Council (Cal-IPC)","Invasive-Low","Crataegus monogyna",2026-01-22 18:30:31.462679
"Crupina vulgaris","Common crupina","CA","Limited","California Invasive Plant Council (Cal-IPC)","Invasive-Low","Crupina vulgaris",2026-01-22 18:30:31.462679
"Digitalis purpurea","Foxglove","CA","Limited","California Invasive Plant Council (Cal-IPC)","Invasive-Low","Digitalis purpurea",2026-01-22 18:30:31.462679
"Echium candicans","Pride-of-Madeira","CA","Limited","California Invasive Plant Council (Cal-IPC)","Invasive-Low","Echium candicans",2026-01-22 18:30:31.462679
"Erica lusitanica","Spanish heath","CA","Limited","California Invasive Plant Council (Cal-IPC)","Invasive-Low","Erica lusitanica",2026-01-22 18:30:31.462679
"Eucalyptus camaldulensis","Red gum","CA","Limited","California Invasive Plant Council (Cal-IPC)","Invasive-Low","Eucalyptus camaldulensis",2026-01-22 18:30:31.462679
"Eucalyptus globulus","Blue gum","CA","Limited","California Invasive Plant Council (Cal-IPC)","Invasive-Low","Eucalyptus globulus",2026-01-22 18:30:31.462679
"Euphorbia oblongata","Eggleaf spurge","CA","Limited","California Invasive Plant Council (Cal-IPC)","Invasive-Low","Euphorbia oblongata",2026-01-22 18:30:31.462679
"Euphorbia terracina","Carnation spurge","CA","Limited","California Invasive Plant Council (Cal-IPC)","Invasive-Low","Euphorbia terracina",2026-01-22 18:30:31.462679
"Lythrum salicaria","Purple loosestrife","CA","Limited","California Invasive Plant Council (Cal-IPC)","Invasive-Low","Lythrum salicaria",2026-01-22 18:30:31.462679
"Lepidium latifolium","Perennial pepperweed","CA","Limited","California Invasive Plant Council (Cal-IPC)","Invasive-Low","Lepidium latifolium",2026-01-22 18:30:31.462679
"Tamarix ramosissima","Saltcedar","CA","Limited","California Invasive Plant Council (Cal-IPC)","Invasive-Low","Tamarix ramosissima",2026-01-22 18:30:31.462679
"Zygophyllum fabago","Bean-caper","WA","Class A","Washington State Noxious Weed Control Board","Invasive","Zygophyllum fabago",2026-01-22 18:30:31.462679
"Crupina vulgaris","Common crupina","WA","Class A","Washington State Noxious Weed Control Board","Invasive","Crupina vulgaris",2026-01-22 18:30:31.462679
"Spartina anglica","Common cordgrass","WA","Class A","Washington State Noxious Weed Control Board","Invasive","Spartina anglica",2026-01-22 18:30:31.462679
"Spartina densiflora","Dense flowered cordgrass","WA","Class A","Washington State Noxious Weed Control Board","Invasive","Spartina densiflora",2026-01-22 18:30:31.462679
"Spartina patens","Salt meadow cordgrass","WA","Class A","Washington State Noxious Weed Control Board","Invasive","Spartina patens",2026-01-22 18:30:31.462679
"Spartina alterniflora","Smooth cordgrass","WA","Class A","Washington State Noxious Weed Control Board","Invasive","Spartina alterniflora",2026-01-22 18:30:31.462679
"Isatis tinctoria","Dyers woad","WA","Class A","Washington State Noxious Weed Control Board","Invasive","Isatis tinctoria",2026-01-22 18:30:31.462679
"Euphorbia oblongata","Eggleaf spurge","WA","Class A","Washington State Noxious Weed Control Board","Invasive","Euphorbia oblongata",2026-01-22 18:30:31.462679
"Brachypodium sylvaticum","False brome","WA","Class A","Washington State Noxious Weed Control Board","Invasive","Brachypodium sylvaticum",2026-01-22 18:30:31.462679
"Ludwigia peploides","Floating primrose-willow","WA","Class A","Washington State Noxious Weed Control Board","Invasive","Ludwigia peploides",2026-01-22 18:30:31.462679
"Butomus umbellatus","Flowering rush","WA","Class A","Washington State Noxious Weed Control Board","Invasive","Butomus umbellatus",2026-01-22 18:30:31.462679
"Alliaria petiolata","Garlic mustard","WA","Class A","Washington State Noxious Weed Control Board","Invasive","Alliaria petiolata",2026-01-22 18:30:31.462679
"Heracleum mantegazzianum","Giant hogweed","WA","Class A","Washington State Noxious Weed Control Board","Invasive","Heracleum mantegazzianum",2026-01-22 18:30:31.462679
"Galega officinalis","Goatsrue","WA","Class A","Washington State Noxious Weed Control Board","Invasive","Galega officinalis",2026-01-22 18:30:31.462679
"Hydrilla verticillata","Hydrilla","WA","Class A","Washington State Noxious Weed Control Board","Invasive","Hydrilla verticillata",2026-01-22 18:30:31.462679
"Sorghum halepense","Johnsongrass","WA","Class A","Washington State Noxious Weed Control Board","Invasive","Sorghum halepense",2026-01-22 18:30:31.462679
"Centaurea macrocephala","Bighead knapweed","WA","Class A","Washington State Noxious Weed Control Board","Invasive","Centaurea macrocephala",2026-01-22 18:30:31.462679
"Centaurea nigrescens","Short fringed knapweed","WA","Class A","Washington State Noxious Weed Control Board","Invasive","Centaurea nigrescens",2026-01-22 18:30:31.462679
"Pueraria montana","Kudzu","WA","Class A","Washington State Noxious Weed Control Board","Invasive","Pueraria montana",2026-01-22 18:30:31.462679
"Salvia pratensis","Meadow clary","WA","Class A","Washington State Noxious Weed Control Board","Invasive","Salvia pratensis",2026-01-22 18:30:31.462679
"Clematis orientalis","Orange peel clematis","WA","Class A","Washington State Noxious Weed Control Board","Invasive","Clematis orientalis",2026-01-22 18:30:31.462679
"Centaurea calcitrapa","Purple starthistle","WA","Class A","Washington State Noxious Weed Control Board","Invasive","Centaurea calcitrapa",2026-01-22 18:30:31.462679
"Glyceria maxima","Reed sweetgrass","WA","Class A","Washington State Noxious Weed Control Board","Invasive","Glyceria maxima",2026-01-22 18:30:31.462679
"Celastrus orbiculatus","Oriental bittersweet","WA","Class A","Washington State Noxious Weed Control Board","Invasive","Celastrus orbiculatus",2026-01-22 18:30:31.462679
"Spartium junceum","Rush broom","WA","Class A","Washington State Noxious Weed Control Board","Invasive","Spartium junceum",2026-01-22 18:30:31.462679
"Salvia aethiopis","Mediterranean sage","WA","Class A","Washington State Noxious Weed Control Board","Invasive","Salvia aethiopis",2026-01-22 18:30:31.462679
"Solanum elaeagnifolium","Silverleaf nightshade","WA","Class A","Washington State Noxious Weed Control Board","Invasive","Solanum elaeagnifolium",2026-01-22 18:30:31.462679
"Impatiens parviflora","Small-flowered jewelweed","WA","Class A","Washington State Noxious Weed Control Board","Invasive","Impatiens parviflora",2026-01-22 18:30:31.462679
"Genista monspessulana","French broom","WA","Class A","Washington State Noxious Weed Control Board","Invasive","Genista monspessulana",2026-01-22 18:30:31.462679
"Silybum marianum","Milk thistle","WA","Class A","Washington State Noxious Weed Control Board","Invasive","Silybum marianum",2026-01-22 18:30:31.462679
"Carduus pycnocephalus","Italian thistle","WA","Class A","Washington State Noxious Weed Control Board","Invasive","Carduus pycnocephalus",2026-01-22 18:30:31.462679
"Carduus tenuiflorus","Slenderflower thistle","WA","Class A","Washington State Noxious Weed Control Board","Invasive","Carduus tenuiflorus",2026-01-22 18:30:31.462679
"Myriophyllum heterophyllum","Variable leaf milfoil","WA","Class A","Washington State Noxious Weed Control Board","Invasive","Myriophyllum heterophyllum",2026-01-22 18:30:31.462679
"Cirsium palustre","Marsh thistle","WA","Class A","Washington State Noxious Weed Control Board","Invasive","Cirsium palustre",2026-01-22 18:30:31.462679
"Echium vulgare","Blueweed","WA","Class B","Washington State Noxious Weed Control Board","Invasive","Echium vulgare",2026-01-22 18:30:31.462679
"Anchusa officinalis","Common bugloss","WA","Class B","Washington State Noxious Weed Control Board","Invasive","Anchusa officinalis",2026-01-22 18:30:31.462679
"Alhagi maurorum","Camelthorn","WA","Class B","Washington State Noxious Weed Control Board","Invasive","Alhagi maurorum",2026-01-22 18:30:31.462679
"Phragmites australis","Common reed","WA","Class B","Washington State Noxious Weed Control Board","Invasive","Phragmites australis",2026-01-22 18:30:31.462679
"Linaria dalmatica","Dalmatian toadflax","WA","Class B","Washington State Noxious Weed Control Board","Invasive","Linaria dalmatica",2026-01-22 18:30:31.462679
"Egeria densa","Brazilian egeria","WA","Class B","Washington State Noxious Weed Control Board","Invasive","Egeria densa",2026-01-22 18:30:31.462679
"Cabomba caroliniana","Fanwort","WA","Class B","Washington State Noxious Weed Control Board","Invasive","Cabomba caroliniana",2026-01-22 18:30:31.462679
"Ulex europaeus","Gorse","WA","Class B","Washington State Noxious Weed Control Board","Invasive","Ulex europaeus",2026-01-22 18:30:31.462679
"Epilobium hirsutum","Hairy willowherb","WA","Class B","Washington State Noxious Weed Control Board","Invasive","Epilobium hirsutum",2026-01-22 18:30:31.462679
"Rhaponticum repens","Russian knapweed","WA","Class B","Washington State Noxious Weed Control Board","Invasive","Rhaponticum repens",2026-01-22 18:30:31.462679
"Hieracium aurantiacum","Orange hawkweed","WA","Class B","Washington State Noxious Weed Control Board","Invasive","Hieracium aurantiacum",2026-01-22 18:30:31.462679
"Berteroa incana","Hoary alyssum","WA","Class B","Washington State Noxious Weed Control Board","Invasive","Berteroa incana",2026-01-22 18:30:31.462679
"Cynoglossum officinale","Houndstongue","WA","Class B","Washington State Noxious Weed Control Board","Invasive","Cynoglossum officinale",2026-01-22 18:30:31.462679
"Amorpha fruticosa","Indigobush","WA","Class B","Washington State Noxious Weed Control Board","Invasive","Amorpha fruticosa",2026-01-22 18:30:31.462679
"Centaurea nigra","Black knapweed","WA","Class B","Washington State Noxious Weed Control Board","Invasive","Centaurea nigra",2026-01-22 18:30:31.462679
"Centaurea jacea","Brown knapweed","WA","Class B","Washington State Noxious Weed Control Board","Invasive","Centaurea jacea",2026-01-22 18:30:31.462679
"Centaurea diffusa","Diffuse knapweed","WA","Class B","Washington State Noxious Weed Control Board","Invasive","Centaurea diffusa",2026-01-22 18:30:31.462679
"Centaurea stoebe","Spotted knapweed","WA","Class B","Washington State Noxious Weed Control Board","Invasive","Centaurea stoebe",2026-01-22 18:30:31.462679
"Bassia scoparia","Kochia","WA","Class B","Washington State Noxious Weed Control Board","Invasive","Bassia scoparia",2026-01-22 18:30:31.462679
"Lysimachia vulgaris","Garden loosestrife","WA","Class B","Washington State Noxious Weed Control Board","Invasive","Lysimachia vulgaris",2026-01-22 18:30:31.462679
"Lythrum salicaria","Purple loosestrife","WA","Class B","Washington State Noxious Weed Control Board","Invasive","Lythrum salicaria",2026-01-22 18:30:31.462679
"Myriophyllum aquaticum","Parrotfeather","WA","Class B","Washington State Noxious Weed Control Board","Invasive","Myriophyllum aquaticum",2026-01-22 18:30:31.462679
"Lepidium latifolium","Perennial pepperweed","WA","Class B","Washington State Noxious Weed Control Board","Invasive","Lepidium latifolium",2026-01-22 18:30:31.462679
"Impatiens glandulifera","Policemans helmet","WA","Class B","Washington State Noxious Weed Control Board","Invasive","Impatiens glandulifera",2026-01-22 18:30:31.462679
"Chondrilla juncea","Rush skeletonweed","WA","Class B","Washington State Noxious Weed Control Board","Invasive","Chondrilla juncea",2026-01-22 18:30:31.462679
"Tamarix ramosissima","Saltcedar","WA","Class B","Washington State Noxious Weed Control Board","Invasive","Tamarix ramosissima",2026-01-22 18:30:31.462679
"Euphorbia virgata","Leafy spurge","WA","Class B","Washington State Noxious Weed Control Board","Invasive","Euphorbia virgata",2026-01-22 18:30:31.462679
"Centaurea solstitialis","Yellow starthistle","WA","Class B","Washington State Noxious Weed Control Board","Invasive","Centaurea solstitialis",2026-01-22 18:30:31.462679
"Potentilla recta","Sulfur cinquefoil","WA","Class B","Washington State Noxious Weed Control Board","Invasive","Potentilla recta",2026-01-22 18:30:31.462679
"Jacobaea vulgaris","Tansy ragwort","WA","Class B","Washington State Noxious Weed Control Board","Invasive","Jacobaea vulgaris",2026-01-22 18:30:31.462679
"Onopordum acanthium","Scotch thistle","WA","Class B","Washington State Noxious Weed Control Board","Invasive","Onopordum acanthium",2026-01-22 18:30:31.462679
"Carduus nutans","Musk thistle","WA","Class B","Washington State Noxious Weed Control Board","Invasive","Carduus nutans",2026-01-22 18:30:31.462679
"Carduus acanthoides","Plumeless thistle","WA","Class B","Washington State Noxious Weed Control Board","Invasive","Carduus acanthoides",2026-01-22 18:30:31.462679
"Centaurea melitensis","Tocalote","WA","Class B","Washington State Noxious Weed Control Board","Invasive","Centaurea melitensis",2026-01-22 18:30:31.462679
"Tussilago farfara","Coltsfoot","WA","Class B","Washington State Noxious Weed Control Board","Invasive","Tussilago farfara",2026-01-22 18:30:31.462679
"Ludwigia hexapetala","Water primrose","WA","Class B","Washington State Noxious Weed Control Board","Invasive","Ludwigia hexapetala",2026-01-22 18:30:31.462679
"Bryonia alba","White bryony","WA","Class B","Washington State Noxious Weed Control Board","Invasive","Bryonia alba",2026-01-22 18:30:31.462679
"Anthriscus sylvestris","Wild chervil","WA","Class B","Washington State Noxious Weed Control Board","Invasive","Anthriscus sylvestris",2026-01-22 18:30:31.462679
"Nymphoides peltata","Yellow floating heart","WA","Class B","Washington State Noxious Weed Control Board","Invasive","Nymphoides peltata",2026-01-22 18:30:31.462679
"Artemisia absinthium","Absinth wormwood","WA","Class C","Washington State Noxious Weed Control Board","Invasive","Artemisia absinthium",2026-01-22 18:30:31.462679
"Ammophila arenaria","European beachgrass","WA","Class C","Washington State Noxious Weed Control Board","Invasive","Ammophila arenaria",2026-01-22 18:30:31.462679
"Cirsium vulgare","Bull thistle","WA","Class C","Washington State Noxious Weed Control Board","Invasive","Cirsium vulgare",2026-01-22 18:30:31.462679
"Cirsium arvense","Canada thistle","WA","Class C","Washington State Noxious Weed Control Board","Invasive","Cirsium arvense",2026-01-22 18:30:31.462679
"Convolvulus arvensis","Field bindweed","WA","Class C","Washington State Noxious Weed Control Board","Invasive","Convolvulus arvensis",2026-01-22 18:30:31.462679
"Conium maculatum","Poison hemlock","WA","Class C","Washington State Noxious Weed Control Board","Invasive","Conium maculatum",2026-01-22 18:30:31.462679
"Cytisus scoparius","Scotch broom","WA","Class C","Washington State Noxious Weed Control Board","Invasive","Cytisus scoparius",2026-01-22 18:30:31.462679
"Fallopia japonica","Japanese knotweed","WA","Class C","Washington State Noxious Weed Control Board","Invasive","Fallopia japonica",2026-01-22 18:30:31.462679
"Fallopia sachalinensis","Giant knotweed","WA","Class C","Washington State Noxious Weed Control Board","Invasive","Fallopia sachalinensis",2026-01-22 18:30:31.462679
"Iris pseudacorus","Yellow flag iris","WA","Class C","Washington State Noxious Weed Control Board","Invasive","Iris pseudacorus",2026-01-22 18:30:31.462679
"Linaria vulgaris","Yellow toadflax","WA","Class C","Washington State Noxious Weed Control Board","Invasive","Linaria vulgaris",2026-01-22 18:30:31.462679
"Centaurea solstitialis","Yellow starthistle","MT","Priority 1A","Montana Dept of Agriculture Noxious Weed List","Invasive","Centaurea solstitialis",2026-01-22 18:30:31.462679
"Isatis tinctoria","Dyers woad","MT","Priority 1A","Montana Dept of Agriculture Noxious Weed List","Invasive","Isatis tinctoria",2026-01-22 18:30:31.462679
"Phragmites australis","Common reed","MT","Priority 1A","Montana Dept of Agriculture Noxious Weed List","Invasive","Phragmites australis",2026-01-22 18:30:31.462679
"Taeniatherum caput-medusae","Medusahead","MT","Priority 1A","Montana Dept of Agriculture Noxious Weed List","Invasive","Taeniatherum caput-medusae",2026-01-22 18:30:31.462679
"Polygonum cuspidatum","Japanese knotweed","MT","Priority 1B","Montana Dept of Agriculture Noxious Weed List","Invasive","Polygonum cuspidatum",2026-01-22 18:30:31.462679
"Fallopia sachalinensis","Giant knotweed","MT","Priority 1B","Montana Dept of Agriculture Noxious Weed List","Invasive","Fallopia sachalinensis",2026-01-22 18:30:31.462679
"Fallopia x bohemica","Bohemian knotweed","MT","Priority 1B","Montana Dept of Agriculture Noxious Weed List","Invasive","Fallopia x",2026-01-22 18:30:31.462679
"Lythrum salicaria","Purple loosestrife","MT","Priority 1B","Montana Dept of Agriculture Noxious Weed List","Invasive","Lythrum salicaria",2026-01-22 18:30:31.462679
"Chondrilla juncea","Rush skeletonweed","MT","Priority 1B","Montana Dept of Agriculture Noxious Weed List","Invasive","Chondrilla juncea",2026-01-22 18:30:31.462679
"Cytisus scoparius","Scotch broom","MT","Priority 1B","Montana Dept of Agriculture Noxious Weed List","Invasive","Cytisus scoparius",2026-01-22 18:30:31.462679
"Echium vulgare","Blueweed","MT","Priority 1B","Montana Dept of Agriculture Noxious Weed List","Invasive","Echium vulgare",2026-01-22 18:30:31.462679
"Senecio jacobaea","Tansy ragwort","MT","Priority 2A","Montana Dept of Agriculture Noxious Weed List","Invasive","Senecio jacobaea",2026-01-22 18:30:31.462679
"Hieracium caespitosum","Meadow hawkweed","MT","Priority 2A","Montana Dept of Agriculture Noxious Weed List","Invasive","Hieracium caespitosum",2026-01-22 18:30:31.462679
"Hieracium aurantiacum","Orange hawkweed","MT","Priority 2A","Montana Dept of Agriculture Noxious Weed List","Invasive","Hieracium aurantiacum",2026-01-22 18:30:31.462679
"Ranunculus acris","Tall buttercup","MT","Priority 2A","Montana Dept of Agriculture Noxious Weed List","Invasive","Ranunculus acris",2026-01-22 18:30:31.462679
"Lepidium latifolium","Perennial pepperweed","MT","Priority 2A","Montana Dept of Agriculture Noxious Weed List","Invasive","Lepidium latifolium",2026-01-22 18:30:31.462679
"Iris pseudacorus","Yellow flag iris","MT","Priority 2A","Montana Dept of Agriculture Noxious Weed List","Invasive","Iris pseudacorus",2026-01-22 18:30:31.462679
"Myriophyllum spicatum","Eurasian watermilfoil","MT","Priority 2A","Montana Dept of Agriculture Noxious Weed List","Invasive","Myriophyllum spicatum",2026-01-22 18:30:31.462679
"Butomus umbellatus","Flowering rush","MT","Priority 2A","Montana Dept of Agriculture Noxious Weed List","Invasive","Butomus umbellatus",2026-01-22 18:30:31.462679
"Rhamnus cathartica","Common buckthorn","MT","Priority 2A","Montana Dept of Agriculture Noxious Weed List","Invasive","Rhamnus cathartica",2026-01-22 18:30:31.462679
"Cirsium arvense","Canada thistle","MT","Priority 2B","Montana Dept of Agriculture Noxious Weed List","Invasive","Cirsium arvense",2026-01-22 18:30:31.462679
"Convolvulus arvensis","Field bindweed","MT","Priority 2B","Montana Dept of Agriculture Noxious Weed List","Invasive","Convolvulus arvensis",2026-01-22 18:30:31.462679
"Euphorbia esula","Leafy spurge","MT","Priority 2B","Montana Dept of Agriculture Noxious Weed List","Invasive","Euphorbia esula",2026-01-22 18:30:31.462679
"Cardaria draba","Whitetop","MT","Priority 2B","Montana Dept of Agriculture Noxious Weed List","Invasive","Cardaria draba",2026-01-22 18:30:31.462679
"Acroptilon repens","Russian knapweed","MT","Priority 2B","Montana Dept of Agriculture Noxious Weed List","Invasive","Acroptilon repens",2026-01-22 18:30:31.462679
"Centaurea stoebe","Spotted knapweed","MT","Priority 2B","Montana Dept of Agriculture Noxious Weed List","Invasive","Centaurea stoebe",2026-01-22 18:30:31.462679
"Centaurea diffusa","Diffuse knapweed","MT","Priority 2B","Montana Dept of Agriculture Noxious Weed List","Invasive","Centaurea diffusa",2026-01-22 18:30:31.462679
"Linaria dalmatica","Dalmatian toadflax","MT","Priority 2B","Montana Dept of Agriculture Noxious Weed List","Invasive","Linaria dalmatica",2026-01-22 18:30:31.462679
"Hypericum perforatum","St. Johnswort","MT","Priority 2B","Montana Dept of Agriculture Noxious Weed List","Invasive","Hypericum perforatum",2026-01-22 18:30:31.462679
"Potentilla recta","Sulfur cinquefoil","MT","Priority 2B","Montana Dept of Agriculture Noxious Weed List","Invasive","Potentilla recta",2026-01-22 18:30:31.462679
"Tanacetum vulgare","Common tansy","MT","Priority 2B","Montana Dept of Agriculture Noxious Weed List","Invasive","Tanacetum vulgare",2026-01-22 18:30:31.462679
"Leucanthemum vulgare","Oxeye daisy","MT","Priority 2B","Montana Dept of Agriculture Noxious Weed List","Invasive","Leucanthemum vulgare",2026-01-22 18:30:31.462679
"Cynoglossum officinale","Houndstongue","MT","Priority 2B","Montana Dept of Agriculture Noxious Weed List","Invasive","Cynoglossum officinale",2026-01-22 18:30:31.462679
"Linaria vulgaris","Yellow toadflax","MT","Priority 2B","Montana Dept of Agriculture Noxious Weed List","Invasive","Linaria vulgaris",2026-01-22 18:30:31.462679
"Potamogeton crispus","Curlyleaf pondweed","MT","Priority 2B","Montana Dept of Agriculture Noxious Weed List","Invasive","Potamogeton crispus",2026-01-22 18:30:31.462679
"Berteroa incana","Hoary alyssum","MT","Priority 2B","Montana Dept of Agriculture Noxious Weed List","Invasive","Berteroa incana",2026-01-22 18:30:31.462679
"Abrus precatorius","Rosary pea","FL","Category I","Florida Invasive Species Council (FISC)","Invasive-High","Abrus precatorius",2026-01-22 18:30:31.462679
"Acacia auriculiformis","Earleaf acacia","FL","Category I","Florida Invasive Species Council (FISC)","Invasive-High","Acacia auriculiformis",2026-01-22 18:30:31.462679
"Albizia julibrissin","Silktree","FL","Category I","Florida Invasive Species Council (FISC)","Invasive-High","Albizia julibrissin",2026-01-22 18:30:31.462679
"Albizia lebbeck","Womans tongue","FL","Category I","Florida Invasive Species Council (FISC)","Invasive-High","Albizia lebbeck",2026-01-22 18:30:31.462679
"Ardisia crenata","Coral ardisia","FL","Category I","Florida Invasive Species Council (FISC)","Invasive-High","Ardisia crenata",2026-01-22 18:30:31.462679
"Ardisia elliptica","Shoebutton ardisia","FL","Category I","Florida Invasive Species Council (FISC)","Invasive-High","Ardisia elliptica",2026-01-22 18:30:31.462679
"Asparagus aethiopicus","Asparagus fern","FL","Category I","Florida Invasive Species Council (FISC)","Invasive-High","Asparagus aethiopicus",2026-01-22 18:30:31.462679
"Bauhinia variegata","Orchid tree","FL","Category I","Florida Invasive Species Council (FISC)","Invasive-High","Bauhinia variegata",2026-01-22 18:30:31.462679
"Bischofia javanica","Javanese bishopwood","FL","Category I","Florida Invasive Species Council (FISC)","Invasive-High","Bischofia javanica",2026-01-22 18:30:31.462679
"Casuarina equisetifolia","Australian pine","FL","Category I","Florida Invasive Species Council (FISC)","Invasive-High","Casuarina equisetifolia",2026-01-22 18:30:31.462679
"Casuarina glauca","Gray sheoak","FL","Category I","Florida Invasive Species Council (FISC)","Invasive-High","Casuarina glauca",2026-01-22 18:30:31.462679
"Cinnamomum camphora","Camphortree","FL","Category I","Florida Invasive Species Council (FISC)","Invasive-High","Cinnamomum camphora",2026-01-22 18:30:31.462679
"Colubrina asiatica","Latherleaf","FL","Category I","Florida Invasive Species Council (FISC)","Invasive-High","Colubrina asiatica",2026-01-22 18:30:31.462679
"Colocasia esculenta","Wild taro","FL","Category I","Florida Invasive Species Council (FISC)","Invasive-High","Colocasia esculenta",2026-01-22 18:30:31.462679
"Cupaniopsis anacardioides","Carrotwood","FL","Category I","Florida Invasive Species Council (FISC)","Invasive-High","Cupaniopsis anacardioides",2026-01-22 18:30:31.462679
"Dioscorea alata","White yam","FL","Category I","Florida Invasive Species Council (FISC)","Invasive-High","Dioscorea alata",2026-01-22 18:30:31.462679
"Dioscorea bulbifera","Air-potato","FL","Category I","Florida Invasive Species Council (FISC)","Invasive-High","Dioscorea bulbifera",2026-01-22 18:30:31.462679
"Dolichandra unguis-cati","Catclaw vine","FL","Category I","Florida Invasive Species Council (FISC)","Invasive-High","Dolichandra unguis-cati",2026-01-22 18:30:31.462679
"Eichhornia crassipes","Water hyacinth","FL","Category I","Florida Invasive Species Council (FISC)","Invasive-High","Eichhornia crassipes",2026-01-22 18:30:31.462679
"Eugenia uniflora","Surinam cherry","FL","Category I","Florida Invasive Species Council (FISC)","Invasive-High","Eugenia uniflora",2026-01-22 18:30:31.462679
"Ficus microcarpa","Indian laurel fig","FL","Category I","Florida Invasive Species Council (FISC)","Invasive-High","Ficus microcarpa",2026-01-22 18:30:31.462679
"Hydrilla verticillata","Hydrilla","FL","Category I","Florida Invasive Species Council (FISC)","Invasive-High","Hydrilla verticillata",2026-01-22 18:30:31.462679
"Hygrophila polysperma","Indian swampweed","FL","Category I","Florida Invasive Species Council (FISC)","Invasive-High","Hygrophila polysperma",2026-01-22 18:30:31.462679
"Imperata cylindrica","Cogongrass","FL","Category I","Florida Invasive Species Council (FISC)","Invasive-High","Imperata cylindrica",2026-01-22 18:30:31.462679
"Ipomoea aquatica","Water spinach","FL","Category I","Florida Invasive Species Council (FISC)","Invasive-High","Ipomoea aquatica",2026-01-22 18:30:31.462679
"Jasminum dichotomum","Gold Coast jasmine","FL","Category I","Florida Invasive Species Council (FISC)","Invasive-High","Jasminum dichotomum",2026-01-22 18:30:31.462679
"Jasminum fluminense","Brazilian jasmine","FL","Category I","Florida Invasive Species Council (FISC)","Invasive-High","Jasminum fluminense",2026-01-22 18:30:31.462679
"Lantana strigocamara","Lantana","FL","Category I","Florida Invasive Species Council (FISC)","Invasive-High","Lantana strigocamara",2026-01-22 18:30:31.462679
"Ligustrum lucidum","Glossy privet","FL","Category I","Florida Invasive Species Council (FISC)","Invasive-High","Ligustrum lucidum",2026-01-22 18:30:31.462679
"Ligustrum sinense","Chinese privet","FL","Category I","Florida Invasive Species Council (FISC)","Invasive-High","Ligustrum sinense",2026-01-22 18:30:31.462679
"Lonicera japonica","Japanese honeysuckle","FL","Category I","Florida Invasive Species Council (FISC)","Invasive-High","Lonicera japonica",2026-01-22 18:30:31.462679
"Ludwigia peruviana","Peruvian primrosewillow","FL","Category I","Florida Invasive Species Council (FISC)","Invasive-High","Ludwigia peruviana",2026-01-22 18:30:31.462679
"Lygodium japonicum","Japanese climbing fern","FL","Category I","Florida Invasive Species Council (FISC)","Invasive-High","Lygodium japonicum",2026-01-22 18:30:31.462679
"Lygodium microphyllum","Old World climbing fern","FL","Category I","Florida Invasive Species Council (FISC)","Invasive-High","Lygodium microphyllum",2026-01-22 18:30:31.462679
"Melaleuca quinquenervia","Punktree","FL","Category I","Florida Invasive Species Council (FISC)","Invasive-High","Melaleuca quinquenervia",2026-01-22 18:30:31.462679
"Melinis repens","Rose natalgrass","FL","Category I","Florida Invasive Species Council (FISC)","Invasive-High","Melinis repens",2026-01-22 18:30:31.462679
"Microstegium vimineum","Japanese stiltgrass","FL","Category I","Florida Invasive Species Council (FISC)","Invasive-High","Microstegium vimineum",2026-01-22 18:30:31.462679
"Mimosa pigra","Catclaw mimosa","FL","Category I","Florida Invasive Species Council (FISC)","Invasive-High","Mimosa pigra",2026-01-22 18:30:31.462679
"Nandina domestica","Sacred bamboo","FL","Category I","Florida Invasive Species Council (FISC)","Invasive-High","Nandina domestica",2026-01-22 18:30:31.462679
"Nephrolepis brownii","Asian sword fern","FL","Category I","Florida Invasive Species Council (FISC)","Invasive-High","Nephrolepis brownii",2026-01-22 18:30:31.462679
"Nephrolepis cordifolia","Tuberous sword fern","FL","Category I","Florida Invasive Species Council (FISC)","Invasive-High","Nephrolepis cordifolia",2026-01-22 18:30:31.462679
"Neyraudia reynaudiana","Burma reed","FL","Category I","Florida Invasive Species Council (FISC)","Invasive-High","Neyraudia reynaudiana",2026-01-22 18:30:31.462679
"Nymphoides cristata","Crested floatingheart","FL","Category I","Florida Invasive Species Council (FISC)","Invasive-High","Nymphoides cristata",2026-01-22 18:30:31.462679
"Paederia foetida","Skunkvine","FL","Category I","Florida Invasive Species Council (FISC)","Invasive-High","Paederia foetida",2026-01-22 18:30:31.462679
"Panicum repens","Torpedograss","FL","Category I","Florida Invasive Species Council (FISC)","Invasive-High","Panicum repens",2026-01-22 18:30:31.462679
"Pistia stratiotes","Water lettuce","FL","Category I","Florida Invasive Species Council (FISC)","Invasive-High","Pistia stratiotes",2026-01-22 18:30:31.462679
"Psidium cattleianum","Strawberry guava","FL","Category I","Florida Invasive Species Council (FISC)","Invasive-High","Psidium cattleianum",2026-01-22 18:30:31.462679
"Psidium guajava","Guava","FL","Category I","Florida Invasive Species Council (FISC)","Invasive-High","Psidium guajava",2026-01-22 18:30:31.462679
"Pueraria montana","Kudzu","FL","Category I","Florida Invasive Species Council (FISC)","Invasive-High","Pueraria montana",2026-01-22 18:30:31.462679
"Rhodomyrtus tomentosa","Rose myrtle","FL","Category I","Florida Invasive Species Council (FISC)","Invasive-High","Rhodomyrtus tomentosa",2026-01-22 18:30:31.462679
"Ruellia simplex","Mexican petunia","FL","Category I","Florida Invasive Species Council (FISC)","Invasive-High","Ruellia simplex",2026-01-22 18:30:31.462679
"Salvinia minima","Water spangles","FL","Category I","Florida Invasive Species Council (FISC)","Invasive-High","Salvinia minima",2026-01-22 18:30:31.462679
"Scaevola taccada","Beach naupaka","FL","Category I","Florida Invasive Species Council (FISC)","Invasive-High","Scaevola taccada",2026-01-22 18:30:31.462679
"Schinus terebinthifolia","Brazilian pepper","FL","Category I","Florida Invasive Species Council (FISC)","Invasive-High","Schinus terebinthifolia",2026-01-22 18:30:31.462679
"Senna pendula","Christmas cassia","FL","Category I","Florida Invasive Species Council (FISC)","Invasive-High","Senna pendula",2026-01-22 18:30:31.462679
"Solanum viarum","Tropical soda apple","FL","Category I","Florida Invasive Species Council (FISC)","Invasive-High","Solanum viarum",2026-01-22 18:30:31.462679
"Syngonium podophyllum","Arrowhead vine","FL","Category I","Florida Invasive Species Council (FISC)","Invasive-High","Syngonium podophyllum",2026-01-22 18:30:31.462679
"Syzygium cumini","Java plum","FL","Category I","Florida Invasive Species Council (FISC)","Invasive-High","Syzygium cumini",2026-01-22 18:30:31.462679
"Thespesia populnea","Portia tree","FL","Category I","Florida Invasive Species Council (FISC)","Invasive-High","Thespesia populnea",2026-01-22 18:30:31.462679
"Tradescantia fluminensis","Small-leaf spiderwort","FL","Category I","Florida Invasive Species Council (FISC)","Invasive-High","Tradescantia fluminensis",2026-01-22 18:30:31.462679
"Triadica sebifera","Chinese tallow","FL","Category I","Florida Invasive Species Council (FISC)","Invasive-High","Triadica sebifera",2026-01-22 18:30:31.462679
"Urena lobata","Caesarweed","FL","Category I","Florida Invasive Species Council (FISC)","Invasive-High","Urena lobata",2026-01-22 18:30:31.462679
"Urochloa mutica","Paragrass","FL","Category I","Florida Invasive Species Council (FISC)","Invasive-High","Urochloa mutica",2026-01-22 18:30:31.462679
"Alternanthera philoxeroides","Alligatorweed","FL","Category II","Florida Invasive Species Council (FISC)","Invasive-Moderate","Alternanthera philoxeroides",2026-01-22 18:30:31.462679
"Broussonetia papyrifera","Paper mulberry","FL","Category II","Florida Invasive Species Council (FISC)","Invasive-Moderate","Broussonetia papyrifera",2026-01-22 18:30:31.462679
"Cenchrus setaceus","Fountaingrass","FL","Category II","Florida Invasive Species Council (FISC)","Invasive-Moderate","Cenchrus setaceus",2026-01-22 18:30:31.462679
"Clematis terniflora","Sweet autumn clematis","FL","Category II","Florida Invasive Species Council (FISC)","Invasive-Moderate","Clematis terniflora",2026-01-22 18:30:31.462679
"Elaeagnus pungens","Silverthorn","FL","Category II","Florida Invasive Species Council (FISC)","Invasive-Moderate","Elaeagnus pungens",2026-01-22 18:30:31.462679
"Elaeagnus umbellata","Autumn olive","FL","Category II","Florida Invasive Species Council (FISC)","Invasive-Moderate","Elaeagnus umbellata",2026-01-22 18:30:31.462679
"Leucaena leucocephala","White leadtree","FL","Category II","Florida Invasive Species Council (FISC)","Invasive-Moderate","Leucaena leucocephala",2026-01-22 18:30:31.462679
"Melia azedarach","Chinaberrytree","FL","Category II","Florida Invasive Species Council (FISC)","Invasive-Moderate","Melia azedarach",2026-01-22 18:30:31.462679
"Myriophyllum spicatum","Eurasian watermilfoil","FL","Category II","Florida Invasive Species Council (FISC)","Invasive-Moderate","Myriophyllum spicatum",2026-01-22 18:30:31.462679
"Phyllostachys aurea","Golden bamboo","FL","Category II","Florida Invasive Species Council (FISC)","Invasive-Moderate","Phyllostachys aurea",2026-01-22 18:30:31.462679
"Ricinus communis","Castorbean","FL","Category II","Florida Invasive Species Council (FISC)","Invasive-Moderate","Ricinus communis",2026-01-22 18:30:31.462679
"Wisteria sinensis","Chinese wisteria","FL","Category II","Florida Invasive Species Council (FISC)","Invasive-Moderate","Wisteria sinensis",2026-01-22 18:30:31.462679
"Hyoscyamus niger","Black henbane","NM","Class A","New Mexico Dept of Agriculture","Invasive","Hyoscyamus niger",2026-01-22 18:30:31.462679
"Alhagi maurorum","Camelthorn","NM","Class A","New Mexico Dept of Agriculture","Invasive","Alhagi maurorum",2026-01-22 18:30:31.462679
"Cirsium arvense","Canada thistle","NM","Class A","New Mexico Dept of Agriculture","Invasive","Cirsium arvense",2026-01-22 18:30:31.462679
"Linaria dalmatica","Dalmatian toadflax","NM","Class A","New Mexico Dept of Agriculture","Invasive","Linaria dalmatica",2026-01-22 18:30:31.462679
"Centaurea diffusa","Diffuse knapweed","NM","Class A","New Mexico Dept of Agriculture","Invasive","Centaurea diffusa",2026-01-22 18:30:31.462679
"Isatis tinctoria","Dyers woad","NM","Class A","New Mexico Dept of Agriculture","Invasive","Isatis tinctoria",2026-01-22 18:30:31.462679
"Salvinia molesta","Giant salvinia","NM","Class A","New Mexico Dept of Agriculture","Invasive","Salvinia molesta",2026-01-22 18:30:31.462679
"Cardaria draba","Hoary cress","NM","Class A","New Mexico Dept of Agriculture","Invasive","Cardaria draba",2026-01-22 18:30:31.462679
"Euphorbia esula","Leafy spurge","NM","Class A","New Mexico Dept of Agriculture","Invasive","Euphorbia esula",2026-01-22 18:30:31.462679
"Leucanthemum vulgare","Oxeye daisy","NM","Class A","New Mexico Dept of Agriculture","Invasive","Leucanthemum vulgare",2026-01-22 18:30:31.462679
"Lythrum salicaria","Purple loosestrife","NM","Class A","New Mexico Dept of Agriculture","Invasive","Lythrum salicaria",2026-01-22 18:30:31.462679
"Centaurea calcitrapa","Purple starthistle","NM","Class A","New Mexico Dept of Agriculture","Invasive","Centaurea calcitrapa",2026-01-22 18:30:31.462679
"Saccharum ravennae","Ravennagrass","NM","Class A","New Mexico Dept of Agriculture","Invasive","Saccharum ravennae",2026-01-22 18:30:31.462679
"Tripleurospermum perforatum","Scentless chamomile","NM","Class A","New Mexico Dept of Agriculture","Invasive","Tripleurospermum perforatum",2026-01-22 18:30:31.462679
"Onopordum acanthium","Scotch thistle","NM","Class A","New Mexico Dept of Agriculture","Invasive","Onopordum acanthium",2026-01-22 18:30:31.462679
"Centaurea stoebe","Spotted knapweed","NM","Class A","New Mexico Dept of Agriculture","Invasive","Centaurea stoebe",2026-01-22 18:30:31.462679
"Centaurea solstitialis","Yellow starthistle","NM","Class A","New Mexico Dept of Agriculture","Invasive","Centaurea solstitialis",2026-01-22 18:30:31.462679
"Linaria vulgaris","Yellow toadflax","NM","Class A","New Mexico Dept of Agriculture","Invasive","Linaria vulgaris",2026-01-22 18:30:31.462679
"Peganum harmala","African rue","NM","Class B","New Mexico Dept of Agriculture","Invasive","Peganum harmala",2026-01-22 18:30:31.462679
"Cirsium vulgare","Bull thistle","NM","Class B","New Mexico Dept of Agriculture","Invasive","Cirsium vulgare",2026-01-22 18:30:31.462679
"Cichorium intybus","Chicory","NM","Class B","New Mexico Dept of Agriculture","Invasive","Cichorium intybus",2026-01-22 18:30:31.462679
"Halogeton glomeratus","Halogeton","NM","Class B","New Mexico Dept of Agriculture","Invasive","Halogeton glomeratus",2026-01-22 18:30:31.462679
"Centaurea melitensis","Malta starthistle","NM","Class B","New Mexico Dept of Agriculture","Invasive","Centaurea melitensis",2026-01-22 18:30:31.462679
"Lepidium latifolium","Perennial pepperweed","NM","Class B","New Mexico Dept of Agriculture","Invasive","Lepidium latifolium",2026-01-22 18:30:31.462679
"Conium maculatum","Poison hemlock","NM","Class B","New Mexico Dept of Agriculture","Invasive","Conium maculatum",2026-01-22 18:30:31.462679
"Elymus repens","Quackgrass","NM","Class B","New Mexico Dept of Agriculture","Invasive","Elymus repens",2026-01-22 18:30:31.462679
"Xanthium spinosum","Spiny cocklebur","NM","Class B","New Mexico Dept of Agriculture","Invasive","Xanthium spinosum",2026-01-22 18:30:31.462679
"Dipsacus fullonum","Teasel","NM","Class B","New Mexico Dept of Agriculture","Invasive","Dipsacus fullonum",2026-01-22 18:30:31.462679
"Bromus tectorum","Cheatgrass","NM","Class C","New Mexico Dept of Agriculture","Invasive","Bromus tectorum",2026-01-22 18:30:31.462679
"Potamogeton crispus","Curlyleaf pondweed","NM","Class C","New Mexico Dept of Agriculture","Invasive","Potamogeton crispus",2026-01-22 18:30:31.462679
"Myriophyllum spicatum","Eurasian watermilfoil","NM","Class C","New Mexico Dept of Agriculture","Invasive","Myriophyllum spicatum",2026-01-22 18:30:31.462679
"Arundo donax","Giant cane","NM","Class C","New Mexico Dept of Agriculture","Invasive","Arundo donax",2026-01-22 18:30:31.462679
"Hydrilla verticillata","Hydrilla","NM","Class C","New Mexico Dept of Agriculture","Invasive","Hydrilla verticillata",2026-01-22 18:30:31.462679
"Aegilops cylindrica","Jointed goatgrass","NM","Class C","New Mexico Dept of Agriculture","Invasive","Aegilops cylindrica",2026-01-22 18:30:31.462679
"Carduus nutans","Musk thistle","NM","Class C","New Mexico Dept of Agriculture","Invasive","Carduus nutans",2026-01-22 18:30:31.462679
"Myriophyllum aquaticum","Parrotfeather","NM","Class C","New Mexico Dept of Agriculture","Invasive","Myriophyllum aquaticum",2026-01-22 18:30:31.462679
"Acroptilon repens","Russian knapweed","NM","Class C","New Mexico Dept of Agriculture","Invasive","Acroptilon repens",2026-01-22 18:30:31.462679
"Elaeagnus angustifolia","Russian olive","NM","Class C","New Mexico Dept of Agriculture","Invasive","Elaeagnus angustifolia",2026-01-22 18:30:31.462679
"Tamarix ramosissima","Saltcedar","NM","Class C","New Mexico Dept of Agriculture","Invasive","Tamarix ramosissima",2026-01-22 18:30:31.462679
"Ulmus pumila","Siberian elm","NM","Class C","New Mexico Dept of Agriculture","Invasive","Ulmus pumila",2026-01-22 18:30:31.462679
"Ailanthus altissima","Tree of heaven","NM","Class C","New Mexico Dept of Agriculture","Invasive","Ailanthus altissima",2026-01-22 18:30:31.462679
"Cirsium arvense","Canada thistle","AZ","Prohibited","Arizona Dept of Agriculture","Invasive","Cirsium arvense",2026-01-22 18:30:31.462679
"Convolvulus arvensis","Field bindweed","AZ","Prohibited","Arizona Dept of Agriculture","Invasive","Convolvulus arvensis",2026-01-22 18:30:31.462679
"Sorghum halepense","Johnsongrass","AZ","Prohibited","Arizona Dept of Agriculture","Invasive","Sorghum halepense",2026-01-22 18:30:31.462679
"Centaurea solstitialis","Yellow starthistle","AZ","Prohibited","Arizona Dept of Agriculture","Invasive","Centaurea solstitialis",2026-01-22 18:30:31.462679
"Centaurea calcitrapa","Purple starthistle","AZ","Prohibited","Arizona Dept of Agriculture","Invasive","Centaurea calcitrapa",2026-01-22 18:30:31.462679
"Centaurea stoebe","Spotted knapweed","AZ","Prohibited","Arizona Dept of Agriculture","Invasive","Centaurea stoebe",2026-01-22 18:30:31.462679
"Centaurea diffusa","Diffuse knapweed","AZ","Prohibited","Arizona Dept of Agriculture","Invasive","Centaurea diffusa",2026-01-22 18:30:31.462679
"Acroptilon repens","Russian knapweed","AZ","Prohibited","Arizona Dept of Agriculture","Invasive","Acroptilon repens",2026-01-22 18:30:31.462679
"Cardaria draba","Hoary cress","AZ","Prohibited","Arizona Dept of Agriculture","Invasive","Cardaria draba",2026-01-22 18:30:31.462679
"Euphorbia esula","Leafy spurge","AZ","Prohibited","Arizona Dept of Agriculture","Invasive","Euphorbia esula",2026-01-22 18:30:31.462679
"Halogeton glomeratus","Halogeton","AZ","Prohibited","Arizona Dept of Agriculture","Invasive","Halogeton glomeratus",2026-01-22 18:30:31.462679
"Isatis tinctoria","Dyers woad","AZ","Prohibited","Arizona Dept of Agriculture","Invasive","Isatis tinctoria",2026-01-22 18:30:31.462679
"Onopordum acanthium","Scotch thistle","AZ","Prohibited","Arizona Dept of Agriculture","Invasive","Onopordum acanthium",2026-01-22 18:30:31.462679
"Cirsium vulgare","Bull thistle","AZ","Prohibited","Arizona Dept of Agriculture","Invasive","Cirsium vulgare",2026-01-22 18:30:31.462679
"Carduus nutans","Musk thistle","AZ","Prohibited","Arizona Dept of Agriculture","Invasive","Carduus nutans",2026-01-22 18:30:31.462679
"Sonchus arvensis","Perennial sowthistle","AZ","Prohibited","Arizona Dept of Agriculture","Invasive","Sonchus arvensis",2026-01-22 18:30:31.462679
"Peganum harmala","African rue","AZ","Prohibited","Arizona Dept of Agriculture","Invasive","Peganum harmala",2026-01-22 18:30:31.462679
"Alhagi maurorum","Camelthorn","AZ","Prohibited","Arizona Dept of Agriculture","Invasive","Alhagi maurorum",2026-01-22 18:30:31.462679
"Elymus repens","Quackgrass","AZ","Prohibited","Arizona Dept of Agriculture","Invasive","Elymus repens",2026-01-22 18:30:31.462679
"Hydrilla verticillata","Hydrilla","AZ","Prohibited","Arizona Dept of Agriculture","Invasive","Hydrilla verticillata",2026-01-22 18:30:31.462679
"Salvinia molesta","Giant salvinia","AZ","Prohibited","Arizona Dept of Agriculture","Invasive","Salvinia molesta",2026-01-22 18:30:31.462679
"Arundo donax","Giant reed","AZ","Prohibited","Arizona Dept of Agriculture","Invasive","Arundo donax",2026-01-22 18:30:31.462679
"Tamarix ramosissima","Saltcedar","AZ","Prohibited","Arizona Dept of Agriculture","Invasive","Tamarix ramosissima",2026-01-22 18:30:31.462679
"Ailanthus altissima","Tree of heaven","AZ","Prohibited","Arizona Dept of Agriculture","Invasive","Ailanthus altissima",2026-01-22 18:30:31.462679
"Pennisetum setaceum","Fountaingrass","AZ","Prohibited","Arizona Dept of Agriculture","Invasive","Pennisetum setaceum",2026-01-22 18:30:31.462679
"Bromus tectorum","Cheatgrass","AZ","Prohibited","Arizona Dept of Agriculture","Invasive","Bromus tectorum",2026-01-22 18:30:31.462679
"Tribulus terrestris","Puncturevine","AZ","Prohibited","Arizona Dept of Agriculture","Invasive","Tribulus terrestris",2026-01-22 18:30:31.462679
"Ailanthus altissima","Tree of heaven","GA","Category 1","Georgia Exotic Pest Plant Council","Invasive","Ailanthus altissima",2026-01-22 18:30:31.462679
"Albizia julibrissin","Mimosa","GA","Category 1","Georgia Exotic Pest Plant Council","Invasive","Albizia julibrissin",2026-01-22 18:30:31.462679
"Alternanthera philoxeroides","Alligatorweed","GA","Category 1","Georgia Exotic Pest Plant Council","Invasive","Alternanthera philoxeroides",2026-01-22 18:30:31.462679
"Eichhornia crassipes","Water hyacinth","GA","Category 1","Georgia Exotic Pest Plant Council","Invasive","Eichhornia crassipes",2026-01-22 18:30:31.462679
"Elaeagnus umbellata","Autumn olive","GA","Category 1","Georgia Exotic Pest Plant Council","Invasive","Elaeagnus umbellata",2026-01-22 18:30:31.462679
"Elaeagnus pungens","Thorny olive","GA","Category 1","Georgia Exotic Pest Plant Council","Invasive","Elaeagnus pungens",2026-01-22 18:30:31.462679
"Hydrilla verticillata","Hydrilla","GA","Category 1","Georgia Exotic Pest Plant Council","Invasive","Hydrilla verticillata",2026-01-22 18:30:31.462679
"Ligustrum sinense","Chinese privet","GA","Category 1","Georgia Exotic Pest Plant Council","Invasive","Ligustrum sinense",2026-01-22 18:30:31.462679
"Ligustrum lucidum","Glossy privet","GA","Category 1","Georgia Exotic Pest Plant Council","Invasive","Ligustrum lucidum",2026-01-22 18:30:31.462679
"Ligustrum japonicum","Japanese privet","GA","Category 1","Georgia Exotic Pest Plant Council","Invasive","Ligustrum japonicum",2026-01-22 18:30:31.462679
"Lonicera japonica","Japanese honeysuckle","GA","Category 1","Georgia Exotic Pest Plant Council","Invasive","Lonicera japonica",2026-01-22 18:30:31.462679
"Lonicera fragrantissima","Winter honeysuckle","GA","Category 1","Georgia Exotic Pest Plant Council","Invasive","Lonicera fragrantissima",2026-01-22 18:30:31.462679
"Lygodium japonicum","Japanese climbing fern","GA","Category 1","Georgia Exotic Pest Plant Council","Invasive","Lygodium japonicum",2026-01-22 18:30:31.462679
"Melia azedarach","Chinaberrytree","GA","Category 1","Georgia Exotic Pest Plant Council","Invasive","Melia azedarach",2026-01-22 18:30:31.462679
"Microstegium vimineum","Japanese stiltgrass","GA","Category 1","Georgia Exotic Pest Plant Council","Invasive","Microstegium vimineum",2026-01-22 18:30:31.462679
"Murdannia keisak","Marsh dewflower","GA","Category 1","Georgia Exotic Pest Plant Council","Invasive","Murdannia keisak",2026-01-22 18:30:31.462679
"Paulownia tomentosa","Princess tree","GA","Category 1","Georgia Exotic Pest Plant Council","Invasive","Paulownia tomentosa",2026-01-22 18:30:31.462679
"Pueraria montana","Kudzu","GA","Category 1","Georgia Exotic Pest Plant Council","Invasive","Pueraria montana",2026-01-22 18:30:31.462679
"Rosa multiflora","Multiflora rose","GA","Category 1","Georgia Exotic Pest Plant Council","Invasive","Rosa multiflora",2026-01-22 18:30:31.462679
"Triadica sebifera","Chinese tallow","GA","Category 1","Georgia Exotic Pest Plant Council","Invasive","Triadica sebifera",2026-01-22 18:30:31.462679
"Wisteria sinensis","Chinese wisteria","GA","Category 1","Georgia Exotic Pest Plant Council","Invasive","Wisteria sinensis",2026-01-22 18:30:31.462679
"Albizia lebbeck","Womans tongue","GA","Category 2","Georgia Exotic Pest Plant Council","Invasive","Albizia lebbeck",2026-01-22 18:30:31.462679
"Broussonetia papyrifera","Paper mulberry","GA","Category 2","Georgia Exotic Pest Plant Council","Invasive","Broussonetia papyrifera",2026-01-22 18:30:31.462679
"Celastrus orbiculatus","Oriental bittersweet","GA","Category 2","Georgia Exotic Pest Plant Council","Invasive","Celastrus orbiculatus",2026-01-22 18:30:31.462679
"Cinnamomum camphora","Camphortree","GA","Category 2","Georgia Exotic Pest Plant Council","Invasive","Cinnamomum camphora",2026-01-22 18:30:31.462679
"Dioscorea bulbifera","Air potato","GA","Category 2","Georgia Exotic Pest Plant Council","Invasive","Dioscorea bulbifera",2026-01-22 18:30:31.462679
"Firmiana simplex","Chinese parasoltree","GA","Category 2","Georgia Exotic Pest Plant Council","Invasive","Firmiana simplex",2026-01-22 18:30:31.462679
"Hedera helix","English ivy","GA","Category 2","Georgia Exotic Pest Plant Council","Invasive","Hedera helix",2026-01-22 18:30:31.462679
"Imperata cylindrica","Cogongrass","GA","Category 2","Georgia Exotic Pest Plant Council","Invasive","Imperata cylindrica",2026-01-22 18:30:31.462679
"Lespedeza cuneata","Sericea lespedeza","GA","Category 2","Georgia Exotic Pest Plant Council","Invasive","Lespedeza cuneata",2026-01-22 18:30:31.462679
"Nandina domestica","Sacred bamboo","GA","Category 2","Georgia Exotic Pest Plant Council","Invasive","Nandina domestica",2026-01-22 18:30:31.462679
"Phyllostachys aurea","Golden bamboo","GA","Category 2","Georgia Exotic Pest Plant Council","Invasive","Phyllostachys aurea",2026-01-22 18:30:31.462679
"Pyrus calleryana","Callery pear","GA","Category 2","Georgia Exotic Pest Plant Council","Invasive","Pyrus calleryana",2026-01-22 18:30:31.462679
"Spiraea japonica","Japanese spiraea","GA","Category 2","Georgia Exotic Pest Plant Council","Invasive","Spiraea japonica",2026-01-22 18:30:31.462679
"Vinca minor","Common periwinkle","GA","Category 2","Georgia Exotic Pest Plant Council","Invasive","Vinca minor",2026-01-22 18:30:31.462679
"Ailanthus altissima","Tree of heaven","NC","Rank 1","NC Native Plant Society Invasive Exotic List","Invasive","Ailanthus altissima",2026-01-22 18:30:31.462679
"Albizia julibrissin","Mimosa","NC","Rank 1","NC Native Plant Society Invasive Exotic List","Invasive","Albizia julibrissin",2026-01-22 18:30:31.462679
"Alliaria petiolata","Garlic mustard","NC","Rank 1","NC Native Plant Society Invasive Exotic List","Invasive","Alliaria petiolata",2026-01-22 18:30:31.462679
"Alternanthera philoxeroides","Alligatorweed","NC","Rank 1","NC Native Plant Society Invasive Exotic List","Invasive","Alternanthera philoxeroides",2026-01-22 18:30:31.462679
"Ampelopsis glandulosa","Porcelain-berry","NC","Rank 1","NC Native Plant Society Invasive Exotic List","Invasive","Ampelopsis glandulosa",2026-01-22 18:30:31.462679
"Celastrus orbiculatus","Oriental bittersweet","NC","Rank 1","NC Native Plant Society Invasive Exotic List","Invasive","Celastrus orbiculatus",2026-01-22 18:30:31.462679
"Dioscorea polystachya","Chinese yam","NC","Rank 1","NC Native Plant Society Invasive Exotic List","Invasive","Dioscorea polystachya",2026-01-22 18:30:31.462679
"Elaeagnus umbellata","Autumn olive","NC","Rank 1","NC Native Plant Society Invasive Exotic List","Invasive","Elaeagnus umbellata",2026-01-22 18:30:31.462679
"Ficaria verna","Lesser celandine","NC","Rank 1","NC Native Plant Society Invasive Exotic List","Invasive","Ficaria verna",2026-01-22 18:30:31.462679
"Hedera helix","English ivy","NC","Rank 1","NC Native Plant Society Invasive Exotic List","Invasive","Hedera helix",2026-01-22 18:30:31.462679
"Humulus scandens","Japanese hops","NC","Rank 1","NC Native Plant Society Invasive Exotic List","Invasive","Humulus scandens",2026-01-22 18:30:31.462679
"Hydrilla verticillata","Hydrilla","NC","Rank 1","NC Native Plant Society Invasive Exotic List","Invasive","Hydrilla verticillata",2026-01-22 18:30:31.462679
"Lespedeza bicolor","Bicolor lespedeza","NC","Rank 1","NC Native Plant Society Invasive Exotic List","Invasive","Lespedeza bicolor",2026-01-22 18:30:31.462679
"Lespedeza cuneata","Sericea lespedeza","NC","Rank 1","NC Native Plant Society Invasive Exotic List","Invasive","Lespedeza cuneata",2026-01-22 18:30:31.462679
"Ligustrum japonicum","Japanese privet","NC","Rank 1","NC Native Plant Society Invasive Exotic List","Invasive","Ligustrum japonicum",2026-01-22 18:30:31.462679
"Ligustrum lucidum","Glossy privet","NC","Rank 1","NC Native Plant Society Invasive Exotic List","Invasive","Ligustrum lucidum",2026-01-22 18:30:31.462679
"Ligustrum sinense","Chinese privet","NC","Rank 1","NC Native Plant Society Invasive Exotic List","Invasive","Ligustrum sinense",2026-01-22 18:30:31.462679
"Lonicera japonica","Japanese honeysuckle","NC","Rank 1","NC Native Plant Society Invasive Exotic List","Invasive","Lonicera japonica",2026-01-22 18:30:31.462679
"Microstegium vimineum","Japanese stiltgrass","NC","Rank 1","NC Native Plant Society Invasive Exotic List","Invasive","Microstegium vimineum",2026-01-22 18:30:31.462679
"Miscanthus sinensis","Chinese silvergrass","NC","Rank 1","NC Native Plant Society Invasive Exotic List","Invasive","Miscanthus sinensis",2026-01-22 18:30:31.462679
"Murdannia keisak","Marsh dewflower","NC","Rank 1","NC Native Plant Society Invasive Exotic List","Invasive","Murdannia keisak",2026-01-22 18:30:31.462679
"Myriophyllum aquaticum","Parrotfeather","NC","Rank 1","NC Native Plant Society Invasive Exotic List","Invasive","Myriophyllum aquaticum",2026-01-22 18:30:31.462679
"Paulownia tomentosa","Princess tree","NC","Rank 1","NC Native Plant Society Invasive Exotic List","Invasive","Paulownia tomentosa",2026-01-22 18:30:31.462679
"Persicaria perfoliata","Mile-a-minute vine","NC","Rank 1","NC Native Plant Society Invasive Exotic List","Invasive","Persicaria perfoliata",2026-01-22 18:30:31.462679
"Phragmites australis","Common reed","NC","Rank 1","NC Native Plant Society Invasive Exotic List","Invasive","Phragmites australis",2026-01-22 18:30:31.462679
"Pueraria montana","Kudzu","NC","Rank 1","NC Native Plant Society Invasive Exotic List","Invasive","Pueraria montana",2026-01-22 18:30:31.462679
"Pyrus calleryana","Callery pear","NC","Rank 1","NC Native Plant Society Invasive Exotic List","Invasive","Pyrus calleryana",2026-01-22 18:30:31.462679
"Reynoutria japonica","Japanese knotweed","NC","Rank 1","NC Native Plant Society Invasive Exotic List","Invasive","Reynoutria japonica",2026-01-22 18:30:31.462679
"Rosa multiflora","Multiflora rose","NC","Rank 1","NC Native Plant Society Invasive Exotic List","Invasive","Rosa multiflora",2026-01-22 18:30:31.462679
"Salvinia molesta","Giant salvinia","NC","Rank 1","NC Native Plant Society Invasive Exotic List","Invasive","Salvinia molesta",2026-01-22 18:30:31.462679
"Spiraea japonica","Japanese spiraea","NC","Rank 1","NC Native Plant Society Invasive Exotic List","Invasive","Spiraea japonica",2026-01-22 18:30:31.462679
"Wisteria sinensis","Chinese wisteria","NC","Rank 1","NC Native Plant Society Invasive Exotic List","Invasive","Wisteria sinensis",2026-01-22 18:30:31.462679
"Akebia quinata","Five-leaf akebia","NC","Rank 2","NC Native Plant Society Invasive Exotic List","Invasive","Akebia quinata",2026-01-22 18:30:31.462679
"Berberis thunbergii","Japanese barberry","NC","Rank 2","NC Native Plant Society Invasive Exotic List","Invasive","Berberis thunbergii",2026-01-22 18:30:31.462679
"Broussonetia papyrifera","Paper mulberry","NC","Rank 2","NC Native Plant Society Invasive Exotic List","Invasive","Broussonetia papyrifera",2026-01-22 18:30:31.462679
"Buddleja davidii","Butterfly bush","NC","Rank 2","NC Native Plant Society Invasive Exotic List","Invasive","Buddleja davidii",2026-01-22 18:30:31.462679
"Centaurea stoebe","Spotted knapweed","NC","Rank 2","NC Native Plant Society Invasive Exotic List","Invasive","Centaurea stoebe",2026-01-22 18:30:31.462679
"Cirsium arvense","Canada thistle","NC","Rank 2","NC Native Plant Society Invasive Exotic List","Invasive","Cirsium arvense",2026-01-22 18:30:31.462679
"Clematis terniflora","Sweet autumn clematis","NC","Rank 2","NC Native Plant Society Invasive Exotic List","Invasive","Clematis terniflora",2026-01-22 18:30:31.462679
"Cytisus scoparius","Scotch broom","NC","Rank 2","NC Native Plant Society Invasive Exotic List","Invasive","Cytisus scoparius",2026-01-22 18:30:31.462679
"Egeria densa","Brazilian elodea","NC","Rank 2","NC Native Plant Society Invasive Exotic List","Invasive","Egeria densa",2026-01-22 18:30:31.462679
"Elaeagnus angustifolia","Russian olive","NC","Rank 2","NC Native Plant Society Invasive Exotic List","Invasive","Elaeagnus angustifolia",2026-01-22 18:30:31.462679
"Elaeagnus pungens","Thorny olive","NC","Rank 2","NC Native Plant Society Invasive Exotic List","Invasive","Elaeagnus pungens",2026-01-22 18:30:31.462679
"Euonymus alatus","Burning bush","NC","Rank 2","NC Native Plant Society Invasive Exotic List","Invasive","Euonymus alatus",2026-01-22 18:30:31.462679
"Euonymus fortunei","Wintercreeper","NC","Rank 2","NC Native Plant Society Invasive Exotic List","Invasive","Euonymus fortunei",2026-01-22 18:30:31.462679
"Imperata cylindrica","Cogongrass","NC","Rank 2","NC Native Plant Society Invasive Exotic List","Invasive","Imperata cylindrica",2026-01-22 18:30:31.462679
"Iris pseudacorus","Yellow flag iris","NC","Rank 2","NC Native Plant Society Invasive Exotic List","Invasive","Iris pseudacorus",2026-01-22 18:30:31.462679
"Lonicera maackii","Amur honeysuckle","NC","Rank 2","NC Native Plant Society Invasive Exotic List","Invasive","Lonicera maackii",2026-01-22 18:30:31.462679
"Lonicera morrowii","Morrows honeysuckle","NC","Rank 2","NC Native Plant Society Invasive Exotic List","Invasive","Lonicera morrowii",2026-01-22 18:30:31.462679
"Lygodium japonicum","Japanese climbing fern","NC","Rank 2","NC Native Plant Society Invasive Exotic List","Invasive","Lygodium japonicum",2026-01-22 18:30:31.462679
"Lythrum salicaria","Purple loosestrife","NC","Rank 2","NC Native Plant Society Invasive Exotic List","Invasive","Lythrum salicaria",2026-01-22 18:30:31.462679
"Mahonia bealei","Leatherleaf mahonia","NC","Rank 2","NC Native Plant Society Invasive Exotic List","Invasive","Mahonia bealei",2026-01-22 18:30:31.462679
"Morus alba","White mulberry","NC","Rank 2","NC Native Plant Society Invasive Exotic List","Invasive","Morus alba",2026-01-22 18:30:31.462679
"Myriophyllum spicatum","Eurasian watermilfoil","NC","Rank 2","NC Native Plant Society Invasive Exotic List","Invasive","Myriophyllum spicatum",2026-01-22 18:30:31.462679
"Nandina domestica","Sacred bamboo","NC","Rank 2","NC Native Plant Society Invasive Exotic List","Invasive","Nandina domestica",2026-01-22 18:30:31.462679
"Phyllostachys aurea","Golden bamboo","NC","Rank 2","NC Native Plant Society Invasive Exotic List","Invasive","Phyllostachys aurea",2026-01-22 18:30:31.462679
"Rubus phoenicolasius","Wineberry","NC","Rank 2","NC Native Plant Society Invasive Exotic List","Invasive","Rubus phoenicolasius",2026-01-22 18:30:31.462679
"Solanum viarum","Tropical soda apple","NC","Rank 2","NC Native Plant Society Invasive Exotic List","Invasive","Solanum viarum",2026-01-22 18:30:31.462679
"Sorghum halepense","Johnsongrass","NC","Rank 2","NC Native Plant Society Invasive Exotic List","Invasive","Sorghum halepense",2026-01-22 18:30:31.462679
"Triadica sebifera","Chinese tallow","NC","Rank 2","NC Native Plant Society Invasive Exotic List","Invasive","Triadica sebifera",2026-01-22 18:30:31.462679
"Pueraria montana","Kudzu","SC","Invasive","SC Native Plant Society","Invasive","Pueraria montana",2026-01-22 18:30:31.462679
"Wisteria sinensis","Chinese wisteria","SC","Invasive","SC Native Plant Society","Invasive","Wisteria sinensis",2026-01-22 18:30:31.462679
"Lygodium japonicum","Japanese climbing fern","SC","Invasive","SC Native Plant Society","Invasive","Lygodium japonicum",2026-01-22 18:30:31.462679
"Imperata cylindrica","Cogongrass","SC","Invasive","SC Native Plant Society","Invasive","Imperata cylindrica",2026-01-22 18:30:31.462679
"Microstegium vimineum","Japanese stiltgrass","SC","Invasive","SC Native Plant Society","Invasive","Microstegium vimineum",2026-01-22 18:30:31.462679
"Ligustrum vulgare","Common privet","SC","Invasive","SC Native Plant Society","Invasive","Ligustrum vulgare",2026-01-22 18:30:31.462679
"Ligustrum sinense","Chinese privet","SC","Invasive","SC Native Plant Society","Invasive","Ligustrum sinense",2026-01-22 18:30:31.462679
"Ligustrum japonicum","Japanese privet","SC","Invasive","SC Native Plant Society","Invasive","Ligustrum japonicum",2026-01-22 18:30:31.462679
"Ligustrum lucidum","Glossy privet","SC","Invasive","SC Native Plant Society","Invasive","Ligustrum lucidum",2026-01-22 18:30:31.462679
"Nandina domestica","Sacred bamboo","SC","Invasive","SC Native Plant Society","Invasive","Nandina domestica",2026-01-22 18:30:31.462679
"Pyrus calleryana","Callery pear","SC","Invasive","SC Native Plant Society","Invasive","Pyrus calleryana",2026-01-22 18:30:31.462679
"Albizia julibrissin","Mimosa","SC","Invasive","SC Native Plant Society","Invasive","Albizia julibrissin",2026-01-22 18:30:31.462679
"Melia azedarach","Chinaberrytree","SC","Invasive","SC Native Plant Society","Invasive","Melia azedarach",2026-01-22 18:30:31.462679
"Triadica sebifera","Chinese tallow","SC","Invasive","SC Native Plant Society","Invasive","Triadica sebifera",2026-01-22 18:30:31.462679
"Elaeagnus umbellata","Autumn olive","SC","Invasive","SC Native Plant Society","Invasive","Elaeagnus umbellata",2026-01-22 18:30:31.462679
"Egeria densa","Brazilian elodea","SC","Invasive","SC Native Plant Society","Invasive","Egeria densa",2026-01-22 18:30:31.462679
"Eichhornia crassipes","Water hyacinth","SC","Invasive","SC Native Plant Society","Invasive","Eichhornia crassipes",2026-01-22 18:30:31.462679
"Hydrilla verticillata","Hydrilla","SC","Invasive","SC Native Plant Society","Invasive","Hydrilla verticillata",2026-01-22 18:30:31.462679
"Salvinia molesta","Giant salvinia","SC","Invasive","SC Native Plant Society","Invasive","Salvinia molesta",2026-01-22 18:30:31.462679
"Ludwigia peploides","Water primrose","SC","Invasive","SC Native Plant Society","Invasive","Ludwigia peploides",2026-01-22 18:30:31.462679
"Phragmites australis","Common reed","SC","Invasive","SC Native Plant Society","Invasive","Phragmites australis",2026-01-22 18:30:31.462679
"Alternanthera philoxeroides","Alligatorweed","SC","Invasive","SC Native Plant Society","Invasive","Alternanthera philoxeroides",2026-01-22 18:30:31.462679
"Ficaria verna","Fig buttercup","SC","Invasive","SC Native Plant Society","Invasive","Ficaria verna",2026-01-22 18:30:31.462679
"Lonicera japonica","Japanese honeysuckle","SC","Invasive","SC Native Plant Society","Invasive","Lonicera japonica",2026-01-22 18:30:31.462679
"Ailanthus altissima","Tree of heaven","VA","High","Virginia DCR Natural Heritage Program","Invasive-High","Ailanthus altissima",2026-01-22 18:30:31.462679
"Alliaria petiolata","Garlic mustard","VA","High","Virginia DCR Natural Heritage Program","Invasive-High","Alliaria petiolata",2026-01-22 18:30:31.462679
"Ampelopsis brevipedunculata","Porcelain berry","VA","High","Virginia DCR Natural Heritage Program","Invasive-High","Ampelopsis brevipedunculata",2026-01-22 18:30:31.462679
"Celastrus orbiculatus","Oriental bittersweet","VA","High","Virginia DCR Natural Heritage Program","Invasive-High","Celastrus orbiculatus",2026-01-22 18:30:31.462679
"Elaeagnus umbellata","Autumn olive","VA","High","Virginia DCR Natural Heritage Program","Invasive-High","Elaeagnus umbellata",2026-01-22 18:30:31.462679
"Euonymus fortunei","Wintercreeper","VA","High","Virginia DCR Natural Heritage Program","Invasive-High","Euonymus fortunei",2026-01-22 18:30:31.462679
"Ficaria verna","Lesser celandine","VA","High","Virginia DCR Natural Heritage Program","Invasive-High","Ficaria verna",2026-01-22 18:30:31.462679
"Hedera helix","English ivy","VA","High","Virginia DCR Natural Heritage Program","Invasive-High","Hedera helix",2026-01-22 18:30:31.462679
"Hydrilla verticillata","Hydrilla","VA","High","Virginia DCR Natural Heritage Program","Invasive-High","Hydrilla verticillata",2026-01-22 18:30:31.462679
"Lespedeza cuneata","Sericea lespedeza","VA","High","Virginia DCR Natural Heritage Program","Invasive-High","Lespedeza cuneata",2026-01-22 18:30:31.462679
"Ligustrum sinense","Chinese privet","VA","High","Virginia DCR Natural Heritage Program","Invasive-High","Ligustrum sinense",2026-01-22 18:30:31.462679
"Lonicera japonica","Japanese honeysuckle","VA","High","Virginia DCR Natural Heritage Program","Invasive-High","Lonicera japonica",2026-01-22 18:30:31.462679
"Lonicera maackii","Amur honeysuckle","VA","High","Virginia DCR Natural Heritage Program","Invasive-High","Lonicera maackii",2026-01-22 18:30:31.462679
"Lonicera morrowii","Morrows honeysuckle","VA","High","Virginia DCR Natural Heritage Program","Invasive-High","Lonicera morrowii",2026-01-22 18:30:31.462679
"Microstegium vimineum","Japanese stiltgrass","VA","High","Virginia DCR Natural Heritage Program","Invasive-High","Microstegium vimineum",2026-01-22 18:30:31.462679
"Miscanthus sinensis","Chinese silvergrass","VA","High","Virginia DCR Natural Heritage Program","Invasive-High","Miscanthus sinensis",2026-01-22 18:30:31.462679
"Murdannia keisak","Marsh dewflower","VA","High","Virginia DCR Natural Heritage Program","Invasive-High","Murdannia keisak",2026-01-22 18:30:31.462679
"Paulownia tomentosa","Princess tree","VA","High","Virginia DCR Natural Heritage Program","Invasive-High","Paulownia tomentosa",2026-01-22 18:30:31.462679
"Persicaria perfoliata","Mile-a-minute vine","VA","High","Virginia DCR Natural Heritage Program","Invasive-High","Persicaria perfoliata",2026-01-22 18:30:31.462679
"Phragmites australis","Common reed","VA","High","Virginia DCR Natural Heritage Program","Invasive-High","Phragmites australis",2026-01-22 18:30:31.462679
"Pueraria montana","Kudzu","VA","High","Virginia DCR Natural Heritage Program","Invasive-High","Pueraria montana",2026-01-22 18:30:31.462679
"Pyrus calleryana","Callery pear","VA","High","Virginia DCR Natural Heritage Program","Invasive-High","Pyrus calleryana",2026-01-22 18:30:31.462679
"Reynoutria japonica","Japanese knotweed","VA","High","Virginia DCR Natural Heritage Program","Invasive-High","Reynoutria japonica",2026-01-22 18:30:31.462679
"Rosa multiflora","Multiflora rose","VA","High","Virginia DCR Natural Heritage Program","Invasive-High","Rosa multiflora",2026-01-22 18:30:31.462679
"Wisteria sinensis","Chinese wisteria","VA","High","Virginia DCR Natural Heritage Program","Invasive-High","Wisteria sinensis",2026-01-22 18:30:31.462679
"Acer platanoides","Norway maple","VA","Medium","Virginia DCR Natural Heritage Program","Invasive","Acer platanoides",2026-01-22 18:30:31.462679
"Berberis thunbergii","Japanese barberry","VA","Medium","Virginia DCR Natural Heritage Program","Invasive","Berberis thunbergii",2026-01-22 18:30:31.462679
"Broussonetia papyrifera","Paper mulberry","VA","Medium","Virginia DCR Natural Heritage Program","Invasive","Broussonetia papyrifera",2026-01-22 18:30:31.462679
"Buddleja davidii","Butterfly bush","VA","Medium","Virginia DCR Natural Heritage Program","Invasive","Buddleja davidii",2026-01-22 18:30:31.462679
"Elaeagnus angustifolia","Russian olive","VA","Medium","Virginia DCR Natural Heritage Program","Invasive","Elaeagnus angustifolia",2026-01-22 18:30:31.462679
"Euonymus alatus","Burning bush","VA","Medium","Virginia DCR Natural Heritage Program","Invasive","Euonymus alatus",2026-01-22 18:30:31.462679
"Ligustrum obtusifolium","Border privet","VA","Medium","Virginia DCR Natural Heritage Program","Invasive","Ligustrum obtusifolium",2026-01-22 18:30:31.462679
"Lonicera tatarica","Tatarian honeysuckle","VA","Medium","Virginia DCR Natural Heritage Program","Invasive","Lonicera tatarica",2026-01-22 18:30:31.462679
"Lythrum salicaria","Purple loosestrife","VA","Medium","Virginia DCR Natural Heritage Program","Invasive","Lythrum salicaria",2026-01-22 18:30:31.462679
"Morus alba","White mulberry","VA","Medium","Virginia DCR Natural Heritage Program","Invasive","Morus alba",2026-01-22 18:30:31.462679
"Myriophyllum spicatum","Eurasian watermilfoil","VA","Medium","Virginia DCR Natural Heritage Program","Invasive","Myriophyllum spicatum",2026-01-22 18:30:31.462679
"Nandina domestica","Sacred bamboo","VA","Medium","Virginia DCR Natural Heritage Program","Invasive","Nandina domestica",2026-01-22 18:30:31.462679
"Spiraea japonica","Japanese spiraea","VA","Medium","Virginia DCR Natural Heritage Program","Invasive","Spiraea japonica",2026-01-22 18:30:31.462679
"Triadica sebifera","Chinese tallow","VA","Medium","Virginia DCR Natural Heritage Program","Invasive","Triadica sebifera",2026-01-22 18:30:31.462679
"Ulmus pumila","Siberian elm","VA","Medium","Virginia DCR Natural Heritage Program","Invasive","Ulmus pumila",2026-01-22 18:30:31.462679
"Cirsium arvense","Canada thistle","VA","Low","Virginia DCR Natural Heritage Program","Invasive-Low","Cirsium arvense",2026-01-22 18:30:31.462679
"Cirsium vulgare","Bull thistle","VA","Low","Virginia DCR Natural Heritage Program","Invasive-Low","Cirsium vulgare",2026-01-22 18:30:31.462679
"Conium maculatum","Poison hemlock","VA","Low","Virginia DCR Natural Heritage Program","Invasive-Low","Conium maculatum",2026-01-22 18:30:31.462679
"Dipsacus fullonum","Common teasel","VA","Low","Virginia DCR Natural Heritage Program","Invasive-Low","Dipsacus fullonum",2026-01-22 18:30:31.462679
"Lespedeza bicolor","Bicolor lespedeza","VA","Low","Virginia DCR Natural Heritage Program","Invasive-Low","Lespedeza bicolor",2026-01-22 18:30:31.462679
"Ailanthus altissima","Tree of heaven","TN","Severe Threat","Tennessee Exotic Pest Plant Council","Invasive","Ailanthus altissima",2026-01-22 18:30:31.462679
"Alliaria petiolata","Garlic mustard","TN","Severe Threat","Tennessee Exotic Pest Plant Council","Invasive","Alliaria petiolata",2026-01-22 18:30:31.462679
"Celastrus orbiculatus","Oriental bittersweet","TN","Severe Threat","Tennessee Exotic Pest Plant Council","Invasive","Celastrus orbiculatus",2026-01-22 18:30:31.462679
"Elaeagnus umbellata","Autumn olive","TN","Severe Threat","Tennessee Exotic Pest Plant Council","Invasive","Elaeagnus umbellata",2026-01-22 18:30:31.462679
"Euonymus alatus","Burning bush","TN","Severe Threat","Tennessee Exotic Pest Plant Council","Invasive","Euonymus alatus",2026-01-22 18:30:31.462679
"Euonymus fortunei","Wintercreeper","TN","Severe Threat","Tennessee Exotic Pest Plant Council","Invasive","Euonymus fortunei",2026-01-22 18:30:31.462679
"Lespedeza cuneata","Sericea lespedeza","TN","Severe Threat","Tennessee Exotic Pest Plant Council","Invasive","Lespedeza cuneata",2026-01-22 18:30:31.462679
"Ligustrum sinense","Chinese privet","TN","Severe Threat","Tennessee Exotic Pest Plant Council","Invasive","Ligustrum sinense",2026-01-22 18:30:31.462679
"Ligustrum vulgare","Common privet","TN","Severe Threat","Tennessee Exotic Pest Plant Council","Invasive","Ligustrum vulgare",2026-01-22 18:30:31.462679
"Lonicera japonica","Japanese honeysuckle","TN","Severe Threat","Tennessee Exotic Pest Plant Council","Invasive","Lonicera japonica",2026-01-22 18:30:31.462679
"Lonicera maackii","Amur honeysuckle","TN","Severe Threat","Tennessee Exotic Pest Plant Council","Invasive","Lonicera maackii",2026-01-22 18:30:31.462679
"Microstegium vimineum","Japanese stiltgrass","TN","Severe Threat","Tennessee Exotic Pest Plant Council","Invasive","Microstegium vimineum",2026-01-22 18:30:31.462679
"Paulownia tomentosa","Princess tree","TN","Severe Threat","Tennessee Exotic Pest Plant Council","Invasive","Paulownia tomentosa",2026-01-22 18:30:31.462679
"Pueraria montana","Kudzu","TN","Severe Threat","Tennessee Exotic Pest Plant Council","Invasive","Pueraria montana",2026-01-22 18:30:31.462679
"Rosa multiflora","Multiflora rose","TN","Severe Threat","Tennessee Exotic Pest Plant Council","Invasive","Rosa multiflora",2026-01-22 18:30:31.462679
"Albizia julibrissin","Mimosa","TN","Significant Threat","Tennessee Exotic Pest Plant Council","Invasive","Albizia julibrissin",2026-01-22 18:30:31.462679
"Broussonetia papyrifera","Paper mulberry","TN","Significant Threat","Tennessee Exotic Pest Plant Council","Invasive","Broussonetia papyrifera",2026-01-22 18:30:31.462679
"Dioscorea bulbifera","Air potato","TN","Significant Threat","Tennessee Exotic Pest Plant Council","Invasive","Dioscorea bulbifera",2026-01-22 18:30:31.462679
"Hedera helix","English ivy","TN","Significant Threat","Tennessee Exotic Pest Plant Council","Invasive","Hedera helix",2026-01-22 18:30:31.462679
"Hydrilla verticillata","Hydrilla","TN","Significant Threat","Tennessee Exotic Pest Plant Council","Invasive","Hydrilla verticillata",2026-01-22 18:30:31.462679
"Lygodium japonicum","Japanese climbing fern","TN","Significant Threat","Tennessee Exotic Pest Plant Council","Invasive","Lygodium japonicum",2026-01-22 18:30:31.462679
"Melia azedarach","Chinaberrytree","TN","Significant Threat","Tennessee Exotic Pest Plant Council","Invasive","Melia azedarach",2026-01-22 18:30:31.462679
"Miscanthus sinensis","Chinese silvergrass","TN","Significant Threat","Tennessee Exotic Pest Plant Council","Invasive","Miscanthus sinensis",2026-01-22 18:30:31.462679
"Myriophyllum spicatum","Eurasian watermilfoil","TN","Significant Threat","Tennessee Exotic Pest Plant Council","Invasive","Myriophyllum spicatum",2026-01-22 18:30:31.462679
"Nandina domestica","Sacred bamboo","TN","Significant Threat","Tennessee Exotic Pest Plant Council","Invasive","Nandina domestica",2026-01-22 18:30:31.462679
"Phragmites australis","Common reed","TN","Significant Threat","Tennessee Exotic Pest Plant Council","Invasive","Phragmites australis",2026-01-22 18:30:31.462679
"Pyrus calleryana","Callery pear","TN","Significant Threat","Tennessee Exotic Pest Plant Council","Invasive","Pyrus calleryana",2026-01-22 18:30:31.462679
"Reynoutria japonica","Japanese knotweed","TN","Significant Threat","Tennessee Exotic Pest Plant Council","Invasive","Reynoutria japonica",2026-01-22 18:30:31.462679
"Spiraea japonica","Japanese spiraea","TN","Significant Threat","Tennessee Exotic Pest Plant Council","Invasive","Spiraea japonica",2026-01-22 18:30:31.462679
"Triadica sebifera","Chinese tallow","TN","Significant Threat","Tennessee Exotic Pest Plant Council","Invasive","Triadica sebifera",2026-01-22 18:30:31.462679
"Vinca minor","Common periwinkle","TN","Significant Threat","Tennessee Exotic Pest Plant Council","Invasive","Vinca minor",2026-01-22 18:30:31.462679
"Wisteria floribunda","Japanese wisteria","TN","Significant Threat","Tennessee Exotic Pest Plant Council","Invasive","Wisteria floribunda",2026-01-22 18:30:31.462679
"Wisteria sinensis","Chinese wisteria","TN","Significant Threat","Tennessee Exotic Pest Plant Council","Invasive","Wisteria sinensis",2026-01-22 18:30:31.462679
"Imperata cylindrica","Cogongrass","TN","Alert","Tennessee Exotic Pest Plant Council","Watch","Imperata cylindrica",2026-01-22 18:30:31.462679
"Salvinia molesta","Giant salvinia","TN","Alert","Tennessee Exotic Pest Plant Council","Watch","Salvinia molesta",2026-01-22 18:30:31.462679
"Ailanthus altissima","Tree of heaven","NY","Tier 4","New York State Invasive Species Information","Invasive","Ailanthus altissima",2026-01-22 18:30:31.462679
"Alliaria petiolata","Garlic mustard","NY","Tier 4","New York State Invasive Species Information","Invasive","Alliaria petiolata",2026-01-22 18:30:31.462679
"Alnus glutinosa","European alder","NY","Tier 4","New York State Invasive Species Information","Invasive","Alnus glutinosa",2026-01-22 18:30:31.462679
"Ampelopsis glandulosa","Porcelain berry","NY","Tier 4","New York State Invasive Species Information","Invasive","Ampelopsis glandulosa",2026-01-22 18:30:31.462679
"Artemisia vulgaris","Mugwort","NY","Tier 4","New York State Invasive Species Information","Invasive","Artemisia vulgaris",2026-01-22 18:30:31.462679
"Berberis thunbergii","Japanese barberry","NY","Tier 4","New York State Invasive Species Information","Invasive","Berberis thunbergii",2026-01-22 18:30:31.462679
"Berberis vulgaris","Common barberry","NY","Tier 4","New York State Invasive Species Information","Invasive","Berberis vulgaris",2026-01-22 18:30:31.462679
"Bromus inermis","Smooth brome","NY","Tier 4","New York State Invasive Species Information","Invasive","Bromus inermis",2026-01-22 18:30:31.462679
"Butomus umbellatus","Flowering rush","NY","Tier 4","New York State Invasive Species Information","Invasive","Butomus umbellatus",2026-01-22 18:30:31.462679
"Carduus nutans","Musk thistle","NY","Tier 4","New York State Invasive Species Information","Invasive","Carduus nutans",2026-01-22 18:30:31.462679
"Celastrus orbiculatus","Oriental bittersweet","NY","Tier 4","New York State Invasive Species Information","Invasive","Celastrus orbiculatus",2026-01-22 18:30:31.462679
"Centaurea jacea","Brown knapweed","NY","Tier 4","New York State Invasive Species Information","Invasive","Centaurea jacea",2026-01-22 18:30:31.462679
"Centaurea nigra","Black knapweed","NY","Tier 4","New York State Invasive Species Information","Invasive","Centaurea nigra",2026-01-22 18:30:31.462679
"Centaurea stoebe","Spotted knapweed","NY","Tier 4","New York State Invasive Species Information","Invasive","Centaurea stoebe",2026-01-22 18:30:31.462679
"Cirsium arvense","Canada thistle","NY","Tier 4","New York State Invasive Species Information","Invasive","Cirsium arvense",2026-01-22 18:30:31.462679
"Cirsium vulgare","Bull thistle","NY","Tier 4","New York State Invasive Species Information","Invasive","Cirsium vulgare",2026-01-22 18:30:31.462679
"Clematis terniflora","Japanese clematis","NY","Tier 4","New York State Invasive Species Information","Invasive","Clematis terniflora",2026-01-22 18:30:31.462679
"Conium maculatum","Poison hemlock","NY","Tier 4","New York State Invasive Species Information","Invasive","Conium maculatum",2026-01-22 18:30:31.462679
"Convolvulus arvensis","Field bindweed","NY","Tier 4","New York State Invasive Species Information","Invasive","Convolvulus arvensis",2026-01-22 18:30:31.462679
"Crataegus monogyna","English hawthorn","NY","Tier 4","New York State Invasive Species Information","Invasive","Crataegus monogyna",2026-01-22 18:30:31.462679
"Aegopodium podagraria","Goutweed","NY","Tier 4","New York State Invasive Species Information","Invasive","Aegopodium podagraria",2026-01-22 18:30:31.462679
"Acer platanoides","Norway maple","NY","Tier 4","New York State Invasive Species Information","Invasive","Acer platanoides",2026-01-22 18:30:31.462679
"Acer pseudoplatanus","Sycamore maple","NY","Tier 4","New York State Invasive Species Information","Invasive","Acer pseudoplatanus",2026-01-22 18:30:31.462679
"Euonymus alatus","Burning bush","NY","Tier 4","New York State Invasive Species Information","Invasive","Euonymus alatus",2026-01-22 18:30:31.462679
"Euonymus fortunei","Wintercreeper","NY","Tier 4","New York State Invasive Species Information","Invasive","Euonymus fortunei",2026-01-22 18:30:31.462679
"Frangula alnus","Glossy buckthorn","NY","Tier 4","New York State Invasive Species Information","Invasive","Frangula alnus",2026-01-22 18:30:31.462679
"Hedera helix","English ivy","NY","Tier 4","New York State Invasive Species Information","Invasive","Hedera helix",2026-01-22 18:30:31.462679
"Hesperis matronalis","Dames rocket","NY","Tier 4","New York State Invasive Species Information","Invasive","Hesperis matronalis",2026-01-22 18:30:31.462679
"Lonicera japonica","Japanese honeysuckle","NY","Tier 4","New York State Invasive Species Information","Invasive","Lonicera japonica",2026-01-22 18:30:31.462679
"Lonicera maackii","Amur honeysuckle","NY","Tier 4","New York State Invasive Species Information","Invasive","Lonicera maackii",2026-01-22 18:30:31.462679
"Lonicera morrowii","Morrows honeysuckle","NY","Tier 4","New York State Invasive Species Information","Invasive","Lonicera morrowii",2026-01-22 18:30:31.462679
"Lonicera tatarica","Tatarian honeysuckle","NY","Tier 4","New York State Invasive Species Information","Invasive","Lonicera tatarica",2026-01-22 18:30:31.462679
"Lythrum salicaria","Purple loosestrife","NY","Tier 4","New York State Invasive Species Information","Invasive","Lythrum salicaria",2026-01-22 18:30:31.462679
"Microstegium vimineum","Japanese stiltgrass","NY","Tier 4","New York State Invasive Species Information","Invasive","Microstegium vimineum",2026-01-22 18:30:31.462679
"Myriophyllum spicatum","Eurasian watermilfoil","NY","Tier 4","New York State Invasive Species Information","Invasive","Myriophyllum spicatum",2026-01-22 18:30:31.462679
"Phragmites australis","Common reed","NY","Tier 4","New York State Invasive Species Information","Invasive","Phragmites australis",2026-01-22 18:30:31.462679
"Polygonum cuspidatum","Japanese knotweed","NY","Tier 4","New York State Invasive Species Information","Invasive","Polygonum cuspidatum",2026-01-22 18:30:31.462679
"Potamogeton crispus","Curly pondweed","NY","Tier 4","New York State Invasive Species Information","Invasive","Potamogeton crispus",2026-01-22 18:30:31.462679
"Rhamnus cathartica","Common buckthorn","NY","Tier 4","New York State Invasive Species Information","Invasive","Rhamnus cathartica",2026-01-22 18:30:31.462679
"Rosa multiflora","Multiflora rose","NY","Tier 4","New York State Invasive Species Information","Invasive","Rosa multiflora",2026-01-22 18:30:31.462679
"Trapa natans","Water chestnut","NY","Tier 4","New York State Invasive Species Information","Invasive","Trapa natans",2026-01-22 18:30:31.462679
"Akebia quinata","Chocolate vine","NY","Tier 3","New York State Invasive Species Information","Invasive","Akebia quinata",2026-01-22 18:30:31.462679
"Allium vineale","Wild garlic","NY","Tier 3","New York State Invasive Species Information","Invasive","Allium vineale",2026-01-22 18:30:31.462679
"Aralia elata","Japanese angelica","NY","Tier 3","New York State Invasive Species Information","Invasive","Aralia elata",2026-01-22 18:30:31.462679
"Arum italicum","Italian arum","NY","Tier 3","New York State Invasive Species Information","Invasive","Arum italicum",2026-01-22 18:30:31.462679
"Brachypodium sylvaticum","False brome","NY","Tier 3","New York State Invasive Species Information","Invasive","Brachypodium sylvaticum",2026-01-22 18:30:31.462679
"Cabomba caroliniana","Fanwort","NY","Tier 3","New York State Invasive Species Information","Invasive","Cabomba caroliniana",2026-01-22 18:30:31.462679
"Carex kobomugi","Japanese beach sedge","NY","Tier 3","New York State Invasive Species Information","Invasive","Carex kobomugi",2026-01-22 18:30:31.462679
"Centaurea montana","Perennial cornflower","NY","Tier 3","New York State Invasive Species Information","Invasive","Centaurea montana",2026-01-22 18:30:31.462679
"Cytisus scoparius","Scotch broom","NY","Tier 3","New York State Invasive Species Information","Invasive","Cytisus scoparius",2026-01-22 18:30:31.462679
"Ficaria verna","Lesser celandine","NY","Tier 3","New York State Invasive Species Information","Invasive","Ficaria verna",2026-01-22 18:30:31.462679
"Humulus japonicus","Japanese hops","NY","Tier 3","New York State Invasive Species Information","Invasive","Humulus japonicus",2026-01-22 18:30:31.462679
"Hydrilla verticillata","Hydrilla","NY","Tier 3","New York State Invasive Species Information","Invasive","Hydrilla verticillata",2026-01-22 18:30:31.462679
"Iris pseudacorus","Yellow flag iris","NY","Tier 3","New York State Invasive Species Information","Invasive","Iris pseudacorus",2026-01-22 18:30:31.462679
"Ligustrum obtusifolium","Border privet","NY","Tier 3","New York State Invasive Species Information","Invasive","Ligustrum obtusifolium",2026-01-22 18:30:31.462679
"Nandina domestica","Sacred bamboo","NY","Tier 3","New York State Invasive Species Information","Invasive","Nandina domestica",2026-01-22 18:30:31.462679
"Paulownia tomentosa","Princess tree","NY","Tier 3","New York State Invasive Species Information","Invasive","Paulownia tomentosa",2026-01-22 18:30:31.462679
"Persicaria perfoliata","Mile-a-minute","NY","Tier 3","New York State Invasive Species Information","Invasive","Persicaria perfoliata",2026-01-22 18:30:31.462679
"Pueraria montana","Kudzu","NY","Tier 3","New York State Invasive Species Information","Invasive","Pueraria montana",2026-01-22 18:30:31.462679
"Wisteria sinensis","Chinese wisteria","NY","Tier 3","New York State Invasive Species Information","Invasive","Wisteria sinensis",2026-01-22 18:30:31.462679
"Ailanthus altissima","Tree of heaven","PA","Severe Threat","Pennsylvania DCNR","Invasive","Ailanthus altissima",2026-01-22 18:30:31.462679
"Alliaria petiolata","Garlic mustard","PA","Severe Threat","Pennsylvania DCNR","Invasive","Alliaria petiolata",2026-01-22 18:30:31.462679
"Berberis thunbergii","Japanese barberry","PA","Severe Threat","Pennsylvania DCNR","Invasive","Berberis thunbergii",2026-01-22 18:30:31.462679
"Celastrus orbiculatus","Oriental bittersweet","PA","Severe Threat","Pennsylvania DCNR","Invasive","Celastrus orbiculatus",2026-01-22 18:30:31.462679
"Centaurea stoebe","Spotted knapweed","PA","Severe Threat","Pennsylvania DCNR","Invasive","Centaurea stoebe",2026-01-22 18:30:31.462679
"Elaeagnus umbellata","Autumn olive","PA","Severe Threat","Pennsylvania DCNR","Invasive","Elaeagnus umbellata",2026-01-22 18:30:31.462679
"Euonymus alatus","Burning bush","PA","Severe Threat","Pennsylvania DCNR","Invasive","Euonymus alatus",2026-01-22 18:30:31.462679
"Euonymus fortunei","Wintercreeper","PA","Severe Threat","Pennsylvania DCNR","Invasive","Euonymus fortunei",2026-01-22 18:30:31.462679
"Frangula alnus","Glossy buckthorn","PA","Severe Threat","Pennsylvania DCNR","Invasive","Frangula alnus",2026-01-22 18:30:31.462679
"Hedera helix","English ivy","PA","Severe Threat","Pennsylvania DCNR","Invasive","Hedera helix",2026-01-22 18:30:31.462679
"Lonicera japonica","Japanese honeysuckle","PA","Severe Threat","Pennsylvania DCNR","Invasive","Lonicera japonica",2026-01-22 18:30:31.462679
"Lonicera maackii","Amur honeysuckle","PA","Severe Threat","Pennsylvania DCNR","Invasive","Lonicera maackii",2026-01-22 18:30:31.462679
"Lonicera morrowii","Morrows honeysuckle","PA","Severe Threat","Pennsylvania DCNR","Invasive","Lonicera morrowii",2026-01-22 18:30:31.462679
"Lonicera tatarica","Tatarian honeysuckle","PA","Severe Threat","Pennsylvania DCNR","Invasive","Lonicera tatarica",2026-01-22 18:30:31.462679
"Lythrum salicaria","Purple loosestrife","PA","Severe Threat","Pennsylvania DCNR","Invasive","Lythrum salicaria",2026-01-22 18:30:31.462679
"Microstegium vimineum","Japanese stiltgrass","PA","Severe Threat","Pennsylvania DCNR","Invasive","Microstegium vimineum",2026-01-22 18:30:31.462679
"Miscanthus sinensis","Chinese silvergrass","PA","Severe Threat","Pennsylvania DCNR","Invasive","Miscanthus sinensis",2026-01-22 18:30:31.462679
"Myriophyllum spicatum","Eurasian watermilfoil","PA","Severe Threat","Pennsylvania DCNR","Invasive","Myriophyllum spicatum",2026-01-22 18:30:31.462679
"Persicaria perfoliata","Mile-a-minute vine","PA","Severe Threat","Pennsylvania DCNR","Invasive","Persicaria perfoliata",2026-01-22 18:30:31.462679
"Phragmites australis","Common reed","PA","Severe Threat","Pennsylvania DCNR","Invasive","Phragmites australis",2026-01-22 18:30:31.462679
"Polygonum cuspidatum","Japanese knotweed","PA","Severe Threat","Pennsylvania DCNR","Invasive","Polygonum cuspidatum",2026-01-22 18:30:31.462679
"Pyrus calleryana","Callery pear","PA","Severe Threat","Pennsylvania DCNR","Invasive","Pyrus calleryana",2026-01-22 18:30:31.462679
"Rhamnus cathartica","Common buckthorn","PA","Severe Threat","Pennsylvania DCNR","Invasive","Rhamnus cathartica",2026-01-22 18:30:31.462679
"Rosa multiflora","Multiflora rose","PA","Severe Threat","Pennsylvania DCNR","Invasive","Rosa multiflora",2026-01-22 18:30:31.462679
"Wisteria sinensis","Chinese wisteria","PA","Severe Threat","Pennsylvania DCNR","Invasive","Wisteria sinensis",2026-01-22 18:30:31.462679
"Acer platanoides","Norway maple","PA","Significant Threat","Pennsylvania DCNR","Invasive","Acer platanoides",2026-01-22 18:30:31.462679
"Aegopodium podagraria","Goutweed","PA","Significant Threat","Pennsylvania DCNR","Invasive","Aegopodium podagraria",2026-01-22 18:30:31.462679
"Ampelopsis brevipedunculata","Porcelain berry","PA","Significant Threat","Pennsylvania DCNR","Invasive","Ampelopsis brevipedunculata",2026-01-22 18:30:31.462679
"Cirsium arvense","Canada thistle","PA","Significant Threat","Pennsylvania DCNR","Invasive","Cirsium arvense",2026-01-22 18:30:31.462679
"Cirsium vulgare","Bull thistle","PA","Significant Threat","Pennsylvania DCNR","Invasive","Cirsium vulgare",2026-01-22 18:30:31.462679
"Ficaria verna","Lesser celandine","PA","Significant Threat","Pennsylvania DCNR","Invasive","Ficaria verna",2026-01-22 18:30:31.462679
"Humulus japonicus","Japanese hops","PA","Significant Threat","Pennsylvania DCNR","Invasive","Humulus japonicus",2026-01-22 18:30:31.462679
"Ligustrum obtusifolium","Border privet","PA","Significant Threat","Pennsylvania DCNR","Invasive","Ligustrum obtusifolium",2026-01-22 18:30:31.462679
"Ligustrum vulgare","Common privet","PA","Significant Threat","Pennsylvania DCNR","Invasive","Ligustrum vulgare",2026-01-22 18:30:31.462679
"Nandina domestica","Sacred bamboo","PA","Significant Threat","Pennsylvania DCNR","Invasive","Nandina domestica",2026-01-22 18:30:31.462679
"Paulownia tomentosa","Princess tree","PA","Significant Threat","Pennsylvania DCNR","Invasive","Paulownia tomentosa",2026-01-22 18:30:31.462679
"Pueraria montana","Kudzu","PA","Significant Threat","Pennsylvania DCNR","Invasive","Pueraria montana",2026-01-22 18:30:31.462679
"Spiraea japonica","Japanese spiraea","PA","Significant Threat","Pennsylvania DCNR","Invasive","Spiraea japonica",2026-01-22 18:30:31.462679
"Trapa natans","Water chestnut","PA","Significant Threat","Pennsylvania DCNR","Invasive","Trapa natans",2026-01-22 18:30:31.462679
"Vinca minor","Common periwinkle","PA","Significant Threat","Pennsylvania DCNR","Invasive","Vinca minor",2026-01-22 18:30:31.462679
"Aegopodium podagraria","Goutweed","MA","Invasive","Massachusetts Invasive Plant Advisory Group","Invasive","Aegopodium podagraria",2026-01-22 18:30:31.462679
"Acer platanoides","Norway maple","MA","Invasive","Massachusetts Invasive Plant Advisory Group","Invasive","Acer platanoides",2026-01-22 18:30:31.462679
"Ailanthus altissima","Tree of heaven","MA","Invasive","Massachusetts Invasive Plant Advisory Group","Invasive","Ailanthus altissima",2026-01-22 18:30:31.462679
"Berberis thunbergii","Japanese barberry","MA","Invasive","Massachusetts Invasive Plant Advisory Group","Invasive","Berberis thunbergii",2026-01-22 18:30:31.462679
"Berberis vulgaris","European barberry","MA","Invasive","Massachusetts Invasive Plant Advisory Group","Invasive","Berberis vulgaris",2026-01-22 18:30:31.462679
"Celastrus orbiculatus","Oriental bittersweet","MA","Invasive","Massachusetts Invasive Plant Advisory Group","Invasive","Celastrus orbiculatus",2026-01-22 18:30:31.462679
"Centaurea stoebe","Spotted knapweed","MA","Invasive","Massachusetts Invasive Plant Advisory Group","Invasive","Centaurea stoebe",2026-01-22 18:30:31.462679
"Cynanchum louiseae","Black swallowwort","MA","Invasive","Massachusetts Invasive Plant Advisory Group","Invasive","Cynanchum louiseae",2026-01-22 18:30:31.462679
"Elaeagnus umbellata","Autumn olive","MA","Invasive","Massachusetts Invasive Plant Advisory Group","Invasive","Elaeagnus umbellata",2026-01-22 18:30:31.462679
"Euonymus alatus","Burning bush","MA","Invasive","Massachusetts Invasive Plant Advisory Group","Invasive","Euonymus alatus",2026-01-22 18:30:31.462679
"Frangula alnus","Glossy buckthorn","MA","Invasive","Massachusetts Invasive Plant Advisory Group","Invasive","Frangula alnus",2026-01-22 18:30:31.462679
"Lonicera japonica","Japanese honeysuckle","MA","Invasive","Massachusetts Invasive Plant Advisory Group","Invasive","Lonicera japonica",2026-01-22 18:30:31.462679
"Lonicera maackii","Amur honeysuckle","MA","Invasive","Massachusetts Invasive Plant Advisory Group","Invasive","Lonicera maackii",2026-01-22 18:30:31.462679
"Lonicera morrowii","Morrows honeysuckle","MA","Invasive","Massachusetts Invasive Plant Advisory Group","Invasive","Lonicera morrowii",2026-01-22 18:30:31.462679
"Lonicera tatarica","Tatarian honeysuckle","MA","Invasive","Massachusetts Invasive Plant Advisory Group","Invasive","Lonicera tatarica",2026-01-22 18:30:31.462679
"Lythrum salicaria","Purple loosestrife","MA","Invasive","Massachusetts Invasive Plant Advisory Group","Invasive","Lythrum salicaria",2026-01-22 18:30:31.462679
"Myriophyllum spicatum","Eurasian watermilfoil","MA","Invasive","Massachusetts Invasive Plant Advisory Group","Invasive","Myriophyllum spicatum",2026-01-22 18:30:31.462679
"Phragmites australis","Common reed","MA","Invasive","Massachusetts Invasive Plant Advisory Group","Invasive","Phragmites australis",2026-01-22 18:30:31.462679
"Polygonum cuspidatum","Japanese knotweed","MA","Invasive","Massachusetts Invasive Plant Advisory Group","Invasive","Polygonum cuspidatum",2026-01-22 18:30:31.462679
"Rhamnus cathartica","Common buckthorn","MA","Invasive","Massachusetts Invasive Plant Advisory Group","Invasive","Rhamnus cathartica",2026-01-22 18:30:31.462679
"Rosa multiflora","Multiflora rose","MA","Invasive","Massachusetts Invasive Plant Advisory Group","Invasive","Rosa multiflora",2026-01-22 18:30:31.462679
"Alliaria petiolata","Garlic mustard","MA","Likely Invasive","Massachusetts Invasive Plant Advisory Group","Invasive","Alliaria petiolata",2026-01-22 18:30:31.462679
"Ampelopsis brevipedunculata","Porcelain berry","MA","Likely Invasive","Massachusetts Invasive Plant Advisory Group","Invasive","Ampelopsis brevipedunculata",2026-01-22 18:30:31.462679
"Cabomba caroliniana","Fanwort","MA","Likely Invasive","Massachusetts Invasive Plant Advisory Group","Invasive","Cabomba caroliniana",2026-01-22 18:30:31.462679
"Ficaria verna","Lesser celandine","MA","Likely Invasive","Massachusetts Invasive Plant Advisory Group","Invasive","Ficaria verna",2026-01-22 18:30:31.462679
"Hedera helix","English ivy","MA","Likely Invasive","Massachusetts Invasive Plant Advisory Group","Invasive","Hedera helix",2026-01-22 18:30:31.462679
"Iris pseudacorus","Yellow flag iris","MA","Likely Invasive","Massachusetts Invasive Plant Advisory Group","Invasive","Iris pseudacorus",2026-01-22 18:30:31.462679
"Ligustrum obtusifolium","Border privet","MA","Likely Invasive","Massachusetts Invasive Plant Advisory Group","Invasive","Ligustrum obtusifolium",2026-01-22 18:30:31.462679
"Ligustrum vulgare","Common privet","MA","Likely Invasive","Massachusetts Invasive Plant Advisory Group","Invasive","Ligustrum vulgare",2026-01-22 18:30:31.462679
"Microstegium vimineum","Japanese stiltgrass","MA","Likely Invasive","Massachusetts Invasive Plant Advisory Group","Invasive","Microstegium vimineum",2026-01-22 18:30:31.462679
"Pueraria montana","Kudzu","MA","Likely Invasive","Massachusetts Invasive Plant Advisory Group","Invasive","Pueraria montana",2026-01-22 18:30:31.462679
"Robinia pseudoacacia","Black locust","MA","Likely Invasive","Massachusetts Invasive Plant Advisory Group","Invasive","Robinia pseudoacacia",2026-01-22 18:30:31.462679
"Wisteria sinensis","Chinese wisteria","MA","Likely Invasive","Massachusetts Invasive Plant Advisory Group","Invasive","Wisteria sinensis",2026-01-22 18:30:31.462679
"Acer pseudoplatanus","Sycamore maple","MA","Potentially Invasive","Massachusetts Invasive Plant Advisory Group","Invasive","Acer pseudoplatanus",2026-01-22 18:30:31.462679
"Buddleja davidii","Butterfly bush","MA","Potentially Invasive","Massachusetts Invasive Plant Advisory Group","Invasive","Buddleja davidii",2026-01-22 18:30:31.462679
"Euonymus fortunei","Wintercreeper","MA","Potentially Invasive","Massachusetts Invasive Plant Advisory Group","Invasive","Euonymus fortunei",2026-01-22 18:30:31.462679
"Humulus japonicus","Japanese hops","MA","Potentially Invasive","Massachusetts Invasive Plant Advisory Group","Invasive","Humulus japonicus",2026-01-22 18:30:31.462679
"Nandina domestica","Sacred bamboo","MA","Potentially Invasive","Massachusetts Invasive Plant Advisory Group","Invasive","Nandina domestica",2026-01-22 18:30:31.462679
"Paulownia tomentosa","Princess tree","MA","Potentially Invasive","Massachusetts Invasive Plant Advisory Group","Invasive","Paulownia tomentosa",2026-01-22 18:30:31.462679
"Spiraea japonica","Japanese spiraea","MA","Potentially Invasive","Massachusetts Invasive Plant Advisory Group","Invasive","Spiraea japonica",2026-01-22 18:30:31.462679
"Aegopodium podagraria","Goutweed","NH","Prohibited","NH Dept of Agriculture Invasive Species","Invasive","Aegopodium podagraria",2026-01-22 18:30:31.462679
"Acer platanoides","Norway maple","NH","Prohibited","NH Dept of Agriculture Invasive Species","Invasive","Acer platanoides",2026-01-22 18:30:31.462679
"Berberis thunbergii","Japanese barberry","NH","Prohibited","NH Dept of Agriculture Invasive Species","Invasive","Berberis thunbergii",2026-01-22 18:30:31.462679
"Berberis vulgaris","European barberry","NH","Prohibited","NH Dept of Agriculture Invasive Species","Invasive","Berberis vulgaris",2026-01-22 18:30:31.462679
"Celastrus orbiculatus","Oriental bittersweet","NH","Prohibited","NH Dept of Agriculture Invasive Species","Invasive","Celastrus orbiculatus",2026-01-22 18:30:31.462679
"Elaeagnus umbellata","Autumn olive","NH","Prohibited","NH Dept of Agriculture Invasive Species","Invasive","Elaeagnus umbellata",2026-01-22 18:30:31.462679
"Euonymus alatus","Burning bush","NH","Prohibited","NH Dept of Agriculture Invasive Species","Invasive","Euonymus alatus",2026-01-22 18:30:31.462679
"Euonymus fortunei","Wintercreeper","NH","Prohibited","NH Dept of Agriculture Invasive Species","Invasive","Euonymus fortunei",2026-01-22 18:30:31.462679
"Frangula alnus","Glossy buckthorn","NH","Prohibited","NH Dept of Agriculture Invasive Species","Invasive","Frangula alnus",2026-01-22 18:30:31.462679
"Lonicera japonica","Japanese honeysuckle","NH","Prohibited","NH Dept of Agriculture Invasive Species","Invasive","Lonicera japonica",2026-01-22 18:30:31.462679
"Lonicera morrowii","Morrows honeysuckle","NH","Prohibited","NH Dept of Agriculture Invasive Species","Invasive","Lonicera morrowii",2026-01-22 18:30:31.462679
"Lonicera tatarica","Tatarian honeysuckle","NH","Prohibited","NH Dept of Agriculture Invasive Species","Invasive","Lonicera tatarica",2026-01-22 18:30:31.462679
"Lonicera x bella","Showy honeysuckle","NH","Prohibited","NH Dept of Agriculture Invasive Species","Invasive","Lonicera x",2026-01-22 18:30:31.462679
"Lonicera xylosteum","Dwarf honeysuckle","NH","Prohibited","NH Dept of Agriculture Invasive Species","Invasive","Lonicera xylosteum",2026-01-22 18:30:31.462679
"Lythrum salicaria","Purple loosestrife","NH","Prohibited","NH Dept of Agriculture Invasive Species","Invasive","Lythrum salicaria",2026-01-22 18:30:31.462679
"Myriophyllum heterophyllum","Variable watermilfoil","NH","Prohibited","NH Dept of Agriculture Invasive Species","Invasive","Myriophyllum heterophyllum",2026-01-22 18:30:31.462679
"Myriophyllum spicatum","Eurasian watermilfoil","NH","Prohibited","NH Dept of Agriculture Invasive Species","Invasive","Myriophyllum spicatum",2026-01-22 18:30:31.462679
"Phragmites australis","Common reed","NH","Prohibited","NH Dept of Agriculture Invasive Species","Invasive","Phragmites australis",2026-01-22 18:30:31.462679
"Polygonum cuspidatum","Japanese knotweed","NH","Prohibited","NH Dept of Agriculture Invasive Species","Invasive","Polygonum cuspidatum",2026-01-22 18:30:31.462679
"Rhamnus cathartica","Common buckthorn","NH","Prohibited","NH Dept of Agriculture Invasive Species","Invasive","Rhamnus cathartica",2026-01-22 18:30:31.462679
"Rosa multiflora","Multiflora rose","NH","Prohibited","NH Dept of Agriculture Invasive Species","Invasive","Rosa multiflora",2026-01-22 18:30:31.462679
"Acer pseudoplatanus","Sycamore maple","NH","Watch","NH Dept of Agriculture Invasive Species","Watch","Acer pseudoplatanus",2026-01-22 18:30:31.462679
"Alliaria petiolata","Garlic mustard","NH","Watch","NH Dept of Agriculture Invasive Species","Watch","Alliaria petiolata",2026-01-22 18:30:31.462679
"Ampelopsis brevipedunculata","Porcelain berry","NH","Watch","NH Dept of Agriculture Invasive Species","Watch","Ampelopsis brevipedunculata",2026-01-22 18:30:31.462679
"Cirsium arvense","Canada thistle","NH","Watch","NH Dept of Agriculture Invasive Species","Watch","Cirsium arvense",2026-01-22 18:30:31.462679
"Ficaria verna","Lesser celandine","NH","Watch","NH Dept of Agriculture Invasive Species","Watch","Ficaria verna",2026-01-22 18:30:31.462679
"Hedera helix","English ivy","NH","Watch","NH Dept of Agriculture Invasive Species","Watch","Hedera helix",2026-01-22 18:30:31.462679
"Iris pseudacorus","Yellow flag iris","NH","Watch","NH Dept of Agriculture Invasive Species","Watch","Iris pseudacorus",2026-01-22 18:30:31.462679
"Ligustrum obtusifolium","Border privet","NH","Watch","NH Dept of Agriculture Invasive Species","Watch","Ligustrum obtusifolium",2026-01-22 18:30:31.462679
"Ligustrum vulgare","Common privet","NH","Watch","NH Dept of Agriculture Invasive Species","Watch","Ligustrum vulgare",2026-01-22 18:30:31.462679
"Microstegium vimineum","Japanese stiltgrass","NH","Watch","NH Dept of Agriculture Invasive Species","Watch","Microstegium vimineum",2026-01-22 18:30:31.462679
"Paulownia tomentosa","Princess tree","NH","Watch","NH Dept of Agriculture Invasive Species","Watch","Paulownia tomentosa",2026-01-22 18:30:31.462679
"Pueraria montana","Kudzu","NH","Watch","NH Dept of Agriculture Invasive Species","Watch","Pueraria montana",2026-01-22 18:30:31.462679
"Spiraea japonica","Japanese spiraea","NH","Watch","NH Dept of Agriculture Invasive Species","Watch","Spiraea japonica",2026-01-22 18:30:31.462679
"Wisteria sinensis","Chinese wisteria","NH","Watch","NH Dept of Agriculture Invasive Species","Watch","Wisteria sinensis",2026-01-22 18:30:31.462679
"Lonicera maackii","Amur honeysuckle","IL","Exotic Weed","Illinois Exotic Weed Act / IDNR","Invasive","Lonicera maackii",2026-01-22 18:30:31.462679
"Lonicera morrowii","Morrows honeysuckle","IL","Exotic Weed","Illinois Exotic Weed Act / IDNR","Invasive","Lonicera morrowii",2026-01-22 18:30:31.462679
"Lonicera fragrantissima","Sweet breath of spring","IL","Exotic Weed","Illinois Exotic Weed Act / IDNR","Invasive","Lonicera fragrantissima",2026-01-22 18:30:31.462679
"Lonicera tatarica","Tatarian honeysuckle","IL","Exotic Weed","Illinois Exotic Weed Act / IDNR","Invasive","Lonicera tatarica",2026-01-22 18:30:31.462679
"Lonicera japonica","Japanese honeysuckle","IL","Exotic Weed","Illinois Exotic Weed Act / IDNR","Invasive","Lonicera japonica",2026-01-22 18:30:31.462679
"Rhamnus cathartica","Common buckthorn","IL","Exotic Weed","Illinois Exotic Weed Act / IDNR","Invasive","Rhamnus cathartica",2026-01-22 18:30:31.462679
"Frangula alnus","Glossy buckthorn","IL","Exotic Weed","Illinois Exotic Weed Act / IDNR","Invasive","Frangula alnus",2026-01-22 18:30:31.462679
"Rhamnus davurica","Dahurian buckthorn","IL","Exotic Weed","Illinois Exotic Weed Act / IDNR","Invasive","Rhamnus davurica",2026-01-22 18:30:31.462679
"Rhamnus japonica","Japanese buckthorn","IL","Exotic Weed","Illinois Exotic Weed Act / IDNR","Invasive","Rhamnus japonica",2026-01-22 18:30:31.462679
"Lythrum salicaria","Purple loosestrife","IL","Exotic Weed","Illinois Exotic Weed Act / IDNR","Invasive","Lythrum salicaria",2026-01-22 18:30:31.462679
"Alliaria petiolata","Garlic mustard","IL","Exotic Weed","Illinois Exotic Weed Act / IDNR","Invasive","Alliaria petiolata",2026-01-22 18:30:31.462679
"Cirsium arvense","Canada thistle","IL","Noxious Weed","Illinois Exotic Weed Act / IDNR","Invasive","Cirsium arvense",2026-01-22 18:30:31.462679
"Cirsium vulgare","Bull thistle","IL","Noxious Weed","Illinois Exotic Weed Act / IDNR","Invasive","Cirsium vulgare",2026-01-22 18:30:31.462679
"Carduus nutans","Musk thistle","IL","Noxious Weed","Illinois Exotic Weed Act / IDNR","Invasive","Carduus nutans",2026-01-22 18:30:31.462679
"Convolvulus arvensis","Field bindweed","IL","Noxious Weed","Illinois Exotic Weed Act / IDNR","Invasive","Convolvulus arvensis",2026-01-22 18:30:31.462679
"Sorghum halepense","Johnsongrass","IL","Noxious Weed","Illinois Exotic Weed Act / IDNR","Invasive","Sorghum halepense",2026-01-22 18:30:31.462679
"Rosa multiflora","Multiflora rose","IL","Noxious Weed","Illinois Exotic Weed Act / IDNR","Invasive","Rosa multiflora",2026-01-22 18:30:31.462679
"Ailanthus altissima","Tree of heaven","IL","Invasive","Illinois Exotic Weed Act / IDNR","Invasive","Ailanthus altissima",2026-01-22 18:30:31.462679
"Celastrus orbiculatus","Oriental bittersweet","IL","Invasive","Illinois Exotic Weed Act / IDNR","Invasive","Celastrus orbiculatus",2026-01-22 18:30:31.462679
"Elaeagnus umbellata","Autumn olive","IL","Invasive","Illinois Exotic Weed Act / IDNR","Invasive","Elaeagnus umbellata",2026-01-22 18:30:31.462679
"Euonymus alatus","Burning bush","IL","Invasive","Illinois Exotic Weed Act / IDNR","Invasive","Euonymus alatus",2026-01-22 18:30:31.462679
"Euonymus fortunei","Wintercreeper","IL","Invasive","Illinois Exotic Weed Act / IDNR","Invasive","Euonymus fortunei",2026-01-22 18:30:31.462679
"Microstegium vimineum","Japanese stiltgrass","IL","Invasive","Illinois Exotic Weed Act / IDNR","Invasive","Microstegium vimineum",2026-01-22 18:30:31.462679
"Phragmites australis","Common reed","IL","Invasive","Illinois Exotic Weed Act / IDNR","Invasive","Phragmites australis",2026-01-22 18:30:31.462679
"Polygonum cuspidatum","Japanese knotweed","IL","Invasive","Illinois Exotic Weed Act / IDNR","Invasive","Polygonum cuspidatum",2026-01-22 18:30:31.462679
"Pueraria montana","Kudzu","IL","Invasive","Illinois Exotic Weed Act / IDNR","Invasive","Pueraria montana",2026-01-22 18:30:31.462679
"Berberis thunbergii","Japanese barberry","IL","Invasive","Illinois Exotic Weed Act / IDNR","Invasive","Berberis thunbergii",2026-01-22 18:30:31.462679
"Acer platanoides","Norway maple","IL","Invasive","Illinois Exotic Weed Act / IDNR","Invasive","Acer platanoides",2026-01-22 18:30:31.462679
"Pyrus calleryana","Callery pear","IL","Invasive","Illinois Exotic Weed Act / IDNR","Invasive","Pyrus calleryana",2026-01-22 18:30:31.462679
"Miscanthus sinensis","Chinese silvergrass","IL","Invasive","Illinois Exotic Weed Act / IDNR","Invasive","Miscanthus sinensis",2026-01-22 18:30:31.462679
"Ailanthus altissima","Tree of heaven","IN","Regulated","Indiana DNR Terrestrial Plant Rule","Invasive","Ailanthus altissima",2026-01-22 18:30:31.462679
"Alliaria petiolata","Garlic mustard","IN","Regulated","Indiana DNR Terrestrial Plant Rule","Invasive","Alliaria petiolata",2026-01-22 18:30:31.462679
"Alnus glutinosa","Black alder","IN","Regulated","Indiana DNR Terrestrial Plant Rule","Invasive","Alnus glutinosa",2026-01-22 18:30:31.462679
"Artemisia vulgaris","Mugwort","IN","Regulated","Indiana DNR Terrestrial Plant Rule","Invasive","Artemisia vulgaris",2026-01-22 18:30:31.462679
"Arthraxon hispidus","Small carpgrass","IN","Regulated","Indiana DNR Terrestrial Plant Rule","Invasive","Arthraxon hispidus",2026-01-22 18:30:31.462679
"Berberis thunbergii","Japanese barberry","IN","Regulated","Indiana DNR Terrestrial Plant Rule","Invasive","Berberis thunbergii",2026-01-22 18:30:31.462679
"Carduus acanthoides","Spiny plumeless thistle","IN","Regulated","Indiana DNR Terrestrial Plant Rule","Invasive","Carduus acanthoides",2026-01-22 18:30:31.462679
"Carduus nutans","Musk thistle","IN","Regulated","Indiana DNR Terrestrial Plant Rule","Invasive","Carduus nutans",2026-01-22 18:30:31.462679
"Celastrus orbiculatus","Oriental bittersweet","IN","Regulated","Indiana DNR Terrestrial Plant Rule","Invasive","Celastrus orbiculatus",2026-01-22 18:30:31.462679
"Centaurea stoebe","Spotted knapweed","IN","Regulated","Indiana DNR Terrestrial Plant Rule","Invasive","Centaurea stoebe",2026-01-22 18:30:31.462679
"Cirsium vulgare","Bull thistle","IN","Regulated","Indiana DNR Terrestrial Plant Rule","Invasive","Cirsium vulgare",2026-01-22 18:30:31.462679
"Conium maculatum","Poison hemlock","IN","Regulated","Indiana DNR Terrestrial Plant Rule","Invasive","Conium maculatum",2026-01-22 18:30:31.462679
"Convolvulus arvensis","Field bindweed","IN","Regulated","Indiana DNR Terrestrial Plant Rule","Invasive","Convolvulus arvensis",2026-01-22 18:30:31.462679
"Coronilla varia","Crown vetch","IN","Regulated","Indiana DNR Terrestrial Plant Rule","Invasive","Coronilla varia",2026-01-22 18:30:31.462679
"Dioscorea polystachya","Chinese yam","IN","Regulated","Indiana DNR Terrestrial Plant Rule","Invasive","Dioscorea polystachya",2026-01-22 18:30:31.462679
"Dipsacus fullonum","Common teasel","IN","Regulated","Indiana DNR Terrestrial Plant Rule","Invasive","Dipsacus fullonum",2026-01-22 18:30:31.462679
"Dipsacus laciniatus","Cut-leaved teasel","IN","Regulated","Indiana DNR Terrestrial Plant Rule","Invasive","Dipsacus laciniatus",2026-01-22 18:30:31.462679
"Elaeagnus umbellata","Autumn olive","IN","Regulated","Indiana DNR Terrestrial Plant Rule","Invasive","Elaeagnus umbellata",2026-01-22 18:30:31.462679
"Euonymus fortunei","Wintercreeper","IN","Regulated","Indiana DNR Terrestrial Plant Rule","Invasive","Euonymus fortunei",2026-01-22 18:30:31.462679
"Euphorbia esula","Leafy spurge","IN","Regulated","Indiana DNR Terrestrial Plant Rule","Invasive","Euphorbia esula",2026-01-22 18:30:31.462679
"Frangula alnus","Glossy buckthorn","IN","Regulated","Indiana DNR Terrestrial Plant Rule","Invasive","Frangula alnus",2026-01-22 18:30:31.462679
"Hesperis matronalis","Dames rocket","IN","Regulated","Indiana DNR Terrestrial Plant Rule","Invasive","Hesperis matronalis",2026-01-22 18:30:31.462679
"Humulus japonicus","Japanese hops","IN","Regulated","Indiana DNR Terrestrial Plant Rule","Invasive","Humulus japonicus",2026-01-22 18:30:31.462679
"Lepidium latifolium","Perennial pepperweed","IN","Regulated","Indiana DNR Terrestrial Plant Rule","Invasive","Lepidium latifolium",2026-01-22 18:30:31.462679
"Lespedeza cuneata","Sericea lespedeza","IN","Regulated","Indiana DNR Terrestrial Plant Rule","Invasive","Lespedeza cuneata",2026-01-22 18:30:31.462679
"Lonicera japonica","Japanese honeysuckle","IN","Regulated","Indiana DNR Terrestrial Plant Rule","Invasive","Lonicera japonica",2026-01-22 18:30:31.462679
"Lonicera maackii","Amur honeysuckle","IN","Regulated","Indiana DNR Terrestrial Plant Rule","Invasive","Lonicera maackii",2026-01-22 18:30:31.462679
"Lonicera morrowii","Morrows honeysuckle","IN","Regulated","Indiana DNR Terrestrial Plant Rule","Invasive","Lonicera morrowii",2026-01-22 18:30:31.462679
"Lonicera tatarica","Tatarian honeysuckle","IN","Regulated","Indiana DNR Terrestrial Plant Rule","Invasive","Lonicera tatarica",2026-01-22 18:30:31.462679
"Lythrum salicaria","Purple loosestrife","IN","Regulated","Indiana DNR Terrestrial Plant Rule","Invasive","Lythrum salicaria",2026-01-22 18:30:31.462679
"Microstegium vimineum","Japanese stiltgrass","IN","Regulated","Indiana DNR Terrestrial Plant Rule","Invasive","Microstegium vimineum",2026-01-22 18:30:31.462679
"Phragmites australis","Common reed","IN","Regulated","Indiana DNR Terrestrial Plant Rule","Invasive","Phragmites australis",2026-01-22 18:30:31.462679
"Polygonum cuspidatum","Japanese knotweed","IN","Regulated","Indiana DNR Terrestrial Plant Rule","Invasive","Polygonum cuspidatum",2026-01-22 18:30:31.462679
"Pyrus calleryana","Callery pear","IN","Regulated","Indiana DNR Terrestrial Plant Rule","Invasive","Pyrus calleryana",2026-01-22 18:30:31.462679
"Rhamnus cathartica","Common buckthorn","IN","Regulated","Indiana DNR Terrestrial Plant Rule","Invasive","Rhamnus cathartica",2026-01-22 18:30:31.462679
"Rosa multiflora","Multiflora rose","IN","Regulated","Indiana DNR Terrestrial Plant Rule","Invasive","Rosa multiflora",2026-01-22 18:30:31.462679
"Miscanthus sinensis","Chinese silvergrass","IN","Regulated","Indiana DNR Terrestrial Plant Rule","Invasive","Miscanthus sinensis",2026-01-22 18:30:31.462679
"Paulownia tomentosa","Princess tree","IN","Regulated","Indiana DNR Terrestrial Plant Rule","Invasive","Paulownia tomentosa",2026-01-22 18:30:31.462679
"Pueraria montana","Kudzu","IN","Regulated","Indiana DNR Terrestrial Plant Rule","Invasive","Pueraria montana",2026-01-22 18:30:31.462679
"Myriophyllum spicatum","Eurasian watermilfoil","IN","Regulated","Indiana DNR Terrestrial Plant Rule","Invasive","Myriophyllum spicatum",2026-01-22 18:30:31.462679
"Phragmites australis","Common reed","MI","Prohibited","Michigan EGLE Invasive Species Program","Invasive","Phragmites australis",2026-01-22 18:30:31.462679
"Centaurea stoebe","Spotted knapweed","MI","Prohibited","Michigan EGLE Invasive Species Program","Invasive","Centaurea stoebe",2026-01-22 18:30:31.462679
"Lythrum salicaria","Purple loosestrife","MI","Prohibited","Michigan EGLE Invasive Species Program","Invasive","Lythrum salicaria",2026-01-22 18:30:31.462679
"Myriophyllum spicatum","Eurasian watermilfoil","MI","Prohibited","Michigan EGLE Invasive Species Program","Invasive","Myriophyllum spicatum",2026-01-22 18:30:31.462679
"Alliaria petiolata","Garlic mustard","MI","Prohibited","Michigan EGLE Invasive Species Program","Invasive","Alliaria petiolata",2026-01-22 18:30:31.462679
"Celastrus orbiculatus","Oriental bittersweet","MI","Prohibited","Michigan EGLE Invasive Species Program","Invasive","Celastrus orbiculatus",2026-01-22 18:30:31.462679
"Lonicera japonica","Japanese honeysuckle","MI","Prohibited","Michigan EGLE Invasive Species Program","Invasive","Lonicera japonica",2026-01-22 18:30:31.462679
"Lonicera maackii","Amur honeysuckle","MI","Prohibited","Michigan EGLE Invasive Species Program","Invasive","Lonicera maackii",2026-01-22 18:30:31.462679
"Lonicera morrowii","Morrows honeysuckle","MI","Prohibited","Michigan EGLE Invasive Species Program","Invasive","Lonicera morrowii",2026-01-22 18:30:31.462679
"Lonicera tatarica","Tatarian honeysuckle","MI","Prohibited","Michigan EGLE Invasive Species Program","Invasive","Lonicera tatarica",2026-01-22 18:30:31.462679
"Rhamnus cathartica","Common buckthorn","MI","Prohibited","Michigan EGLE Invasive Species Program","Invasive","Rhamnus cathartica",2026-01-22 18:30:31.462679
"Frangula alnus","Glossy buckthorn","MI","Prohibited","Michigan EGLE Invasive Species Program","Invasive","Frangula alnus",2026-01-22 18:30:31.462679
"Rosa multiflora","Multiflora rose","MI","Prohibited","Michigan EGLE Invasive Species Program","Invasive","Rosa multiflora",2026-01-22 18:30:31.462679
"Elaeagnus umbellata","Autumn olive","MI","Prohibited","Michigan EGLE Invasive Species Program","Invasive","Elaeagnus umbellata",2026-01-22 18:30:31.462679
"Berberis thunbergii","Japanese barberry","MI","Prohibited","Michigan EGLE Invasive Species Program","Invasive","Berberis thunbergii",2026-01-22 18:30:31.462679
"Euonymus alatus","Burning bush","MI","Prohibited","Michigan EGLE Invasive Species Program","Invasive","Euonymus alatus",2026-01-22 18:30:31.462679
"Ailanthus altissima","Tree of heaven","MI","Prohibited","Michigan EGLE Invasive Species Program","Invasive","Ailanthus altissima",2026-01-22 18:30:31.462679
"Polygonum cuspidatum","Japanese knotweed","MI","Prohibited","Michigan EGLE Invasive Species Program","Invasive","Polygonum cuspidatum",2026-01-22 18:30:31.462679
"Microstegium vimineum","Japanese stiltgrass","MI","Prohibited","Michigan EGLE Invasive Species Program","Invasive","Microstegium vimineum",2026-01-22 18:30:31.462679
"Hydrilla verticillata","Hydrilla","MI","Prohibited","Michigan EGLE Invasive Species Program","Invasive","Hydrilla verticillata",2026-01-22 18:30:31.462679
"Egeria densa","Brazilian elodea","MI","Prohibited","Michigan EGLE Invasive Species Program","Invasive","Egeria densa",2026-01-22 18:30:31.462679
"Cabomba caroliniana","Fanwort","MI","Prohibited","Michigan EGLE Invasive Species Program","Invasive","Cabomba caroliniana",2026-01-22 18:30:31.462679
"Potamogeton crispus","Curly pondweed","MI","Restricted","Michigan EGLE Invasive Species Program","Invasive-Low","Potamogeton crispus",2026-01-22 18:30:31.462679
"Cirsium arvense","Canada thistle","MI","Restricted","Michigan EGLE Invasive Species Program","Invasive-Low","Cirsium arvense",2026-01-22 18:30:31.462679
"Cirsium vulgare","Bull thistle","MI","Restricted","Michigan EGLE Invasive Species Program","Invasive-Low","Cirsium vulgare",2026-01-22 18:30:31.462679
"Carduus nutans","Musk thistle","MI","Restricted","Michigan EGLE Invasive Species Program","Invasive-Low","Carduus nutans",2026-01-22 18:30:31.462679
"Euphorbia esula","Leafy spurge","MI","Restricted","Michigan EGLE Invasive Species Program","Invasive-Low","Euphorbia esula",2026-01-22 18:30:31.462679
"Convolvulus arvensis","Field bindweed","MI","Restricted","Michigan EGLE Invasive Species Program","Invasive-Low","Convolvulus arvensis",2026-01-22 18:30:31.462679
"Sorghum halepense","Johnsongrass","MI","Restricted","Michigan EGLE Invasive Species Program","Invasive-Low","Sorghum halepense",2026-01-22 18:30:31.462679
"Hesperis matronalis","Dames rocket","MI","Restricted","Michigan EGLE Invasive Species Program","Invasive-Low","Hesperis matronalis",2026-01-22 18:30:31.462679
"Pyrus calleryana","Callery pear","MI","Restricted","Michigan EGLE Invasive Species Program","Invasive-Low","Pyrus calleryana",2026-01-22 18:30:31.462679
"Acer platanoides","Norway maple","MI","Restricted","Michigan EGLE Invasive Species Program","Invasive-Low","Acer platanoides",2026-01-22 18:30:31.462679
"Paulownia tomentosa","Princess tree","MI","Restricted","Michigan EGLE Invasive Species Program","Invasive-Low","Paulownia tomentosa",2026-01-22 18:30:31.462679
"Pueraria montana","Kudzu","MI","Restricted","Michigan EGLE Invasive Species Program","Invasive-Low","Pueraria montana",2026-01-22 18:30:31.462679
"Iris pseudacorus","Yellow flag iris","MI","Restricted","Michigan EGLE Invasive Species Program","Invasive-Low","Iris pseudacorus",2026-01-22 18:30:31.462679
"Anthriscus sylvestris","Wild chervil","WI","Prohibited","Wisconsin DNR NR40 Invasive Species Rule","Invasive","Anthriscus sylvestris",2026-01-22 18:30:31.462679
"Paulownia tomentosa","Princess tree","WI","Prohibited","Wisconsin DNR NR40 Invasive Species Rule","Invasive","Paulownia tomentosa",2026-01-22 18:30:31.462679
"Phellodendron amurense","Amur corktree","WI","Prohibited","Wisconsin DNR NR40 Invasive Species Rule","Invasive","Phellodendron amurense",2026-01-22 18:30:31.462679
"Heracleum mantegazzianum","Giant hogweed","WI","Prohibited","Wisconsin DNR NR40 Invasive Species Rule","Invasive","Heracleum mantegazzianum",2026-01-22 18:30:31.462679
"Hydrilla verticillata","Hydrilla","WI","Prohibited","Wisconsin DNR NR40 Invasive Species Rule","Invasive","Hydrilla verticillata",2026-01-22 18:30:31.462679
"Salvinia molesta","Giant salvinia","WI","Prohibited","Wisconsin DNR NR40 Invasive Species Rule","Invasive","Salvinia molesta",2026-01-22 18:30:31.462679
"Trapa natans","Water chestnut","WI","Prohibited","Wisconsin DNR NR40 Invasive Species Rule","Invasive","Trapa natans",2026-01-22 18:30:31.462679
"Butomus umbellatus","Flowering rush","WI","Prohibited","Wisconsin DNR NR40 Invasive Species Rule","Invasive","Butomus umbellatus",2026-01-22 18:30:31.462679
"Nymphoides peltata","Yellow floating heart","WI","Prohibited","Wisconsin DNR NR40 Invasive Species Rule","Invasive","Nymphoides peltata",2026-01-22 18:30:31.462679
"Egeria densa","Brazilian elodea","WI","Prohibited","Wisconsin DNR NR40 Invasive Species Rule","Invasive","Egeria densa",2026-01-22 18:30:31.462679
"Cabomba caroliniana","Fanwort","WI","Prohibited","Wisconsin DNR NR40 Invasive Species Rule","Invasive","Cabomba caroliniana",2026-01-22 18:30:31.462679
"Myriophyllum aquaticum","Parrotfeather","WI","Prohibited","Wisconsin DNR NR40 Invasive Species Rule","Invasive","Myriophyllum aquaticum",2026-01-22 18:30:31.462679
"Lonicera maackii","Amur honeysuckle","WI","Restricted","Wisconsin DNR NR40 Invasive Species Rule","Invasive-Low","Lonicera maackii",2026-01-22 18:30:31.462679
"Lonicera morrowii","Morrows honeysuckle","WI","Restricted","Wisconsin DNR NR40 Invasive Species Rule","Invasive-Low","Lonicera morrowii",2026-01-22 18:30:31.462679
"Lonicera tatarica","Tatarian honeysuckle","WI","Restricted","Wisconsin DNR NR40 Invasive Species Rule","Invasive-Low","Lonicera tatarica",2026-01-22 18:30:31.462679
"Lonicera japonica","Japanese honeysuckle","WI","Restricted","Wisconsin DNR NR40 Invasive Species Rule","Invasive-Low","Lonicera japonica",2026-01-22 18:30:31.462679
"Rhamnus cathartica","Common buckthorn","WI","Restricted","Wisconsin DNR NR40 Invasive Species Rule","Invasive-Low","Rhamnus cathartica",2026-01-22 18:30:31.462679
"Frangula alnus","Glossy buckthorn","WI","Restricted","Wisconsin DNR NR40 Invasive Species Rule","Invasive-Low","Frangula alnus",2026-01-22 18:30:31.462679
"Rosa multiflora","Multiflora rose","WI","Restricted","Wisconsin DNR NR40 Invasive Species Rule","Invasive-Low","Rosa multiflora",2026-01-22 18:30:31.462679
"Berberis thunbergii","Japanese barberry","WI","Restricted","Wisconsin DNR NR40 Invasive Species Rule","Invasive-Low","Berberis thunbergii",2026-01-22 18:30:31.462679
"Elaeagnus umbellata","Autumn olive","WI","Restricted","Wisconsin DNR NR40 Invasive Species Rule","Invasive-Low","Elaeagnus umbellata",2026-01-22 18:30:31.462679
"Euonymus alatus","Burning bush","WI","Restricted","Wisconsin DNR NR40 Invasive Species Rule","Invasive-Low","Euonymus alatus",2026-01-22 18:30:31.462679
"Lythrum salicaria","Purple loosestrife","WI","Restricted","Wisconsin DNR NR40 Invasive Species Rule","Invasive-Low","Lythrum salicaria",2026-01-22 18:30:31.462679
"Phragmites australis","Common reed","WI","Restricted","Wisconsin DNR NR40 Invasive Species Rule","Invasive-Low","Phragmites australis",2026-01-22 18:30:31.462679
"Myriophyllum spicatum","Eurasian watermilfoil","WI","Restricted","Wisconsin DNR NR40 Invasive Species Rule","Invasive-Low","Myriophyllum spicatum",2026-01-22 18:30:31.462679
"Potamogeton crispus","Curly pondweed","WI","Restricted","Wisconsin DNR NR40 Invasive Species Rule","Invasive-Low","Potamogeton crispus",2026-01-22 18:30:31.462679
"Alliaria petiolata","Garlic mustard","WI","Restricted","Wisconsin DNR NR40 Invasive Species Rule","Invasive-Low","Alliaria petiolata",2026-01-22 18:30:31.462679
"Polygonum cuspidatum","Japanese knotweed","WI","Restricted","Wisconsin DNR NR40 Invasive Species Rule","Invasive-Low","Polygonum cuspidatum",2026-01-22 18:30:31.462679
"Centaurea stoebe","Spotted knapweed","WI","Restricted","Wisconsin DNR NR40 Invasive Species Rule","Invasive-Low","Centaurea stoebe",2026-01-22 18:30:31.462679
"Cirsium arvense","Canada thistle","WI","Restricted","Wisconsin DNR NR40 Invasive Species Rule","Invasive-Low","Cirsium arvense",2026-01-22 18:30:31.462679
"Cirsium vulgare","Bull thistle","WI","Restricted","Wisconsin DNR NR40 Invasive Species Rule","Invasive-Low","Cirsium vulgare",2026-01-22 18:30:31.462679
"Euphorbia esula","Leafy spurge","WI","Restricted","Wisconsin DNR NR40 Invasive Species Rule","Invasive-Low","Euphorbia esula",2026-01-22 18:30:31.462679
"Celastrus orbiculatus","Oriental bittersweet","WI","Restricted","Wisconsin DNR NR40 Invasive Species Rule","Invasive-Low","Celastrus orbiculatus",2026-01-22 18:30:31.462679
"Ailanthus altissima","Tree of heaven","WI","Restricted","Wisconsin DNR NR40 Invasive Species Rule","Invasive-Low","Ailanthus altissima",2026-01-22 18:30:31.462679
"Acer platanoides","Norway maple","WI","Restricted","Wisconsin DNR NR40 Invasive Species Rule","Invasive-Low","Acer platanoides",2026-01-22 18:30:31.462679
"Hesperis matronalis","Dames rocket","WI","Restricted","Wisconsin DNR NR40 Invasive Species Rule","Invasive-Low","Hesperis matronalis",2026-01-22 18:30:31.462679
"Microstegium vimineum","Japanese stiltgrass","WI","Restricted","Wisconsin DNR NR40 Invasive Species Rule","Invasive-Low","Microstegium vimineum",2026-01-22 18:30:31.462679
"Iris pseudacorus","Yellow flag iris","WI","Restricted","Wisconsin DNR NR40 Invasive Species Rule","Invasive-Low","Iris pseudacorus",2026-01-22 18:30:31.462679
"Pueraria montana","Kudzu","WI","Restricted","Wisconsin DNR NR40 Invasive Species Rule","Invasive-Low","Pueraria montana",2026-01-22 18:30:31.462679
"Miscanthus sinensis","Chinese silvergrass","WI","Restricted","Wisconsin DNR NR40 Invasive Species Rule","Invasive-Low","Miscanthus sinensis",2026-01-22 18:30:31.462679
"Lonicera japonica","Japanese honeysuckle","NJ","Widespread","New Jersey Invasive Species Strike Team","Invasive","Lonicera japonica",2026-01-22 18:30:31.462679
"Lonicera fragrantissima","Sweet breath of spring","NJ","Widespread","New Jersey Invasive Species Strike Team","Invasive","Lonicera fragrantissima",2026-01-22 18:30:31.462679
"Lonicera maackii","Amur honeysuckle","NJ","Widespread","New Jersey Invasive Species Strike Team","Invasive","Lonicera maackii",2026-01-22 18:30:31.462679
"Lonicera morrowii","Morrows honeysuckle","NJ","Widespread","New Jersey Invasive Species Strike Team","Invasive","Lonicera morrowii",2026-01-22 18:30:31.462679
"Lonicera standishii","Standish honeysuckle","NJ","Emerging","New Jersey Invasive Species Strike Team","Invasive","Lonicera standishii",2026-01-22 18:30:31.462679
"Lonicera tatarica","Tatarian honeysuckle","NJ","Widespread","New Jersey Invasive Species Strike Team","Invasive","Lonicera tatarica",2026-01-22 18:30:31.462679
"Berberis thunbergii","Japanese barberry","NJ","Widespread","New Jersey Invasive Species Strike Team","Invasive","Berberis thunbergii",2026-01-22 18:30:31.462679
"Berberis vulgaris","Common barberry","NJ","Emerging","New Jersey Invasive Species Strike Team","Invasive","Berberis vulgaris",2026-01-22 18:30:31.462679
"Rhamnus cathartica","Common buckthorn","NJ","Widespread","New Jersey Invasive Species Strike Team","Invasive","Rhamnus cathartica",2026-01-22 18:30:31.462679
"Frangula alnus","Glossy buckthorn","NJ","Widespread","New Jersey Invasive Species Strike Team","Invasive","Frangula alnus",2026-01-22 18:30:31.462679
"Rosa multiflora","Multiflora rose","NJ","Widespread","New Jersey Invasive Species Strike Team","Invasive","Rosa multiflora",2026-01-22 18:30:31.462679
"Euonymus alatus","Burning bush","NJ","Widespread","New Jersey Invasive Species Strike Team","Invasive","Euonymus alatus",2026-01-22 18:30:31.462679
"Ailanthus altissima","Tree of heaven","NJ","Widespread","New Jersey Invasive Species Strike Team","Invasive","Ailanthus altissima",2026-01-22 18:30:31.462679
"Celastrus orbiculatus","Oriental bittersweet","NJ","Widespread","New Jersey Invasive Species Strike Team","Invasive","Celastrus orbiculatus",2026-01-22 18:30:31.462679
"Elaeagnus umbellata","Autumn olive","NJ","Widespread","New Jersey Invasive Species Strike Team","Invasive","Elaeagnus umbellata",2026-01-22 18:30:31.462679
"Alliaria petiolata","Garlic mustard","NJ","Widespread","New Jersey Invasive Species Strike Team","Invasive","Alliaria petiolata",2026-01-22 18:30:31.462679
"Microstegium vimineum","Japanese stiltgrass","NJ","Widespread","New Jersey Invasive Species Strike Team","Invasive","Microstegium vimineum",2026-01-22 18:30:31.462679
"Phragmites australis","Common reed","NJ","Widespread","New Jersey Invasive Species Strike Team","Invasive","Phragmites australis",2026-01-22 18:30:31.462679
"Polygonum cuspidatum","Japanese knotweed","NJ","Widespread","New Jersey Invasive Species Strike Team","Invasive","Polygonum cuspidatum",2026-01-22 18:30:31.462679
"Lythrum salicaria","Purple loosestrife","NJ","Widespread","New Jersey Invasive Species Strike Team","Invasive","Lythrum salicaria",2026-01-22 18:30:31.462679
"Myriophyllum spicatum","Eurasian watermilfoil","NJ","Widespread","New Jersey Invasive Species Strike Team","Invasive","Myriophyllum spicatum",2026-01-22 18:30:31.462679
"Acer platanoides","Norway maple","NJ","Widespread","New Jersey Invasive Species Strike Team","Invasive","Acer platanoides",2026-01-22 18:30:31.462679
"Ampelopsis brevipedunculata","Porcelain berry","NJ","Widespread","New Jersey Invasive Species Strike Team","Invasive","Ampelopsis brevipedunculata",2026-01-22 18:30:31.462679
"Paulownia tomentosa","Princess tree","NJ","Emerging","New Jersey Invasive Species Strike Team","Invasive","Paulownia tomentosa",2026-01-22 18:30:31.462679
"Wisteria sinensis","Chinese wisteria","NJ","Widespread","New Jersey Invasive Species Strike Team","Invasive","Wisteria sinensis",2026-01-22 18:30:31.462679
"Hedera helix","English ivy","NJ","Widespread","New Jersey Invasive Species Strike Team","Invasive","Hedera helix",2026-01-22 18:30:31.462679
"Cynanchum louiseae","Black swallowwort","NJ","Widespread","New Jersey Invasive Species Strike Team","Invasive","Cynanchum louiseae",2026-01-22 18:30:31.462679
"Ficaria verna","Lesser celandine","NJ","Emerging","New Jersey Invasive Species Strike Team","Invasive","Ficaria verna",2026-01-22 18:30:31.462679
"Pyrus calleryana","Callery pear","NJ","Emerging","New Jersey Invasive Species Strike Team","Invasive","Pyrus calleryana",2026-01-22 18:30:31.462679
"Miscanthus sinensis","Chinese silvergrass","NJ","Widespread","New Jersey Invasive Species Strike Team","Invasive","Miscanthus sinensis",2026-01-22 18:30:31.462679
"Pueraria montana","Kudzu","NJ","Emerging","New Jersey Invasive Species Strike Team","Invasive","Pueraria montana",2026-01-22 18:30:31.462679
"Cirsium arvense","Canada thistle","NJ","Widespread","New Jersey Invasive Species Strike Team","Invasive","Cirsium arvense",2026-01-22 18:30:31.462679
"Cirsium vulgare","Bull thistle","NJ","Widespread","New Jersey Invasive Species Strike Team","Invasive","Cirsium vulgare",2026-01-22 18:30:31.462679
"Iris pseudacorus","Yellow flag iris","NJ","Widespread","New Jersey Invasive Species Strike Team","Invasive","Iris pseudacorus",2026-01-22 18:30:31.462679
"Persicaria perfoliata","Mile-a-minute vine","NJ","Widespread","New Jersey Invasive Species Strike Team","Invasive","Persicaria perfoliata",2026-01-22 18:30:31.462679
"Rhamnus cathartica","Common buckthorn","VT","Class B Noxious","Vermont Agency of Agriculture","Invasive","Rhamnus cathartica",2026-01-22 18:30:31.462679
"Frangula alnus","Glossy buckthorn","VT","Class B Noxious","Vermont Agency of Agriculture","Invasive","Frangula alnus",2026-01-22 18:30:31.462679
"Berberis thunbergii","Japanese barberry","VT","Class B Noxious","Vermont Agency of Agriculture","Invasive","Berberis thunbergii",2026-01-22 18:30:31.462679
"Berberis vulgaris","Common barberry","VT","Class B Noxious","Vermont Agency of Agriculture","Invasive","Berberis vulgaris",2026-01-22 18:30:31.462679
"Lonicera japonica","Japanese honeysuckle","VT","Class B Noxious","Vermont Agency of Agriculture","Invasive","Lonicera japonica",2026-01-22 18:30:31.462679
"Lonicera morrowii","Morrows honeysuckle","VT","Class B Noxious","Vermont Agency of Agriculture","Invasive","Lonicera morrowii",2026-01-22 18:30:31.462679
"Lonicera tatarica","Tatarian honeysuckle","VT","Class B Noxious","Vermont Agency of Agriculture","Invasive","Lonicera tatarica",2026-01-22 18:30:31.462679
"Rosa multiflora","Multiflora rose","VT","Class B Noxious","Vermont Agency of Agriculture","Invasive","Rosa multiflora",2026-01-22 18:30:31.462679
"Euonymus alatus","Burning bush","VT","Class B Noxious","Vermont Agency of Agriculture","Invasive","Euonymus alatus",2026-01-22 18:30:31.462679
"Ailanthus altissima","Tree of heaven","VT","Invasive","Vermont Agency of Agriculture","Invasive","Ailanthus altissima",2026-01-22 18:30:31.462679
"Celastrus orbiculatus","Oriental bittersweet","VT","Invasive","Vermont Agency of Agriculture","Invasive","Celastrus orbiculatus",2026-01-22 18:30:31.462679
"Elaeagnus umbellata","Autumn olive","VT","Invasive","Vermont Agency of Agriculture","Invasive","Elaeagnus umbellata",2026-01-22 18:30:31.462679
"Acer platanoides","Norway maple","VT","Invasive","Vermont Agency of Agriculture","Invasive","Acer platanoides",2026-01-22 18:30:31.462679
"Acer ginnala","Amur maple","VT","Invasive","Vermont Agency of Agriculture","Invasive","Acer ginnala",2026-01-22 18:30:31.462679
"Alliaria petiolata","Garlic mustard","VT","Invasive","Vermont Agency of Agriculture","Invasive","Alliaria petiolata",2026-01-22 18:30:31.462679
"Phragmites australis","Common reed","VT","Invasive","Vermont Agency of Agriculture","Invasive","Phragmites australis",2026-01-22 18:30:31.462679
"Lythrum salicaria","Purple loosestrife","VT","Invasive","Vermont Agency of Agriculture","Invasive","Lythrum salicaria",2026-01-22 18:30:31.462679
"Polygonum cuspidatum","Japanese knotweed","VT","Invasive","Vermont Agency of Agriculture","Invasive","Polygonum cuspidatum",2026-01-22 18:30:31.462679
"Myriophyllum spicatum","Eurasian watermilfoil","VT","Invasive","Vermont Agency of Agriculture","Invasive","Myriophyllum spicatum",2026-01-22 18:30:31.462679
"Hedera helix","English ivy","VT","Invasive","Vermont Agency of Agriculture","Invasive","Hedera helix",2026-01-22 18:30:31.462679
"Euonymus fortunei","Wintercreeper","VT","Invasive","Vermont Agency of Agriculture","Invasive","Euonymus fortunei",2026-01-22 18:30:31.462679
"Cynanchum louiseae","Black swallowwort","VT","Invasive","Vermont Agency of Agriculture","Invasive","Cynanchum louiseae",2026-01-22 18:30:31.462679
"Ampelopsis brevipedunculata","Porcelain berry","VT","Invasive","Vermont Agency of Agriculture","Invasive","Ampelopsis brevipedunculata",2026-01-22 18:30:31.462679
"Microstegium vimineum","Japanese stiltgrass","VT","Invasive","Vermont Agency of Agriculture","Invasive","Microstegium vimineum",2026-01-22 18:30:31.462679
"Wisteria sinensis","Chinese wisteria","VT","Invasive","Vermont Agency of Agriculture","Invasive","Wisteria sinensis",2026-01-22 18:30:31.462679
"Cirsium arvense","Canada thistle","VT","Invasive","Vermont Agency of Agriculture","Invasive","Cirsium arvense",2026-01-22 18:30:31.462679
"Centaurea stoebe","Spotted knapweed","VT","Invasive","Vermont Agency of Agriculture","Invasive","Centaurea stoebe",2026-01-22 18:30:31.462679
"Hesperis matronalis","Dames rocket","VT","Invasive","Vermont Agency of Agriculture","Invasive","Hesperis matronalis",2026-01-22 18:30:31.462679
"Potamogeton crispus","Curly pondweed","VT","Invasive","Vermont Agency of Agriculture","Invasive","Potamogeton crispus",2026-01-22 18:30:31.462679
"Iris pseudacorus","Yellow flag iris","VT","Invasive","Vermont Agency of Agriculture","Invasive","Iris pseudacorus",2026-01-22 18:30:31.462679
"Phragmites australis","Common reed","RI","Widespread","Rhode Island Invasive Species Council","Invasive","Phragmites australis",2026-01-22 18:30:31.462679
"Celastrus orbiculatus","Oriental bittersweet","RI","Widespread","Rhode Island Invasive Species Council","Invasive","Celastrus orbiculatus",2026-01-22 18:30:31.462679
"Lonicera japonica","Japanese honeysuckle","RI","Widespread","Rhode Island Invasive Species Council","Invasive","Lonicera japonica",2026-01-22 18:30:31.462679
"Lonicera morrowii","Morrows honeysuckle","RI","Widespread","Rhode Island Invasive Species Council","Invasive","Lonicera morrowii",2026-01-22 18:30:31.462679
"Rhamnus cathartica","Common buckthorn","RI","Widespread","Rhode Island Invasive Species Council","Invasive","Rhamnus cathartica",2026-01-22 18:30:31.462679
"Frangula alnus","Glossy buckthorn","RI","Widespread","Rhode Island Invasive Species Council","Invasive","Frangula alnus",2026-01-22 18:30:31.462679
"Rosa multiflora","Multiflora rose","RI","Widespread","Rhode Island Invasive Species Council","Invasive","Rosa multiflora",2026-01-22 18:30:31.462679
"Berberis thunbergii","Japanese barberry","RI","Widespread","Rhode Island Invasive Species Council","Invasive","Berberis thunbergii",2026-01-22 18:30:31.462679
"Euonymus alatus","Burning bush","RI","Widespread","Rhode Island Invasive Species Council","Invasive","Euonymus alatus",2026-01-22 18:30:31.462679
"Ailanthus altissima","Tree of heaven","RI","Widespread","Rhode Island Invasive Species Council","Invasive","Ailanthus altissima",2026-01-22 18:30:31.462679
"Alliaria petiolata","Garlic mustard","RI","Widespread","Rhode Island Invasive Species Council","Invasive","Alliaria petiolata",2026-01-22 18:30:31.462679
"Polygonum cuspidatum","Japanese knotweed","RI","Widespread","Rhode Island Invasive Species Council","Invasive","Polygonum cuspidatum",2026-01-22 18:30:31.462679
"Lythrum salicaria","Purple loosestrife","RI","Widespread","Rhode Island Invasive Species Council","Invasive","Lythrum salicaria",2026-01-22 18:30:31.462679
"Myriophyllum spicatum","Eurasian watermilfoil","RI","Widespread","Rhode Island Invasive Species Council","Invasive","Myriophyllum spicatum",2026-01-22 18:30:31.462679
"Akebia quinata","Chocolate vine","RI","Widespread","Rhode Island Invasive Species Council","Invasive","Akebia quinata",2026-01-22 18:30:31.462679
"Ampelopsis brevipedunculata","Porcelain berry","RI","Widespread","Rhode Island Invasive Species Council","Invasive","Ampelopsis brevipedunculata",2026-01-22 18:30:31.462679
"Cynanchum louiseae","Black swallowwort","RI","Widespread","Rhode Island Invasive Species Council","Invasive","Cynanchum louiseae",2026-01-22 18:30:31.462679
"Euonymus fortunei","Wintercreeper","RI","Widespread","Rhode Island Invasive Species Council","Invasive","Euonymus fortunei",2026-01-22 18:30:31.462679
"Acer platanoides","Norway maple","RI","Widespread","Rhode Island Invasive Species Council","Invasive","Acer platanoides",2026-01-22 18:30:31.462679
"Elaeagnus umbellata","Autumn olive","RI","Widespread","Rhode Island Invasive Species Council","Invasive","Elaeagnus umbellata",2026-01-22 18:30:31.462679
"Wisteria sinensis","Chinese wisteria","RI","Widespread","Rhode Island Invasive Species Council","Invasive","Wisteria sinensis",2026-01-22 18:30:31.462679
"Hedera helix","English ivy","RI","Widespread","Rhode Island Invasive Species Council","Invasive","Hedera helix",2026-01-22 18:30:31.462679
"Microstegium vimineum","Japanese stiltgrass","RI","Widespread","Rhode Island Invasive Species Council","Invasive","Microstegium vimineum",2026-01-22 18:30:31.462679
"Iris pseudacorus","Yellow flag iris","RI","Widespread","Rhode Island Invasive Species Council","Invasive","Iris pseudacorus",2026-01-22 18:30:31.462679
"Cabomba caroliniana","Fanwort","RI","Widespread","Rhode Island Invasive Species Council","Invasive","Cabomba caroliniana",2026-01-22 18:30:31.462679
"Potamogeton crispus","Curly pondweed","RI","Widespread","Rhode Island Invasive Species Council","Invasive","Potamogeton crispus",2026-01-22 18:30:31.462679
"Trapa natans","Water chestnut","RI","Widespread","Rhode Island Invasive Species Council","Invasive","Trapa natans",2026-01-22 18:30:31.462679
"Cirsium arvense","Canada thistle","RI","Widespread","Rhode Island Invasive Species Council","Invasive","Cirsium arvense",2026-01-22 18:30:31.462679
"Hesperis matronalis","Dames rocket","RI","Widespread","Rhode Island Invasive Species Council","Invasive","Hesperis matronalis",2026-01-22 18:30:31.462679
"Miscanthus sinensis","Chinese silvergrass","RI","Widespread","Rhode Island Invasive Species Council","Invasive","Miscanthus sinensis",2026-01-22 18:30:31.462679
"Ailanthus altissima","Tree of heaven","DE","Banned","Delaware Invasive Plant Law","Invasive","Ailanthus altissima",2026-01-22 18:30:31.462679
"Lonicera japonica","Japanese honeysuckle","DE","Banned","Delaware Invasive Plant Law","Invasive","Lonicera japonica",2026-01-22 18:30:31.462679
"Lonicera morrowii","Morrows honeysuckle","DE","Banned","Delaware Invasive Plant Law","Invasive","Lonicera morrowii",2026-01-22 18:30:31.462679
"Lonicera maackii","Amur honeysuckle","DE","Banned","Delaware Invasive Plant Law","Invasive","Lonicera maackii",2026-01-22 18:30:31.462679
"Lonicera tatarica","Tatarian honeysuckle","DE","Banned","Delaware Invasive Plant Law","Invasive","Lonicera tatarica",2026-01-22 18:30:31.462679
"Eichhornia crassipes","Water hyacinth","DE","Banned","Delaware Invasive Plant Law","Invasive","Eichhornia crassipes",2026-01-22 18:30:31.462679
"Myriophyllum aquaticum","Parrotfeather","DE","Banned","Delaware Invasive Plant Law","Invasive","Myriophyllum aquaticum",2026-01-22 18:30:31.462679
"Hedera helix","English ivy","DE","Banned","Delaware Invasive Plant Law","Invasive","Hedera helix",2026-01-22 18:30:31.462679
"Hemerocallis fulva","Orange daylily","DE","Banned","Delaware Invasive Plant Law","Invasive","Hemerocallis fulva",2026-01-22 18:30:31.462679
"Iris pseudacorus","Yellow flag iris","DE","Banned","Delaware Invasive Plant Law","Invasive","Iris pseudacorus",2026-01-22 18:30:31.462679
"Lysimachia nummularia","Creeping jenny","DE","Banned","Delaware Invasive Plant Law","Invasive","Lysimachia nummularia",2026-01-22 18:30:31.462679
"Pachysandra terminalis","Japanese pachysandra","DE","Banned","Delaware Invasive Plant Law","Invasive","Pachysandra terminalis",2026-01-22 18:30:31.462679
"Wisteria sinensis","Chinese wisteria","DE","Banned","Delaware Invasive Plant Law","Invasive","Wisteria sinensis",2026-01-22 18:30:31.462679
"Berberis thunbergii","Japanese barberry","DE","Banned","Delaware Invasive Plant Law","Invasive","Berberis thunbergii",2026-01-22 18:30:31.462679
"Euonymus alatus","Burning bush","DE","Banned","Delaware Invasive Plant Law","Invasive","Euonymus alatus",2026-01-22 18:30:31.462679
"Celastrus orbiculatus","Oriental bittersweet","DE","Banned","Delaware Invasive Plant Law","Invasive","Celastrus orbiculatus",2026-01-22 18:30:31.462679
"Rhamnus cathartica","Common buckthorn","DE","Banned","Delaware Invasive Plant Law","Invasive","Rhamnus cathartica",2026-01-22 18:30:31.462679
"Frangula alnus","Glossy buckthorn","DE","Banned","Delaware Invasive Plant Law","Invasive","Frangula alnus",2026-01-22 18:30:31.462679
"Rosa multiflora","Multiflora rose","DE","Banned","Delaware Invasive Plant Law","Invasive","Rosa multiflora",2026-01-22 18:30:31.462679
"Elaeagnus umbellata","Autumn olive","DE","Banned","Delaware Invasive Plant Law","Invasive","Elaeagnus umbellata",2026-01-22 18:30:31.462679
"Ligustrum sinense","Chinese privet","DE","Banned","Delaware Invasive Plant Law","Invasive","Ligustrum sinense",2026-01-22 18:30:31.462679
"Ligustrum obtusifolium","Border privet","DE","Banned","Delaware Invasive Plant Law","Invasive","Ligustrum obtusifolium",2026-01-22 18:30:31.462679
"Nandina domestica","Sacred bamboo","DE","Banned","Delaware Invasive Plant Law","Invasive","Nandina domestica",2026-01-22 18:30:31.462679
"Phragmites australis","Common reed","DE","Banned","Delaware Invasive Plant Law","Invasive","Phragmites australis",2026-01-22 18:30:31.462679
"Lythrum salicaria","Purple loosestrife","DE","Banned","Delaware Invasive Plant Law","Invasive","Lythrum salicaria",2026-01-22 18:30:31.462679
"Myriophyllum spicatum","Eurasian watermilfoil","DE","Banned","Delaware Invasive Plant Law","Invasive","Myriophyllum spicatum",2026-01-22 18:30:31.462679
"Polygonum cuspidatum","Japanese knotweed","DE","Banned","Delaware Invasive Plant Law","Invasive","Polygonum cuspidatum",2026-01-22 18:30:31.462679
"Alliaria petiolata","Garlic mustard","DE","Banned","Delaware Invasive Plant Law","Invasive","Alliaria petiolata",2026-01-22 18:30:31.462679
"Microstegium vimineum","Japanese stiltgrass","DE","Banned","Delaware Invasive Plant Law","Invasive","Microstegium vimineum",2026-01-22 18:30:31.462679
"Ampelopsis brevipedunculata","Porcelain berry","DE","Banned","Delaware Invasive Plant Law","Invasive","Ampelopsis brevipedunculata",2026-01-22 18:30:31.462679
"Pyrus calleryana","Callery pear","DE","Banned","Delaware Invasive Plant Law","Invasive","Pyrus calleryana",2026-01-22 18:30:31.462679
"Acer platanoides","Norway maple","DE","Banned","Delaware Invasive Plant Law","Invasive","Acer platanoides",2026-01-22 18:30:31.462679
"Paulownia tomentosa","Princess tree","DE","Banned","Delaware Invasive Plant Law","Invasive","Paulownia tomentosa",2026-01-22 18:30:31.462679
"Miscanthus sinensis","Chinese silvergrass","DE","Banned","Delaware Invasive Plant Law","Invasive","Miscanthus sinensis",2026-01-22 18:30:31.462679
"Vinca minor","Common periwinkle","DE","Banned","Delaware Invasive Plant Law","Invasive","Vinca minor",2026-01-22 18:30:31.462679
"Spiraea japonica","Japanese spiraea","DE","Banned","Delaware Invasive Plant Law","Invasive","Spiraea japonica",2026-01-22 18:30:31.462679
"Pueraria montana","Kudzu","DE","Banned","Delaware Invasive Plant Law","Invasive","Pueraria montana",2026-01-22 18:30:31.462679
"Ligustrum sinense","Chinese privet","KY","Invasive","Kentucky Exotic Pest Plant Council","Invasive","Ligustrum sinense",2026-01-22 18:30:31.462679
"Ligustrum vulgare","Common privet","KY","Invasive","Kentucky Exotic Pest Plant Council","Invasive","Ligustrum vulgare",2026-01-22 18:30:31.462679
"Lonicera maackii","Amur honeysuckle","KY","Invasive","Kentucky Exotic Pest Plant Council","Invasive","Lonicera maackii",2026-01-22 18:30:31.462679
"Lonicera fragrantissima","Sweet breath of spring","KY","Invasive","Kentucky Exotic Pest Plant Council","Invasive","Lonicera fragrantissima",2026-01-22 18:30:31.462679
"Lonicera standishii","Standish honeysuckle","KY","Invasive","Kentucky Exotic Pest Plant Council","Invasive","Lonicera standishii",2026-01-22 18:30:31.462679
"Lonicera morrowii","Morrows honeysuckle","KY","Invasive","Kentucky Exotic Pest Plant Council","Invasive","Lonicera morrowii",2026-01-22 18:30:31.462679
"Lonicera tatarica","Tatarian honeysuckle","KY","Invasive","Kentucky Exotic Pest Plant Council","Invasive","Lonicera tatarica",2026-01-22 18:30:31.462679
"Lonicera japonica","Japanese honeysuckle","KY","Invasive","Kentucky Exotic Pest Plant Council","Invasive","Lonicera japonica",2026-01-22 18:30:31.462679
"Rosa multiflora","Multiflora rose","KY","Invasive","Kentucky Exotic Pest Plant Council","Invasive","Rosa multiflora",2026-01-22 18:30:31.462679
"Ailanthus altissima","Tree of heaven","KY","Invasive","Kentucky Exotic Pest Plant Council","Invasive","Ailanthus altissima",2026-01-22 18:30:31.462679
"Elaeagnus umbellata","Autumn olive","KY","Invasive","Kentucky Exotic Pest Plant Council","Invasive","Elaeagnus umbellata",2026-01-22 18:30:31.462679
"Euonymus alatus","Burning bush","KY","Invasive","Kentucky Exotic Pest Plant Council","Invasive","Euonymus alatus",2026-01-22 18:30:31.462679
"Euonymus fortunei","Wintercreeper","KY","Invasive","Kentucky Exotic Pest Plant Council","Invasive","Euonymus fortunei",2026-01-22 18:30:31.462679
"Celastrus orbiculatus","Oriental bittersweet","KY","Invasive","Kentucky Exotic Pest Plant Council","Invasive","Celastrus orbiculatus",2026-01-22 18:30:31.462679
"Microstegium vimineum","Japanese stiltgrass","KY","Invasive","Kentucky Exotic Pest Plant Council","Invasive","Microstegium vimineum",2026-01-22 18:30:31.462679
"Alliaria petiolata","Garlic mustard","KY","Invasive","Kentucky Exotic Pest Plant Council","Invasive","Alliaria petiolata",2026-01-22 18:30:31.462679
"Polygonum cuspidatum","Japanese knotweed","KY","Invasive","Kentucky Exotic Pest Plant Council","Invasive","Polygonum cuspidatum",2026-01-22 18:30:31.462679
"Lespedeza cuneata","Sericea lespedeza","KY","Invasive","Kentucky Exotic Pest Plant Council","Invasive","Lespedeza cuneata",2026-01-22 18:30:31.462679
"Pueraria montana","Kudzu","KY","Invasive","Kentucky Exotic Pest Plant Council","Invasive","Pueraria montana",2026-01-22 18:30:31.462679
"Phragmites australis","Common reed","KY","Invasive","Kentucky Exotic Pest Plant Council","Invasive","Phragmites australis",2026-01-22 18:30:31.462679
"Lythrum salicaria","Purple loosestrife","KY","Invasive","Kentucky Exotic Pest Plant Council","Invasive","Lythrum salicaria",2026-01-22 18:30:31.462679
"Rhamnus cathartica","Common buckthorn","KY","Invasive","Kentucky Exotic Pest Plant Council","Invasive","Rhamnus cathartica",2026-01-22 18:30:31.462679
"Frangula alnus","Glossy buckthorn","KY","Invasive","Kentucky Exotic Pest Plant Council","Invasive","Frangula alnus",2026-01-22 18:30:31.462679
"Berberis thunbergii","Japanese barberry","KY","Invasive","Kentucky Exotic Pest Plant Council","Invasive","Berberis thunbergii",2026-01-22 18:30:31.462679
"Paulownia tomentosa","Princess tree","KY","Invasive","Kentucky Exotic Pest Plant Council","Invasive","Paulownia tomentosa",2026-01-22 18:30:31.462679
"Pyrus calleryana","Callery pear","KY","Invasive","Kentucky Exotic Pest Plant Council","Invasive","Pyrus calleryana",2026-01-22 18:30:31.462679
"Wisteria sinensis","Chinese wisteria","KY","Invasive","Kentucky Exotic Pest Plant Council","Invasive","Wisteria sinensis",2026-01-22 18:30:31.462679
"Miscanthus sinensis","Chinese silvergrass","KY","Invasive","Kentucky Exotic Pest Plant Council","Invasive","Miscanthus sinensis",2026-01-22 18:30:31.462679
"Nandina domestica","Sacred bamboo","KY","Invasive","Kentucky Exotic Pest Plant Council","Invasive","Nandina domestica",2026-01-22 18:30:31.462679
"Spiraea japonica","Japanese spiraea","KY","Invasive","Kentucky Exotic Pest Plant Council","Invasive","Spiraea japonica",2026-01-22 18:30:31.462679
"Hedera helix","English ivy","KY","Invasive","Kentucky Exotic Pest Plant Council","Invasive","Hedera helix",2026-01-22 18:30:31.462679
"Ampelopsis brevipedunculata","Porcelain berry","KY","Invasive","Kentucky Exotic Pest Plant Council","Invasive","Ampelopsis brevipedunculata",2026-01-22 18:30:31.462679
"Myriophyllum spicatum","Eurasian watermilfoil","KY","Invasive","Kentucky Exotic Pest Plant Council","Invasive","Myriophyllum spicatum",2026-01-22 18:30:31.462679
"Cirsium arvense","Canada thistle","KY","Invasive","Kentucky Exotic Pest Plant Council","Invasive","Cirsium arvense",2026-01-22 18:30:31.462679
"Carduus nutans","Musk thistle","KY","Invasive","Kentucky Exotic Pest Plant Council","Invasive","Carduus nutans",2026-01-22 18:30:31.462679
"Ailanthus altissima","Tree of heaven","MO","Invasive","Missouri Invasive Plant Council","Invasive","Ailanthus altissima",2026-01-22 18:30:31.462679
"Lespedeza cuneata","Sericea lespedeza","MO","Invasive","Missouri Invasive Plant Council","Invasive","Lespedeza cuneata",2026-01-22 18:30:31.462679
"Lonicera maackii","Amur honeysuckle","MO","Invasive","Missouri Invasive Plant Council","Invasive","Lonicera maackii",2026-01-22 18:30:31.462679
"Lonicera japonica","Japanese honeysuckle","MO","Invasive","Missouri Invasive Plant Council","Invasive","Lonicera japonica",2026-01-22 18:30:31.462679
"Rosa multiflora","Multiflora rose","MO","Invasive","Missouri Invasive Plant Council","Invasive","Rosa multiflora",2026-01-22 18:30:31.462679
"Elaeagnus umbellata","Autumn olive","MO","Invasive","Missouri Invasive Plant Council","Invasive","Elaeagnus umbellata",2026-01-22 18:30:31.462679
"Euonymus alatus","Burning bush","MO","Invasive","Missouri Invasive Plant Council","Invasive","Euonymus alatus",2026-01-22 18:30:31.462679
"Euonymus fortunei","Wintercreeper","MO","Invasive","Missouri Invasive Plant Council","Invasive","Euonymus fortunei",2026-01-22 18:30:31.462679
"Ligustrum sinense","Chinese privet","MO","Invasive","Missouri Invasive Plant Council","Invasive","Ligustrum sinense",2026-01-22 18:30:31.462679
"Ligustrum obtusifolium","Border privet","MO","Invasive","Missouri Invasive Plant Council","Invasive","Ligustrum obtusifolium",2026-01-22 18:30:31.462679
"Rhamnus cathartica","Common buckthorn","MO","Invasive","Missouri Invasive Plant Council","Invasive","Rhamnus cathartica",2026-01-22 18:30:31.462679
"Frangula alnus","Glossy buckthorn","MO","Invasive","Missouri Invasive Plant Council","Invasive","Frangula alnus",2026-01-22 18:30:31.462679
"Polygonum cuspidatum","Japanese knotweed","MO","Invasive","Missouri Invasive Plant Council","Invasive","Polygonum cuspidatum",2026-01-22 18:30:31.462679
"Microstegium vimineum","Japanese stiltgrass","MO","Invasive","Missouri Invasive Plant Council","Invasive","Microstegium vimineum",2026-01-22 18:30:31.462679
"Alliaria petiolata","Garlic mustard","MO","Invasive","Missouri Invasive Plant Council","Invasive","Alliaria petiolata",2026-01-22 18:30:31.462679
"Pueraria montana","Kudzu","MO","Invasive","Missouri Invasive Plant Council","Invasive","Pueraria montana",2026-01-22 18:30:31.462679
"Phragmites australis","Common reed","MO","Invasive","Missouri Invasive Plant Council","Invasive","Phragmites australis",2026-01-22 18:30:31.462679
"Lythrum salicaria","Purple loosestrife","MO","Invasive","Missouri Invasive Plant Council","Invasive","Lythrum salicaria",2026-01-22 18:30:31.462679
"Myriophyllum spicatum","Eurasian watermilfoil","MO","Invasive","Missouri Invasive Plant Council","Invasive","Myriophyllum spicatum",2026-01-22 18:30:31.462679
"Celastrus orbiculatus","Oriental bittersweet","MO","Invasive","Missouri Invasive Plant Council","Invasive","Celastrus orbiculatus",2026-01-22 18:30:31.462679
"Berberis thunbergii","Japanese barberry","MO","Invasive","Missouri Invasive Plant Council","Invasive","Berberis thunbergii",2026-01-22 18:30:31.462679
"Pyrus calleryana","Callery pear","MO","Invasive","Missouri Invasive Plant Council","Invasive","Pyrus calleryana",2026-01-22 18:30:31.462679
"Paulownia tomentosa","Princess tree","MO","Invasive","Missouri Invasive Plant Council","Invasive","Paulownia tomentosa",2026-01-22 18:30:31.462679
"Wisteria sinensis","Chinese wisteria","MO","Invasive","Missouri Invasive Plant Council","Invasive","Wisteria sinensis",2026-01-22 18:30:31.462679
"Nandina domestica","Sacred bamboo","MO","Invasive","Missouri Invasive Plant Council","Invasive","Nandina domestica",2026-01-22 18:30:31.462679
"Spiraea japonica","Japanese spiraea","MO","Invasive","Missouri Invasive Plant Council","Invasive","Spiraea japonica",2026-01-22 18:30:31.462679
"Miscanthus sinensis","Chinese silvergrass","MO","Invasive","Missouri Invasive Plant Council","Invasive","Miscanthus sinensis",2026-01-22 18:30:31.462679
"Dipsacus fullonum","Common teasel","MO","Invasive","Missouri Invasive Plant Council","Invasive","Dipsacus fullonum",2026-01-22 18:30:31.462679
"Cirsium arvense","Canada thistle","MO","Invasive","Missouri Invasive Plant Council","Invasive","Cirsium arvense",2026-01-22 18:30:31.462679
"Cirsium vulgare","Bull thistle","MO","Invasive","Missouri Invasive Plant Council","Invasive","Cirsium vulgare",2026-01-22 18:30:31.462679
"Carduus nutans","Musk thistle","MO","Invasive","Missouri Invasive Plant Council","Invasive","Carduus nutans",2026-01-22 18:30:31.462679
"Sorghum halepense","Johnsongrass","MO","Invasive","Missouri Invasive Plant Council","Invasive","Sorghum halepense",2026-01-22 18:30:31.462679
"Convolvulus arvensis","Field bindweed","MO","Invasive","Missouri Invasive Plant Council","Invasive","Convolvulus arvensis",2026-01-22 18:30:31.462679
"Centaurea stoebe","Spotted knapweed","MO","Invasive","Missouri Invasive Plant Council","Invasive","Centaurea stoebe",2026-01-22 18:30:31.462679
"Hesperis matronalis","Dames rocket","MO","Invasive","Missouri Invasive Plant Council","Invasive","Hesperis matronalis",2026-01-22 18:30:31.462679
"Bromus tectorum","Cheatgrass","OK","Dirty Dozen","Oklahoma Invasive Plant Council","Invasive","Bromus tectorum",2026-01-22 18:30:31.462679
"Ligustrum sinense","Chinese privet","OK","Dirty Dozen","Oklahoma Invasive Plant Council","Invasive","Ligustrum sinense",2026-01-22 18:30:31.462679
"Juniperus virginiana","Eastern redcedar","OK","Dirty Dozen","Oklahoma Invasive Plant Council","Invasive","Juniperus virginiana",2026-01-22 18:30:31.462679
"Bromus arvensis","Field brome","OK","Dirty Dozen","Oklahoma Invasive Plant Council","Invasive","Bromus arvensis",2026-01-22 18:30:31.462679
"Hydrilla verticillata","Hydrilla","OK","Dirty Dozen","Oklahoma Invasive Plant Council","Invasive","Hydrilla verticillata",2026-01-22 18:30:31.462679
"Lonicera japonica","Japanese honeysuckle","OK","Dirty Dozen","Oklahoma Invasive Plant Council","Invasive","Lonicera japonica",2026-01-22 18:30:31.462679
"Sorghum halepense","Johnsongrass","OK","Dirty Dozen","Oklahoma Invasive Plant Council","Invasive","Sorghum halepense",2026-01-22 18:30:31.462679
"Carduus nutans","Musk thistle","OK","Dirty Dozen","Oklahoma Invasive Plant Council","Invasive","Carduus nutans",2026-01-22 18:30:31.462679
"Salsola tragus","Russian thistle","OK","Dirty Dozen","Oklahoma Invasive Plant Council","Invasive","Salsola tragus",2026-01-22 18:30:31.462679
"Tamarix ramosissima","Saltcedar","OK","Dirty Dozen","Oklahoma Invasive Plant Council","Invasive","Tamarix ramosissima",2026-01-22 18:30:31.462679
"Lespedeza cuneata","Sericea lespedeza","OK","Dirty Dozen","Oklahoma Invasive Plant Council","Invasive","Lespedeza cuneata",2026-01-22 18:30:31.462679
"Ulmus pumila","Siberian elm","OK","Dirty Dozen","Oklahoma Invasive Plant Council","Invasive","Ulmus pumila",2026-01-22 18:30:31.462679
"Bothriochloa ischaemum","Yellow bluestem","OK","Dirty Dozen","Oklahoma Invasive Plant Council","Invasive","Bothriochloa ischaemum",2026-01-22 18:30:31.462679
"Pyrus calleryana","Callery pear","OK","Watch List","Oklahoma Invasive Plant Council","Invasive","Pyrus calleryana",2026-01-22 18:30:31.462679
"Ailanthus altissima","Tree of heaven","OK","Watch List","Oklahoma Invasive Plant Council","Invasive","Ailanthus altissima",2026-01-22 18:30:31.462679
"Rosa multiflora","Multiflora rose","OK","Watch List","Oklahoma Invasive Plant Council","Invasive","Rosa multiflora",2026-01-22 18:30:31.462679
"Elaeagnus angustifolia","Russian olive","OK","Watch List","Oklahoma Invasive Plant Council","Invasive","Elaeagnus angustifolia",2026-01-22 18:30:31.462679
"Cirsium arvense","Canada thistle","OK","Noxious","Oklahoma Invasive Plant Council","Invasive","Cirsium arvense",2026-01-22 18:30:31.462679
"Cirsium vulgare","Bull thistle","OK","Noxious","Oklahoma Invasive Plant Council","Invasive","Cirsium vulgare",2026-01-22 18:30:31.462679
"Convolvulus arvensis","Field bindweed","OK","Noxious","Oklahoma Invasive Plant Council","Invasive","Convolvulus arvensis",2026-01-22 18:30:31.462679
"Euphorbia esula","Leafy spurge","OK","Noxious","Oklahoma Invasive Plant Council","Invasive","Euphorbia esula",2026-01-22 18:30:31.462679
"Centaurea stoebe","Spotted knapweed","OK","Watch List","Oklahoma Invasive Plant Council","Invasive","Centaurea stoebe",2026-01-22 18:30:31.462679
"Phragmites australis","Common reed","OK","Watch List","Oklahoma Invasive Plant Council","Invasive","Phragmites australis",2026-01-22 18:30:31.462679
"Myriophyllum spicatum","Eurasian watermilfoil","OK","Watch List","Oklahoma Invasive Plant Council","Invasive","Myriophyllum spicatum",2026-01-22 18:30:31.462679
"Salvinia molesta","Giant salvinia","OK","Watch List","Oklahoma Invasive Plant Council","Invasive","Salvinia molesta",2026-01-22 18:30:31.462679
"Ailanthus altissima","Tree of heaven","WV","Threat Level 1","West Virginia DNR Priority Invasive Plants 2025","Invasive","Ailanthus altissima",2026-01-22 18:30:31.462679
"Rosa multiflora","Multiflora rose","WV","Threat Level 1","West Virginia DNR Priority Invasive Plants 2025","Invasive","Rosa multiflora",2026-01-22 18:30:31.462679
"Microstegium vimineum","Japanese stiltgrass","WV","Threat Level 1","West Virginia DNR Priority Invasive Plants 2025","Invasive","Microstegium vimineum",2026-01-22 18:30:31.462679
"Myriophyllum spicatum","Eurasian watermilfoil","WV","Threat Level 1","West Virginia DNR Priority Invasive Plants 2025","Invasive","Myriophyllum spicatum",2026-01-22 18:30:31.462679
"Paulownia tomentosa","Princess tree","WV","Threat Level 1","West Virginia DNR Priority Invasive Plants 2025","Invasive","Paulownia tomentosa",2026-01-22 18:30:31.462679
"Persicaria perfoliata","Mile-a-minute vine","WV","Threat Level 1","West Virginia DNR Priority Invasive Plants 2025","Invasive","Persicaria perfoliata",2026-01-22 18:30:31.462679
"Pueraria montana","Kudzu","WV","Threat Level 1","West Virginia DNR Priority Invasive Plants 2025","Invasive","Pueraria montana",2026-01-22 18:30:31.462679
"Pyrus calleryana","Callery pear","WV","Threat Level 1","West Virginia DNR Priority Invasive Plants 2025","Invasive","Pyrus calleryana",2026-01-22 18:30:31.462679
"Reynoutria japonica","Japanese knotweed","WV","Threat Level 1","West Virginia DNR Priority Invasive Plants 2025","Invasive","Reynoutria japonica",2026-01-22 18:30:31.462679
"Lonicera maackii","Amur honeysuckle","WV","Threat Level 1","West Virginia DNR Priority Invasive Plants 2025","Invasive","Lonicera maackii",2026-01-22 18:30:31.462679
"Lonicera japonica","Japanese honeysuckle","WV","Threat Level 1","West Virginia DNR Priority Invasive Plants 2025","Invasive","Lonicera japonica",2026-01-22 18:30:31.462679
"Elaeagnus umbellata","Autumn olive","WV","Threat Level 1","West Virginia DNR Priority Invasive Plants 2025","Invasive","Elaeagnus umbellata",2026-01-22 18:30:31.462679
"Celastrus orbiculatus","Oriental bittersweet","WV","Threat Level 1","West Virginia DNR Priority Invasive Plants 2025","Invasive","Celastrus orbiculatus",2026-01-22 18:30:31.462679
"Alliaria petiolata","Garlic mustard","WV","Threat Level 1","West Virginia DNR Priority Invasive Plants 2025","Invasive","Alliaria petiolata",2026-01-22 18:30:31.462679
"Euonymus fortunei","Wintercreeper","WV","Threat Level 1","West Virginia DNR Priority Invasive Plants 2025","Invasive","Euonymus fortunei",2026-01-22 18:30:31.462679
"Lespedeza cuneata","Sericea lespedeza","WV","Threat Level 1","West Virginia DNR Priority Invasive Plants 2025","Invasive","Lespedeza cuneata",2026-01-22 18:30:31.462679
"Lonicera morrowii","Morrows honeysuckle","WV","Threat Level 2","West Virginia DNR Priority Invasive Plants 2025","Invasive","Lonicera morrowii",2026-01-22 18:30:31.462679
"Lonicera tatarica","Tatarian honeysuckle","WV","Threat Level 2","West Virginia DNR Priority Invasive Plants 2025","Invasive","Lonicera tatarica",2026-01-22 18:30:31.462679
"Ligustrum sinense","Chinese privet","WV","Threat Level 2","West Virginia DNR Priority Invasive Plants 2025","Invasive","Ligustrum sinense",2026-01-22 18:30:31.462679
"Berberis thunbergii","Japanese barberry","WV","Threat Level 2","West Virginia DNR Priority Invasive Plants 2025","Invasive","Berberis thunbergii",2026-01-22 18:30:31.462679
"Euonymus alatus","Burning bush","WV","Threat Level 2","West Virginia DNR Priority Invasive Plants 2025","Invasive","Euonymus alatus",2026-01-22 18:30:31.462679
"Rhamnus cathartica","Common buckthorn","WV","Threat Level 2","West Virginia DNR Priority Invasive Plants 2025","Invasive","Rhamnus cathartica",2026-01-22 18:30:31.462679
"Frangula alnus","Glossy buckthorn","WV","Threat Level 2","West Virginia DNR Priority Invasive Plants 2025","Invasive","Frangula alnus",2026-01-22 18:30:31.462679
"Lythrum salicaria","Purple loosestrife","WV","Threat Level 2","West Virginia DNR Priority Invasive Plants 2025","Invasive","Lythrum salicaria",2026-01-22 18:30:31.462679
"Phragmites australis","Common reed","WV","Threat Level 2","West Virginia DNR Priority Invasive Plants 2025","Invasive","Phragmites australis",2026-01-22 18:30:31.462679
"Wisteria sinensis","Chinese wisteria","WV","Threat Level 2","West Virginia DNR Priority Invasive Plants 2025","Invasive","Wisteria sinensis",2026-01-22 18:30:31.462679
"Miscanthus sinensis","Chinese silvergrass","WV","Threat Level 2","West Virginia DNR Priority Invasive Plants 2025","Invasive","Miscanthus sinensis",2026-01-22 18:30:31.462679
"Spiraea japonica","Japanese spiraea","WV","Threat Level 2","West Virginia DNR Priority Invasive Plants 2025","Invasive","Spiraea japonica",2026-01-22 18:30:31.462679
"Nandina domestica","Sacred bamboo","WV","Threat Level 2","West Virginia DNR Priority Invasive Plants 2025","Invasive","Nandina domestica",2026-01-22 18:30:31.462679
"Ampelopsis brevipedunculata","Porcelain berry","WV","Threat Level 2","West Virginia DNR Priority Invasive Plants 2025","Invasive","Ampelopsis brevipedunculata",2026-01-22 18:30:31.462679
"Hedera helix","English ivy","WV","Threat Level 2","West Virginia DNR Priority Invasive Plants 2025","Invasive","Hedera helix",2026-01-22 18:30:31.462679
"Cirsium arvense","Canada thistle","WV","Threat Level 3","West Virginia DNR Priority Invasive Plants 2025","Invasive","Cirsium arvense",2026-01-22 18:30:31.462679
"Cirsium vulgare","Bull thistle","WV","Threat Level 3","West Virginia DNR Priority Invasive Plants 2025","Invasive","Cirsium vulgare",2026-01-22 18:30:31.462679
"Carduus nutans","Musk thistle","WV","Threat Level 3","West Virginia DNR Priority Invasive Plants 2025","Invasive","Carduus nutans",2026-01-22 18:30:31.462679
"Sorghum halepense","Johnsongrass","WV","Threat Level 3","West Virginia DNR Priority Invasive Plants 2025","Invasive","Sorghum halepense",2026-01-22 18:30:31.462679
"Pueraria montana","Kudzu","AL","Invasive","The Nature Conservancy Alabama 2024","Invasive","Pueraria montana",2026-01-22 18:30:31.462679
"Triadica sebifera","Chinese tallow","AL","Invasive","The Nature Conservancy Alabama 2024","Invasive","Triadica sebifera",2026-01-22 18:30:31.462679
"Imperata cylindrica","Cogongrass","AL","Noxious","The Nature Conservancy Alabama 2024","Invasive","Imperata cylindrica",2026-01-22 18:30:31.462679
"Ligustrum sinense","Chinese privet","AL","Invasive","The Nature Conservancy Alabama 2024","Invasive","Ligustrum sinense",2026-01-22 18:30:31.462679
"Solanum viarum","Tropical soda apple","AL","Noxious","The Nature Conservancy Alabama 2024","Invasive","Solanum viarum",2026-01-22 18:30:31.462679
"Lygodium japonicum","Japanese climbing fern","AL","Invasive","The Nature Conservancy Alabama 2024","Invasive","Lygodium japonicum",2026-01-22 18:30:31.462679
"Rosa multiflora","Multiflora rose","AL","Invasive","The Nature Conservancy Alabama 2024","Invasive","Rosa multiflora",2026-01-22 18:30:31.462679
"Rosa laevigata","Cherokee rose","AL","Invasive","The Nature Conservancy Alabama 2024","Invasive","Rosa laevigata",2026-01-22 18:30:31.462679
"Rosa bracteata","Macartney rose","AL","Invasive","The Nature Conservancy Alabama 2024","Invasive","Rosa bracteata",2026-01-22 18:30:31.462679
"Myriophyllum spicatum","Eurasian water milfoil","AL","Invasive","The Nature Conservancy Alabama 2024","Invasive","Myriophyllum spicatum",2026-01-22 18:30:31.462679
"Hydrilla verticillata","Hydrilla","AL","Noxious","The Nature Conservancy Alabama 2024","Invasive","Hydrilla verticillata",2026-01-22 18:30:31.462679
"Alternanthera philoxeroides","Alligatorweed","AL","Invasive","The Nature Conservancy Alabama 2024","Invasive","Alternanthera philoxeroides",2026-01-22 18:30:31.462679
"Lonicera japonica","Japanese honeysuckle","AL","Invasive","The Nature Conservancy Alabama 2024","Invasive","Lonicera japonica",2026-01-22 18:30:31.462679
"Ailanthus altissima","Tree of heaven","AL","Invasive","The Nature Conservancy Alabama 2024","Invasive","Ailanthus altissima",2026-01-22 18:30:31.462679
"Albizia julibrissin","Mimosa","AL","Invasive","The Nature Conservancy Alabama 2024","Invasive","Albizia julibrissin",2026-01-22 18:30:31.462679
"Melia azedarach","Chinaberry","AL","Invasive","The Nature Conservancy Alabama 2024","Invasive","Melia azedarach",2026-01-22 18:30:31.462679
"Paulownia tomentosa","Princess tree","AL","Invasive","The Nature Conservancy Alabama 2024","Invasive","Paulownia tomentosa",2026-01-22 18:30:31.462679
"Pyrus calleryana","Bradford pear","AL","Invasive","The Nature Conservancy Alabama 2024","Invasive","Pyrus calleryana",2026-01-22 18:30:31.462679
"Nandina domestica","Sacred bamboo","AL","Invasive","The Nature Conservancy Alabama 2024","Invasive","Nandina domestica",2026-01-22 18:30:31.462679
"Wisteria sinensis","Chinese wisteria","AL","Invasive","The Nature Conservancy Alabama 2024","Invasive","Wisteria sinensis",2026-01-22 18:30:31.462679
"Pyrus calleryana","Callery pear","AR","Invasive","Encyclopedia of Arkansas + UAEX 2024","Invasive","Pyrus calleryana",2026-01-22 18:30:31.462679
"Koelreuteria bipinnata","Chinese flame tree","AR","Invasive","Encyclopedia of Arkansas + UAEX 2024","Invasive","Koelreuteria bipinnata",2026-01-22 18:30:31.462679
"Koelreuteria paniculata","Golden-rain tree","AR","Invasive","Encyclopedia of Arkansas + UAEX 2024","Invasive","Koelreuteria paniculata",2026-01-22 18:30:31.462679
"Triadica sebifera","Chinese tallow","AR","Invasive","Encyclopedia of Arkansas + UAEX 2024","Invasive","Triadica sebifera",2026-01-22 18:30:31.462679
"Albizia julibrissin","Mimosa","AR","Invasive","Encyclopedia of Arkansas + UAEX 2024","Invasive","Albizia julibrissin",2026-01-22 18:30:31.462679
"Melia azedarach","Chinaberry","AR","Invasive","Encyclopedia of Arkansas + UAEX 2024","Invasive","Melia azedarach",2026-01-22 18:30:31.462679
"Ailanthus altissima","Tree of heaven","AR","Invasive","Encyclopedia of Arkansas + UAEX 2024","Invasive","Ailanthus altissima",2026-01-22 18:30:31.462679
"Vitex negundo","Negundo chaste tree","AR","Invasive","Encyclopedia of Arkansas + UAEX 2024","Invasive","Vitex negundo",2026-01-22 18:30:31.462679
"Aleurites fordii","Tungoil tree","AR","Invasive","Encyclopedia of Arkansas + UAEX 2024","Invasive","Aleurites fordii",2026-01-22 18:30:31.462679
"Ligustrum sinense","Chinese privet","AR","Invasive","Encyclopedia of Arkansas + UAEX 2024","Invasive","Ligustrum sinense",2026-01-22 18:30:31.462679
"Ligustrum lucidum","Glossy privet","AR","Invasive","Encyclopedia of Arkansas + UAEX 2024","Invasive","Ligustrum lucidum",2026-01-22 18:30:31.462679
"Elaeagnus pungens","Silverthorn","AR","Invasive","Encyclopedia of Arkansas + UAEX 2024","Invasive","Elaeagnus pungens",2026-01-22 18:30:31.462679
"Elaeagnus umbellata","Autumn olive","AR","Invasive","Encyclopedia of Arkansas + UAEX 2024","Invasive","Elaeagnus umbellata",2026-01-22 18:30:31.462679
"Lonicera japonica","Japanese honeysuckle","AR","Invasive","Encyclopedia of Arkansas + UAEX 2024","Invasive","Lonicera japonica",2026-01-22 18:30:31.462679
"Hedera helix","English ivy","AR","Invasive","Encyclopedia of Arkansas + UAEX 2024","Invasive","Hedera helix",2026-01-22 18:30:31.462679
"Pueraria montana","Kudzu","AR","Invasive","Encyclopedia of Arkansas + UAEX 2024","Invasive","Pueraria montana",2026-01-22 18:30:31.462679
"Sorghum halepense","Johnsongrass","AR","Noxious","Encyclopedia of Arkansas + UAEX 2024","Invasive","Sorghum halepense",2026-01-22 18:30:31.462679
"Cynodon dactylon","Bermudagrass","AR","Noxious","Encyclopedia of Arkansas + UAEX 2024","Invasive","Cynodon dactylon",2026-01-22 18:30:31.462679
"Phyllostachys aurea","Golden bamboo","AR","Invasive","Encyclopedia of Arkansas + UAEX 2024","Invasive","Phyllostachys aurea",2026-01-22 18:30:31.462679
"Imperata cylindrica","Cogongrass","AR","Invasive","Encyclopedia of Arkansas + UAEX 2024","Invasive","Imperata cylindrica",2026-01-22 18:30:31.462679
"Lespedeza cuneata","Chinese lespedeza","AR","Invasive","Encyclopedia of Arkansas + UAEX 2024","Invasive","Lespedeza cuneata",2026-01-22 18:30:31.462679
"Lygodium japonicum","Japanese climbing fern","AR","Invasive","Encyclopedia of Arkansas + UAEX 2024","Invasive","Lygodium japonicum",2026-01-22 18:30:31.462679
"Hydrilla verticillata","Hydrilla","AR","Noxious","Encyclopedia of Arkansas + UAEX 2024","Invasive","Hydrilla verticillata",2026-01-22 18:30:31.462679
"Salvinia molesta","Giant salvinia","AR","Noxious","Encyclopedia of Arkansas + UAEX 2024","Invasive","Salvinia molesta",2026-01-22 18:30:31.462679
"Paulownia tomentosa","Princess tree","AR","Invasive","Encyclopedia of Arkansas + UAEX 2024","Invasive","Paulownia tomentosa",2026-01-22 18:30:31.462679
"Wisteria sinensis","Chinese wisteria","AR","Invasive","Encyclopedia of Arkansas + UAEX 2024","Invasive","Wisteria sinensis",2026-01-22 18:30:31.462679
"Falcataria moluccana","Albizia","HI","Invasive","Hawaii Invasive Species Council 2024","Invasive","Falcataria moluccana",2026-01-22 18:30:31.462679
"Cyathea cooperi","Australian tree fern","HI","Invasive","Hawaii Invasive Species Council 2024","Invasive","Cyathea cooperi",2026-01-22 18:30:31.462679
"Bischofia javanica","Bishop wood","HI","Invasive","Hawaii Invasive Species Council 2024","Invasive","Bischofia javanica",2026-01-22 18:30:31.462679
"Acacia mearnsii","Black wattle","HI","Invasive","Hawaii Invasive Species Council 2024","Invasive","Acacia mearnsii",2026-01-22 18:30:31.462679
"Ficus religiosa","Bodhi tree","HI","Invasive","Hawaii Invasive Species Council 2024","Invasive","Ficus religiosa",2026-01-22 18:30:31.462679
"Schinus terebinthifolius","Christmas berry","HI","Invasive","Hawaii Invasive Species Council 2024","Invasive","Schinus terebinthifolius",2026-01-22 18:30:31.462679
"Cotoneaster pannosus","Cotoneaster","HI","Invasive","Hawaii Invasive Species Council 2024","Invasive","Cotoneaster pannosus",2026-01-22 18:30:31.462679
"Morella faya","Fire tree","HI","Invasive","Hawaii Invasive Species Council 2024","Invasive","Morella faya",2026-01-22 18:30:31.462679
"Tibouchina urvilleana","Glory bush","HI","Noxious","Hawaii Invasive Species Council 2024","Invasive","Tibouchina urvilleana",2026-01-22 18:30:31.462679
"Buddleja madagascariensis","Smoke bush","HI","Invasive","Hawaii Invasive Species Council 2024","Invasive","Buddleja madagascariensis",2026-01-22 18:30:31.462679
"Psidium cattleianum","Strawberry guava","HI","Invasive","Hawaii Invasive Species Council 2024","Invasive","Psidium cattleianum",2026-01-22 18:30:31.462679
"Ailanthus altissima","Tree of heaven","HI","Invasive","Hawaii Invasive Species Council 2024","Invasive","Ailanthus altissima",2026-01-22 18:30:31.462679
"Passiflora tarminiana","Banana poka","HI","Invasive","Hawaii Invasive Species Council 2024","Invasive","Passiflora tarminiana",2026-01-22 18:30:31.462679
"Pyrostegia venusta","Flame vine","HI","Invasive","Hawaii Invasive Species Council 2024","Invasive","Pyrostegia venusta",2026-01-22 18:30:31.462679
"Clematis terniflora","Sweet autumn clematis","HI","Invasive","Hawaii Invasive Species Council 2024","Invasive","Clematis terniflora",2026-01-22 18:30:31.462679
"Imperata cylindrica","Cogongrass","HI","Invasive","Hawaii Invasive Species Council 2024","Invasive","Imperata cylindrica",2026-01-22 18:30:31.462679
"Pennisetum setaceum","Fountain grass","HI","Invasive","Hawaii Invasive Species Council 2024","Invasive","Pennisetum setaceum",2026-01-22 18:30:31.462679
"Cortaderia jubata","Pampas grass","HI","Invasive","Hawaii Invasive Species Council 2024","Invasive","Cortaderia jubata",2026-01-22 18:30:31.462679
"Chromolaena odorata","Devil weed","HI","Invasive","Hawaii Invasive Species Council 2024","Invasive","Chromolaena odorata",2026-01-22 18:30:31.462679
"Senecio madagascariensis","Fireweed","HI","Invasive","Hawaii Invasive Species Council 2024","Invasive","Senecio madagascariensis",2026-01-22 18:30:31.462679
"Ulex europaeus","Gorse","HI","Invasive","Hawaii Invasive Species Council 2024","Invasive","Ulex europaeus",2026-01-22 18:30:31.462679
"Bocconia frutescens","Plume poppy","HI","Invasive","Hawaii Invasive Species Council 2024","Invasive","Bocconia frutescens",2026-01-22 18:30:31.462679
"Hedychium gardnerianum","Himalayan ginger","HI","Invasive","Hawaii Invasive Species Council 2024","Invasive","Hedychium gardnerianum",2026-01-22 18:30:31.462679
"Miconia calvescens","Miconia","HI","Noxious","Hawaii Invasive Species Council 2024","Invasive","Miconia calvescens",2026-01-22 18:30:31.462679
"Clidemia hirta","Koster's curse","HI","Invasive","Hawaii Invasive Species Council 2024","Invasive","Clidemia hirta",2026-01-22 18:30:31.462679
"Rubus argutus","Prickly Florida blackberry","HI","Invasive","Hawaii Invasive Species Council 2024","Invasive","Rubus argutus",2026-01-22 18:30:31.462679
"Leucaena leucocephala","Lead tree","HI","Invasive","Hawaii Invasive Species Council 2024","Invasive","Leucaena leucocephala",2026-01-22 18:30:31.462679
"Prosopis pallida","Kiawe","HI","Invasive","Hawaii Invasive Species Council 2024","Invasive","Prosopis pallida",2026-01-22 18:30:31.462679
"Coccinia grandis","Ivy gourd","HI","Noxious","Hawaii Invasive Species Council 2024","Invasive","Coccinia grandis",2026-01-22 18:30:31.462679
"Panicum maximum","Guinea grass","HI","Invasive","Hawaii Invasive Species Council 2024","Invasive","Panicum maximum",2026-01-22 18:30:31.462679
"Triadica sebifera","Chinese tallow","LA","Invasive","Louisiana WLF + LSU AgCenter 2024","Invasive","Triadica sebifera",2026-01-22 18:30:31.462679
"Ligustrum japonicum","Japanese privet","LA","Invasive","Louisiana WLF + LSU AgCenter 2024","Invasive","Ligustrum japonicum",2026-01-22 18:30:31.462679
"Ligustrum lucidum","Glossy privet","LA","Invasive","Louisiana WLF + LSU AgCenter 2024","Invasive","Ligustrum lucidum",2026-01-22 18:30:31.462679
"Ligustrum sinense","Chinese privet","LA","Invasive","Louisiana WLF + LSU AgCenter 2024","Invasive","Ligustrum sinense",2026-01-22 18:30:31.462679
"Imperata cylindrica","Cogongrass","LA","Noxious","Louisiana WLF + LSU AgCenter 2024","Invasive","Imperata cylindrica",2026-01-22 18:30:31.462679
"Phragmites australis","Common reed","LA","Invasive","Louisiana WLF + LSU AgCenter 2024","Invasive","Phragmites australis",2026-01-22 18:30:31.462679
"Salvinia molesta","Giant salvinia","LA","Noxious","Louisiana WLF + LSU AgCenter 2024","Invasive","Salvinia molesta",2026-01-22 18:30:31.462679
"Alternanthera philoxeroides","Alligatorweed","LA","Invasive","Louisiana WLF + LSU AgCenter 2024","Invasive","Alternanthera philoxeroides",2026-01-22 18:30:31.462679
"Hydrilla verticillata","Hydrilla","LA","Noxious","Louisiana WLF + LSU AgCenter 2024","Invasive","Hydrilla verticillata",2026-01-22 18:30:31.462679
"Arundo donax","Giant reed","LA","Invasive","Louisiana WLF + LSU AgCenter 2024","Invasive","Arundo donax",2026-01-22 18:30:31.462679
"Liriope muscari","Big blue lilyturf","LA","Invasive","Louisiana WLF + LSU AgCenter 2024","Invasive","Liriope muscari",2026-01-22 18:30:31.462679
"Lonicera japonica","Japanese honeysuckle","LA","Invasive","Louisiana WLF + LSU AgCenter 2024","Invasive","Lonicera japonica",2026-01-22 18:30:31.462679
"Lygodium japonicum","Japanese climbing fern","LA","Invasive","Louisiana WLF + LSU AgCenter 2024","Invasive","Lygodium japonicum",2026-01-22 18:30:31.462679
"Nandina domestica","Sacred bamboo","LA","Invasive","Louisiana WLF + LSU AgCenter 2024","Invasive","Nandina domestica",2026-01-22 18:30:31.462679
"Panicum repens","Torpedo grass","LA","Invasive","Louisiana WLF + LSU AgCenter 2024","Invasive","Panicum repens",2026-01-22 18:30:31.462679
"Pyrus calleryana","Callery pear","LA","Invasive","Louisiana WLF + LSU AgCenter 2024","Invasive","Pyrus calleryana",2026-01-22 18:30:31.462679
"Quercus acutissima","Sawtooth oak","LA","Invasive","Louisiana WLF + LSU AgCenter 2024","Invasive","Quercus acutissima",2026-01-22 18:30:31.462679
"Rosa laevigata","Cherokee rose","LA","Invasive","Louisiana WLF + LSU AgCenter 2024","Invasive","Rosa laevigata",2026-01-22 18:30:31.462679
"Vernicia fordii","Tungoil tree","LA","Invasive","Louisiana WLF + LSU AgCenter 2024","Invasive","Vernicia fordii",2026-01-22 18:30:31.462679
"Iris pseudacorus","Yellow flag iris","LA","Invasive","Louisiana WLF + LSU AgCenter 2024","Invasive","Iris pseudacorus",2026-01-22 18:30:31.462679
"Albizia julibrissin","Mimosa","LA","Invasive","Louisiana WLF + LSU AgCenter 2024","Invasive","Albizia julibrissin",2026-01-22 18:30:31.462679
"Eichhornia crassipes","Water hyacinth","LA","Noxious","Louisiana WLF + LSU AgCenter 2024","Invasive","Eichhornia crassipes",2026-01-22 18:30:31.462679
"Pueraria montana","Kudzu","LA","Invasive","Louisiana WLF + LSU AgCenter 2024","Invasive","Pueraria montana",2026-01-22 18:30:31.462679
"Colocasia esculenta","Wild taro","LA","Invasive","Louisiana WLF + LSU AgCenter 2024","Invasive","Colocasia esculenta",2026-01-22 18:30:31.462679
"Ailanthus altissima","Tree of heaven","LA","Invasive","Louisiana WLF + LSU AgCenter 2024","Invasive","Ailanthus altissima",2026-01-22 18:30:31.462679
"Alternanthera philoxeroides","Alligatorweed","MS","Invasive","MSU Extension + MS Dept of Agriculture 2024","Invasive","Alternanthera philoxeroides",2026-01-22 18:30:31.462679
"Lonicera maackii","Amur honeysuckle","MS","Invasive","MSU Extension + MS Dept of Agriculture 2024","Invasive","Lonicera maackii",2026-01-22 18:30:31.462679
"Vitex rotundifolia","Beach vitex","MS","Invasive","MSU Extension + MS Dept of Agriculture 2024","Invasive","Vitex rotundifolia",2026-01-22 18:30:31.462679
"Commelina benghalensis","Benghal dayflower","MS","Noxious","MSU Extension + MS Dept of Agriculture 2024","Invasive","Commelina benghalensis",2026-01-22 18:30:31.462679
"Cayratia japonica","Bushkiller","MS","Invasive","MSU Extension + MS Dept of Agriculture 2024","Invasive","Cayratia japonica",2026-01-22 18:30:31.462679
"Mimosa pigra","Catclaw mimosa","MS","Invasive","MSU Extension + MS Dept of Agriculture 2024","Invasive","Mimosa pigra",2026-01-22 18:30:31.462679
"Imperata cylindrica","Cogongrass","MS","Noxious","MSU Extension + MS Dept of Agriculture 2024","Invasive","Imperata cylindrica",2026-01-22 18:30:31.462679
"Hedera helix","English ivy","MS","Invasive","MSU Extension + MS Dept of Agriculture 2024","Invasive","Hedera helix",2026-01-22 18:30:31.462679
"Alliaria petiolata","Garlic mustard","MS","Invasive","MSU Extension + MS Dept of Agriculture 2024","Invasive","Alliaria petiolata",2026-01-22 18:30:31.462679
"Arundo donax","Giant reed","MS","Invasive","MSU Extension + MS Dept of Agriculture 2024","Invasive","Arundo donax",2026-01-22 18:30:31.462679
"Rottboellia cochinchinensis","Itchgrass","MS","Noxious","MSU Extension + MS Dept of Agriculture 2024","Invasive","Rottboellia cochinchinensis",2026-01-22 18:30:31.462679
"Lygodium japonicum","Japanese climbing fern","MS","Invasive","MSU Extension + MS Dept of Agriculture 2024","Invasive","Lygodium japonicum",2026-01-22 18:30:31.462679
"Sorghum halepense","Johnsongrass","MS","Noxious","MSU Extension + MS Dept of Agriculture 2024","Invasive","Sorghum halepense",2026-01-22 18:30:31.462679
"Pueraria montana","Kudzu","MS","Invasive","MSU Extension + MS Dept of Agriculture 2024","Invasive","Pueraria montana",2026-01-22 18:30:31.462679
"Rosa multiflora","Multiflora rose","MS","Invasive","MSU Extension + MS Dept of Agriculture 2024","Invasive","Rosa multiflora",2026-01-22 18:30:31.462679
"Carduus nutans","Musk thistle","MS","Noxious","MSU Extension + MS Dept of Agriculture 2024","Invasive","Carduus nutans",2026-01-22 18:30:31.462679
"Lythrum salicaria","Purple loosestrife","MS","Invasive","MSU Extension + MS Dept of Agriculture 2024","Invasive","Lythrum salicaria",2026-01-22 18:30:31.462679
"Nandina domestica","Sacred bamboo","MS","Invasive","MSU Extension + MS Dept of Agriculture 2024","Invasive","Nandina domestica",2026-01-22 18:30:31.462679
"Crotalaria spectabilis","Showy rattlebox","MS","Noxious","MSU Extension + MS Dept of Agriculture 2024","Invasive","Crotalaria spectabilis",2026-01-22 18:30:31.462679
"Sporobolus indicus","Smutgrass","MS","Invasive","MSU Extension + MS Dept of Agriculture 2024","Invasive","Sporobolus indicus",2026-01-22 18:30:31.462679
"Xanthium spinosum","Spiny cocklebur","MS","Noxious","MSU Extension + MS Dept of Agriculture 2024","Invasive","Xanthium spinosum",2026-01-22 18:30:31.462679
"Triadica sebifera","Chinese tallow","MS","Invasive","MSU Extension + MS Dept of Agriculture 2024","Invasive","Triadica sebifera",2026-01-22 18:30:31.462679
"Elaeagnus pungens","Thorny olive","MS","Invasive","MSU Extension + MS Dept of Agriculture 2024","Invasive","Elaeagnus pungens",2026-01-22 18:30:31.462679
"Panicum repens","Torpedograss","MS","Invasive","MSU Extension + MS Dept of Agriculture 2024","Invasive","Panicum repens",2026-01-22 18:30:31.462679
"Ailanthus altissima","Tree of heaven","MS","Invasive","MSU Extension + MS Dept of Agriculture 2024","Invasive","Ailanthus altissima",2026-01-22 18:30:31.462679
"Solanum viarum","Tropical soda apple","MS","Noxious","MSU Extension + MS Dept of Agriculture 2024","Invasive","Solanum viarum",2026-01-22 18:30:31.462679
"Salvinia molesta","Giant salvinia","MS","Noxious","MSU Extension + MS Dept of Agriculture 2024","Invasive","Salvinia molesta",2026-01-22 18:30:31.462679
"Hydrilla verticillata","Hydrilla","MS","Noxious","MSU Extension + MS Dept of Agriculture 2024","Invasive","Hydrilla verticillata",2026-01-22 18:30:31.462679
"Myriophyllum aquaticum","Parrotfeather","MS","Invasive","MSU Extension + MS Dept of Agriculture 2024","Invasive","Myriophyllum aquaticum",2026-01-22 18:30:31.462679
"Eichhornia crassipes","Water hyacinth","MS","Noxious","MSU Extension + MS Dept of Agriculture 2024","Invasive","Eichhornia crassipes",2026-01-22 18:30:31.462679
