scientific_name,source
Abablemma bilineata,GBIF
Abablemma brimleyana,GBIF
Abablemma duomaculata,GBIF
Abacena mundula,GBIF
Abaeis boisduvaliana,GBIF
Abaeis mexicana,GBIF
Abaeis nicippe,GBIF
Abagrotis alampeta,GBIF
Abagrotis apposita,GBIF
Abagrotis baueri,GBIF
Abagrotis bimarginalis,GBIF
Abagrotis brunneipennis,GBIF
Abagrotis denticulata,GBIF
Abagrotis dickeli,GBIF
Abagrotis discoidalis,GBIF
Abagrotis dodi,GBIF
Abagrotis duanca,GBIF
Abagrotis erratica,GBIF
Abagrotis forbesi,GBIF
Abagrotis glenni,GBIF
Abagrotis hennei,GBIF
Abagrotis hermina,GBIF
Abagrotis kirkwoodi,GBIF
Abagrotis mexicana,GBIF
Abagrotis mirabilis,GBIF
Abagrotis nanalis,GBIF
Abagrotis nefascia,GBIF
Abagrotis petalama,GBIF
Abagrotis pulchrata,GBIF
Abagrotis reedi,GBIF
Abagrotis rubricundis,GBIF
Abagrotis scopeops,GBIF
Abagrotis striata,GBIF
Abagrotis trigona,GBIF
Abagrotis turbulenta,GBIF
Abagrotis variata,GBIF
Abagrotis vittifrons,GBIF
Abegesta concha,GBIF
Abegesta reluctalis,GBIF
Abegesta remellalis,GBIF
Abrenthia cuprea,GBIF
Abrostola microvalis,GBIF
Abrostola ovalis,GBIF
Abrostola parvula,GBIF
Abrostola urentis,GBIF
Acallis alticolalis,GBIF
Acallis gripalis,GBIF
Acalyptris bicornutus,GBIF
Acalyptris bipinnatellus,GBIF
Acalyptris lotella,GBIF
Acalyptris tenuijuxtus,GBIF
Acalyptris thoracealbella,GBIF
Acanthopteroctetes aurulenta,GBIF
Acanthopteroctetes bimaculata,GBIF
Acanthopteroctetes unifascia,GBIF
Acanthotoca graefii,GBIF
Accipiter nisus,eBird
Accipiter striatus,eBird
Acentria ephemerella,GBIF
Acerra normalis,GBIF
Achaea echo,GBIF
Achaea janata,GBIF
Achalarus albociliatus,GBIF
Achalarus casica,GBIF
Achalarus jalapus,GBIF
Achalarus toxeus,GBIF
Achatia confusa,GBIF
Achatia evicta,GBIF
Achatia latex,GBIF
Achatia mucens,GBIF
Acherdoa ferraria,GBIF
Achlyodes busirus,GBIF
Achlyodes pallida,GBIF
Achlyodes thraso,GBIF
Achroia grisella,GBIF
Achyra bifidalis,GBIF
Achyra occidentalis,GBIF
Acleris aenigmana,GBIF
Acleris albinvia,GBIF
Acleris arcticana,GBIF
Acleris bergmanniana,GBIF
Acleris bowmanana,GBIF
Acleris britannia,GBIF
Acleris busckana,GBIF
Acleris caliginosana,GBIF
Acleris comandrana,GBIF
Acleris cornana,GBIF
Acleris curvalana,GBIF
Acleris effractana,GBIF
Acleris emargana,GBIF
Acleris ferrugana,GBIF
Acleris foliana,GBIF
Acleris forsskaleana,GBIF
Acleris gloveranus,GBIF
Acleris holmiana,GBIF
Acleris inana,GBIF
Acleris keiferi,GBIF
Acleris lipsiana,GBIF
Acleris obtusana,GBIF
Acleris paracinderella,GBIF
Acleris placidana,GBIF
Acleris ptychogrammos,GBIF
Acleris rhombana,GBIF
Acleris santacrucis,GBIF
Acleris senescens,GBIF
Acleris simpliciana,GBIF
Acleris stadiana,GBIF
Acleris youngana,GBIF
Acleris zimmermani,GBIF
Aclytia heber,GBIF
Acolasis bibitrix,GBIF
Acoloithus falsarius,GBIF
Acoloithus novaricus,GBIF
Acoloithus rectarius,GBIF
Acontia abdominalis,GBIF
Acontia acutus,GBIF
Acontia alata,GBIF
Acontia albifusa,GBIF
Acontia albitermen,GBIF
Acontia altera,GBIF
Acontia apela,GBIF
Acontia aprica,GBIF
Acontia areli,GBIF
Acontia areloides,GBIF
Acontia arida,GBIF
Acontia behrii,GBIF
Acontia bella,GBIF
Acontia bicolorata,GBIF
Acontia bilimeki,GBIF
Acontia binocula,GBIF
Acontia candefacta,GBIF
Acontia chea,GBIF
Acontia clausula,GBIF
Acontia cleta,GBIF
Acontia coquillettii,GBIF
Acontia cretata,GBIF
Acontia cuta,GBIF
Acontia dacia,GBIF
Acontia dama,GBIF
Acontia dorneri,GBIF
Acontia erastrioides,GBIF
Acontia exigua,GBIF
Acontia expolita,GBIF
Acontia fasciatella,GBIF
Acontia fumata,GBIF
Acontia geminocula,GBIF
Acontia heonyx,GBIF
Acontia huachuca,GBIF
Acontia huita,GBIF
Acontia idella,GBIF
Acontia jaliscana,GBIF
Acontia knowltoni,GBIF
Acontia lagunae,GBIF
Acontia lanceolata,GBIF
Acontia leo,GBIF
Acontia libedis,GBIF
Acontia lucasi,GBIF
Acontia major,GBIF
Acontia margana,GBIF
Acontia margaritata,GBIF
Acontia megocula,GBIF
Acontia nannodes,GBIF
Acontia nigra,GBIF
Acontia obatra,GBIF
Acontia onagrus,GBIF
Acontia parvula,GBIF
Acontia phecolisca,GBIF
Acontia pulchra,GBIF
Acontia quadriplaga,GBIF
Acontia sedata,GBIF
Acontia semiflava,GBIF
Acontia septuosa,GBIF
Acontia sutor,GBIF
Acontia sutrix,GBIF
Acontia toddi,GBIF
Acontia tortricina,GBIF
Acontia tripartita,GBIF
Acontia virginalis,GBIF
Acopa carina,GBIF
Acopa perpallida,GBIF
Acossus undosus,GBIF
Acrapex relicta,GBIF
Acratodes suavata,GBIF
Acridotheres cristatellus,eBird
Acridotheres tristis,eBird
Acritogramma metaleuca,GBIF
Acrobasis aurorella,GBIF
Acrobasis blanchardorum,GBIF
Acrobasis caliginella,GBIF
Acrobasis comptella,GBIF
Acrobasis juglanivorella,GBIF
Acrobasis minimella,GBIF
Acrobasis suavella,GBIF
Acrobasis texana,GBIF
Acrocephalus dumetorum,eBird
Acrocephalus familiaris,eBird
Acrocephalus schoenobaenus,eBird
Acrocercops arbutella,GBIF
Acrocercops pnosmodiella,GBIF
Acrocercops strigosa,GBIF
Acrolepia assectella,GBIF
Acrolepiopsis californica,GBIF
Acrolepiopsis heppneri,GBIF
Acrolepiopsis leucoscia,GBIF
Acrolophus arizonellus,GBIF
Acrolophus bicornutus,GBIF
Acrolophus cockerelli,GBIF
Acrolophus comptus,GBIF
Acrolophus confusus,GBIF
Acrolophus cressoni,GBIF
Acrolophus filicornis,GBIF
Acrolophus forbesi,GBIF
Acrolophus franclemonti,GBIF
Acrolophus furcatus,GBIF
Acrolophus griseus,GBIF
Acrolophus hasbroucki,GBIF
Acrolophus heinrichi,GBIF
Acrolophus heppneri,GBIF
Acrolophus hodgesi,GBIF
Acrolophus kearfotti,GBIF
Acrolophus laticapitana,GBIF
Acrolophus leuschneri,GBIF
Acrolophus macrophallus,GBIF
Acrolophus maculifer,GBIF
Acrolophus mortipennella,GBIF
Acrolophus mycetophagus,GBIF
Acrolophus occidens,GBIF
Acrolophus panamae,GBIF
Acrolophus parvipalpus,GBIF
Acrolophus persimplex,GBIF
Acrolophus piger,GBIF
Acrolophus popeanella,GBIF
Acrolophus propinqua,GBIF
Acrolophus punctellus,GBIF
Acrolophus pyramellus,GBIF
Acrolophus simulatus,GBIF
Acrolophus sinclairi,GBIF
Acrolophus texanella,GBIF
Acrolophus variabilis,GBIF
Acrolophus walsinghami,GBIF
Acrolophus wielgusi,GBIF
Acrolophus wilkei,GBIF
Acroncosa albiflavella,GBIF
Acroncosa similella,GBIF
Acronicta atristrigatus,GBIF
Acronicta barnesii,GBIF
Acronicta beameri,GBIF
Acronicta browni,GBIF
Acronicta cyanescens,GBIF
Acronicta dolli,GBIF
Acronicta edolata,GBIF
Acronicta exempta,GBIF
Acronicta extricata,GBIF
Acronicta fallax,GBIF
Acronicta hastulifera,GBIF
Acronicta heitzmani,GBIF
Acronicta insita,GBIF
Acronicta insularis,GBIF
Acronicta lepetita,GBIF
Acronicta lupini,GBIF
Acronicta mansueta,GBIF
Acronicta marmorata,GBIF
Acronicta menyanthidis,GBIF
Acronicta othello,GBIF
Acronicta parallela,GBIF
Acronicta paupercula,GBIF
Acronicta perblanda,GBIF
Acronicta perdita,GBIF
Acronicta quadrata,GBIF
Acronicta sinescripta,GBIF
Acronicta spinea,GBIF
Acronicta strigulata,GBIF
Acronicta thoracica,GBIF
Acronicta tota,GBIF
Acronicta valliscola,GBIF
Acroplectis haemanthes,GBIF
Acroria terens,GBIF
Acsala anomala,GBIF
Actebia balanitis,GBIF
Actitis hypoleucos,eBird
Actitis macularius,eBird
Adaina ambrosiae,GBIF
Adaina bipunctatus,GBIF
Adaina simplicius,GBIF
Adela astrella,GBIF
Adela caeruleella,GBIF
Adela eldorada,GBIF
Adela flammeusella,GBIF
Adela oplerella,GBIF
Adela punctiferella,GBIF
Adela ridingsella,GBIF
Adela septentrionella,GBIF
Adela singulella,GBIF
Adela thorpella,GBIF
Adela trigrapha,GBIF
Adela vittata,GBIF
Adelpha basiloides,GBIF
Adelpha bredowii,GBIF
Adelphagrotis carissima,GBIF
Adelphagrotis indeterminata,GBIF
Adelphagrotis stellaris,GBIF
Admetovis icarus,GBIF
Admetovis oxymorus,GBIF
Admetovis similaris,GBIF
Adoneta bicaudata,GBIF
Adoneta gemina,GBIF
Adoneta inuloides,GBIF
Adoneta pygmaea,GBIF
Adopaeoides prittwitzi,GBIF
Aechmophorus clarkii,eBird
Aechmophorus occidentalis,eBird
Aegolius acadicus,eBird
Aegolius funereus,eBird
Aellopos clavipes,GBIF
Aellopos fadus,GBIF
Aellopos tantalus,GBIF
Aerodramus bartschi,eBird
Aeronautes saxatalis,eBird
Aethaloida packardaria,GBIF
Aethes angulatana,GBIF
Aethes angustana,GBIF
Aethes argentilimitana,GBIF
Aethes atomosana,GBIF
Aethes baloghi,GBIF
Aethes biscana,GBIF
Aethes bomonana,GBIF
Aethes deutschiana,GBIF
Aethes fernaldana,GBIF
Aethes floccosana,GBIF
Aethes heleniana,GBIF
Aethes interruptofasciata,GBIF
Aethes kindermanniana,GBIF
Aethes louisiana,GBIF
Aethes matheri,GBIF
Aethes matthewcruzi,GBIF
Aethes mymara,GBIF
Aethes olibra,GBIF
Aethes patricia,GBIF
Aethes promptana,GBIF
Aethes rana,GBIF
Aethes razowskii,GBIF
Aethes seriatana,GBIF
Aethes sexdentata,GBIF
Aethes smeathmanniana,GBIF
Aethes sonorae,GBIF
Aethes spartinana,GBIF
Aethes terriae,GBIF
Aethes vachelliana,GBIF
Aethia cristatella,eBird
Aethia psittacula,eBird
Aethia pusilla,eBird
Aethia pygmaea,eBird
Aethiophysa delicata,GBIF
Aethiophysa dualis,GBIF
Aethiophysa lentiflualis,GBIF
Aetole extraneella,GBIF
Aetole tripunctella,GBIF
Aetole unipunctella,GBIF
Afeda biloba,GBIF
Afilia oslari,GBIF
Afotella cylindrica,GBIF
Afrida exegens,GBIF
Afrida ydatodes,GBIF
Agapema homogena,GBIF
Agapeta zoegana,GBIF
Agapornis fischeri,eBird
Agapornis lilianae,eBird
Agapornis personatus,eBird
Agapornis pullarius,eBird
Agapornis roseicollis,eBird
Agapostemon alayoi,GBIF
Agapostemon angelicus,GBIF
Agapostemon coloradinus,GBIF
Agapostemon femoratus,GBIF
Agapostemon melliventris,GBIF
Agapostemon obliquus,GBIF
Agapostemon sericeus,GBIF
Agapostemon splendens,GBIF
Agapostemon texanus,GBIF
Agapostemon tyleri,GBIF
Agaraea semivitrea,GBIF
Agathodes designalis,GBIF
Agathodes monstralis,GBIF
Agathymus alliae,GBIF
Agathymus aryxna,GBIF
Agathymus baueri,GBIF
Agathymus carlsbadensis,GBIF
Agathymus chisosensis,GBIF
Agathymus estelleae,GBIF
Agathymus evansi,GBIF
Agathymus florenceae,GBIF
Agathymus gentryi,GBIF
Agathymus mariae,GBIF
Agathymus neumoegeni,GBIF
Agathymus polingi,GBIF
Agathymus stephensi,GBIF
Agdistis americana,GBIF
Agelaius humeralis,eBird
Agelaius tricolor,eBird
Aglais io,GBIF
Aglaonice otignatha,GBIF
Aglossa acallalis,GBIF
Aglossa baba,GBIF
Aglossa cacamica,GBIF
Aglossa caprealis,GBIF
Aglossa costiferalis,GBIF
Aglossa cuprina,GBIF
Aglossa disciferalis,GBIF
Aglossa electalis,GBIF
Aglossa oculalis,GBIF
Aglossa pinguinalis,GBIF
Agnippe abdita,GBIF
Agnippe biscolorella,GBIF
Agnippe crinella,GBIF
Agnippe laudatella,GBIF
Agnippe leuconota,GBIF
Agnippe prunifoliella,GBIF
Agnorisma badinodis,GBIF
Agnorisma bollii,GBIF
Agnorisma bugrai,GBIF
Agonop terix,GBIF
Agonopterix alstroemeriana,GBIF
Agonopterix alstromeriana,GBIF
Agonopterix antennariella,GBIF
Agonopterix arnicella,GBIF
Agonopterix chrautis,GBIF
Agonopterix conterminella,GBIF
Agonopterix cratia,GBIF
Agonopterix curvilineella,GBIF
Agonopterix dimorphella,GBIF
Agonopterix flavicomella,GBIF
Agonopterix fusciterminella,GBIF
Agonopterix gelidella,GBIF
Agonopterix nervosa,GBIF
Agonopterix nubiferella,GBIF
Agonopterix oregonensis,GBIF
Agonopterix paulae,GBIF
Agonopterix posticella,GBIF
Agonopterix psoraliella,GBIF
Agonopterix pteleae,GBIF
Agonopterix rosaciliella,GBIF
Agonopterix sabulella,GBIF
Agonopterix senicionella,GBIF
Agonopterix thelmae,GBIF
Agriades amica,GBIF
Agriades glandon,GBIF
Agriades podarce,GBIF
Agriopodes tybo,GBIF
Agriphila anceps,GBIF
Agriphila attenuatus,GBIF
Agriphila biothanatalis,GBIF
Agriphila costalipartella,GBIF
Agriphila costilpartella,GBIF
Agriphila geniculea,GBIF
Agriphila plumbifimbriellus,GBIF
Agriphila ruricolellus,GBIF
Agriphila straminella,GBIF
Agriphila undatus,GBIF
Agriphila vulgivagellus,GBIF
Agrochola bicolorago,GBIF
Agrochola decipiens,GBIF
Agrochola lunosa,GBIF
Agrochola pulchella,GBIF
Agrochola purpurea,GBIF
Agrochola verberata,GBIF
Agrodiaetus dolus,GBIF
Agrotis antica,GBIF
Agrotis apicalis,GBIF
Agrotis baliopa,GBIF
Agrotis buchholzi,GBIF
Agrotis charmocrita,GBIF
Agrotis daedalus,GBIF
Agrotis dislocata,GBIF
Agrotis fatidica,GBIF
Agrotis gravis,GBIF
Agrotis helela,GBIF
Agrotis hephaestaea,GBIF
Agrotis kuamauna,GBIF
Agrotis longicornis,GBIF
Agrotis melanoneura,GBIF
Agrotis obliqua,GBIF
Agrotis orthogonia,GBIF
Agrotis rileyana,GBIF
Agrotis robustior,GBIF
Agrotis ruta,GBIF
Agrotis stigmosa,GBIF
Agrotis striata,GBIF
Agrotis subterranea,GBIF
Agrotis vancouverensis,GBIF
Agrotis volubilis,GBIF
Agrotis xiphias,GBIF
Agrotisia evelinae,GBIF
Aguna asander,GBIF
Aguna claxon,GBIF
Aguna metophis,GBIF
Agylla septentrionalis,GBIF
Ahmosia aspasiana,GBIF
Ahmosia galbinea,GBIF
Aimophila ruficeps,eBird
Airamia albiocula,GBIF
Aix galericulata,eBird
Alarodia slossoniae,GBIF
Alastria chico,GBIF
Alatuncusia bergii,GBIF
Alauda arvensis,eBird
Alberada franclemonti,GBIF
Alberada parabates,GBIF
Albulina orbitulus,GBIF
Albuna beutenmuelleri,GBIF
Albuna pyramidalis,GBIF
Alca torda,eBird
Alcathoe autumnalis,GBIF
Alcathoe pepsioides,GBIF
Alcathoe verrugo,GBIF
Alectoris chukar,eBird
Alectoris rufa,eBird
Aleptina aleptivoides,GBIF
Aleptina clinopetes,GBIF
Aleptina inca,GBIF
Aleptina junctimacula,GBIF
Aleptina semiatra,GBIF
Aleptinoides ochrea,GBIF
Alexicles aspersa,GBIF
Alle alle,eBird
Allerastria albiciliatus,GBIF
Allerastria annae,GBIF
Almodes terraria,GBIF
Alopochen aegyptiaca,eBird
Alpheias oculiferalis,GBIF
Alpheias querula,GBIF
Alpheias transferens,GBIF
Alpheias vicarilis,GBIF
Alpheioides parvulalis,GBIF
Alucita adriendenisi,GBIF
Alucita hexadactyla,GBIF
Alucita kazachstanica,GBIF
Alucita lalannei,GBIF
Alucita montana,GBIF
Alucita objurgatella,GBIF
Alypia disparata,GBIF
Alypia langtonii,GBIF
Alypia maccullochii,GBIF
Alypia mariposa,GBIF
Alypia ridingsii,GBIF
Alypia wittfeldii,GBIF
Alypiodes bimaculata,GBIF
Alypiodes geronimo,GBIF
Amadina fasciata,eBird
Amandava amandava,eBird
Amandava subflava,eBird
Amazilia rutila,eBird
Amazilia yucatanensis,eBird
Amazona aestiva,eBird
Amazona albifrons,eBird
Amazona amazonica,eBird
Amazona auropalliata,eBird
Amazona autumnalis,eBird
Amazona barbadensis,eBird
Amazona farinosa,eBird
Amazona finschi,eBird
Amazona ochrocephala,eBird
Amazona oratrix,eBird
Amazona pretrei,eBird
Amazona ventralis,eBird
Amazona viridigenalis,eBird
Amazona xantholora,eBird
Ambesa laetella,GBIF
Ambesa lallatalis,GBIF
Ambesa walsinghami,GBIF
Amblyscirtes arizonae,GBIF
Ametris nitocris,GBIF
Amiana niama,GBIF
Ammodramus savannarum,eBird
Ammospiza caudacuta,eBird
Ammospiza leconteii,eBird
Ammospiza maritima,eBird
Ammospiza nelsoni,eBird
Amolita fessa,GBIF
Amolita fratercula,GBIF
Amolita obliqua,GBIF
Amolita roseola,GBIF
Amolita sentalis,GBIF
Amorbia concavana,GBIF
Amorbia cuneanum,GBIF
Amorbia emigratella,GBIF
Amorbia vero,GBIF
Amorophaga cryptophori,GBIF
Amphipoea erepta,GBIF
Amphipoea keiferi,GBIF
Amphipoea pacifica,GBIF
Amphipoea senilis,GBIF
Amphipyra brunneoatra,GBIF
Amphispiza bilineata,eBird
Amphispizopsis quinquestriata,eBird
Amydria arizonella,GBIF
Amydria brevipennella,GBIF
Amydria californica,GBIF
Amydria curvistrigella,GBIF
Amydria effrentella,GBIF
Amydria obliquella,GBIF
Amydria tenuivalva,GBIF
Amyelois transitella,GBIF
Amyna axis,GBIF
Amyna bullula,GBIF
Amyna crocosticta,GBIF
Amyna natalis,GBIF
Amyna stricta,GBIF
Anabasis ochrodesma,GBIF
Anacampsis agrimoniella,GBIF
Anacampsis comparanda,GBIF
Anacampsis conclusella,GBIF
Anacampsis consonella,GBIF
Anacampsis coverdalella,GBIF
Anacampsis fragariella,GBIF
Anacampsis fullonella,GBIF
Anacampsis kearfottella,GBIF
Anacampsis lacteusochrella,GBIF
Anacampsis lagunculariella,GBIF
Anacampsis levipedella,GBIF
Anacampsis paltodoriella,GBIF
Anacampsis quinquepunctella,GBIF
Anacampsis wikeri,GBIF
Anacochylidia maderana,GBIF
Anacostia tribulella,GBIF
Anadelosemia condigna,GBIF
Anadelosemia texanella,GBIF
Anaea aidea,GBIF
Anaea andria,GBIF
Anaea glycerium,GBIF
Anaea pithyusa,GBIF
Anaea troglodyta,GBIF
Anageshna primordialis,GBIF
Anania coronata,GBIF
Anania extricalis,GBIF
Anania helvalis,GBIF
Anania hortulata,GBIF
Anania labeculalis,GBIF
Anania leuschneri,GBIF
Anania mysippusalis,GBIF
Anania quebecensis,GBIF
Anania tennesseensis,GBIF
Anania terrealis,GBIF
Anania tertialis,GBIF
Anaplectoides brunneomedia,GBIF
Anarhynchus alexandrinus,eBird
Anarhynchus collaris,eBird
Anarhynchus leschenaultii,eBird
Anarhynchus mongolus,eBird
Anarhynchus montanus,eBird
Anarhynchus nivosus,eBird
Anarhynchus wilsonia,eBird
Anarsioses aberrans,GBIF
Anarta alta,GBIF
Anarta antica,GBIF
Anarta chartaria,GBIF
Anarta columbica,GBIF
Anarta crotchii,GBIF
Anarta decepta,GBIF
Anarta edwardsii,GBIF
Anarta farnhami,GBIF
Anarta florida,GBIF
Anarta fulgora,GBIF
Anarta fusculenta,GBIF
Anarta hamata,GBIF
Anarta inconcinna,GBIF
Anarta mutata,GBIF
Anarta nigrolunata,GBIF
Anarta oaklandiae,GBIF
Anarta obesula,GBIF
Anarta oregonica,GBIF
Anarta projecta,GBIF
Anarta sierrae,GBIF
Anarta trifolii,GBIF
Anartia fatima,GBIF
Anartia jatrophae,GBIF
Anas acuta,eBird
Anas bahamensis,eBird
Anas castanea,eBird
Anas crecca,eBird
Anas diazi,eBird
Anas flavirostris,eBird
Anas fulvigula,eBird
Anas georgica,eBird
Anas laysanensis,eBird
Anas platyrhynchos,eBird
Anas rubripes,eBird
Anas wyvilliana,eBird
Anas zonorhyncha,eBird
Anastrus sempiternus,GBIF
Anatrachyntis badia,GBIF
Anatrachyntis rileyi,GBIF
Anatrachyntis simplex,GBIF
Anatralata versicolor,GBIF
Anavitrinella addendaria,GBIF
Anavitrinella atristrigaria,GBIF
Anavitrinella ocularia,GBIF
Anavitrinella pampinaria,GBIF
Anchoscelis lunosa,GBIF
Ancylandrena atoposoma,GBIF
Ancylandrena koebelei,GBIF
Ancylandrena larreae,GBIF
Ancylandrena rozeni,GBIF
Ancylandrena timberlakei,GBIF
Ancylis brauni,GBIF
Ancylis columbiana,GBIF
Ancylis cordiae,GBIF
Ancylis definitivana,GBIF
Ancylis diminuatana,GBIF
Ancylis goodelliana,GBIF
Ancylis maritima,GBIF
Ancylis metamelana,GBIF
Ancylis mira,GBIF
Ancylis pacificana,GBIF
Ancylis rhoderana,GBIF
Ancylis saliana,GBIF
Ancylis sheppardana,GBIF
Ancylis simuloides,GBIF
Ancylis spiraeifoliana,GBIF
Ancylis tenebrica,GBIF
Ancylis uncella,GBIF
Ancylis unguicella,GBIF
Ancylis virididorsana,GBIF
Ancyloscelis apiformis,GBIF
Ancyloscelis melanostoma,GBIF
Ancyloscelis sejunctus,GBIF
Ancylosis bonhoti,GBIF
Ancylosis morrisonella,GBIF
Ancylosis undulatella,GBIF
Ancylostomia stercorea,GBIF
Ancyloxypha arene,GBIF
Anderida peorinella,GBIF
Anderida senorella,GBIF
Andrena,GBIF
Andrena ablegata,GBIF
Andrena algida,GBIF
Andrena aliciarum,GBIF
Andrena alleghaniensis,GBIF
Andrena amphibola,GBIF
Andrena anatolis,GBIF
Andrena angustella,GBIF
Andrena angustitarsata,GBIF
Andrena anisochlora,GBIF
Andrena annectens,GBIF
Andrena anograe,GBIF
Andrena apacheorum,GBIF
Andrena arabis,GBIF
Andrena arctostaphylae,GBIF
Andrena argemonis,GBIF
Andrena arima,GBIF
Andrena astragali,GBIF
Andrena atlantica,GBIF
Andrena atypica,GBIF
Andrena auricoma,GBIF
Andrena aurihirta,GBIF
Andrena auripes,GBIF
Andrena avulsa,GBIF
Andrena baeriae,GBIF
Andrena balsamorhizae,GBIF
Andrena banksi,GBIF
Andrena barbara,GBIF
Andrena barbilabris,GBIF
Andrena berkeleyi,GBIF
Andrena birtwelli,GBIF
Andrena biscutellata,GBIF
Andrena blaisdelli,GBIF
Andrena blennospermatis,GBIF
Andrena boronensis,GBIF
Andrena brevipalpis,GBIF
Andrena bruneri,GBIF
Andrena buckelli,GBIF
Andrena caerulea,GBIF
Andrena caliginosa,GBIF
Andrena candida,GBIF
Andrena candidiformis,GBIF
Andrena capricornis,GBIF
Andrena ceanothi,GBIF
Andrena ceanothifloris,GBIF
Andrena cerasifolii,GBIF
Andrena cercocarpi,GBIF
Andrena cerebrata,GBIF
Andrena chalybaea,GBIF
Andrena chalybioides,GBIF
Andrena chaparralensis,GBIF
Andrena chapmanae,GBIF
Andrena cheyennorum,GBIF
Andrena chlorogaster,GBIF
Andrena chlorosoma,GBIF
Andrena chlorura,GBIF
Andrena cleodora,GBIF
Andrena coconina,GBIF
Andrena colletina,GBIF
Andrena columbiana,GBIF
Andrena commoda,GBIF
Andrena concinnula,GBIF
Andrena confederata,GBIF
Andrena congrua,GBIF
Andrena costillensis,GBIF
Andrena cragini,GBIF
Andrena crawfordi,GBIF
Andrena cressonii,GBIF
Andrena crinita,GBIF
Andrena cristata,GBIF
Andrena cruciferarum,GBIF
Andrena crudeni,GBIF
Andrena cryptanthae,GBIF
Andrena cuneilabris,GBIF
Andrena cupreotincta,GBIF
Andrena cyanophila,GBIF
Andrena cyanosoma,GBIF
Andrena dimorpha,GBIF
Andrena dolomellea,GBIF
Andrena dunningi,GBIF
Andrena edwardsi,GBIF
Andrena ellisiae,GBIF
Andrena evoluta,GBIF
Andrena flexa,GBIF
Andrena forbesii,GBIF
Andrena fracta,GBIF
Andrena fulgida,GBIF
Andrena fuscicauda,GBIF
Andrena gnaphalii,GBIF
Andrena gordoni,GBIF
Andrena hallii,GBIF
Andrena hamulata,GBIF
Andrena hastulata,GBIF
Andrena haynesi,GBIF
Andrena helianthiformis,GBIF
Andrena hemileuca,GBIF
Andrena heraclei,GBIF
Andrena hicksi,GBIF
Andrena hilaris,GBIF
Andrena hippotes,GBIF
Andrena hypoleuca,GBIF
Andrena ilicis,GBIF
Andrena illini,GBIF
Andrena imitatrix,GBIF
Andrena impolita,GBIF
Andrena irrasus,GBIF
Andrena isocomae,GBIF
Andrena jessicae,GBIF
Andrena kaibabensis,GBIF
Andrena knuthiana,GBIF
Andrena kristina,GBIF
Andrena lamelliterga,GBIF
Andrena laminibucca,GBIF
Andrena lapponica,GBIF
Andrena lawrencei,GBIF
Andrena leucomystax,GBIF
Andrena lewisorum,GBIF
Andrena linsleyana,GBIF
Andrena linsleyi,GBIF
Andrena livida,GBIF
Andrena lomatii,GBIF
Andrena lupinorum,GBIF
Andrena mackieae,GBIF
Andrena macra,GBIF
Andrena mandibularis,GBIF
Andrena medionitens,GBIF
Andrena mellea,GBIF
Andrena melliventris,GBIF
Andrena mentzeliae,GBIF
Andrena merriami,GBIF
Andrena mesillae,GBIF
Andrena mesoleuca,GBIF
Andrena micheneriana,GBIF
Andrena microchlora,GBIF
Andrena milwaukeensis,GBIF
Andrena miniata,GBIF
Andrena miranda,GBIF
Andrena misella,GBIF
Andrena miserabilis,GBIF
Andrena monilicornis,GBIF
Andrena monoensis,GBIF
Andrena monogonoparia,GBIF
Andrena montrosensis,GBIF
Andrena morrisonella,GBIF
Andrena nasonii,GBIF
Andrena nemophilae,GBIF
Andrena neomexicana,GBIF
Andrena neonana,GBIF
Andrena nigerrima,GBIF
Andrena nigricula,GBIF
Andrena nigrihirta,GBIF
Andrena nigripes,GBIF
Andrena nigroaenea,GBIF
Andrena nigrocaerulea,GBIF
Andrena nivalis,GBIF
Andrena nothocalaidis,GBIF
Andrena nothoscordi,GBIF
Andrena nuda,GBIF
Andrena obscuripennis,GBIF
Andrena obscuripostica,GBIF
Andrena oenotherae,GBIF
Andrena olivacea,GBIF
Andrena omninigra,GBIF
Andrena orthocarpi,GBIF
Andrena osmioides,GBIF
Andrena pallidifovea,GBIF
Andrena pallidiscopa,GBIF
Andrena palpalis,GBIF
Andrena papagorum,GBIF
Andrena parachalybea,GBIF
Andrena parnassiae,GBIF
Andrena pecosana,GBIF
Andrena pensilis,GBIF
Andrena perarmata,GBIF
Andrena perimelas,GBIF
Andrena perplexa,GBIF
Andrena perpunctata,GBIF
Andrena personata,GBIF
Andrena pertristis,GBIF
Andrena piperi,GBIF
Andrena plana,GBIF
Andrena platyrhina,GBIF
Andrena polemonii,GBIF
Andrena porterae,GBIF
Andrena prima,GBIF
Andrena primulifrons,GBIF
Andrena principalis,GBIF
Andrena prolixa,GBIF
Andrena pruni,GBIF
Andrena prunorum,GBIF
Andrena pulverea,GBIF
Andrena puthua,GBIF
Andrena quadrilimbata,GBIF
Andrena quercina,GBIF
Andrena quintiliformis,GBIF
Andrena ramaleyi,GBIF
Andrena raveni,GBIF
Andrena reflexa,GBIF
Andrena regularis,GBIF
Andrena ribblei,GBIF
Andrena robertsonii,GBIF
Andrena robinsoni,GBIF
Andrena rozeni,GBIF
Andrena rubi,GBIF
Andrena rufosignata,GBIF
Andrena rugosa,GBIF
Andrena sagittagalea,GBIF
Andrena salicifloris,GBIF
Andrena sayi,GBIF
Andrena schuhi,GBIF
Andrena scurra,GBIF
Andrena scutellinitens,GBIF
Andrena semipunctata,GBIF
Andrena senticulosa,GBIF
Andrena sieverti,GBIF
Andrena simontornyella,GBIF
Andrena simulata,GBIF
Andrena sladeni,GBIF
Andrena sola,GBIF
Andrena sonorensis,GBIF
Andrena sperryi,GBIF
Andrena sphaeralceae,GBIF
Andrena spiraeana,GBIF
Andrena striatifrons,GBIF
Andrena suavis,GBIF
Andrena subapasta,GBIF
Andrena subaustralis,GBIF
Andrena subchalybea,GBIF
Andrena submoesta,GBIF
Andrena subtilis,GBIF
Andrena subtrita,GBIF
Andrena sulcata,GBIF
Andrena surda,GBIF
Andrena tegularis,GBIF
Andrena texana,GBIF
Andrena thaspii,GBIF
Andrena timberlakei,GBIF
Andrena topazana,GBIF
Andrena transitoria,GBIF
Andrena transnigra,GBIF
Andrena trevoris,GBIF
Andrena tridens,GBIF
Andrena unicostata,GBIF
Andrena utahensis,GBIF
Andrena vandykei,GBIF
Andrena vicina,GBIF
Andrena vicinoides,GBIF
Andrena vidalesi,GBIF
Andrena vierecki,GBIF
Andrena virginiana,GBIF
Andrena vulpicolor,GBIF
Andrena w-scripta,GBIF
Andrena walleyi,GBIF
Andrena washingtoni,GBIF
Andrena wheeleri,GBIF
Andrena wilkella,GBIF
Andrena wilmattae,GBIF
Andrena zionensis,GBIF
Andropolia aedon,GBIF
Andropolia diversilineata,GBIF
Andropolia olga,GBIF
Andropolia olorina,GBIF
Andropolia theodori,GBIF
Anemosella viridalis,GBIF
Anerastia lotella,GBIF
Angulostiria chryseochilus,GBIF
Anhimella contrahens,GBIF
Anhimella pacifica,GBIF
Anhimella perbrunnea,GBIF
Anhinga anhinga,eBird
Anhinga rufa,eBird
Anhypotrix tristis,GBIF
Anicla beata,GBIF
Anicla biformata,GBIF
Anicla cemolia,GBIF
Anicla digna,GBIF
Anicla espoetia,GBIF
Anicla exuberans,GBIF
Anicla forbesi,GBIF
Anicla illapsa,GBIF
Anicla lubricans,GBIF
Anicla mus,GBIF
Anicla simplicius,GBIF
Anicla sullivani,GBIF
Anicla tenuescens,GBIF
Anicla tepperi,GBIF
Animomyia minuta,GBIF
Animomyia morta,GBIF
Animomyia smithii,GBIF
Anisochoria pedaliodina,GBIF
Anisota consularis,GBIF
Anisota oslari,GBIF
Annaphila abdita,GBIF
Annaphila arvalis,GBIF
Annaphila astrologa,GBIF
Annaphila casta,GBIF
Annaphila danistica,GBIF
Annaphila decia,GBIF
Annaphila depicta,GBIF
Annaphila diva,GBIF
Annaphila divinula,GBIF
Annaphila ida,GBIF
Annaphila lithosina,GBIF
Annaphila macfarlandi,GBIF
Annaphila mera,GBIF
Annaphila miona,GBIF
Annaphila olgae,GBIF
Annaphila pseudoastrologa,GBIF
Annaphila spila,GBIF
Annaphila superba,GBIF
Annaphila vivianae,GBIF
Anodorhynchus hyacinthinus,eBird
Anomis editrix,GBIF
Anomis gentilis,GBIF
Anomis illita,GBIF
Anomis luridula,GBIF
Anomis privata,GBIF
Anomis texana,GBIF
Anoncia alboligula,GBIF
Anoncia callida,GBIF
Anoncia conia,GBIF
Anoncia epischia,GBIF
Anoncia fregeis,GBIF
Anoncia furvicosta,GBIF
Anoncia leucoritis,GBIF
Anoncia longa,GBIF
Anoncia mosa,GBIF
Anoncia noscres,GBIF
Anoncia piperata,GBIF
Anoncia psentia,GBIF
Anoncia slales,GBIF
Anoncia sphacelina,GBIF
Anopina ainslieana,GBIF
Anopina arizonana,GBIF
Anopina chiricahuae,GBIF
Anopina eleonora,GBIF
Anopina hermana,GBIF
Anopina internacionana,GBIF
Anopina silvertonana,GBIF
Anopina wrighti,GBIF
Anorthodes indigena,GBIF
Anorthodes triquetra,GBIF
Anous ceruleus,eBird
Anous minutus,eBird
Anous stolidus,eBird
Anser albifrons,eBird
Anser anser,eBird
Anser brachyrhynchus,eBird
Anser caerulescens,eBird
Anser canagicus,eBird
Anser cygnoides,eBird
Anser erythropus,eBird
Anser fabalis,eBird
Anser indicus,eBird
Anser rossii,eBird
Anser serrirostris,eBird
Anseranas semipalmata,eBird
Anstenoptilia marmarodactyla,GBIF
Antaeotricha albulella,GBIF
Antaeotricha floridella,GBIF
Antaeotricha haesitans,GBIF
Antaeotricha irene,GBIF
Antaeotricha lindseyi,GBIF
Antaeotricha manzanitae,GBIF
Antaeotricha vestalis,GBIF
Antaplaga discistriga,GBIF
Antaplaga plesioglauca,GBIF
Anteos clorinde,GBIF
Anteos maerula,GBIF
Antepione imitata,GBIF
Antepione indiscretata,GBIF
Antepione ochreata,GBIF
Antequera acertella,GBIF
Anthanassa argentea,GBIF
Anthanassa frisia,GBIF
Anthanassa ptolyca,GBIF
Anthanassa taxana,GBIF
Anthanassa texana,GBIF
Anthanassa tulcis,GBIF
Antheraea oculea,GBIF
Antheraea pernyi,GBIF
Anthidiellum boreale,GBIF
Anthidiellum ehrhorni,GBIF
Anthidiellum gilense,GBIF
Anthidiellum notatum,GBIF
Anthidiellum perplexum,GBIF
Anthidiellum robertsoni,GBIF
Anthidium atrifrons,GBIF
Anthidium atripes,GBIF
Anthidium atripoides,GBIF
Anthidium banningense,GBIF
Anthidium clypeodentatum,GBIF
Anthidium cochimi,GBIF
Anthidium cockerelli,GBIF
Anthidium collectum,GBIF
Anthidium dammersi,GBIF
Anthidium duomarginatum,GBIF
Anthidium edwardsii,GBIF
Anthidium emarginatum,GBIF
Anthidium florentinum,GBIF
Anthidium formosum,GBIF
Anthidium illustre,GBIF
Anthidium jocosum,GBIF
Anthidium labergei,GBIF
Anthidium maculifrons,GBIF
Anthidium maculosum,GBIF
Anthidium manicatum,GBIF
Anthidium michenerorum,GBIF
Anthidium mormonum,GBIF
Anthidium oblongatum,GBIF
Anthidium palliventre,GBIF
Anthidium palmarum,GBIF
Anthidium paroselae,GBIF
Anthidium placitum,GBIF
Anthidium porterae,GBIF
Anthidium psoraleae,GBIF
Anthidium rodecki,GBIF
Anthidium schwarzi,GBIF
Anthidium sonorense,GBIF
Anthidium tenuiflorae,GBIF
Anthidium utahense,GBIF
Anthocharis cardamines,GBIF
Anthocharis cethura,GBIF
Anthocharis julia,GBIF
Anthocharis lanceolata,GBIF
Anthocharis sara,GBIF
Anthocharis thoosa,GBIF
Anthophila fabriciana,GBIF
Anthophora,GBIF
Anthophora abroniae,GBIF
Anthophora abrupta,GBIF
Anthophora affabilis,GBIF
Anthophora albata,GBIF
Anthophora bomboides,GBIF
Anthophora californica,GBIF
Anthophora capistrata,GBIF
Anthophora centriformis,GBIF
Anthophora cincreus,GBIF
Anthophora cockerelli,GBIF
Anthophora columbariae,GBIF
Anthophora coptognatha,GBIF
Anthophora crotchii,GBIF
Anthophora curta,GBIF
Anthophora dammersi,GBIF
Anthophora edwardsii,GBIF
Anthophora escalante,GBIF
Anthophora estebana,GBIF
Anthophora exigua,GBIF
Anthophora fedorica,GBIF
Anthophora flavocincta,GBIF
Anthophora forbesi,GBIF
Anthophora fulvicauda,GBIF
Anthophora furcata,GBIF
Anthophora hololeuca,GBIF
Anthophora lesquerellae,GBIF
Anthophora maculifrons,GBIF
Anthophora marginata,GBIF
Anthophora montana,GBIF
Anthophora mortuaria,GBIF
Anthophora neglecta,GBIF
Anthophora occidentalis,GBIF
Anthophora pachyodonta,GBIF
Anthophora pacifica,GBIF
Anthophora peritomae,GBIF
Anthophora petrophila,GBIF
Anthophora phaceliae,GBIF
Anthophora platti,GBIF
Anthophora plumipes,GBIF
Anthophora porterae,GBIF
Anthophora pueblo,GBIF
Anthophora rhodothorax,GBIF
Anthophora signata,GBIF
Anthophora squammulosa,GBIF
Anthophora striata,GBIF
Anthophora terminalis,GBIF
Anthophora timberlakei,GBIF
Anthophora urbana,GBIF
Anthophora ursina,GBIF
Anthophora vannigera,GBIF
Anthophora villosula,GBIF
Anthophora walshii,GBIF
Anthophorula albata,GBIF
Anthophorula albicans,GBIF
Anthophorula chionura,GBIF
Anthophorula compactula,GBIF
Anthophorula completa,GBIF
Anthophorula consobrina,GBIF
Anthophorula cornigera,GBIF
Anthophorula crenulata,GBIF
Anthophorula eriogoni,GBIF
Anthophorula euphorbiae,GBIF
Anthophorula exilis,GBIF
Anthophorula nitens,GBIF
Anthophorula palmarum,GBIF
Anthophorula parva,GBIF
Anthophorula pygmaea,GBIF
Anthophorula rozeni,GBIF
Anthophorula rufiventris,GBIF
Anthophorula scapalis,GBIF
Anthophorula sidae,GBIF
Anthophorula sonorensis,GBIF
Anthophorula texana,GBIF
Anthophorula torticornis,GBIF
Anthophorula tricinctula,GBIF
Anthophorula varleyi,GBIF
Anthoptus epictetus,GBIF
Anthracoceros albirostris,eBird
Anthracothorax prevostii,eBird
Anthus cervinus,eBird
Anthus gustavi,eBird
Anthus hodgsoni,eBird
Anthus japonicus,eBird
Anthus rubescens,eBird
Anthus spragueii,eBird
Anthus trivialis,eBird
Antiblemma acclinalis,GBIF
Antiblemma carolae,GBIF
Antiblemma concinnula,GBIF
Antiblemma filaria,GBIF
Antiblemma perva,GBIF
Antiblemma rufinans,GBIF
Anticarsia gemmatalis,GBIF
Antichloris viridis,GBIF
Anticlea multiferata,GBIF
Anticlea pectinata,GBIF
Antigastra catalaunalis,GBIF
Antigone canadensis,eBird
Antigonus erosus,GBIF
Antiplecta triangularis,GBIF
Antispila ampelopsifoliella,GBIF
Antispila argentifera,GBIF
Antispila aurirubra,GBIF
Antispila freemani,GBIF
Antispila isabella,GBIF
Antispila nysaefiliella,GBIF
Antispila oinophylla,GBIF
Antispila voraginella,GBIF
Antrostomus arizonae,eBird
Antrostomus carolinensis,eBird
Antrostomus ridgwayi,eBird
Antrostomus vociferus,eBird
Anurapteryx crenulata,GBIF
Anycteola fotelloides,GBIF
Aon noctuiformis,GBIF
Apachea barberella,GBIF
Apamea acera,GBIF
Apamea albina,GBIF
Apamea alticola,GBIF
Apamea antennata,GBIF
Apamea apamiformis,GBIF
Apamea atriclava,GBIF
Apamea atrosuffusa,GBIF
Apamea auranticolor,GBIF
Apamea burgessi,GBIF
Apamea cariosa,GBIF
Apamea centralis,GBIF
Apamea cinefacta,GBIF
Apamea cogitata,GBIF
Apamea commoda,GBIF
Apamea contradicta,GBIF
Apamea cristata,GBIF
Apamea digitula,GBIF
Apamea dubitans,GBIF
Apamea fergusoni,GBIF
Apamea geminimacula,GBIF
Apamea genialis,GBIF
Apamea helva,GBIF
Apamea impulsa,GBIF
Apamea inebriata,GBIF
Apamea inficita,GBIF
Apamea inordinata,GBIF
Apamea lateritia,GBIF
Apamea lintneri,GBIF
Apamea lithoxylaea,GBIF
Apamea longula,GBIF
Apamea maxima,GBIF
Apamea multicolora,GBIF
Apamea nigrior,GBIF
Apamea niveivenosa,GBIF
Apamea occidens,GBIF
Apamea perpensa,GBIF
Apamea plutonia,GBIF
Apamea quinteri,GBIF
Apamea relicina,GBIF
Apamea remissa,GBIF
Apamea scoparia,GBIF
Apamea siskiyou,GBIF
Apamea sora,GBIF
Apamea sordens,GBIF
Apamea spaldingi,GBIF
Apamea tahoeensis,GBIF
Apamea unanimis,GBIF
Apamea unita,GBIF
Apamea verbascoides,GBIF
Apamea vulgaris,GBIF
Apamea vultuosa,GBIF
Apamea walshi,GBIF
Apamea wikeri,GBIF
Apamea xylodes,GBIF
Apamea zeta,GBIF
Apantesis arge,GBIF
Apantesis carlotta,GBIF
Apantesis incorrupta,GBIF
Apantesis obliterata,GBIF
Apantesis phalerata,GBIF
Apantesis quenseli,GBIF
Apantesis ursina,GBIF
Apantesis vittata,GBIF
Apatelodes pudefacta,GBIF
Aphelocoma californica,eBird
Aphelocoma coerulescens,eBird
Aphelocoma insularis,eBird
Aphelocoma wollweberi,eBird
Aphelocoma woodhouseii,eBird
Aphomia fulminalis,GBIF
Aphomia sociella,GBIF
Aphomia terrenella,GBIF
Aphomia zelleri,GBIF
Aphrissa neleis,GBIF
Aphrissa statira,GBIF
Apilocrocis brumalis,GBIF
Apilocrocis pimalis,GBIF
Apis,GBIF
Apis cerana,GBIF
Apis mellifera,GBIF
Aplocera plagiata,GBIF
Apocrisias thaumasta,GBIF
Apoda latomia,GBIF
Apoda maxima,GBIF
Apoda rectilinea,GBIF
Apoda y-inversa,GBIF
Apodrepanulatrix litaria,GBIF
Apogeshna stenialis,GBIF
Apomyelois bistriatella,GBIF
Apophthisis congregata,GBIF
Apophthisis pullata,GBIF
Apotolype blanchardi,GBIF
Apotolype brevicrista,GBIF
Apotomis apateticana,GBIF
Apotomis frigidana,GBIF
Apotomis paludicolana,GBIF
Apotomis spurinfida,GBIF
Apotomis tertiana,GBIF
Apotomis trifida,GBIF
Apotomops texasana,GBIF
Apotomops wellingtoniana,GBIF
Apreta paradoxella,GBIF
Aproaerema adversa,GBIF
Aproaerema nigrella,GBIF
Aproaerema palpilineella,GBIF
Apsaphida eremna,GBIF
Apterona helicoidella,GBIF
Apus apus,eBird
Apus pacificus,eBird
Aquila chrysaetos,eBird
Ara ambiguus,eBird
Ara ararauna,eBird
Ara chloropterus,eBird
Ara macao,eBird
Ara militaris,eBird
Ara rubrogenys,eBird
Ara severus,eBird
Arachnis aulaea,GBIF
Arachnis citra,GBIF
Arachnis nedyma,GBIF
Arachnis picta,GBIF
Arachnis zuni,GBIF
Araeolepia subfasciella,GBIF
Aramides axillaris,eBird
Aramides ypecaha,eBird
Aramus guarauna,eBird
Aratinga jandaya,eBird
Aratinga nenday,eBird
Aratinga solstitialis,eBird
Aratinga weddellii,eBird
Archaeoprepona demophon,GBIF
Archilochus alexandri,eBird
Archips alberta,GBIF
Archips eleagnana,GBIF
Archips fuscocupreanus,GBIF
Archips goyerana,GBIF
Archips myricana,GBIF
Archips nigriplagana,GBIF
Archips packardiana,GBIF
Archips podana,GBIF
Archips rosana,GBIF
Archips strianus,GBIF
Archips xylosteana,GBIF
Archirhoe indefinata,GBIF
Archirhoe multipunctata,GBIF
Archirhoe neomexicana,GBIF
Archonias nimbice,GBIF
Arcobara multilineata,GBIF
Arcola malloi,GBIF
Arcte coerula,GBIF
Arctia alpina,GBIF
Arctia opulenta,GBIF
Arctia parthenos,GBIF
Arctia subnebulosa,GBIF
Arctia tigrina,GBIF
Arctonotus lucidus,GBIF
Arcutelphusa talladega,GBIF
Ardea alba,eBird
Ardea cinerea,eBird
Ardea coromanda,eBird
Ardea herodias,eBird
Ardea ibis,eBird
Ardea intermedia,eBird
Ardenna bulleri,eBird
Ardenna carneipes,eBird
Ardenna creatopus,eBird
Ardenna gravis,eBird
Ardenna grisea,eBird
Ardenna pacifica,eBird
Ardenna tenuirostris,eBird
Ardeola bacchus,eBird
Arenaria interpres,eBird
Arenaria melanocephala,eBird
Areniscythris brachypteris,GBIF
Arenochroa flavalis,GBIF
Arequipa turbatella,GBIF
Argentostiria koebelei,GBIF
Argillophora furcilla,GBIF
Argynnis butleri,GBIF
Argynnis claudia,GBIF
Argynnis coronis,GBIF
Argyractis drumalis,GBIF
Argyresthia abies,GBIF
Argyresthia affinis,GBIF
Argyresthia albistria,GBIF
Argyresthia apicimaculella,GBIF
Argyresthia aureoargentella,GBIF
Argyresthia austerella,GBIF
Argyresthia canadensis,GBIF
Argyresthia cupressella,GBIF
Argyresthia flexilis,GBIF
Argyresthia franciscella,GBIF
Argyresthia furcatella,GBIF
Argyresthia inscriptella,GBIF
Argyresthia libocedrella,GBIF
Argyresthia pilatella,GBIF
Argyresthia pseudotsuga,GBIF
Argyresthia pygmaeella,GBIF
Argyresthia quadristrigella,GBIF
Argyresthia sabinae,GBIF
Argyresthia triplicata,GBIF
Argyria argentana,GBIF
Argyria auratella,GBIF
Argyria critica,GBIF
Argyria lacteella,GBIF
Argyria nivalis,GBIF
Argyria pusillalis,GBIF
Argyria rufisignella,GBIF
Argyrolacia bifida,GBIF
Argyroploce bipunctana,GBIF
Argyrostrotis deleta,GBIF
Argyrostrotis erasa,GBIF
Argyrostrotis quadrifilaris,GBIF
Argyrostrotis sylvarum,GBIF
Argyrotaenia amatana,GBIF
Argyrotaenia burnsorum,GBIF
Argyrotaenia burroughsi,GBIF
Argyrotaenia coconinana,GBIF
Argyrotaenia coloradanus,GBIF
Argyrotaenia cupressae,GBIF
Argyrotaenia dorsalana,GBIF
Argyrotaenia floridana,GBIF
Argyrotaenia franciscana,GBIF
Argyrotaenia gogana,GBIF
Argyrotaenia graceana,GBIF
Argyrotaenia hodgesi,GBIF
Argyrotaenia isolatissima,GBIF
Argyrotaenia ivana,GBIF
Argyrotaenia kimballi,GBIF
Argyrotaenia klotsi,GBIF
Argyrotaenia lautana,GBIF
Argyrotaenia montezumae,GBIF
Argyrotaenia niscana,GBIF
Argyrotaenia paiuteana,GBIF
Argyrotaenia polvosana,GBIF
Argyrotaenia provana,GBIF
Argyrotaenia repertana,GBIF
Arispe cestalis,GBIF
Aristaria theroalis,GBIF
Aristotelia adceanotha,GBIF
Aristotelia adenostomae,GBIF
Aristotelia amelanchierella,GBIF
Aristotelia arenella,GBIF
Aristotelia argentifera,GBIF
Aristotelia bifasciella,GBIF
Aristotelia calens,GBIF
Aristotelia corallina,GBIF
Aristotelia devexella,GBIF
Aristotelia eldorada,GBIF
Aristotelia elegantella,GBIF
Aristotelia hexacopa,GBIF
Aristotelia howardi,GBIF
Aristotelia intermediella,GBIF
Aristotelia isopelta,GBIF
Aristotelia ivae,GBIF
Aristotelia lespedezae,GBIF
Aristotelia lindanella,GBIF
Aristotelia monilella,GBIF
Aristotelia primipilana,GBIF
Aristotelia psoraleae,GBIF
Aristotelia pudibundella,GBIF
Aristotelia rhoisella,GBIF
Aristotelia salicifungiella,GBIF
Aristotelia urbaurea,GBIF
Arivaca albicostella,GBIF
Arivaca albidella,GBIF
Arivaca linella,GBIF
Arivaca ostreella,GBIF
Arivaca pimella,GBIF
Arla diversella,GBIF
Arla tenuicornis,GBIF
Aroga argutiola,GBIF
Aroga camptogramma,GBIF
Aroga compositella,GBIF
Aroga elaboratella,GBIF
Aroga epigaeella,GBIF
Aroga eriogonella,GBIF
Aroga morenella,GBIF
Aroga paraplutella,GBIF
Aroga paulella,GBIF
Aroga rigidae,GBIF
Aroga trilineella,GBIF
Aroga unifasciella,GBIF
Aroga websteri,GBIF
Aroga xyloglypta,GBIF
Arotrura balli,GBIF
Arotrura divaricata,GBIF
Arotrura formidabilis,GBIF
Arotrura longissima,GBIF
Arotrura oxyplecta,GBIF
Arotrura sponsella,GBIF
Arremonops rufivirgatus,eBird
Arta epicoenalis,GBIF
Arta olivalis,GBIF
Arta statalis,GBIF
Artace colaria,GBIF
Artace coloria,GBIF
Artace cribrarius,GBIF
Artemisiospiza belli,eBird
Artemisiospiza nevadensis,eBird
Arteurotia tractipennis,GBIF
Arugisa latiorella,GBIF
Arugisa lutea,GBIF
Arundinax aedon,eBird
Asaphocrita aphidiella,GBIF
Asaphocrita busckiella,GBIF
Asbolis capucinus,GBIF
Ascalapha odorata,GBIF
Ascalenia armigera,GBIF
Asciodes gordialis,GBIF
Aseptis adnixa,GBIF
Aseptis binotata,GBIF
Aseptis bultata,GBIF
Aseptis catalina,GBIF
Aseptis characta,GBIF
Aseptis dilara,GBIF
Aseptis ethnica,GBIF
Aseptis fannatica,GBIF
Aseptis fumeola,GBIF
Aseptis fumosa,GBIF
Aseptis genetrix,GBIF
Aseptis harpi,GBIF
Aseptis lichena,GBIF
Aseptis marina,GBIF
Aseptis monica,GBIF
Aseptis paviae,GBIF
Aseptis perfumosa,GBIF
Aseptis pseudolichena,GBIF
Aseptis serrula,GBIF
Aseptis susquesa,GBIF
Ashmeadiella altadenae,GBIF
Ashmeadiella aridula,GBIF
Ashmeadiella australis,GBIF
Ashmeadiella barberi,GBIF
Ashmeadiella bigeloviae,GBIF
Ashmeadiella biscopula,GBIF
Ashmeadiella breviceps,GBIF
Ashmeadiella cactorum,GBIF
Ashmeadiella californica,GBIF
Ashmeadiella cazieri,GBIF
Ashmeadiella chumashae,GBIF
Ashmeadiella clypeodentata,GBIF
Ashmeadiella cubiceps,GBIF
Ashmeadiella difugita,GBIF
Ashmeadiella dimalla,GBIF
Ashmeadiella erema,GBIF
Ashmeadiella eurynorhyncha,GBIF
Ashmeadiella femorata,GBIF
Ashmeadiella floridana,GBIF
Ashmeadiella foveata,GBIF
Ashmeadiella foxiella,GBIF
Ashmeadiella gillettei,GBIF
Ashmeadiella holtii,GBIF
Ashmeadiella hurdiana,GBIF
Ashmeadiella inyoensis,GBIF
Ashmeadiella leachi,GBIF
Ashmeadiella leucozona,GBIF
Ashmeadiella lutzi,GBIF
Ashmeadiella maxima,GBIF
Ashmeadiella meliloti,GBIF
Ashmeadiella micheneri,GBIF
Ashmeadiella neomexicana,GBIF
Ashmeadiella occipitalis,GBIF
Ashmeadiella opuntiae,GBIF
Ashmeadiella pronitens,GBIF
Ashmeadiella prosopidis,GBIF
Ashmeadiella rhodognatha,GBIF
Ashmeadiella rubrella,GBIF
Ashmeadiella rufipes,GBIF
Ashmeadiella rufitarsis,GBIF
Ashmeadiella salviae,GBIF
Ashmeadiella sculleni,GBIF
Ashmeadiella sonora,GBIF
Ashmeadiella stenognatha,GBIF
Ashmeadiella timberlakei,GBIF
Ashmeadiella titusi,GBIF
Ashmeadiella truncativentris,GBIF
Ashmeadiella vandykiella,GBIF
Ashmeadiella xenomastax,GBIF
Asio flammeus,eBird
Asio otus,eBird
Asio stygius,eBird
Aspilanta hydrangaeella,GBIF
Aspilanta viticordifoliella,GBIF
Aspitates aberrata,GBIF
Aspitates forbesi,GBIF
Aspitates orciferaria,GBIF
Aspitates taylori,GBIF
Astalotesia bucurvata,GBIF
Asterocampa idyja,GBIF
Asterocampa leilia,GBIF
Astraptes alardus,GBIF
Astraptes alector,GBIF
Astraptes anaphus,GBIF
Astraptes fulgerator,GBIF
Astraptes talus,GBIF
Astrotischeria ambrosiaeella,GBIF
Astrotischeria astericola,GBIF
Astrotischeria helianthi,GBIF
Astrotischeria heliopsisella,GBIF
Astrotischeria omissa,GBIF
Astrotischeria solidaginifoliella,GBIF
Astrotischeria solidagonifoliella,GBIF
Astur atricapillus,eBird
Astur cooperii,eBird
Astur gentilis,eBird
Astur gundlachi,eBird
Asturodes fimbriauralis,GBIF
Atascosa glareosella,GBIF
Ategumia ebulealis,GBIF
Ategumia matutinalis,GBIF
Atemelia aetherias,GBIF
Aterpia approximana,GBIF
Atheloca subrufella,GBIF
Athene cunicularia,eBird
Athetis tarda,GBIF
Athetis thoracica,GBIF
Athrips mouffetella,GBIF
Athrips pruinosella,GBIF
Athyrma fakahatchee,GBIF
Athyrma ganglio,GBIF
Atlides halesus,GBIF
Atoposmia abjecta,GBIF
Atoposmia arizonensis,GBIF
Atoposmia copelandica,GBIF
Atoposmia daleae,GBIF
Atoposmia elongata,GBIF
Atoposmia enceliae,GBIF
Atoposmia hebitis,GBIF
Atoposmia hemizoniae,GBIF
Atoposmia hypostomalis,GBIF
Atoposmia mirifica,GBIF
Atoposmia namatophila,GBIF
Atoposmia nitidivitta,GBIF
Atoposmia oregona,GBIF
Atoposmia pycnognatha,GBIF
Atoposmia robustula,GBIF
Atoposmia rupestris,GBIF
Atoposmia segregata,GBIF
Atoposmia timberlakei,GBIF
Atoposmia triodonta,GBIF
Atoposmia viguierae,GBIF
Atrytone bulenta,GBIF
Atrytone byssus,GBIF
Atrytone delaware,GBIF
Atrytonopsis deva,GBIF
Atrytonopsis lunus,GBIF
Atrytonopsis ovinia,GBIF
Atrytonopsis pittacus,GBIF
Atrytonopsis python,GBIF
Atrytonopsis quinteri,GBIF
Atrytonopsis vierecki,GBIF
Atteva aurata,GBIF
Atteva punctella,GBIF
Augochlora pura,GBIF
Augochlorella aurata,GBIF
Augochlorella bracteata,GBIF
Augochlorella gratiosa,GBIF
Augochlorella neglectula,GBIF
Augochlorella persimilis,GBIF
Augochlorella pomoniella,GBIF
Augochloropsis anonyma,GBIF
Augochloropsis fulgida,GBIF
Augochloropsis humeralis,GBIF
Augochloropsis metallica,GBIF
Augochloropsis sumptuosa,GBIF
Augochloropsis viridula,GBIF
Augolychna septemstrigella,GBIF
Aumakua omaomao,GBIF
Auriparus flaviceps,eBird
Australephestiodes stictella,GBIF
Autochton cellus,GBIF
Autochton cincta,GBIF
Autochton longipennis,GBIF
Autochton neis,GBIF
Autochton potrillo,GBIF
Autographa biloba,GBIF
Autographa bimaculata,GBIF
Autographa buraetica,GBIF
Autographa californica,GBIF
Autographa corusca,GBIF
Autographa flavida,GBIF
Autographa labrosa,GBIF
Autographa metallica,GBIF
Autographa pasiphaeia,GBIF
Autographa pseudogamma,GBIF
Autographa rubidus,GBIF
Autographa sansoni,GBIF
Autographa speciosa,GBIF
Autographa v-alba,GBIF
Automeris cecrops,GBIF
Automeris hesselorum,GBIF
Automeris iris,GBIF
Automeris louisiana,GBIF
Automeris patagoniensis,GBIF
Automeris randa,GBIF
Automeris zephyria,GBIF
Autoplusia egena,GBIF
Autoplusia egenoides,GBIF
Autosticha kyotensis,GBIF
Autosticha pelodes,GBIF
Axenus arvalis,GBIF
Aythya affinis,eBird
Aythya americana,eBird
Aythya baeri,eBird
Aythya collaris,eBird
Aythya ferina,eBird
Aythya fuligula,eBird
Aythya marila,eBird
Aythya nyroca,eBird
Aythya valisineria,eBird
Azenia edentata,GBIF
Azenia implora,GBIF
Azenia obtusa,GBIF
Azenia perflava,GBIF
Azenia procida,GBIF
Azenia templetonae,GBIF
Azenia virida,GBIF
Azeta ceramina,GBIF
Azeta schausi,GBIF
Azochis rufidiscalis,GBIF
BOLD:ADZ0047,GBIF
Bactra lancealana,GBIF
Bactra misoolensia,GBIF
Bactra omoiosa,GBIF
Bactra priapeia,GBIF
Bactra straminea,GBIF
Bactra venosana,GBIF
Bactra verutana,GBIF
Baeolophus atricristatus,eBird
Baeolophus inornatus,eBird
Baeolophus ridgwayi,eBird
Baeolophus wollweberi,eBird
Bagisara albicosta,GBIF
Bagisara brouana,GBIF
Bagisara buxea,GBIF
Bagisara demura,GBIF
Bagisara gulnare,GBIF
Bagisara laverna,GBIF
Bagisara oula,GBIF
Bagisara pacifica,GBIF
Bagisara praecelsa,GBIF
Bagisara repanda,GBIF
Bagisara tristicta,GBIF
Baileya acadiana,GBIF
Baileya ellessyoo,GBIF
Baileya levitans,GBIF
Balearica regulorum,eBird
Balsa labecula,GBIF
Balsa tristrigella,GBIF
Baltodonta broui,GBIF
Bandelia angulata,GBIF
Bandera binotella,GBIF
Bandera cupidinella,GBIF
Bandera virginella,GBIF
Baniana minor,GBIF
Banisia myrsusalis,GBIF
Baoris pagana,GBIF
Baptarma felicita,GBIF
Barbara colfaxiana,GBIF
Barbara mappana,GBIF
Barberia affinitella,GBIF
Bartramia longicauda,eBird
Basacallis tarachodes,GBIF
Basicladus celibata,GBIF
Basicladus tracyi,GBIF
Basileuterus culicivorus,eBird
Basileuterus rufifrons,eBird
Basilinna leucotis,eBird
Basilinna xantusii,eBird
Basilodes chrysopis,GBIF
Basilodes pepita,GBIF
Bathroxena heteropalpella,GBIF
Batia lunaris,GBIF
Batrachedra busiris,GBIF
Batrachedra cuniculator,GBIF
Batrachedra decoctor,GBIF
Batrachedra elucus,GBIF
Batrachedra illusor,GBIF
Batrachedra knabi,GBIF
Batrachedra mathesoni,GBIF
Batrachedra parvulipunctella,GBIF
Batrachedra pinicolella,GBIF
Batrachedra striolata,GBIF
Battaristis concinnusella,GBIF
Battaristis cyclella,GBIF
Battaristis nigratomella,GBIF
Battaristis pasadenae,GBIF
Battus polydamas,GBIF
Bedellia minor,GBIF
Bedellia oplismeniella,GBIF
Behrensia bicolor,GBIF
Behrensia conchiformis,GBIF
Bellura anoa,GBIF
Bellura vulnifica,GBIF
Bendisodes aeolia,GBIF
Benjaminiola colorada,GBIF
Bertelia grisella,GBIF
Bertholdia trigona,GBIF
Besma rubritincta,GBIF
Besma sesquilinearia,GBIF
Bethulia championella,GBIF
Biblis aganisa,GBIF
Biblis hyperia,GBIF
Biston multidentata,GBIF
Biston sinuata,GBIF
Biturix venosata,GBIF
Blastobasis coffeaella,GBIF
Blastobasis floridella,GBIF
Blastobasis graminea,GBIF
Blastobasis maroccanella,GBIF
Blastobasis pulchella,GBIF
Blastobasis tarda,GBIF
Blastobasis taurusella,GBIF
Blastobasis yuccaecolella,GBIF
Blastodacna atra,GBIF
Blastodacna bicristatella,GBIF
Blepharomastix achroalis,GBIF
Blepharomastix haedulalis,GBIF
Blepharomastix ranalis,GBIF
Blepharomastix schistisemalis,GBIF
Bleptina biformata,GBIF
Bleptina caradrinalis,GBIF
Bleptina extincta,GBIF
Bleptina flaviguttalis,GBIF
Bleptina flavivena,GBIF
Bleptina hydrillalis,GBIF
Bleptina inferior,GBIF
Bleptina minimalis,GBIF
Bleptina sangamonia,GBIF
Bleptina verticalis,GBIF
Bocana manifestalis,GBIF
Bohemannia pulverosella,GBIF
Bolborhynchus lineola,eBird
Boloria alaskensis,GBIF
Boloria chariclea,GBIF
Boloria epithore,GBIF
Boloria eunomia,GBIF
Boloria freija,GBIF
Boloria frigga,GBIF
Boloria graeca,GBIF
Boloria kriemhild,GBIF
Boloria napaea,GBIF
Boloria titania,GBIF
Bombus,GBIF
Bombus affinis,GBIF
Bombus appositus,GBIF
Bombus ashtoni,GBIF
Bombus auricomus,GBIF
Bombus balteatus,GBIF
Bombus bifarius,GBIF
Bombus bohemicus,GBIF
Bombus borealis,GBIF
Bombus californicus,GBIF
Bombus caliginosus,GBIF
Bombus campestris,GBIF
Bombus centralis,GBIF
Bombus citrinus,GBIF
Bombus cockerelli,GBIF
Bombus crotchii,GBIF
Bombus cryptarum,GBIF
Bombus distinguendus,GBIF
Bombus fernaldae,GBIF
Bombus flavidus,GBIF
Bombus flavifrons,GBIF
Bombus fraternus,GBIF
Bombus frigidus,GBIF
Bombus huntii,GBIF
Bombus hyperboreus,GBIF
Bombus insularis,GBIF
Bombus johanseni,GBIF
Bombus jonellus,GBIF
Bombus kirbiellus,GBIF
Bombus kluanensis,GBIF
Bombus lapponicus,GBIF
Bombus mckayi,GBIF
Bombus melanopygus,GBIF
Bombus mixtus,GBIF
Bombus morrisoni,GBIF
Bombus natvigi,GBIF
Bombus neoboreus,GBIF
Bombus nevadensis,GBIF
Bombus occidentalis,GBIF
Bombus pauloensis,GBIF
Bombus pensylvanicus,GBIF
Bombus perplexus,GBIF
Bombus polaris,GBIF
Bombus rufocinctus,GBIF
Bombus sandersoni,GBIF
Bombus sitkensis,GBIF
Bombus sonorus,GBIF
Bombus suckleyi,GBIF
Bombus sylvicola,GBIF
Bombus ternarius,GBIF
Bombus terricola,GBIF
Bombus vagans,GBIF
Bombus vancouverensis,GBIF
Bombus vandykei,GBIF
Bombus variabilis,GBIF
Bombus vosnesenskii,GBIF
Bombycilla garrulus,eBird
Bombyx mori,GBIF
Bonagota arizonae,GBIF
Bonchis munitalis,GBIF
Bondia comonana,GBIF
Bondia crescentella,GBIF
Bondia fidelis,GBIF
Bondia fuscata,GBIF
Bondia shastana,GBIF
Bondia spicata,GBIF
Borkhausenia italica,GBIF
Borkhausenia minutella,GBIF
Borkhausenia nefrax,GBIF
Botaurus exilis,eBird
Botaurus lentiginosus,eBird
Botaurus sinensis,eBird
Botaurus stellaris,eBird
Brachyacma palpigera,GBIF
Brachycyttarus griseus,GBIF
Brachylomia cascadia,GBIF
Brachylomia curvifascia,GBIF
Brachylomia discinigra,GBIF
Brachylomia discolor,GBIF
Brachylomia elda,GBIF
Brachylomia populi,GBIF
Brachylomia rectifascia,GBIF
Brachylomia sierra,GBIF
Brachylomia thula,GBIF
Brachymelecta californica,GBIF
Brachynomada annectens,GBIF
Brachynomada grindeliae,GBIF
Brachynomada margaretae,GBIF
Brachynomada nimia,GBIF
Brachynomada sidaefloris,GBIF
Brachyramphus brevirostris,eBird
Brachyramphus marmoratus,eBird
Brachyramphus perdix,eBird
Bradyrrhoa gilveolella,GBIF
Branta bernicla,eBird
Branta canadensis,eBird
Branta hutchinsii,eBird
Branta leucopsis,eBird
Branta ruficollis,eBird
Branta sandvicensis,eBird
Brephidium exilis,GBIF
Brephidium isophthalma,GBIF
Brotogeris chiriri,eBird
Brotogeris versicolurus,eBird
Bruceia hubbardi,GBIF
Bruceia pulverina,GBIF
Brymblia quadrimaculella,GBIF
Bryolymnia anthracitaria,GBIF
Bryolymnia biformata,GBIF
Bryolymnia ensina,GBIF
Bryolymnia marti,GBIF
Bryolymnia mixta,GBIF
Bryolymnia semifascia,GBIF
Bryolymnia viridata,GBIF
Bryolymnia viridimedia,GBIF
Bryotropha branella,GBIF
Bryotropha galbanella,GBIF
Bryotropha gemella,GBIF
Bryotropha hodgesi,GBIF
Bryotropha similis,GBIF
Bubo bubo,eBird
Bubo scandiacus,eBird
Bubo virginianus,eBird
Bucculatrix albertiella,GBIF
Bucculatrix ambrosiaefoliella,GBIF
Bucculatrix anaticula,GBIF
Bucculatrix angustata,GBIF
Bucculatrix ceanothiella,GBIF
Bucculatrix copeuta,GBIF
Bucculatrix cristatella,GBIF
Bucculatrix disjuncta,GBIF
Bucculatrix dominatrix,GBIF
Bucculatrix enceliae,GBIF
Bucculatrix ivella,GBIF
Bucculatrix koebelella,GBIF
Bucculatrix longula,GBIF
Bucculatrix montana,GBIF
Bucculatrix platyphylla,GBIF
Bucculatrix plucheae,GBIF
Bucculatrix polymniae,GBIF
Bucculatrix quadrigemina,GBIF
Bucculatrix seneciensis,GBIF
Bucculatrix simulans,GBIF
Bucculatrix spectabilis,GBIF
Bucculatrix sphaeralceae,GBIF
Bucculatrix staintonella,GBIF
Bucculatrix thurberiella,GBIF
Bucculatrix zophopasta,GBIF
Bucephala albeola,eBird
Bucephala clangula,eBird
Bucephala islandica,eBird
Buckleria parvulus,GBIF
Bulia deducta,GBIF
Bulia mexicana,GBIF
Bulia schausi,GBIF
Bulia similaris,GBIF
Bulweria bulwerii,eBird
Bulweria fallax,eBird
Burnsius albezens,GBIF
Burnsius communis,GBIF
Burnsius philetas,GBIF
Buteo albonotatus,eBird
Buteo brachyurus,eBird
Buteo jamaicensis,eBird
Buteo lagopus,eBird
Buteo lineatus,eBird
Buteo plagiatus,eBird
Buteo platypterus,eBird
Buteo regalis,eBird
Buteo rufinus,eBird
Buteo solitarius,eBird
Buteo swainsoni,eBird
Buteogallus anthracinus,eBird
Buteogallus meridionalis,eBird
Buteogallus urubitinga,eBird
Butorides virescens,eBird
Bycanistes albotibialis,eBird
Bycanistes fistulator,eBird
Bycanistes subcylindricus,eBird
Bycombia verdugoensis,GBIF
Cabares potrillo,GBIF
Cabera borealis,GBIF
Cabera quadrifasciaria,GBIF
Cabnia myronella,GBIF
Cacatua alba,eBird
Cacatua galerita,eBird
Cacatua goffiniana,eBird
Cacatua moluccensis,eBird
Cacatua sanguinea,eBird
Cacicus cela,eBird
Cacocharis cymotoma,GBIF
Cacoecimorpha pronubana,GBIF
Cacotherapia angulalis,GBIF
Cacotherapia flexilinealis,GBIF
Cacotherapia interalbicalis,GBIF
Cacotherapia lacerfialis,GBIF
Cacotherapia leucocope,GBIF
Cacotherapia nigrocinereella,GBIF
Cacotherapia ponda,GBIF
Cacotherapia unicoloralis,GBIF
Cacotherapia unipuncta,GBIF
Cacozelia albimedialis,GBIF
Cacozelia basiochrealis,GBIF
Cacozelia elegans,GBIF
Cactoblastis cactorum,GBIF
Cactobrosis fernaldialis,GBIF
Caenurgia chloropha,GBIF
Caenurgia togataria,GBIF
Caenurgina annexa,GBIF
Caenurgina caerulea,GBIF
Cahela ponderosella,GBIF
Caicella caicus,GBIF
Caicella calchas,GBIF
Cairina moschata,eBird
Calamospiza melanocorys,eBird
Calamotropha paludella,GBIF
Calasesia coccinea,GBIF
Calcarius lapponicus,eBird
Calcarius ornatus,eBird
Calcarius pictus,eBird
Calidota laqueata,GBIF
Calidris acuminata,eBird
Calidris alba,eBird
Calidris alpina,eBird
Calidris bairdii,eBird
Calidris canutus,eBird
Calidris falcinellus,eBird
Calidris ferruginea,eBird
Calidris fuscicollis,eBird
Calidris himantopus,eBird
Calidris maritima,eBird
Calidris mauri,eBird
Calidris melanotos,eBird
Calidris minuta,eBird
Calidris minutilla,eBird
Calidris ptilocnemis,eBird
Calidris pugnax,eBird
Calidris pusilla,eBird
Calidris pygmaea,eBird
Calidris ruficollis,eBird
Calidris subminuta,eBird
Calidris subruficollis,eBird
Calidris temminckii,eBird
Calidris tenuirostris,eBird
Calidris virgata,eBird
Caligo telamonius,GBIF
Callicista columella,GBIF
Calliope calliope,eBird
Calliopsis andreniformis,GBIF
Calliopsis anomoptera,GBIF
Calliopsis anthidia,GBIF
Calliopsis australior,GBIF
Calliopsis barbata,GBIF
Calliopsis barri,GBIF
Calliopsis beamerorum,GBIF
Calliopsis boharti,GBIF
Calliopsis callops,GBIF
Calliopsis callosa,GBIF
Calliopsis chlorops,GBIF
Calliopsis cincta,GBIF
Calliopsis coloratipes,GBIF
Calliopsis crypta,GBIF
Calliopsis edwardsii,GBIF
Calliopsis empelia,GBIF
Calliopsis foleyi,GBIF
Calliopsis fracta,GBIF
Calliopsis gilva,GBIF
Calliopsis helianthi,GBIF
Calliopsis hesperia,GBIF
Calliopsis hirsutifrons,GBIF
Calliopsis hondurasica,GBIF
Calliopsis larreae,GBIF
Calliopsis limbus,GBIF
Calliopsis linsleyi,GBIF
Calliopsis meliloti,GBIF
Calliopsis mellipes,GBIF
Calliopsis micheneri,GBIF
Calliopsis nebraskensis,GBIF
Calliopsis nigromaculata,GBIF
Calliopsis obscurella,GBIF
Calliopsis pectidis,GBIF
Calliopsis persimilis,GBIF
Calliopsis personata,GBIF
Calliopsis philiphunteri,GBIF
Calliopsis puellae,GBIF
Calliopsis pugionis,GBIF
Calliopsis rhodophila,GBIF
Calliopsis rogeri,GBIF
Calliopsis rozeni,GBIF
Calliopsis scitula,GBIF
Calliopsis scutellaris,GBIF
Calliopsis sonora,GBIF
Calliopsis sonorana,GBIF
Calliopsis squamifera,GBIF
Calliopsis subalpina,GBIF
Calliopsis teucrii,GBIF
Calliopsis timberlakei,GBIF
Calliopsis trifolii,GBIF
Calliopsis verbenae,GBIF
Calliopsis xenus,GBIF
Calliopsis zebrata,GBIF
Calliopsis zonalis,GBIF
Callipepla californica,eBird
Callipepla douglasii,eBird
Callipepla gambelii,eBird
Callipepla squamata,eBird
Calliprora leucaenae,GBIF
Calliprora sexstrigella,GBIF
Callistege diagonalis,GBIF
Callistege intercalaris,GBIF
Callistege triangula,GBIF
Callisto denticulella,GBIF
Callizzia certiorara,GBIF
Callonetta leucophrys,eBird
Callophrys affinis,GBIF
Callophrys apama,GBIF
Callophrys dumetorum,GBIF
Callophrys fotis,GBIF
Callophrys mossii,GBIF
Callophrys muiri,GBIF
Callophrys thornei,GBIF
Callophrys viridis,GBIF
Callopistria floridensis,GBIF
Callopistria granitosa,GBIF
Callopistria maillardi,GBIF
Caloecia entima,GBIF
Caloecia juvenalis,GBIF
Calonectris borealis,eBird
Calonectris diomedea,eBird
Calonectris edwardsii,eBird
Calonectris leucomelas,eBird
Caloptilia acerifoliella,GBIF
Caloptilia agrifoliella,GBIF
Caloptilia atomosella,GBIF
Caloptilia azaleella,GBIF
Caloptilia belfragella,GBIF
Caloptilia betulivora,GBIF
Caloptilia burserella,GBIF
Caloptilia canadensisella,GBIF
Caloptilia diversilobiella,GBIF
Caloptilia elongella,GBIF
Caloptilia ferruginella,GBIF
Caloptilia flavimaculella,GBIF
Caloptilia hypericella,GBIF
Caloptilia invariabilis,GBIF
Caloptilia juglandiella,GBIF
Caloptilia mabaella,GBIF
Caloptilia nondeterminata,GBIF
Caloptilia ovatiella,GBIF
Caloptilia paradoxum,GBIF
Caloptilia perseae,GBIF
Caloptilia populetorum,GBIF
Caloptilia reticulata,GBIF
Caloptilia sanguinella,GBIF
Caloptilia scutellariella,GBIF
Caloptilia sebastianiella,GBIF
Caloptilia strictella,GBIF
Caloptilia suberinella,GBIF
Caloptilia triadicae,GBIF
Caloreas apocynoglossa,GBIF
Caloreas coloradella,GBIF
Caloreas occidentella,GBIF
Calosima argyrosplendella,GBIF
Calosima dianella,GBIF
Calosima lucidella,GBIF
Calothorax lucifer,eBird
Calpodes esperi,GBIF
Calpodes ethlius,GBIF
Calycopis isobeon,GBIF
Calycopis partunda,GBIF
Calypte anna,eBird
Calypte costae,eBird
Cameraria aceriella,GBIF
Cameraria aesculisella,GBIF
Cameraria agrifoliella,GBIF
Cameraria anomala,GBIF
Cameraria arcuella,GBIF
Cameraria arizonella,GBIF
Cameraria castaneaeella,GBIF
Cameraria chambersella,GBIF
Cameraria cotinivora,GBIF
Cameraria cretaceella,GBIF
Cameraria diabloensis,GBIF
Cameraria fletcherella,GBIF
Cameraria gaultheriella,GBIF
Cameraria lobatiella,GBIF
Cameraria macrocarpae,GBIF
Cameraria marinensis,GBIF
Cameraria mediodorsella,GBIF
Cameraria nemoris,GBIF
Cameraria pentekes,GBIF
Cameraria sempervirensella,GBIF
Cameraria serpentinensis,GBIF
Cameraria shenaniganensis,GBIF
Cameraria superimposita,GBIF
Cameraria tildeni,GBIF
Cameraria umbellulariae,GBIF
Cameraria wislizeniella,GBIF
Campephilus principalis,eBird
Camptorhynchus labradorius,eBird
Camptostoma imberbe,eBird
Campylorhynchus brunneicapillus,eBird
Canachites canadensis,eBird
Canesia canescens,GBIF
Caphys arizonensis,GBIF
Caphys biliniata,GBIF
Capis curvata,GBIF
Capperia evansi,GBIF
Capperia ningoris,GBIF
Capperia raptor,GBIF
Caprimulgus jotaka,eBird
Caracara plancus,eBird
Caradrina atrostriga,GBIF
Caradrina beta,GBIF
Caradrina camina,GBIF
Caradrina clavipalpis,GBIF
Caradrina distinctoides,GBIF
Caradrina meralis,GBIF
Caradrina mona,GBIF
Caradrina montana,GBIF
Caradrina morpheus,GBIF
Caradrina multifera,GBIF
Carales arizonensis,GBIF
Carcina quercana,GBIF
Cardellina canadensis,eBird
Cardellina pusilla,eBird
Cardellina rubra,eBird
Cardellina rubrifrons,eBird
Cardinalis sinuatus,eBird
Carduelis caniceps,eBird
Carduelis carduelis,eBird
Carectocultus dominicki,GBIF
Carectocultus perstrialis,GBIF
Cargida pyrrha,GBIF
Caripeta aequaliaria,GBIF
Caripeta hilumaria,GBIF
Caripeta interalbicans,GBIF
Caripeta macularia,GBIF
Caripeta ocellaria,GBIF
Caripeta pulcherrima,GBIF
Caripeta suffusata,GBIF
Caristanius decoloralis,GBIF
Carmenta albociliata,GBIF
Carmenta apache,GBIF
Carmenta arizonae,GBIF
Carmenta armasata,GBIF
Carmenta auritincta,GBIF
Carmenta engelhardti,GBIF
Carmenta giliae,GBIF
Carmenta laurelae,GBIF
Carmenta mariona,GBIF
Carmenta mimuli,GBIF
Carmenta odda,GBIF
Carmenta ogalala,GBIF
Carmenta pallene,GBIF
Carmenta phoradendri,GBIF
Carmenta prosopis,GBIF
Carmenta querci,GBIF
Carmenta rubricincta,GBIF
Carmenta subaerea,GBIF
Carmenta suffusata,GBIF
Carmenta tecta,GBIF
Carmenta texana,GBIF
Carmenta tildeni,GBIF
Carmenta verecunda,GBIF
Carmenta wellerae,GBIF
Carmenta wielgusi,GBIF
Carmenta wildishorum,GBIF
Carolana ascriptella,GBIF
Carolana golmeia,GBIF
Carpatolechia belangerella,GBIF
Carpatolechia fugitivella,GBIF
Carpatolechia notatella,GBIF
Carphoides inconspicuaria,GBIF
Carphoides incopriarius,GBIF
Carphoides setigera,GBIF
Carpodacus erythrinus,eBird
Carpodacus roseus,eBird
Carposina atronotata,GBIF
Carposina biloba,GBIF
Carposina divaricata,GBIF
Carposina gracillima,GBIF
Carposina graminis,GBIF
Carposina inscripta,GBIF
Carposina nigromaculata,GBIF
Carposina ohawaiella,GBIF
Carposina ottawana,GBIF
Carposina pusilla,GBIF
Carposina pygmaeella,GBIF
Carposina sasakii,GBIF
Carposina simulator,GBIF
Carposina urbanae,GBIF
Carptima hydriomenata,GBIF
Carrhenes canescens,GBIF
Carteris lineata,GBIF
Carteris oculatalis,GBIF
Carterocephalus mandan,GBIF
Carterocephalus skada,GBIF
Caryocolum cassella,GBIF
Caryocolum pullatella,GBIF
Catabena sagittata,GBIF
Catabenoides divisa,GBIF
Catabenoides insularis,GBIF
Catabenoides terminellus,GBIF
Catabenoides vitrina,GBIF
Catastega adobe,GBIF
Catastega marmoreana,GBIF
Catastega nebula,GBIF
Catastega plicata,GBIF
Catastega triangulana,GBIF
Catastia actualis,GBIF
Catastia bistriatella,GBIF
Catasticta nimbice,GBIF
Cathartes aura,eBird
Catharus aurantiirostris,eBird
Catharus bicknelli,eBird
Catharus mexicanus,eBird
Catharus minimus,eBird
Catherpes mexicanus,eBird
Catocala abbreviatella,GBIF
Catocala aestivalia,GBIF
Catocala aholibah,GBIF
Catocala alabamae,GBIF
Catocala amestris,GBIF
Catocala andromache,GBIF
Catocala atocala,GBIF
Catocala benjamini,GBIF
Catocala briseis,GBIF
Catocala caesia,GBIF
Catocala californica,GBIF
Catocala californiensis,GBIF
Catocala carissima,GBIF
Catocala chelidonia,GBIF
Catocala delilah,GBIF
Catocala desdemona,GBIF
Catocala faustina,GBIF
Catocala frederici,GBIF
Catocala grisatra,GBIF
Catocala hermia,GBIF
Catocala irene,GBIF
Catocala jair,GBIF
Catocala jessica,GBIF
Catocala johnsoniana,GBIF
Catocala lincolnana,GBIF
Catocala louiseae,GBIF
Catocala luciana,GBIF
Catocala luctuosa,GBIF
Catocala mcdunnoughi,GBIF
Catocala messalina,GBIF
Catocala myristica,GBIF
Catocala nuptialis,GBIF
Catocala ophelia,GBIF
Catocala orba,GBIF
Catocala texanae,GBIF
Catocala umbrosa,GBIF
Catocala verrilliana,GBIF
Catocala violenta,GBIF
Catocala whitneyi,GBIF
Catonephele numilia,GBIF
Catoptria latiradiellus,GBIF
Catoptria oregonicus,GBIF
Catoptria trichostomus,GBIF
Cauchas cockerelli,GBIF
Cauchas discalis,GBIF
Cauchas simpliciella,GBIF
Caudellia apyrella,GBIF
Caudellia floridensis,GBIF
Caudellia nigrella,GBIF
Caupolicana electa,GBIF
Caupolicana floridana,GBIF
Caupolicana ocellata,GBIF
Caupolicana yarrowi,GBIF
Cautethia grotei,GBIF
Cautethia spuria,GBIF
Cautethia yucatana,GBIF
Cecharismena anartoides,GBIF
Cecharismena cara,GBIF
Cecharismena jalapena,GBIF
Cecharismena josealis,GBIF
Cecharismena nectarea,GBIF
Cecrita biundata,GBIF
Cecrita daona,GBIF
Cecrita franclemonti,GBIF
Cecrita guttivitta,GBIF
Cecropterus lyciades,GBIF
Celaenorrhinus fritzgaertneri,GBIF
Celaenorrhinus stallingsi,GBIF
Celastrina asheri,GBIF
Celastrina humulus,GBIF
Celastrina lucia,GBIF
Celiptera frustulum,GBIF
Celiptera valina,GBIF
Celotes limpia,GBIF
Celotes nessus,GBIF
Celypha cespitana,GBIF
Cenopis cana,GBIF
Cenopis chambersana,GBIF
Cenopis diluticostana,GBIF
Cenopis directana,GBIF
Cenopis eulongicosta,GBIF
Cenopis ferreana,GBIF
Cenopis karacana,GBIF
Cenopis lamberti,GBIF
Cenopis mesospila,GBIF
Cenopis niveana,GBIF
Cenopis pettitana,GBIF
Cenopis reticulatana,GBIF
Cenopis saracana,GBIF
Cenopis unicolorana,GBIF
Cenopis vabroui,GBIF
Centris angustifrons,GBIF
Centris atripes,GBIF
Centris caesalpiniae,GBIF
Centris californica,GBIF
Centris cockerelli,GBIF
Centris decolorata,GBIF
Centris errans,GBIF
Centris flavofasciata,GBIF
Centris hoffmanseggiae,GBIF
Centris lanosa,GBIF
Centris mexicana,GBIF
Centris nitida,GBIF
Centris pallida,GBIF
Centris rhodopus,GBIF
Centris tiburonensis,GBIF
Centris zacateca,GBIF
Centrocercus minimus,eBird
Centrocercus urophasianus,eBird
Centronyx bairdii,eBird
Centronyx henslowii,eBird
Cephalospargeta elongata,GBIF
Cepphus columba,eBird
Cepphus grylle,eBird
Ceranemota albertae,GBIF
Ceranemota crumbi,GBIF
Ceranemota fasciata,GBIF
Ceranemota improvisa,GBIF
Ceranemota tearlei,GBIF
Cerastis cornuta,GBIF
Cerastis enigmatica,GBIF
Cerastis fishii,GBIF
Cerastis gloriosa,GBIF
Cerastis robertsoni,GBIF
Cerastis salicarum,GBIF
Cerathosia tricolor,GBIF
Ceratina,GBIF
Ceratina acantha,GBIF
Ceratina apacheorum,GBIF
Ceratina arizonensis,GBIF
Ceratina calcarata,GBIF
Ceratina cobaltina,GBIF
Ceratina cockerelli,GBIF
Ceratina dallatorreana,GBIF
Ceratina dentipes,GBIF
Ceratina diodonta,GBIF
Ceratina dupla,GBIF
Ceratina floridana,GBIF
Ceratina hurdi,GBIF
Ceratina melanoptera,GBIF
Ceratina metaria,GBIF
Ceratina micheneri,GBIF
Ceratina mikmaqi,GBIF
Ceratina nanula,GBIF
Ceratina neomexicana,GBIF
Ceratina pacifica,GBIF
Ceratina punctigena,GBIF
Ceratina sequoiae,GBIF
Ceratina shinnersi,GBIF
Ceratina smaragdula,GBIF
Ceratina strenua,GBIF
Ceratina tejonensis,GBIF
Ceratina texana,GBIF
Ceratina timberlakei,GBIF
Ceratodalia gueneata,GBIF
Ceratogymna atrata,eBird
Ceratomia catalpae,GBIF
Ceratomia hageni,GBIF
Ceratomia sonorensis,GBIF
Ceratonyx arizonensis,GBIF
Ceratonyx permagnaria,GBIF
Ceratonyx satanaria,GBIF
Ceratophaga vicinella,GBIF
Cercyonis charon,GBIF
Cercyonis meadi,GBIF
Cercyonis oetus,GBIF
Cercyonis paulus,GBIF
Cercyonis sthenele,GBIF
Cerma sirius,GBIF
Cerorhinca monocerata,eBird
Certhia americana,eBird
Cerura candida,GBIF
Chabula acamasalis,GBIF
Chaetaglaea cerata,GBIF
Chaetaglaea fergusoni,GBIF
Chaetaglaea rhonda,GBIF
Chaetura pelagica,eBird
Chaetura vauxi,eBird
Chalcoela iphitalis,GBIF
Chalcoela pegasalis,GBIF
Chalcopasta acema,GBIF
Chalcopasta fulgens,GBIF
Chalcopasta howardi,GBIF
Chalcopasta territans,GBIF
Chalcopsitta fuscata,eBird
Chamaea fasciata,eBird
Chamaeclea basiochrea,GBIF
Chamaeclea pernana,GBIF
Charadra dispulsa,GBIF
Charadra franclemonti,GBIF
Charadra moneta,GBIF
Charadra pata,GBIF
Charadra tapa,GBIF
Charadrius hiaticula,eBird
Charadrius melodus,eBird
Charadrius semipalmatus,eBird
Charadrius vociferus,eBird
Chararica annuliferella,GBIF
Chararica bicolorella,GBIF
Chararica hystriculella,GBIF
Charissa pullata,GBIF
Chasiempis ibidis,eBird
Chasiempis sandwichensis,eBird
Chasiempis sclateri,eBird
Chedra pensor,GBIF
Chelis beanii,GBIF
Chelis brucei,GBIF
Chelis czekanowskii,GBIF
Chelostoma californicum,GBIF
Chelostoma campanularum,GBIF
Chelostoma cockerelli,GBIF
Chelostoma incisulum,GBIF
Chelostoma marginatum,GBIF
Chelostoma minutum,GBIF
Chelostoma phaceliae,GBIF
Chelostoma philadelphi,GBIF
Chelostoma rapunculi,GBIF
Chelostoma tetramerum,GBIF
Chenonetta jubata,eBird
Cherokeea attakullakulla,GBIF
Chersotis juncta,GBIF
Chesiadodes bicolor,GBIF
Chesiadodes cinerea,GBIF
Chesiadodes curvata,GBIF
Chesiadodes morosata,GBIF
Chesiadodes polingi,GBIF
Chesiadodes simularia,GBIF
Chileoptilia yaroella,GBIF
Chilo demotellus,GBIF
Chilo erianthalis,GBIF
Chilo plejadellus,GBIF
Chilocampyla dyariella,GBIF
Chimoptesis chrysopyla,GBIF
Chimoptesis gerulae,GBIF
Chimoptesis matheri,GBIF
Chioides catillus,GBIF
Chioides zilpa,GBIF
Chiomara asychis,GBIF
Chiomara mithrax,GBIF
Chionodes abdominella,GBIF
Chionodes abella,GBIF
Chionodes abitus,GBIF
Chionodes acrina,GBIF
Chionodes adam,GBIF
Chionodes adamas,GBIF
Chionodes agriodes,GBIF
Chionodes arenella,GBIF
Chionodes argentipunctella,GBIF
Chionodes aristella,GBIF
Chionodes aruns,GBIF
Chionodes bardus,GBIF
Chionodes baro,GBIF
Chionodes bibo,GBIF
Chionodes bicolor,GBIF
Chionodes bios,GBIF
Chionodes braunella,GBIF
Chionodes bustosorum,GBIF
Chionodes cacula,GBIF
Chionodes ceanothiella,GBIF
Chionodes ceryx,GBIF
Chionodes chrysopyla,GBIF
Chionodes dammersi,GBIF
Chionodes dentella,GBIF
Chionodes discoocellella,GBIF
Chionodes donahueorum,GBIF
Chionodes donatella,GBIF
Chionodes emptor,GBIF
Chionodes ensis,GBIF
Chionodes figurella,GBIF
Chionodes fondella,GBIF
Chionodes franclemonti,GBIF
Chionodes fructuaria,GBIF
Chionodes fuscomaculella,GBIF
Chionodes grandis,GBIF
Chionodes hapsus,GBIF
Chionodes hodgesorum,GBIF
Chionodes imber,GBIF
Chionodes impes,GBIF
Chionodes iridescens,GBIF
Chionodes johnstoni,GBIF
Chionodes kincaidella,GBIF
Chionodes lactans,GBIF
Chionodes latro,GBIF
Chionodes lector,GBIF
Chionodes lictor,GBIF
Chionodes lophosella,GBIF
Chionodes lugubrella,GBIF
Chionodes macor,GBIF
Chionodes mariona,GBIF
Chionodes mediofuscella,GBIF
Chionodes messor,GBIF
Chionodes metallica,GBIF
Chionodes metoecus,GBIF
Chionodes morus,GBIF
Chionodes munifex,GBIF
Chionodes naevus,GBIF
Chionodes nanodella,GBIF
Chionodes nigrobarbata,GBIF
Chionodes notandella,GBIF
Chionodes obelus,GBIF
Chionodes obex,GBIF
Chionodes obscurusella,GBIF
Chionodes occidentella,GBIF
Chionodes occlusa,GBIF
Chionodes ochreostrigella,GBIF
Chionodes oecus,GBIF
Chionodes offectus,GBIF
Chionodes optio,GBIF
Chionodes periculella,GBIF
Chionodes permacta,GBIF
Chionodes petalumensis,GBIF
Chionodes petro,GBIF
Chionodes phalacra,GBIF
Chionodes pinguicula,GBIF
Chionodes popa,GBIF
Chionodes powelli,GBIF
Chionodes praeclarella,GBIF
Chionodes praeco,GBIF
Chionodes pseudofondella,GBIF
Chionodes psiloptera,GBIF
Chionodes rabula,GBIF
Chionodes rectifex,GBIF
Chionodes regens,GBIF
Chionodes restio,GBIF
Chionodes retiniella,GBIF
Chionodes rogator,GBIF
Chionodes sabinianae,GBIF
Chionodes sattleri,GBIF
Chionodes sepultor,GBIF
Chionodes sevir,GBIF
Chionodes sistrella,GBIF
Chionodes soter,GBIF
Chionodes suasor,GBIF
Chionodes tarmes,GBIF
Chionodes terminimaculella,GBIF
Chionodes tessa,GBIF
Chionodes thyotes,GBIF
Chionodes trichostola,GBIF
Chionodes veles,GBIF
Chionodes viduella,GBIF
Chionodes whitmanella,GBIF
Chionodes xanthophilella,GBIF
Chiothion georgina,GBIF
Chiricahua lichenaria,GBIF
Chlidonias hybrida,eBird
Chlidonias leucopterus,eBird
Chlidonias niger,eBird
Chloebia gouldiae,eBird
Chloephaga picta,eBird
Chloraspilates bicoloraria,GBIF
Chloraspilates minima,GBIF
Chloridea subflexa,GBIF
Chloridea virescens,GBIF
Chloris chloris,eBird
Chloris sinica,eBird
Chloroceryle amazona,eBird
Chloroceryle americana,eBird
Chlorochlamys appellaria,GBIF
Chlorochlamys phyllinaria,GBIF
Chlorochlamys triangularis,GBIF
Chloroclystis pyrrholopha,GBIF
Chlorodrepanis flava,eBird
Chlorodrepanis stejnegeri,eBird
Chlorodrepanis virens,eBird
Chloronycta tybo,GBIF
Chloropsis aurifrons,eBird
Chloropteryx nordicaria,GBIF
Chloropteryx paularia,GBIF
Chlorosea banksaria,GBIF
Chlorosea margaretaria,GBIF
Chlorosea nevadaria,GBIF
Chlorosea roseitacta,GBIF
Chlorostrymon simaethis,GBIF
Chlorostrymon telea,GBIF
Chlosyne acastus,GBIF
Chlosyne californica,GBIF
Chlosyne damoetas,GBIF
Chlosyne definita,GBIF
Chlosyne endeis,GBIF
Chlosyne erodyle,GBIF
Chlosyne eumeda,GBIF
Chlosyne gabbii,GBIF
Chlosyne hoffmanni,GBIF
Chlosyne janais,GBIF
Chlosyne lacinia,GBIF
Chlosyne marina,GBIF
Chlosyne palla,GBIF
Chlosyne rosita,GBIF
Chlosyne sterope,GBIF
Choephora fungorum,GBIF
Chondestes grammacus,eBird
Chondrohierax uncinatus,eBird
Chordeiles acutipennis,eBird
Chordeiles gundlachii,eBird
Chordeiles minor,eBird
Choreutis diana,GBIF
Choreutis sexfasciella,GBIF
Choristoneura albaniana,GBIF
Choristoneura argentifasciata,GBIF
Choristoneura biennis,GBIF
Choristoneura carnana,GBIF
Choristoneura freemani,GBIF
Choristoneura houstonana,GBIF
Choristoneura lambertiana,GBIF
Choristoneura occidentalis,GBIF
Choristoneura orae,GBIF
Choristoneura retiniana,GBIF
Choristoneura zapulata,GBIF
Choristostigma disputalis,GBIF
Choristostigma elegantalis,GBIF
Choristostigma perpulchralis,GBIF
Choristostigma plumbosignalis,GBIF
Choristostigma roseopennalis,GBIF
Choristostigma zephyralis,GBIF
Chrismania pictipennalis,GBIF
Chroicocephalus cirrocephalus,eBird
Chroicocephalus novaehollandiae,eBird
Chroicocephalus philadelphia,eBird
Chroicocephalus ridibundus,eBird
Chrysaster ostensackenella,GBIF
Chrysendeton imitabilis,GBIF
Chrysendeton kimballi,GBIF
Chrysendeton medicinalis,GBIF
Chrysendeton nigrescens,GBIF
Chrysoclista linneela,GBIF
Chrysocrambus dentuellus,GBIF
Chrysodeixis eriosoma,GBIF
Chrysodeixis includens,GBIF
Chrysoecia atrolinea,GBIF
Chrysoecia gladiola,GBIF
Chrysoecia scira,GBIF
Chrysoecia thoracica,GBIF
Chrysoesthia drurella,GBIF
Chrysoesthia lingulacella,GBIF
Chrysoesthia sexguttella,GBIF
Chrysolophus amherstiae,eBird
Chrysolophus pictus,eBird
Chrysoteuchia topiarius,GBIF
Chytonix sensilis,GBIF
Cicinnus chambersi,GBIF
Ciconia microscelis,eBird
Cinclus mexicanus,eBird
Circus aeruginosus,eBird
Circus cyaneus,eBird
Circus hudsonius,eBird
Cirrhophanus dyari,GBIF
Cirrhophanus pretiosa,GBIF
Cirrhophanus triangulifer,GBIF
Cisseps wrightii,GBIF
Cissia rubricata,GBIF
Cissusa inconspicua,GBIF
Cissusa indiscreta,GBIF
Cissusa mucronata,GBIF
Cissusa spadix,GBIF
Cissuvora ampelopsis,GBIF
Cisthene angelus,GBIF
Cisthene barnesii,GBIF
Cisthene conjuncta,GBIF
Cisthene coronado,GBIF
Cisthene deserta,GBIF
Cisthene dorsimacula,GBIF
Cisthene faustinula,GBIF
Cisthene juanita,GBIF
Cisthene kentuckiensis,GBIF
Cisthene liberomacula,GBIF
Cisthene martini,GBIF
Cisthene packardii,GBIF
Cisthene perrosea,GBIF
Cisthene picta,GBIF
Cisthene plumbea,GBIF
Cisthene striata,GBIF
Cisthene subjecta,GBIF
Cisthene subrufa,GBIF
Cisthene tenuifascia,GBIF
Cisthene unifascia,GBIF
Cistothorus palustris,eBird
Cistothorus stellaris,eBird
Citheronia splendens,GBIF
Cladara anguilineata,GBIF
Clangula hyemalis,eBird
Clemensia ochreata,GBIF
Clemensia umbrata,GBIF
Clepsis anderslaneyii,GBIF
Clepsis flavidana,GBIF
Clepsis fucana,GBIF
Clepsis listerana,GBIF
Clepsis melaleucanus,GBIF
Clepsis moeschleriana,GBIF
Clepsis penetralis,GBIF
Clepsis peritana,GBIF
Clepsis virescana,GBIF
Clossiana alberta,GBIF
Clossiana astarte,GBIF
Clossiana chariclea,GBIF
Clossiana frigga,GBIF
Clossiana helena,GBIF
Clossiana improba,GBIF
Clossiana montinus,GBIF
Clossiana myrina,GBIF
Clossiana natazhati,GBIF
Clossiana polaris,GBIF
Clossiana titania,GBIF
Clossiana toddi,GBIF
Clostera inornata,GBIF
Clostera paraphora,GBIF
Clytius clytius,GBIF
Cnaemidophorus rhododactyla,GBIF
Cnaphalocrocis cochrusalis,GBIF
Cnaphalocrocis trapezalis,GBIF
Cnephasia stephensiana,GBIF
Cobalos angelicus,GBIF
Cobalos franciscana,GBIF
Cobubatha dividua,GBIF
Cobubatha hippotes,GBIF
Cobubatha lixiva,GBIF
Cobubatha megaplaga,GBIF
Cobubatha metaspilaris,GBIF
Cobubatha numa,GBIF
Cobubatha ochrocraspis,GBIF
Cobubatha orthozona,GBIF
Coccothraustes coccothraustes,eBird
Coccyzus americanus,eBird
Coccyzus erythropthalmus,eBird
Coccyzus melacoryphus,eBird
Coccyzus minor,eBird
Cochisea barnesi,GBIF
Cochisea recisa,GBIF
Cochisea rigidaria,GBIF
Cochisea sinuaria,GBIF
Cochisea sonomensis,GBIF
Cochisea unicoloris,GBIF
Cochylichroa arthuri,GBIF
Cochylichroa avita,GBIF
Cochylichroa hoffmanana,GBIF
Cochylichroa hospes,GBIF
Cochylichroa temerana,GBIF
Cochylichroa viscana,GBIF
Cochylidia subroseana,GBIF
Cochylis arthuri,GBIF
Cochylis bucera,GBIF
Cochylis carmelana,GBIF
Cochylis caulocatax,GBIF
Cochylis dubitana,GBIF
Cochylis formonana,GBIF
Cochylis fusca,GBIF
Cochylis hoffmanana,GBIF
Cochylis hospes,GBIF
Cochylis maiana,GBIF
Cochylis parallelana,GBIF
Cochylis punctadiscana,GBIF
Cochylis ringsi,GBIF
Cochylis temerana,GBIF
Cochylis yinyangana,GBIF
Cocytius antaeus,GBIF
Codatractus alcaeus,GBIF
Codatractus arizonensis,GBIF
Coea acheronta,GBIF
Coelioxys,GBIF
Coelioxys alternatus,GBIF
Coelioxys apacheorum,GBIF
Coelioxys aztecus,GBIF
Coelioxys banksi,GBIF
Coelioxys boharti,GBIF
Coelioxys coturnix,GBIF
Coelioxys deani,GBIF
Coelioxys dolichos,GBIF
Coelioxys echinatus,GBIF
Coelioxys edita,GBIF
Coelioxys erysimi,GBIF
Coelioxys floridanus,GBIF
Coelioxys funerarius,GBIF
Coelioxys galactiae,GBIF
Coelioxys germanus,GBIF
Coelioxys gilensis,GBIF
Coelioxys gonaspis,GBIF
Coelioxys grindeliae,GBIF
Coelioxys hirsutissimus,GBIF
Coelioxys hunteri,GBIF
Coelioxys immaculatus,GBIF
Coelioxys insita,GBIF
Coelioxys menthae,GBIF
Coelioxys mesae,GBIF
Coelioxys mexicanus,GBIF
Coelioxys mitchelli,GBIF
Coelioxys modestus,GBIF
Coelioxys moestus,GBIF
Coelioxys novomexicanus,GBIF
Coelioxys obtusiventris,GBIF
Coelioxys occidentalis,GBIF
Coelioxys octodentatus,GBIF
Coelioxys porterae,GBIF
Coelioxys pratti,GBIF
Coelioxys rufitarsis,GBIF
Coelioxys sayi,GBIF
Coelioxys serricaudatus,GBIF
Coelioxys slossoni,GBIF
Coelioxys sodalis,GBIF
Coelioxys soledadensis,GBIF
Coelioxys texana,GBIF
Coelioxys zapoteca,GBIF
Coelopoeta glutinosi,GBIF
Coelostathma discopunctana,GBIF
Coelostathma placidana,GBIF
Coenobela joha,GBIF
Coenochroa bipunctella,GBIF
Coenochroa californiella,GBIF
Coenochroa illibella,GBIF
Coenonympha california,GBIF
Coenonympha haydeni,GBIF
Coenonympha inornata,GBIF
Coenonympha ochracea,GBIF
Coereba flaveola,eBird
Cogia hippalus,GBIF
Colaptes chrysoides,eBird
Coleophora accordella,GBIF
Coleophora acutipennella,GBIF
Coleophora affiliatella,GBIF
Coleophora albovanescens,GBIF
Coleophora annulicola,GBIF
Coleophora argentialbella,GBIF
Coleophora asterophagella,GBIF
Coleophora atriplicis,GBIF
Coleophora atriplicivora,GBIF
Coleophora bella,GBIF
Coleophora benestrigatella,GBIF
Coleophora bidens,GBIF
Coleophora bidentella,GBIF
Coleophora bistrigella,GBIF
Coleophora borea,GBIF
Coleophora brunneipennis,GBIF
Coleophora canadensisella,GBIF
Coleophora contrariella,GBIF
Coleophora cornivorella,GBIF
Coleophora cratipennella,GBIF
Coleophora cretaticostella,GBIF
Coleophora deauratella,GBIF
Coleophora detractella,GBIF
Coleophora dextrella,GBIF
Coleophora discostriata,GBIF
Coleophora elaeagnisella,GBIF
Coleophora fagicorticella,GBIF
Coleophora glaucella,GBIF
Coleophora glaucicolella,GBIF
Coleophora granulatella,GBIF
Coleophora hackmanni,GBIF
Coleophora intermediella,GBIF
Coleophora irroratella,GBIF
Coleophora kalmiella,GBIF
Coleophora klimeschiella,GBIF
Coleophora ladonia,GBIF
Coleophora latronella,GBIF
Coleophora ledi,GBIF
Coleophora limosipennella,GBIF
Coleophora littorella,GBIF
Coleophora lynosyridella,GBIF
Coleophora manitoba,GBIF
Coleophora maritella,GBIF
Coleophora mayrella,GBIF
Coleophora mcdunnoughiella,GBIF
Coleophora monardae,GBIF
Coleophora monardella,GBIF
Coleophora multipulvella,GBIF
Coleophora nigrostriata,GBIF
Coleophora ochrostriata,GBIF
Coleophora paludoides,GBIF
Coleophora parthenica,GBIF
Coleophora persimplexella,GBIF
Coleophora prepostera,GBIF
Coleophora quadruplex,GBIF
Coleophora ramitella,GBIF
Coleophora rosaevorella,GBIF
Coleophora rupestrella,GBIF
Coleophora sacramenta,GBIF
Coleophora salicivorella,GBIF
Coleophora seminella,GBIF
Coleophora sexdentatella,GBIF
Coleophora simulans,GBIF
Coleophora sparsipulvella,GBIF
Coleophora sparsipuncta,GBIF
Coleophora spinella,GBIF
Coleophora spissicornis,GBIF
Coleophora subapicis,GBIF
Coleophora texanella,GBIF
Coleophora trifolii,GBIF
Coleophora umbratica,GBIF
Coleophora vacciniivorella,GBIF
Coleophora vernoniaella,GBIF
Coleophora versurella,GBIF
Coleophora viscidiflorella,GBIF
Coleophora wyethiae,GBIF
Coleophora xyridella,GBIF
Coleotechnites albicostata,GBIF
Coleotechnites australis,GBIF
Coleotechnites bacchariella,GBIF
Coleotechnites blastovora,GBIF
Coleotechnites canusella,GBIF
Coleotechnites condignella,GBIF
Coleotechnites coniferella,GBIF
Coleotechnites elucidella,GBIF
Coleotechnites eryngiella,GBIF
Coleotechnites florae,GBIF
Coleotechnites gibsonella,GBIF
Coleotechnites invictella,GBIF
Coleotechnites lewisi,GBIF
Coleotechnites mackiei,GBIF
Coleotechnites macleodi,GBIF
Coleotechnites obiquistrigella,GBIF
Coleotechnites starki,GBIF
Coleotechnites variiella,GBIF
Colias,GBIF
Colias adelaidae,GBIF
Colias alexandra,GBIF
Colias behrii,GBIF
Colias boothi,GBIF
Colias canadensis,GBIF
Colias christina,GBIF
Colias croceus,GBIF
Colias eriphyle,GBIF
Colias gigantea,GBIF
Colias harfordii,GBIF
Colias hecla,GBIF
Colias meadii,GBIF
Colias nastes,GBIF
Colias occidentalis,GBIF
Colias palaeno,GBIF
Colias pelidne,GBIF
Colias philodice,GBIF
Colias scudderi,GBIF
Colias skinneri,GBIF
Colias tyche,GBIF
Colibri thalassinus,eBird
Colinus virginianus,eBird
Colletes,GBIF
Colletes aberrans,GBIF
Colletes algarobiae,GBIF
Colletes andrewsi,GBIF
Colletes angelicus,GBIF
Colletes aridus,GBIF
Colletes birkmanni,GBIF
Colletes bryanti,GBIF
Colletes bumeliae,GBIF
Colletes californicus,GBIF
Colletes chamaesarachae,GBIF
Colletes ciliatus,GBIF
Colletes clypeonitens,GBIF
Colletes consors,GBIF
Colletes covilleae,GBIF
Colletes daleae,GBIF
Colletes deserticola,GBIF
Colletes distinctus,GBIF
Colletes eulophi,GBIF
Colletes fulgidus,GBIF
Colletes gilensis,GBIF
Colletes gypsicolens,GBIF
Colletes hyalinus,GBIF
Colletes impunctatus,GBIF
Colletes inaequalis,GBIF
Colletes intermixtus,GBIF
Colletes kincaidii,GBIF
Colletes larreae,GBIF
Colletes laticinctus,GBIF
Colletes longifacies,GBIF
Colletes louisae,GBIF
Colletes lutzi,GBIF
Colletes mandibularis,GBIF
Colletes micheneri,GBIF
Colletes nigrifrons,GBIF
Colletes nudus,GBIF
Colletes ochraceus,GBIF
Colletes paniscus,GBIF
Colletes perileucus,GBIF
Colletes petalostemonis,GBIF
Colletes phaceliae,GBIF
Colletes prosopidis,GBIF
Colletes punctipennis,GBIF
Colletes robertsonii,GBIF
Colletes salicicola,GBIF
Colletes scopiventer,GBIF
Colletes skinneri,GBIF
Colletes slevini,GBIF
Colletes sphaeralceae,GBIF
Colletes stepheni,GBIF
Colletes susannae,GBIF
Colletes swenki,GBIF
Colletes tectiventris,GBIF
Colletes thoracicus,GBIF
Colletes timberlakei,GBIF
Colletes titusensis,GBIF
Colletes wickhami,GBIF
Colletes wilmattae,GBIF
Colletes wootoni,GBIF
Colletes xerophilus,GBIF
Coloeus monedula,eBird
Colomychus talis,GBIF
Coloradia doris,GBIF
Coloradia luski,GBIF
Coloradia pandora,GBIF
Coloradia siriae,GBIF
Coloradia velda,GBIF
Colostygia circumvallaria,GBIF
Columba guinea,eBird
Columba livia,eBird
Columba palumbus,eBird
Columbina inca,eBird
Columbina passerina,eBird
Columbina talpacoti,eBird
Comachara cadburyi,GBIF
Comadia albistrigata,GBIF
Comadia alleni,GBIF
Comadia bertholdi,GBIF
Comadia henrici,GBIF
Comadia manfredi,GBIF
Comadia redtenbacheri,GBIF
Comadia subterminata,GBIF
Commoneria sinuata,GBIF
Compacta capitalis,GBIF
Compacta hirtalis,GBIF
Composia fidelissima,GBIF
Conanthalictus bakeri,GBIF
Conanthalictus conanthi,GBIF
Conanthalictus nigricans,GBIF
Conanthalictus wilmattae,GBIF
Concana mundissima,GBIF
Conchylis fulvotinctana,GBIF
Conchylis oenotherana,GBIF
Conchylodes concinnalis,GBIF
Conchylodes diphteralis,GBIF
Conchylodes ovulalis,GBIF
Conchylodes salamisalis,GBIF
Condica albigera,GBIF
Condica albolabes,GBIF
Condica andrena,GBIF
Condica begallo,GBIF
Condica charada,GBIF
Condica chardra,GBIF
Condica claufacta,GBIF
Condica collaris,GBIF
Condica concisa,GBIF
Condica confederata,GBIF
Condica cupentia,GBIF
Condica discistriga,GBIF
Condica dolorosa,GBIF
Condica egestis,GBIF
Condica illecta,GBIF
Condica leucorena,GBIF
Condica luxuriosa,GBIF
Condica mersa,GBIF
Condica mobilis,GBIF
Condica morsa,GBIF
Condica orta,GBIF
Condica parista,GBIF
Condica punctifera,GBIF
Condica pyromphalus,GBIF
Condica sutor,GBIF
Condica temecula,GBIF
Condica vecors,GBIF
Conga chydaea,GBIF
Conservula anodonta,GBIF
Contiger vittatalis,GBIF
Contopus caribaeus,eBird
Contopus cooperi,eBird
Contopus pertinax,eBird
Contopus sordidulus,eBird
Contopus virens,eBird
Conuropsis carolinensis,eBird
Copablepharon absidum,GBIF
Copablepharon albisericea,GBIF
Copablepharon album,GBIF
Copablepharon atrinotum,GBIF
Copablepharon canariana,GBIF
Copablepharon columbia,GBIF
Copablepharon flavum,GBIF
Copablepharon fuscum,GBIF
Copablepharon grandis,GBIF
Copablepharon longipenne,GBIF
Copablepharon michiganensis,GBIF
Copablepharon mustelini,GBIF
Copablepharon mutans,GBIF
Copablepharon nevada,GBIF
Copablepharon opleri,GBIF
Copablepharon pictum,GBIF
Copablepharon robertsoni,GBIF
Copablepharon serrata,GBIF
Copablepharon serratigrande,GBIF
Copablepharon spiritum,GBIF
Copablepharon viridisparsa,GBIF
Copaeodes aurantiaca,GBIF
Copaeodes minima,GBIF
Copanarta aurea,GBIF
Copanarta sexpunctata,GBIF
Copaxa mannana,GBIF
Copibryophila angelica,GBIF
Copsychus malabaricus,eBird
Coptodisca arbutiella,GBIF
Coptodisca cercocarpella,GBIF
Coptodisca condaliae,GBIF
Coptodisca powellella,GBIF
Coptodisca quercicolella,GBIF
Coptodisca saliciella,GBIF
Coptotriche admirabilis,GBIF
Coptotriche aenea,GBIF
Coptotriche agrimoniella,GBIF
Coptotriche amelanchieris,GBIF
Coptotriche badiiella,GBIF
Coptotriche castaneaeella,GBIF
Coptotriche citrinipennella,GBIF
Coptotriche clemensella,GBIF
Coptotriche confusa,GBIF
Coptotriche consanguinea,GBIF
Coptotriche crataegifoliae,GBIF
Coptotriche discreta,GBIF
Coptotriche fuscomarginella,GBIF
Coptotriche malifoliella,GBIF
Coptotriche mediostriata,GBIF
Coptotriche perplexa,GBIF
Coptotriche purinosella,GBIF
Coptotriche splendida,GBIF
Coptotriche zelleriella,GBIF
Coracias caudatus,eBird
Coracias cyanogaster,eBird
Coragyps atratus,eBird
Coranarta luteola,GBIF
Coranarta macrostigma,GBIF
Cornifrons actualis,GBIF
Cornifrons phasma,GBIF
Corthylio calendula,eBird
Corticea corticea,GBIF
Corticivora chica,GBIF
Corticivora parva,GBIF
Corvus albicollis,eBird
Corvus albus,eBird
Corvus corax,eBird
Corvus cornix,eBird
Corvus cryptoleucus,eBird
Corvus hawaiiensis,eBird
Corvus imparatus,eBird
Corvus ossifragus,eBird
Corvus splendens,eBird
Coryphista meadii,GBIF
Corythophora aurea,GBIF
Coscoroba coscoroba,eBird
Cosipara modulalis,GBIF
Cosipara tricoloralis,GBIF
Cosmia elisae,GBIF
Cosmia praeacuta,GBIF
Cosmopterix abdita,GBIF
Cosmopterix astrapias,GBIF
Cosmopterix attenuatella,GBIF
Cosmopterix chisosensis,GBIF
Cosmopterix damnosa,GBIF
Cosmopterix dapifera,GBIF
Cosmopterix delicatella,GBIF
Cosmopterix ebriola,GBIF
Cosmopterix floridanella,GBIF
Cosmopterix inopis,GBIF
Cosmopterix minutella,GBIF
Cosmopterix molybdina,GBIF
Cosmopterix montisella,GBIF
Cosmopterix nitens,GBIF
Cosmopterix opulenta,GBIF
Cosmopterix pulchrimella,GBIF
Cosmopterix quadrilineella,GBIF
Cosmopterix scirpicola,GBIF
Cosmopterix teligera,GBIF
Cosmosoma achemon,GBIF
Cosmosoma myrodora,GBIF
Coturnicops noveboracensis,eBird
Coturnix coturnix,eBird
Coturnix japonica,eBird
Coxina cinctipalpis,GBIF
Coxina hadenoides,GBIF
Crambidia casta,GBIF
Crambidia cephalica,GBIF
Crambidia dusca,GBIF
Crambidia impura,GBIF
Crambidia lithosioides,GBIF
Crambidia myrlosea,GBIF
Crambidia pallida,GBIF
Crambidia pura,GBIF
Crambidia suffusa,GBIF
Crambidia uniformis,GBIF
Crambidia xanthocorpa,GBIF
Crambus agitatellus,GBIF
Crambus ainslieellus,GBIF
Crambus albellus,GBIF
Crambus alboclavellus,GBIF
Crambus alienellus,GBIF
Crambus angustexon,GBIF
Crambus awemellus,GBIF
Crambus bidens,GBIF
Crambus braunellus,GBIF
Crambus cypridalis,GBIF
Crambus cyrilellus,GBIF
Crambus daeckellus,GBIF
Crambus dimidiatellus,GBIF
Crambus gausapalis,GBIF
Crambus girardellus,GBIF
Crambus hamella,GBIF
Crambus harrisi,GBIF
Crambus johnsoni,GBIF
Crambus laqueatellus,GBIF
Crambus leachellus,GBIF
Crambus leuconotus,GBIF
Crambus lyonsellus,GBIF
Crambus multilinellus,GBIF
Crambus occidentalis,GBIF
Crambus pascuella,GBIF
Crambus perlellus,GBIF
Crambus praefectellus,GBIF
Crambus quinquareatus,GBIF
Crambus rickseckerellus,GBIF
Crambus saltuellus,GBIF
Crambus sanfordellus,GBIF
Crambus sargentellus,GBIF
Crambus satrapellus,GBIF
Crambus sperryellus,GBIF
Crambus trichusalis,GBIF
Crambus tripsacas,GBIF
Crambus tutillus,GBIF
Crambus unistriatellus,GBIF
Crambus vulgivagellus,GBIF
Crambus watsonellus,GBIF
Crambus whitmerellus,GBIF
Crambus youngellus,GBIF
Creagrus furcatus,eBird
Cremastobombycia ambrosiaeella,GBIF
Cremastobombycia chromolaenae,GBIF
Cremastobombycia grindeliella,GBIF
Cremastobombycia ignota,GBIF
Cremastobombycia lantanella,GBIF
Cremastobombycia verbesinella,GBIF
Crex crex,eBird
Crimona pallimedia,GBIF
Crinifer concolor,eBird
Crinodes biedermani,GBIF
Crithagra atrogularis,eBird
Crithagra leucopygia,eBird
Crithagra mozambica,eBird
Crithagra striolata,eBird
Crocidocnemis pellucidalis,GBIF
Crocidomera imitata,GBIF
Crocidophora pustuliferalis,GBIF
Crocidophora serratissimalis,GBIF
Crocidophora tuberculalis,GBIF
Crocidosema lantana,GBIF
Crocidosema leprarum,GBIF
Crocidosema marcidellum,GBIF
Crocidosema perplexana,GBIF
Crocidosema unica,GBIF
Cropia connecta,GBIF
Cropia ruthaea,GBIF
Cropia templada,GBIF
Crotophaga ani,eBird
Crotophaga sulcirostris,eBird
Cryphia albipuncta,GBIF
Cryphia cuerva,GBIF
Cryphia fascia,GBIF
Cryphia flavidior,GBIF
Cryphia nana,GBIF
Cryphia pallidioides,GBIF
Cryphia sarepta,GBIF
Cryptaspasma bipenicilla,GBIF
Cryptoblabes adoceta,GBIF
Cryptobotys zoilusalis,GBIF
Cryptographis elealis,GBIF
Cryptographis infimalis,GBIF
Cryptographis nitidalis,GBIF
Cryptophlebia illepida,GBIF
Cryptophlebia ombrodelta,GBIF
Cryptophobetron oropeso,GBIF
Cryptothelea gloverii,GBIF
Cryptothelea nigrita,GBIF
Ctenoplusia albostriata,GBIF
Ctenucha brunnea,GBIF
Ctenucha cressonana,GBIF
Ctenucha multifaria,GBIF
Ctenucha rubroscapus,GBIF
Ctenucha venosa,GBIF
Cucullia albida,GBIF
Cucullia antipoda,GBIF
Cucullia astigma,GBIF
Cucullia basipuncta,GBIF
Cucullia charon,GBIF
Cucullia comstocki,GBIF
Cucullia cucullioides,GBIF
Cucullia dammersi,GBIF
Cucullia dorsalis,GBIF
Cucullia eccissica,GBIF
Cucullia eucaena,GBIF
Cucullia eulepis,GBIF
Cucullia eurekae,GBIF
Cucullia heinrichi,GBIF
Cucullia incresa,GBIF
Cucullia laetifica,GBIF
Cucullia lethe,GBIF
Cucullia lilacina,GBIF
Cucullia luna,GBIF
Cucullia mcdunnoughi,GBIF
Cucullia montanae,GBIF
Cucullia omissa,GBIF
Cucullia oribac,GBIF
Cucullia postera,GBIF
Cucullia pulla,GBIF
Cucullia serraticornis,GBIF
Cucullia similaris,GBIF
Cucullia speyeri,GBIF
Cucullia strigata,GBIF
Cucullia styx,GBIF
Cuculus canorus,eBird
Cuculus optatus,eBird
Cuniberta subtinctella,GBIF
Cupido cilla,GBIF
Cupido fulla,GBIF
Cupido orcus,GBIF
Cupido pembina,GBIF
Cupido pheres,GBIF
Cupido podarce,GBIF
Curruca curruca,eBird
Curvie emesia,GBIF
Cutina albopunctella,GBIF
Cutina aluticolor,GBIF
Cutina arcuata,GBIF
Cutina distincta,GBIF
Cyanerpes caeruleus,eBird
Cyanerpes cyaneus,eBird
Cyaniris neglecta,GBIF
Cyanistes caeruleus,eBird
Cyanistes cyanus,eBird
Cyanochen cyanoptera,eBird
Cyanocitta stelleri,eBird
Cyanocompsa parellina,eBird
Cyanocorax beecheii,eBird
Cyanocorax colliei,eBird
Cyanocorax formosus,eBird
Cyanocorax morio,eBird
Cyanocorax sanblasianus,eBird
Cyanocorax yncas,eBird
Cyanocorax yucatanicus,eBird
Cyanoliseus patagonus,eBird
Cyanophrys miserabilis,GBIF
Cyanopica cyanus,eBird
Cybalomia extorris,GBIF
Cybilla hubbardana,GBIF
Cyclargus ammon,GBIF
Cyclargus thomasi,GBIF
Cyclica frondaria,GBIF
Cyclophora culicaria,GBIF
Cyclophora dataria,GBIF
Cyclophora nanaria,GBIF
Cydalima perspectalis,GBIF
Cydia albimaculana,GBIF
Cydia americana,GBIF
Cydia bracteatana,GBIF
Cydia colorana,GBIF
Cydia conspicua,GBIF
Cydia costastrigulana,GBIF
Cydia cupressana,GBIF
Cydia fahlbergiana,GBIF
Cydia fletcherana,GBIF
Cydia flexiloqua,GBIF
Cydia garacana,GBIF
Cydia ingens,GBIF
Cydia ingrata,GBIF
Cydia lacustrina,GBIF
Cydia laricana,GBIF
Cydia larimana,GBIF
Cydia leucobasis,GBIF
Cydia marita,GBIF
Cydia membrosa,GBIF
Cydia montanum,GBIF
Cydia multilineana,GBIF
Cydia ninana,GBIF
Cydia palmetum,GBIF
Cydia piperana,GBIF
Cydia plicatum,GBIF
Cydia prosperana,GBIF
Cydia pseudotsugae,GBIF
Cydia rufipennis,GBIF
Cydia saltitans,GBIF
Cydia splendana,GBIF
Cydia tana,GBIF
Cydia timara,GBIF
Cydia youngana,GBIF
Cydosia aurivitta,GBIF
Cydosia majuscula,GBIF
Cydosia nobilitella,GBIF
Cygnus atratus,eBird
Cygnus buccinator,eBird
Cygnus columbianus,eBird
Cygnus cygnus,eBird
Cygnus melancoryphus,eBird
Cygnus olor,eBird
Cylindrifrons succandidalis,GBIF
Cyllopsis pertepida,GBIF
Cymaenes odilia,GBIF
Cymaenes tripunctus,GBIF
Cymbopteryx fuscimarginalis,GBIF
Cymbopteryx unilinealis,GBIF
Cymolomia hartigiana,GBIF
Cynanthus latirostris,eBird
Cyphacma tragiae,GBIF
Cypseloides niger,eBird
Cyrtonyx montezumae,eBird
Dacelo novaeguineae,eBird
Dacnis cayana,eBird
Dahana atripennis,GBIF
Dahlica lichenella,GBIF
Dahlica triquetrella,GBIF
Dahlica walshella,GBIF
Dalcerides ingenita,GBIF
Danaus eresimus,GBIF
Daphnis nerii,GBIF
Daptrius chimachima,eBird
Dargida aleada,GBIF
Dargida diffusa,GBIF
Dargida grammivora,GBIF
Dargida procinctus,GBIF
Dargida quadrannulata,GBIF
Dargida rubripennis,GBIF
Dargida terrapictalis,GBIF
Dargida tetera,GBIF
Dasyblemma straminea,GBIF
Dasychira atrivenosa,GBIF
Dasychira dominickaria,GBIF
Dasychira grisefacta,GBIF
Dasychira matheri,GBIF
Dasychira mescalera,GBIF
Dasychira obliqua,GBIF
Dasyfidonia avuncularia,GBIF
Dasyfidonia macdunnoughi,GBIF
Dasylophia seriata,GBIF
Dasypyga alternosquamella,GBIF
Dasypyga salmocolor,GBIF
Datana chiriquensis,GBIF
Datana modesta,GBIF
Datana neomexicana,GBIF
Datana perfusa,GBIF
Datana robusta,GBIF
Datana rotundata,GBIF
Daulia arizonensis,GBIF
Daulia magdalena,GBIF
Daviscardia coloradella,GBIF
Decantha borkhausenii,GBIF
Decantha stecia,GBIF
Decantha stonda,GBIF
Decantha tistra,GBIF
Decaturia pectinalis,GBIF
Decinea percosius,GBIF
Decodes aneuretus,GBIF
Decodes asapheus,GBIF
Decodes bicolor,GBIF
Decodes helix,GBIF
Decodes horariana,GBIF
Decodes macdunnoughi,GBIF
Decodes montanus,GBIF
Deidamia inscriptum,GBIF
Deilephila elpenor,GBIF
Deinopa angitia,GBIF
Dejongia californicus,GBIF
Delichon lagopodum,eBird
Deltophora duplicata,GBIF
Deltophora glandiferella,GBIF
Deltophora sella,GBIF
Deltote bellicula,GBIF
Dendragapus fuliginosus,eBird
Dendragapus obscurus,eBird
Dendrocopos major,eBird
Dendrocygna arborea,eBird
Dendrocygna autumnalis,eBird
Dendrocygna bicolor,eBird
Dendrocygna eytoni,eBird
Dendrocygna viduata,eBird
Denisia haydenella,GBIF
Deoclona yuccasella,GBIF
Depressaria alienella,GBIF
Depressaria apiella,GBIF
Depressaria artemisiae,GBIF
Depressaria artemisiella,GBIF
Depressaria atrostrigella,GBIF
Depressaria betina,GBIF
Depressaria cinereocostella,GBIF
Depressaria constancei,GBIF
Depressaria depressana,GBIF
Depressaria pastinacella,GBIF
Depressaria pteryxiphaga,GBIF
Depressaria radiella,GBIF
Derrima stellata,GBIF
Desmia deploralis,GBIF
Desmia ploralis,GBIF
Desmia stenizonalis,GBIF
Desmia tages,GBIF
Desmia ufeus,GBIF
Destutia excelsa,GBIF
Destutia flumenata,GBIF
Destutia oblentaria,GBIF
Deuterollyta majuscula,GBIF
Deuterophysa fernaldi,GBIF
Diachorisia velatella,GBIF
Diacme mopsalis,GBIF
Diacme phyllisalis,GBIF
Diadasia afflictula,GBIF
Diadasia angusticeps,GBIF
Diadasia australis,GBIF
Diadasia bituberculata,GBIF
Diadasia consociata,GBIF
Diadasia diminuta,GBIF
Diadasia enavata,GBIF
Diadasia laticauda,GBIF
Diadasia lutzi,GBIF
Diadasia martialis,GBIF
Diadasia megamorpha,GBIF
Diadasia nigrifrons,GBIF
Diadasia nitidifrons,GBIF
Diadasia ochracea,GBIF
Diadasia olivacea,GBIF
Diadasia opuntiae,GBIF
Diadasia palmarum,GBIF
Diadasia rinconis,GBIF
Diadasia sphaeralcearum,GBIF
Diadasia tropicalis,GBIF
Diadasia tuberculifrons,GBIF
Diadasia vallicola,GBIF
Dianthidium arizonicum,GBIF
Dianthidium concinnum,GBIF
Dianthidium cressonii,GBIF
Dianthidium curvatum,GBIF
Dianthidium desertorum,GBIF
Dianthidium discors,GBIF
Dianthidium dubium,GBIF
Dianthidium floridiense,GBIF
Dianthidium heterulkei,GBIF
Dianthidium implicatum,GBIF
Dianthidium marshi,GBIF
Dianthidium parkeri,GBIF
Dianthidium parvum,GBIF
Dianthidium platyurum,GBIF
Dianthidium plenum,GBIF
Dianthidium pudicum,GBIF
Dianthidium singulare,GBIF
Dianthidium subparvum,GBIF
Dianthidium subrufulum,GBIF
Dianthidium texanum,GBIF
Dianthidium ulkei,GBIF
Diaphania costata,GBIF
Diaphania elegans,GBIF
Diaphania hyalinata,GBIF
Diaphania indica,GBIF
Diaphania modialis,GBIF
Diaphantania impulsalis,GBIF
Diarsia calgary,GBIF
Diarsia dislocata,GBIF
Diarsia esurialis,GBIF
Diarsia jucunda,GBIF
Diasemiodes janassialis,GBIF
Diasemiodes nigralis,GBIF
Diasemiopsis ramburialis,GBIF
Diastema cnossia,GBIF
Diastema gnossia,GBIF
Diastema leo,GBIF
Diastema tigris,GBIF
Diastictis albovittalis,GBIF
Diastictis argyralis,GBIF
Diastictis caecalis,GBIF
Diastictis fracturalis,GBIF
Diastictis pseudargyralis,GBIF
Diastictis robustior,GBIF
Diastictis sperryorum,GBIF
Diastictis ventralis,GBIF
Diataga leptosceles,GBIF
Diathrausta harlequinalis,GBIF
Diathrausta reconditalis,GBIF
Diatraea crambidoides,GBIF
Diatraea evanescens,GBIF
Diatraea grandiosella,GBIF
Diatraea lisetta,GBIF
Diatraea mitteri,GBIF
Diatraea saccharalis,GBIF
Diatraea venosalis,GBIF
Dichagyris acclivis,GBIF
Dichagyris arabella,GBIF
Dichagyris broui,GBIF
Dichagyris capota,GBIF
Dichagyris cataclivis,GBIF
Dichagyris dubitata,GBIF
Dichagyris grandipennis,GBIF
Dichagyris grotei,GBIF
Dichagyris kyune,GBIF
Dichagyris larga,GBIF
Dichagyris longidens,GBIF
Dichagyris madida,GBIF
Dichagyris mizteca,GBIF
Dichagyris neoclivis,GBIF
Dichagyris polycala,GBIF
Dichagyris proclivis,GBIF
Dichagyris reliqua,GBIF
Dichagyris ruckesi,GBIF
Dichagyris salina,GBIF
Dichagyris socorro,GBIF
Dichagyris triphaenoides,GBIF
Dichagyris variabilis,GBIF
Dichogama amabilis,GBIF
Dichogama gudmanni,GBIF
Dichogama redtenbacheri,GBIF
Dichomeris acuminatus,GBIF
Dichomeris aglaia,GBIF
Dichomeris aleatrix,GBIF
Dichomeris ardelia,GBIF
Dichomeris barnesiella,GBIF
Dichomeris baxa,GBIF
Dichomeris blanchardorum,GBIF
Dichomeris bolize,GBIF
Dichomeris citrifoliella,GBIF
Dichomeris costarufoella,GBIF
Dichomeris delotella,GBIF
Dichomeris diva,GBIF
Dichomeris fistuca,GBIF
Dichomeris furia,GBIF
Dichomeris gleba,GBIF
Dichomeris glenni,GBIF
Dichomeris gnoma,GBIF
Dichomeris heriguronis,GBIF
Dichomeris hirculella,GBIF
Dichomeris imitata,GBIF
Dichomeris isa,GBIF
Dichomeris kimballi,GBIF
Dichomeris laetitia,GBIF
Dichomeris mimesis,GBIF
Dichomeris mulsa,GBIF
Dichomeris nenia,GBIF
Dichomeris offula,GBIF
Dichomeris pelta,GBIF
Dichomeris punctidiscellus,GBIF
Dichomeris punctipennella,GBIF
Dichomeris purpureofusca,GBIF
Dichomeris santarosensis,GBIF
Dichomeris scrutaria,GBIF
Dichomeris serrativittella,GBIF
Dichomeris simpliciella,GBIF
Dichomeris siren,GBIF
Dichomeris ventrellus,GBIF
Dichomeris vindex,GBIF
Dichomeris xanthoa,GBIF
Dichorda consequaria,GBIF
Dichorda illustraria,GBIF
Dichorda rectaria,GBIF
Dichordophora phoenix,GBIF
Dichozoma parvipicta,GBIF
Dichrorampha acuminatana,GBIF
Dichrorampha aeratana,GBIF
Dichrorampha banana,GBIF
Dichrorampha broui,GBIF
Dichrorampha caribe,GBIF
Dichrorampha flavidorsana,GBIF
Dichrorampha flinti,GBIF
Dichrorampha incanana,GBIF
Dichrorampha petiverella,GBIF
Dichrorampha piperana,GBIF
Dichrorampha radicicolana,GBIF
Dichrorampha sapodilla,GBIF
Dichrorampha simulana,GBIF
Dichrorampha vancouverana,GBIF
Dicogaster coronada,GBIF
Dicymolomia grisea,GBIF
Dicymolomia metalliferalis,GBIF
Dicymolomia metalophota,GBIF
Dicymolomia micropunctalis,GBIF
Dicymolomia opuntialis,GBIF
Didasys belae,GBIF
Didugua argentilinea,GBIF
Diedra cockerellana,GBIF
Diedra intermontana,GBIF
Diedra wielgusi,GBIF
Dieunomia apacha,GBIF
Dieunomia bolliana,GBIF
Dieunomia micheneri,GBIF
Dieunomia nevadensis,GBIF
Dieunomia xerophila,GBIF
Digrammia aliciata,GBIF
Digrammia atrofasciata,GBIF
Digrammia burneyata,GBIF
Digrammia californiaria,GBIF
Digrammia cinereola,GBIF
Digrammia colorata,GBIF
Digrammia continuata,GBIF
Digrammia curvata,GBIF
Digrammia decorata,GBIF
Digrammia delectata,GBIF
Digrammia denticulata,GBIF
Digrammia equivocata,GBIF
Digrammia eremiata,GBIF
Digrammia excurvata,GBIF
Digrammia extenuata,GBIF
Digrammia fieldi,GBIF
Digrammia flaviterminata,GBIF
Digrammia gilletteata,GBIF
Digrammia gnophosaria,GBIF
Digrammia hypaethrata,GBIF
Digrammia imparilata,GBIF
Digrammia indeterminata,GBIF
Digrammia irrorata,GBIF
Digrammia maricopa,GBIF
Digrammia mellistrigata,GBIF
Digrammia minuta,GBIF
Digrammia modocata,GBIF
Digrammia muscariata,GBIF
Digrammia napensis,GBIF
Digrammia neptaria,GBIF
Digrammia nigricomma,GBIF
Digrammia nubiculata,GBIF
Digrammia ocellinata,GBIF
Digrammia ordinata,GBIF
Digrammia pallidata,GBIF
Digrammia pallorata,GBIF
Digrammia pertinata,GBIF
Digrammia pervolata,GBIF
Digrammia pictipennata,GBIF
Digrammia plemmelata,GBIF
Digrammia puertata,GBIF
Digrammia respersata,GBIF
Digrammia rippertaria,GBIF
Digrammia setonana,GBIF
Digrammia sublacteolata,GBIF
Digrammia subminiata,GBIF
Digrammia terramalata,GBIF
Digrammia triviata,GBIF
Digrammia ubiquitata,GBIF
Digrammia yavapai,GBIF
Dinumma deponens,GBIF
Diomedea antipodensis,eBird
Dion meda,GBIF
Dione juno,GBIF
Dione moneta,GBIF
Dione vanillae,GBIF
Diopsittaca nobilis,eBird
Dioryctria albovittella,GBIF
Dioryctria auranticella,GBIF
Dioryctria banksiella,GBIF
Dioryctria baumhoferi,GBIF
Dioryctria caesirufella,GBIF
Dioryctria cambiicola,GBIF
Dioryctria durangoensis,GBIF
Dioryctria erythropasa,GBIF
Dioryctria fordi,GBIF
Dioryctria gulosella,GBIF
Dioryctria hodgesi,GBIF
Dioryctria okanaganella,GBIF
Dioryctria pentictonella,GBIF
Dioryctria ponderosae,GBIF
Dioryctria pseudotsugella,GBIF
Dioryctria rossi,GBIF
Dioryctria subtracta,GBIF
Dioryctria taedivorella,GBIF
Dioryctria tumicolella,GBIF
Dioryctria westerlandi,GBIF
Dioryctria zimmermani,GBIF
Dioxys aurifuscus,GBIF
Dioxys pacificus,GBIF
Dioxys pomonae,GBIF
Dioxys productus,GBIF
Diphthera festiva,GBIF
Diplosara lignivora,GBIF
Diploschizia impigritella,GBIF
Diptychophora harlequinalis,GBIF
Disclisioprocta stellata,GBIF
Dishkeya bifurcata,GBIF
Disphragis semilunata,GBIF
Ditula angustiorana,GBIF
Diviana eudoreella,GBIF
Doa ampla,GBIF
Dolbogene hartwegii,GBIF
Doleromorpha porphyria,GBIF
Dolichomia binodulalis,GBIF
Dolichomia olinalis,GBIF
Dolichomia thymetusalis,GBIF
Dolichonyx oryzivorus,eBird
Dolocucullia dentilinea,GBIF
Dolocucullia minor,GBIF
Dolocucullia poolei,GBIF
Dolymorpha jada,GBIF
Donacaula amblyptepennis,GBIF
Donacaula aquilellus,GBIF
Donacaula longirostrallus,GBIF
Donacaula maximellus,GBIF
Donacaula melinella,GBIF
Donacaula melinellus,GBIF
Donacaula nitidellus,GBIF
Donacaula roscidellus,GBIF
Donacaula sordidellus,GBIF
Donacaula tripunctellus,GBIF
Donacaula unipunctellus,GBIF
Donacaula uxorialis,GBIF
Dorata atomophora,GBIF
Dorata inornatella,GBIF
Dorata lineata,GBIF
Dorithia semicirculana,GBIF
Dorithia trigonana,GBIF
Doryodes acta,GBIF
Doryodes bistrialis,GBIF
Doryodes broui,GBIF
Doryodes fulva,GBIF
Doryodes latistriga,GBIF
Doryodes spadaria,GBIF
Doryodes tenuistriga,GBIF
Doryodes unica,GBIF
Doxocopa laure,GBIF
Doxocopa pavon,GBIF
Doxocopa pavonii,GBIF
Drasteria biformata,GBIF
Drasteria convergens,GBIF
Drasteria divergens,GBIF
Drasteria edwardsii,GBIF
Drasteria eubapta,GBIF
Drasteria fumosa,GBIF
Drasteria howlandii,GBIF
Drasteria hudsonica,GBIF
Drasteria inepta,GBIF
Drasteria ingeniculata,GBIF
Drasteria maculosa,GBIF
Drasteria mirifica,GBIF
Drasteria nubicola,GBIF
Drasteria ochracea,GBIF
Drasteria pallescens,GBIF
Drasteria parallela,GBIF
Drasteria perplexa,GBIF
Drasteria petricola,GBIF
Drasteria pulchra,GBIF
Drasteria sabulosa,GBIF
Drasteria scrupulosa,GBIF
Drasteria stretchii,GBIF
Drasteria tejonica,GBIF
Drasteria walshi,GBIF
Drepanis coccinea,eBird
Drepanulatrix baueraria,GBIF
Drepanulatrix bifilata,GBIF
Drepanulatrix carnearia,GBIF
Drepanulatrix faeminaria,GBIF
Drepanulatrix falcataria,GBIF
Drepanulatrix hulstii,GBIF
Drepanulatrix monicaria,GBIF
Drepanulatrix nevadaria,GBIF
Drepanulatrix quadraria,GBIF
Drepanulatrix secundaria,GBIF
Drepanulatrix unicalcararia,GBIF
Dromaius novaehollandiae,eBird
Dryadaula terpsichorella,GBIF
Dryadaula visaliella,GBIF
Dryadula phaetusa,GBIF
Dryas iulia,GBIF
Dryas julia,GBIF
Dryobates nuttallii,eBird
Dryobates scalaris,eBird
Dryocopus pileatus,eBird
Dryotype opina,GBIF
Dufourea afasciata,GBIF
Dufourea australis,GBIF
Dufourea bernardina,GBIF
Dufourea brevicornis,GBIF
Dufourea calientensis,GBIF
Dufourea calochorti,GBIF
Dufourea contarovici,GBIF
Dufourea cuprea,GBIF
Dufourea dentipes,GBIF
Dufourea dilatipes,GBIF
Dufourea femorata,GBIF
Dufourea fimbriata,GBIF
Dufourea harveyi,GBIF
Dufourea holocyanea,GBIF
Dufourea leachi,GBIF
Dufourea longiceps,GBIF
Dufourea malacothricis,GBIF
Dufourea marginata,GBIF
Dufourea maura,GBIF
Dufourea mulleri,GBIF
Dufourea nemophilae,GBIF
Dufourea nudicornis,GBIF
Dufourea pectinipes,GBIF
Dufourea pulchricornis,GBIF
Dufourea rhamni,GBIF
Dufourea sandhouseae,GBIF
Dufourea scintilla,GBIF
Dufourea sparsipunctata,GBIF
Dufourea spilura,GBIF
Dufourea subdavidsoni,GBIF
Dufourea tinsleyi,GBIF
Dufourea trochantera,GBIF
Dufourea vandykei,GBIF
Dufourea vernalis,GBIF
Dufourea versatilis,GBIF
Dufourea virgata,GBIF
Duospina trichella,GBIF
Duponchelia fovealis,GBIF
Durangularia druana,GBIF
Durrantia amabilis,GBIF
Durrantia piperatella,GBIF
Dymasia dymas,GBIF
Dynamine dyonis,GBIF
Dynamine mylitta,GBIF
Dyotopasta yumaella,GBIF
Dypterygia ligata,GBIF
Dypterygia ordinarius,GBIF
Dypterygia patina,GBIF
Dypterygia rozmani,GBIF
Dysodia granulata,GBIF
Dyspyralis illocata,GBIF
Dyspyralis nigellus,GBIF
Dyspyralis ocala,GBIF
Dyspyralis puncticosta,GBIF
Dysschema howardi,GBIF
Dysschema mariamne,GBIF
Dysstroma brunneata,GBIF
Dysstroma colvillei,GBIF
Dysstroma formosa,GBIF
Dysstroma hersiliata,GBIF
Dysstroma hewlettaria,GBIF
Dysstroma mancipata,GBIF
Dysstroma ochrofuscaria,GBIF
Dysstroma pseudimmanata,GBIF
Dysstroma rutlandia,GBIF
Dysstroma sobria,GBIF
Dysstroma suspectata,GBIF
Eacles oslari,GBIF
Eana argentana,GBIF
Eana osseana,GBIF
Eccoptocera foetorivorans,GBIF
Eccritothrix guenterella,GBIF
Eccritothrix trimaculella,GBIF
Ecdytolopha coloradana,GBIF
Ecdytolopha nigrita,GBIF
Ecdytolopha occidentana,GBIF
Echelatus sempiternus,GBIF
Echinargus isola,GBIF
Eclectus polychloros,eBird
Ecliptopera atricolorata,GBIF
Ecliptopera silaceata,GBIF
Ectoedemia marmaropa,GBIF
Ectoedemia nyssaefoliella,GBIF
Ectoedemia occultella,GBIF
Ectoedemia rubifoliella,GBIF
Ectomyelois ceratoniae,GBIF
Ectopistes migratorius,eBird
Ectypia bivittata,GBIF
Ectypia clio,GBIF
Ectypia mexicana,GBIF
Edia minutissima,GBIF
Edia semiluna,GBIF
Egira baueri,GBIF
Egira cognata,GBIF
Egira crucialis,GBIF
Egira curialis,GBIF
Egira februalis,GBIF
Egira hiemalis,GBIF
Egira perlubens,GBIF
Egira rubrica,GBIF
Egira simplex,GBIF
Egira vanduzeei,GBIF
Egira variabilis,GBIF
Egretta caerulea,eBird
Egretta eulophotes,eBird
Egretta garzetta,eBird
Egretta gularis,eBird
Egretta rufescens,eBird
Egretta thula,eBird
Egretta tricolor,eBird
Eichlinia calabaza,GBIF
Eichlinia cucurbitae,GBIF
Eichlinia gloriosa,GBIF
Eichlinia grande,GBIF
Eichlinia snowii,GBIF
Eido trimaculella,GBIF
Eidophasia vanella,GBIF
Eilema tricolor,GBIF
Elachista acenteta,GBIF
Elachista albicapitella,GBIF
Elachista albidella,GBIF
Elachista angularis,GBIF
Elachista aristoteliella,GBIF
Elachista beothucella,GBIF
Elachista brachyelytrifoliella,GBIF
Elachista cana,GBIF
Elachista coniophora,GBIF
Elachista cucullata,GBIF
Elachista daeronella,GBIF
Elachista dasycara,GBIF
Elachista epimicta,GBIF
Elachista finarfinella,GBIF
Elachista freyerella,GBIF
Elachista fuliginea,GBIF
Elachista gildorella,GBIF
Elachista glenni,GBIF
Elachista griseicornis,GBIF
Elachista helodella,GBIF
Elachista herbigrada,GBIF
Elachista hololeuca,GBIF
Elachista illectella,GBIF
Elachista irrorata,GBIF
Elachista ischnella,GBIF
Elachista lamina,GBIF
Elachista leucosticta,GBIF
Elachista maculoscella,GBIF
Elachista madarella,GBIF
Elachista marachella,GBIF
Elachista maritimella,GBIF
Elachista ossuaria,GBIF
Elachista pelaena,GBIF
Elachista perniva,GBIF
Elachista pyrrha,GBIF
Elachista saccharella,GBIF
Elachista subalbidella,GBIF
Elachista symmorpha,GBIF
Elachista telcharella,GBIF
Elachista virgatula,GBIF
Elachista wieseriella,GBIF
Elaenia albiceps,eBird
Elaenia parvirostris,eBird
Elanoides forficatus,eBird
Elanus leucurus,eBird
Elaphria agrotina,GBIF
Elaphria alapallida,GBIF
Elaphria cornutinus,GBIF
Elaphria cyanympha,GBIF
Elaphria deltoides,GBIF
Elaphria devara,GBIF
Elaphria exesa,GBIF
Elaphria fuscimacula,GBIF
Elaphria georgei,GBIF
Elaphria hypophaea,GBIF
Elaphria nucicolora,GBIF
Elaphria trolia,GBIF
Elasmia cave,GBIF
Elasmia mandela,GBIF
Elasmia packardii,GBIF
Elatobia montelliella,GBIF
Electrostrymon endymion,GBIF
Elkalyce amyntula,GBIF
Elkalyce comyntas,GBIF
Elkalyce texana,GBIF
Ellabella editha,GBIF
Ellabella johnstoni,GBIF
Ellabella melanoclista,GBIF
Elophila atlantica,GBIF
Elophila ekthlipsis,GBIF
Elophila faulalis,GBIF
Elophila gyralis,GBIF
Elophila icciusalis,GBIF
Elophila nebulosalis,GBIF
Elophila obliteralis,GBIF
Elophila occidentalis,GBIF
Elophila tinealis,GBIF
Elousa albicans,GBIF
Elousa fraterna,GBIF
Elousa mima,GBIF
Elpiste marcescaria,GBIF
Elymiotis notodontoides,GBIF
Emarginea dulcinea,GBIF
Emarginea pallida,GBIF
Emarginea percara,GBIF
Emariannia cucullidea,GBIF
Emberiza aureola,eBird
Emberiza chrysophrys,eBird
Emberiza citrinella,eBird
Emberiza elegans,eBird
Emberiza leucocephalos,eBird
Emberiza pallasi,eBird
Emberiza pusilla,eBird
Emberiza rustica,eBird
Emberiza schoeniclus,eBird
Emberiza variabilis,eBird
Emblema ruficauda,eBird
Embola ionis,GBIF
Emesis ares,GBIF
Emesis emesia,GBIF
Emesis muticum,GBIF
Emesis rawsoni,GBIF
Emesis wrighti,GBIF
Emesis zela,GBIF
Empidonax affinis,eBird
Empidonax alnorum,eBird
Empidonax difficilis,eBird
Empidonax flaviventris,eBird
Empidonax fulvifrons,eBird
Empidonax hammondii,eBird
Empidonax minimus,eBird
Empidonax oberholseri,eBird
Empidonax traillii,eBird
Empidonax virescens,eBird
Empidonax wrightii,eBird
Empidonomus aurantioatrocristatus,eBird
Empidonomus varius,eBird
Empyreuma affinis,GBIF
Empyreuma pugione,GBIF
Enargia fausta,GBIF
Enarmonia formosana,GBIF
Enchoria herbicolata,GBIF
Enchoria lacteata,GBIF
Enchoria osculata,GBIF
Enchrysa dissectella,GBIF
Endothenia conditana,GBIF
Endothenia heinrichi,GBIF
Endothenia melanosticta,GBIF
Endothenia microptera,GBIF
Endothenia montanana,GBIF
Endothenia nubilana,GBIF
Endothenia quadrimaculana,GBIF
Endothenia rubipunctana,GBIF
Enigmogramma antillea,GBIF
Enigmogramma basigera,GBIF
Ennomos alniaria,GBIF
Enodia creola,GBIF
Enodia portlandia,GBIF
Entephria bradorata,GBIF
Entephria inventaraia,GBIF
Entephria lagganata,GBIF
Entephria multivagata,GBIF
Entephria polata,GBIF
Entephria separata,GBIF
Entephria takuata,GBIF
Enteucha basidactyla,GBIF
Enteucha gilvafascia,GBIF
Enyo ocypete,GBIF
Enypia coolidgi,GBIF
Enypia griseata,GBIF
Enypia packardata,GBIF
Enypia venata,GBIF
Eolophus roseicapilla,eBird
Eoparargyractis floridalis,GBIF
Eoparargyractis irroratalis,GBIF
Eoreuma callista,GBIF
Eoreuma crawfordi,GBIF
Eoreuma densellus,GBIF
Eoreuma loftini,GBIF
Eoreuma multipunctellus,GBIF
Epargyreus exadeus,GBIF
Epargyreus zestos,GBIF
Epeoloides pilosulus,GBIF
Epeolus ainsliei,GBIF
Epeolus americanus,GBIF
Epeolus andriyi,GBIF
Epeolus asperatus,GBIF
Epeolus australis,GBIF
Epeolus autumnalis,GBIF
Epeolus axillaris,GBIF
Epeolus barberiellus,GBIF
Epeolus basili,GBIF
Epeolus bifasciatus,GBIF
Epeolus brumleyi,GBIF
Epeolus canadensis,GBIF
Epeolus carolinus,GBIF
Epeolus chamaesarachae,GBIF
Epeolus compactus,GBIF
Epeolus deyrupi,GBIF
Epeolus emiliae,GBIF
Epeolus erigeronis,GBIF
Epeolus ferrarii,GBIF
Epeolus floridensis,GBIF
Epeolus glabratus,GBIF
Epeolus howardi,GBIF
Epeolus ilicis,GBIF
Epeolus inornatus,GBIF
Epeolus interruptus,GBIF
Epeolus lectoides,GBIF
Epeolus lectus,GBIF
Epeolus mesillae,GBIF
Epeolus minimus,GBIF
Epeolus nebulosus,GBIF
Epeolus novomexicanus,GBIF
Epeolus olympiellus,GBIF
Epeolus packeri,GBIF
Epeolus pusillus,GBIF
Epeolus rufulus,GBIF
Epeolus scutellaris,GBIF
Epeolus splendidus,GBIF
Epeolus tessieris,GBIF
Epeolus zonatus,GBIF
Epermenia californica,GBIF
Epermenia cicutaella,GBIF
Epermenia imperialella,GBIF
Epermenia pimpinella,GBIF
Epermenia stolidota,GBIF
Ephestia columbiella,GBIF
Ephestia elutella,GBIF
Ephestia kuehniella,GBIF
Ephestiodes erythrella,GBIF
Ephestiodes gilvescentella,GBIF
Ephestiodes griseus,GBIF
Ephestiodes infimella,GBIF
Ephestiodes mignonella,GBIF
Ephestiodes monticolus,GBIF
Ephippiorhynchus asiaticus,eBird
Ephyriades brunnea,GBIF
Ephyrodes cacata,GBIF
Epiblema abruptana,GBIF
Epiblema arizonana,GBIF
Epiblema benignatum,GBIF
Epiblema boxcana,GBIF
Epiblema brightonana,GBIF
Epiblema chromata,GBIF
Epiblema deflexana,GBIF
Epiblema deverrae,GBIF
Epiblema discretivana,GBIF
Epiblema dorsisuffusana,GBIF
Epiblema exacerbatricana,GBIF
Epiblema fulminana,GBIF
Epiblema gibsoni,GBIF
Epiblema glenni,GBIF
Epiblema grossbecki,GBIF
Epiblema infelix,GBIF
Epiblema iowana,GBIF
Epiblema luctuosissima,GBIF
Epiblema mandana,GBIF
Epiblema numerosana,GBIF
Epiblema periculosana,GBIF
Epiblema praesumptiosa,GBIF
Epiblema radicana,GBIF
Epiblema rudei,GBIF
Epiblema separationis,GBIF
Epiblema simploniana,GBIF
Epiblema sosana,GBIF
Epiblema strenuana,GBIF
Epiblema tandana,GBIF
Epiblema walsinghami,GBIF
Epicallia villica,GBIF
Epicallima argenticinctella,GBIF
Epicorsia oedipodalis,GBIF
Epidemas cinerea,GBIF
Epidemas obscura,GBIF
Epidemia dorcas,GBIF
Epidromia pannosa,GBIF
Epidromia rotundata,GBIF
Epilechia catalinella,GBIF
Epimartyria auricrinella,GBIF
Epimartyria bimaculella,GBIF
Epimartyria pardella,GBIF
Epimecis detexta,GBIF
Epimecis matronaria,GBIF
Epina alleni,GBIF
Epina dichromella,GBIF
Epinotia abbreviana,GBIF
Epinotia albangulana,GBIF
Epinotia albicapitana,GBIF
Epinotia arctostaphylana,GBIF
Epinotia bigemina,GBIF
Epinotia castaneana,GBIF
Epinotia celtisana,GBIF
Epinotia cercocarpana,GBIF
Epinotia cinereana,GBIF
Epinotia columbia,GBIF
Epinotia corylana,GBIF
Epinotia digitana,GBIF
Epinotia emarginana,GBIF
Epinotia ephemerana,GBIF
Epinotia fumoviridana,GBIF
Epinotia hopkinsana,GBIF
Epinotia huroniensis,GBIF
Epinotia infuscana,GBIF
Epinotia johnsonana,GBIF
Epinotia kasloana,GBIF
Epinotia lomonana,GBIF
Epinotia madderana,GBIF
Epinotia medioviridana,GBIF
Epinotia mercuriana,GBIF
Epinotia miscana,GBIF
Epinotia myricana,GBIF
Epinotia nanana,GBIF
Epinotia nigralbana,GBIF
Epinotia nigralbanoidana,GBIF
Epinotia nonana,GBIF
Epinotia normanana,GBIF
Epinotia pulsatillana,GBIF
Epinotia purpuriciliana,GBIF
Epinotia radicana,GBIF
Epinotia removana,GBIF
Epinotia sagittana,GBIF
Epinotia seorsa,GBIF
Epinotia signiferana,GBIF
Epinotia silvertoniensis,GBIF
Epinotia sotipena,GBIF
Epinotia subviridis,GBIF
Epinotia terracoctana,GBIF
Epinotia trigonella,GBIF
Epinotia tsugana,GBIF
Epinotia vagana,GBIF
Epinotia wrighti,GBIF
Epinotia xandana,GBIF
Epipagis adipaloides,GBIF
Epipagis disparilis,GBIF
Epipagis fenestralis,GBIF
Epipagis forsythae,GBIF
Epipagis huronalis,GBIF
Epiperola perornata,GBIF
Epiphile adrasta,GBIF
Epiphyas postvittana,GBIF
Epiplema incendiata,GBIF
Epirrhoe hastulata,GBIF
Epirrhoe medeifascia,GBIF
Epirrhoe plebeculata,GBIF
Epirrhoe sperryi,GBIF
Epirrhoe supergressa,GBIF
Epirrita undulata,GBIF
Episemasia cervinaria,GBIF
Episemasia solitaria,GBIF
Episimus augmentana,GBIF
Episimus kimballi,GBIF
Episimus lagunculariae,GBIF
Episimus transferrana,GBIF
Episimus unguiculus,GBIF
Epitausa coppryi,GBIF
Epitausa prona,GBIF
Eralea albalineella,GBIF
Erannis vancouverensis,GBIF
Erastria decrepitaria,GBIF
Erastria viridirufaria,GBIF
Erebia disa,GBIF
Erebia discoidalis,GBIF
Erebia epipsodea,GBIF
Erebia fasciata,GBIF
Erebia fletcheri,GBIF
Erebia lafontainei,GBIF
Erebia mackinleyensis,GBIF
Erebia magdalena,GBIF
Erebia occulta,GBIF
Erebia pawloskii,GBIF
Erebia pawlowskyi,GBIF
Erebia rossii,GBIF
Erebia tyndarus,GBIF
Erebia vidleri,GBIF
Erebia youngi,GBIF
Erechthias flavistriata,GBIF
Erechthias minuscula,GBIF
Erechthias pelotricha,GBIF
Erechthias simulans,GBIF
Erechthias zebrina,GBIF
Erelieva parvulella,GBIF
Eremanthe chemsaki,GBIF
Eremberga insignis,GBIF
Eremberga leuconips,GBIF
Eremobina claudens,GBIF
Eremobina leucoscelis,GBIF
Eremobina unicincta,GBIF
Eremophila alpestris,eBird
Eresia aveyrona,GBIF
Ericrocis lata,GBIF
Ericrocis pintada,GBIF
Erinnyis alope,GBIF
Erinnyis crameri,GBIF
Erinnyis lassauxi,GBIF
Erinnyis oenotrus,GBIF
Erinnyis yucatana,GBIF
Eriocraniella aurosparsella,GBIF
Eriocraniella falcata,GBIF
Eriocraniella mediabulla,GBIF
Eriocraniella platyptera,GBIF
Eriocraniella xanthocara,GBIF
Erionota thrax,GBIF
Eriopyga alamosa,GBIF
Eriopyga crista,GBIF
Eriopyga diplogramma,GBIF
Eriopyga ferricola,GBIF
Eriopyga hueco,GBIF
Eriopyga lunata,GBIF
Eriopyga parallela,GBIF
Eriopyga spinosa,GBIF
Eriopyga trifascia,GBIF
Eriplatymetra coloradaria,GBIF
Eriplatymetra grotearia,GBIF
Eriplatymetra lentifluata,GBIF
Erithacus rubecula,eBird
Erora quaderna,GBIF
Ersephila grandipennis,GBIF
Ersephila indistincta,GBIF
Erynnis afranius,GBIF
Erynnis funeralis,GBIF
Erynnis meridianus,GBIF
Erynnis pacuvius,GBIF
Erynnis propertius,GBIF
Erynnis scudderi,GBIF
Erynnis telemachus,GBIF
Erynnis tristis,GBIF
Escaria clauda,GBIF
Escaria homogena,GBIF
Esperia sulphurella,GBIF
Estigmene albida,GBIF
Estrilda astrild,eBird
Estrilda melpoda,eBird
Estrilda rhodopyga,eBird
Estrilda troglodytes,eBird
Etainia ochrefasciella,GBIF
Etainia sericopeza,GBIF
Eteobalea sexnotella,GBIF
Ethelgoda texanana,GBIF
Ethmia albicostella,GBIF
Ethmia albistrigella,GBIF
Ethmia angustalatella,GBIF
Ethmia apicipunctella,GBIF
Ethmia arctostaphylella,GBIF
Ethmia bipunctella,GBIF
Ethmia bittenella,GBIF
Ethmia brevistriga,GBIF
Ethmia confusella,GBIF
Ethmia coquillettella,GBIF
Ethmia davisella,GBIF
Ethmia delliella,GBIF
Ethmia discostrigella,GBIF
Ethmia epileuca,GBIF
Ethmia hagenella,GBIF
Ethmia hodgesella,GBIF
Ethmia lassenella,GBIF
Ethmia longimaculella,GBIF
Ethmia macelhosiella,GBIF
Ethmia macneilli,GBIF
Ethmia marmorea,GBIF
Ethmia mimihagenella,GBIF
Ethmia mirusella,GBIF
Ethmia monachella,GBIF
Ethmia monticola,GBIF
Ethmia nadia,GBIF
Ethmia nigroapicella,GBIF
Ethmia plagiobothrae,GBIF
Ethmia prattiella,GBIF
Ethmia semilugens,GBIF
Ethmia semiombra,GBIF
Ethmia semitenebrella,GBIF
Ethmia sphenisca,GBIF
Ethmia submissa,GBIF
Ethmia timberlakei,GBIF
Ethmia trifurcella,GBIF
Ethmia umbrimarginella,GBIF
Ethmia zelleriella,GBIF
Euacidalia brownsvillea,GBIF
Euacidalia quakerata,GBIF
Euacidalia sericearia,GBIF
Euamiana contrasta,GBIF
Euamiana dissimilis,GBIF
Euamiana endopolia,GBIF
Euaontia clarki,GBIF
Euaontia semirufa,GBIF
Euaspilates spinataria,GBIF
Eubaphe helveta,GBIF
Eubaphe meridiana,GBIF
Eubaphe unicolor,GBIF
Eubarnesia ritaria,GBIF
Eublemma accedens,GBIF
Eublemma anachoresis,GBIF
Eublemma cinnamomea,GBIF
Eublemma minima,GBIF
Eublemma recta,GBIF
Eubolina impartialis,GBIF
Eucalantica polita,GBIF
Eucaterva bonniwelli,GBIF
Eucaterva variaria,GBIF
Eucera,GBIF
Eucera acerba,GBIF
Eucera actuosa,GBIF
Eucera albescens,GBIF
Eucera amsinckiae,GBIF
Eucera angustifrons,GBIF
Eucera angustior,GBIF
Eucera aragalli,GBIF
Eucera atriventris,GBIF
Eucera chrysobotryae,GBIF
Eucera conformis,GBIF
Eucera cordleyi,GBIF
Eucera delphinii,GBIF
Eucera dorsata,GBIF
Eucera douglasiana,GBIF
Eucera dubitata,GBIF
Eucera edwardsii,GBIF
Eucera frater,GBIF
Eucera fulvitarsis,GBIF
Eucera fulvohirta,GBIF
Eucera hamata,GBIF
Eucera hurdi,GBIF
Eucera kansensis,GBIF
Eucera lepida,GBIF
Eucera lunata,GBIF
Eucera lutziana,GBIF
Eucera lycii,GBIF
Eucera mohavensis,GBIF
Eucera pallidihirta,GBIF
Eucera phaceliae,GBIF
Eucera primiveris,GBIF
Eucera quadricincta,GBIF
Eucera rosae,GBIF
Eucera speciosa,GBIF
Eucera stretchii,GBIF
Eucera territella,GBIF
Eucera tricinctella,GBIF
Eucera virgata,GBIF
Euceratia castella,GBIF
Euceratia securella,GBIF
Eucereon carolina,GBIF
Euchaetes antica,GBIF
Euchaetes bolteri,GBIF
Euchaetes castalla,GBIF
Euchaetes elegans,GBIF
Euchaetes expressa,GBIF
Euchaetes fusca,GBIF
Euchaetes gigantea,GBIF
Euchaetes helena,GBIF
Euchaetes nancyae,GBIF
Euchaetes perlevis,GBIF
Euchaetes polingi,GBIF
Euchaetes zella,GBIF
Euchalcia albavitta,GBIF
Euchlaena amoenaria,GBIF
Euchlaena deplanaria,GBIF
Euchlaena marginaria,GBIF
Euchlaena milnei,GBIF
Euchlaena mollisaria,GBIF
Euchloe ausonides,GBIF
Euchloe creusa,GBIF
Euchloe hyantis,GBIF
Euchloe lotta,GBIF
Euchloe olympia,GBIF
Euchromius ocellea,GBIF
Euclea incisa,GBIF
Euclea nanina,GBIF
Euclea obliqua,GBIF
Euclemensia bassettella,GBIF
Euclemensia schwarziella,GBIF
Euclidia ardita,GBIF
Euclystis deterrima,GBIF
Euclystis guerini,GBIF
Euclystis sytis,GBIF
Eucoloneura fragilis,GBIF
Eucopina bobana,GBIF
Eucopina cocana,GBIF
Eucopina crymalana,GBIF
Eucopina franclemonti,GBIF
Eucopina gloriola,GBIF
Eucopina monitorana,GBIF
Eucopina ponderosa,GBIF
Eucopina rescissoriana,GBIF
Eucopina siskiyouana,GBIF
Eucopina sonomana,GBIF
Eucopina tocullionana,GBIF
Eucoptocnemis dapsilis,GBIF
Eucoptocnemis dollii,GBIF
Eucoptocnemis fimbriaris,GBIF
Eucoptocnemis rufula,GBIF
Eucosma alabamae,GBIF
Eucosma alatana,GBIF
Eucosma albertana,GBIF
Eucosma albidulana,GBIF
Eucosma ambodaidaleia,GBIF
Eucosma amphorana,GBIF
Eucosma annetteana,GBIF
Eucosma apacheana,GBIF
Eucosma argutipunctana,GBIF
Eucosma artemisiana,GBIF
Eucosma autumnana,GBIF
Eucosma awemeana,GBIF
Eucosma benjamini,GBIF
Eucosma bilineana,GBIF
Eucosma bipunctella,GBIF
Eucosma browni,GBIF
Eucosma bucephaloides,GBIF
Eucosma canusana,GBIF
Eucosma cibolana,GBIF
Eucosma circulana,GBIF
Eucosma citricolorana,GBIF
Eucosma clavana,GBIF
Eucosma clementeana,GBIF
Eucosma columbiana,GBIF
Eucosma convergana,GBIF
Eucosma corculana,GBIF
Eucosma crassana,GBIF
Eucosma cruentana,GBIF
Eucosma decempunctana,GBIF
Eucosma donahuei,GBIF
Eucosma dorsiatomana,GBIF
Eucosma elongana,GBIF
Eucosma essexana,GBIF
Eucosma ferruginana,GBIF
Eucosma fertoriana,GBIF
Eucosma festivana,GBIF
Eucosma floridana,GBIF
Eucosma formosana,GBIF
Eucosma fulvofasciata,GBIF
Eucosma fulvotegulana,GBIF
Eucosma gemellana,GBIF
Eucosma giganteana,GBIF
Eucosma glomerana,GBIF
Eucosma goblinana,GBIF
Eucosma gomonana,GBIF
Eucosma granulatana,GBIF
Eucosma grindeliana,GBIF
Eucosma griseocapitana,GBIF
Eucosma gypsatana,GBIF
Eucosma haydenae,GBIF
Eucosma hodgesi,GBIF
Eucosma implicata,GBIF
Eucosma indagatricana,GBIF
Eucosma infimbriana,GBIF
Eucosma influana,GBIF
Eucosma insignata,GBIF
Eucosma kiscana,GBIF
Eucosma knudsoni,GBIF
Eucosma kokana,GBIF
Eucosma labiata,GBIF
Eucosma linitipunctana,GBIF
Eucosma litorea,GBIF
Eucosma mayelisana,GBIF
Eucosma migratana,GBIF
Eucosma millerana,GBIF
Eucosma minimana,GBIF
Eucosma misturana,GBIF
Eucosma modicellana,GBIF
Eucosma monogrammana,GBIF
Eucosma montanana,GBIF
Eucosma mormonensis,GBIF
Eucosma nepotinana,GBIF
Eucosma occidentalis,GBIF
Eucosma ochrocephala,GBIF
Eucosma octopunctana,GBIF
Eucosma offectalis,GBIF
Eucosma olivaceana,GBIF
Eucosma oregonensis,GBIF
Eucosma ornatula,GBIF
Eucosma pallidarcis,GBIF
Eucosma pallidicostana,GBIF
Eucosma paragemellana,GBIF
Eucosma paregoria,GBIF
Eucosma parmatana,GBIF
Eucosma parvana,GBIF
Eucosma parvula,GBIF
Eucosma pastigiata,GBIF
Eucosma patagoniana,GBIF
Eucosma pecosana,GBIF
Eucosma perangustana,GBIF
Eucosma radiatana,GBIF
Eucosma raracana,GBIF
Eucosma rupestrana,GBIF
Eucosma rusticana,GBIF
Eucosma salidana,GBIF
Eucosma salmicolorana,GBIF
Eucosma scalana,GBIF
Eucosma segregata,GBIF
Eucosma setonana,GBIF
Eucosma sierrae,GBIF
Eucosma spectana,GBIF
Eucosma spiculana,GBIF
Eucosma stramineana,GBIF
Eucosma striatana,GBIF
Eucosma subminimana,GBIF
Eucosma tarandana,GBIF
Eucosma tenuiana,GBIF
Eucosma tomonana,GBIF
Eucosma transversa,GBIF
Eucosma umbrastriana,GBIF
Eucosma verna,GBIF
Eucosma viridis,GBIF
Eucosma youngi,GBIF
Eucosmomorpha nearctica,GBIF
Eucosmophora manilkarae,GBIF
Eucosmophora pithecellobiae,GBIF
Eucosmophora sideroxylonella,GBIF
Eudactylota barberella,GBIF
Eudactylota iobapta,GBIF
Eudarcia eunitariaeella,GBIF
Eudarcia simulatricella,GBIF
Eudemis porphyrana,GBIF
Eudesmia arida,GBIF
Eudesmia menea,GBIF
Eudocima apta,GBIF
Eudocima materna,GBIF
Eudocima phalonia,GBIF
Eudocima serpentifera,GBIF
Eudocima tyrannus,GBIF
Eudocimus albus,eBird
Eudocimus ruber,eBird
Eudonia alpina,GBIF
Eudonia bucolica,GBIF
Eudonia commortalis,GBIF
Eudonia dactyliopa,GBIF
Eudonia echo,GBIF
Eudonia epimystis,GBIF
Eudonia expallidalis,GBIF
Eudonia franciscalis,GBIF
Eudonia geraea,GBIF
Eudonia heterosalis,GBIF
Eudonia leucophthalma,GBIF
Eudonia loxocentra,GBIF
Eudonia lugubralis,GBIF
Eudonia meristis,GBIF
Eudonia mesoleuca,GBIF
Eudonia ombrodes,GBIF
Eudonia orthoria,GBIF
Eudonia pachysema,GBIF
Eudonia rectilinea,GBIF
Eudonia spaldingalis,GBIF
Eudonia spenceri,GBIF
Eudonia strigalis,GBIF
Eudonia tetranesa,GBIF
Eudonia torniplagalis,GBIF
Eudonia venosa,GBIF
Eudonia vivida,GBIF
Eudrepanulatrix rectifascia,GBIF
Eudromias morinellus,eBird
Eudryas brevipennis,GBIF
Eueana niveociliaria,GBIF
Eueides isabella,GBIF
Eueretagrotis sigmoides,GBIF
Euerythra phasma,GBIF
Euerythra trimaculata,GBIF
Eufernaldia cadarellus,GBIF
Eugenes fulgens,eBird
Euglossa dilemma,GBIF
Eugnosta beevorana,GBIF
Eugnosta bimaculana,GBIF
Eugnosta brownana,GBIF
Eugnosta busckana,GBIF
Eugnosta deceptana,GBIF
Eugnosta erigeronana,GBIF
Eugnosta mexicana,GBIF
Eugnosta pallidana,GBIF
Eugnosta sartana,GBIF
Eugnosta willettana,GBIF
Euhagena emphytiformis,GBIF
Euhagena nebraskae,GBIF
Euhyparpax rosea,GBIF
Euhyponomeutoides gracilariella,GBIF
Euhyposmocoma ekaha,GBIF
Eulepidotis addens,GBIF
Eulepidotis dominicata,GBIF
Eulepidotis electa,GBIF
Eulepidotis micca,GBIF
Eulepidotis persimilis,GBIF
Eulepidotis rectimargo,GBIF
Eulepidotis striaepuncta,GBIF
Eulepte anticostalis,GBIF
Eulithis luteolata,GBIF
Eulithis serrataria,GBIF
Eulithosia composita,GBIF
Eulithosia papago,GBIF
Eulonchopria punctatissima,GBIF
Eumacaria madopata,GBIF
Eumacrodes yponomeutaria,GBIF
Eumaeus atala,GBIF
Eumenodora tetrachorda,GBIF
Eumorpha elisa,GBIF
Eumorpha fasciatus,GBIF
Eumorpha intermedia,GBIF
Eumorpha typhon,GBIF
Eumysia maidella,GBIF
Eumysia pallidipennella,GBIF
Eunica monima,GBIF
Eunica tatila,GBIF
Euodice cantans,eBird
Euodice malabarica,eBird
Eupackardia calleta,GBIF
Euphagus carolinus,eBird
Euphagus cyanocephalus,eBird
Euphilotes allyni,GBIF
Euphilotes battoides,GBIF
Euphilotes baueri,GBIF
Euphilotes ellisii,GBIF
Euphilotes enoptes,GBIF
Euphilotes mojave,GBIF
Euphilotes rita,GBIF
Euphilotes spaldingi,GBIF
Euphilotes speciosa,GBIF
Euphilotes stanfordorum,GBIF
Euphyes arpa,GBIF
Euphyes bayensis,GBIF
Euphyes berryi,GBIF
Euphyes pilatka,GBIF
Euphyia implicata,GBIF
Euphyia intermediata,GBIF
Euphyia swetti,GBIF
Eupinivora ponderosae,GBIF
Eupithecia acutipennis,GBIF
Eupithecia adequata,GBIF
Eupithecia affinata,GBIF
Eupithecia agnesata,GBIF
Eupithecia albimontanata,GBIF
Eupithecia alpinata,GBIF
Eupithecia ammonata,GBIF
Eupithecia antaria,GBIF
Eupithecia appendiculata,GBIF
Eupithecia assimilata,GBIF
Eupithecia behrensata,GBIF
Eupithecia biedermanata,GBIF
Eupithecia bivittata,GBIF
Eupithecia bolterii,GBIF
Eupithecia borealis,GBIF
Eupithecia bowmani,GBIF
Eupithecia broui,GBIF
Eupithecia bryanti,GBIF
Eupithecia carneata,GBIF
Eupithecia casloata,GBIF
Eupithecia castellata,GBIF
Eupithecia catalinata,GBIF
Eupithecia cestata,GBIF
Eupithecia cestatoides,GBIF
Eupithecia classicata,GBIF
Eupithecia cognizata,GBIF
Eupithecia coloradensis,GBIF
Eupithecia columbrata,GBIF
Eupithecia cupressata,GBIF
Eupithecia deserticola,GBIF
Eupithecia edna,GBIF
Eupithecia flavigutta,GBIF
Eupithecia fredericki,GBIF
Eupithecia gilata,GBIF
Eupithecia gilvipennata,GBIF
Eupithecia graefii,GBIF
Eupithecia helena,GBIF
Eupithecia hohokamae,GBIF
Eupithecia huachuca,GBIF
Eupithecia implorata,GBIF
Eupithecia indistincta,GBIF
Eupithecia infelix,GBIF
Eupithecia insolabilis,GBIF
Eupithecia jamesi,GBIF
Eupithecia jejunata,GBIF
Eupithecia johnstoni,GBIF
Eupithecia karenae,GBIF
Eupithecia lachrymosa,GBIF
Eupithecia lafontaineata,GBIF
Eupithecia longidens,GBIF
Eupithecia longipalpata,GBIF
Eupithecia macdunnoughi,GBIF
Eupithecia maestosa,GBIF
Eupithecia matheri,GBIF
Eupithecia microleuca,GBIF
Eupithecia misturata,GBIF
Eupithecia mollita,GBIF
Eupithecia monacheata,GBIF
Eupithecia monticolens,GBIF
Eupithecia multiscripta,GBIF
Eupithecia multistrigata,GBIF
Eupithecia mystiata,GBIF
Eupithecia nabokovi,GBIF
Eupithecia neomexicana,GBIF
Eupithecia nevadata,GBIF
Eupithecia nimbosa,GBIF
Eupithecia niphadophilata,GBIF
Eupithecia niveifascia,GBIF
Eupithecia nonanticaria,GBIF
Eupithecia olivacea,GBIF
Eupithecia oppidana,GBIF
Eupithecia orichloris,GBIF
Eupithecia ornata,GBIF
Eupithecia owenata,GBIF
Eupithecia peckorum,GBIF
Eupithecia persimulata,GBIF
Eupithecia pinata,GBIF
Eupithecia placidata,GBIF
Eupithecia prostrata,GBIF
Eupithecia pseudotsugata,GBIF
Eupithecia purpurissata,GBIF
Eupithecia quakerata,GBIF
Eupithecia ravocestaliata,GBIF
Eupithecia regina,GBIF
Eupithecia remissata,GBIF
Eupithecia rhodopyra,GBIF
Eupithecia rindgei,GBIF
Eupithecia rotundopuncta,GBIF
Eupithecia sabulosata,GBIF
Eupithecia scabrogata,GBIF
Eupithecia scoriodes,GBIF
Eupithecia segregata,GBIF
Eupithecia sharronata,GBIF
Eupithecia shirleyata,GBIF
Eupithecia sierrae,GBIF
Eupithecia sonora,GBIF
Eupithecia spermaphaga,GBIF
Eupithecia staurophragma,GBIF
Eupithecia stellata,GBIF
Eupithecia subapicata,GBIF
Eupithecia subcolorata,GBIF
Eupithecia subvirens,GBIF
Eupithecia succenturiata,GBIF
Eupithecia tenuata,GBIF
Eupithecia tricolorata,GBIF
Eupithecia uinta,GBIF
Eupithecia unicolor,GBIF
Eupithecia unitaria,GBIF
Eupithecia zelmira,GBIF
Eupithecia zygadeniata,GBIF
Euplectes afer,eBird
Euplectes albonotatus,eBird
Euplectes ardens,eBird
Euplectes franciscanus,eBird
Euplectes hordeaceus,eBird
Euplectes nigroventris,eBird
Euplectes orix,eBird
Euplexia triplaga,GBIF
Eupragia hospita,GBIF
Euprora argentilineella,GBIF
Euproserpinus euterpe,GBIF
Euproserpinus phaeton,GBIF
Euproserpinus wiesti,GBIF
Eupseudomorpha brillians,GBIF
Eupseudosoma involuta,GBIF
Eupsilia fringata,GBIF
Eupsilia schweitzeri,GBIF
Eupsittula aurea,eBird
Eupsittula canicularis,eBird
Eupsittula nana,eBird
Euptilotis neoxenus,eBird
Euptoieta hegesia,GBIF
Euptoieta hortensia,GBIF
Euptychia cornelius,GBIF
Euptychia cymela,GBIF
Euptychia dorothea,GBIF
Euptychia dospassosi,GBIF
Euptychia henshawi,GBIF
Euptychia maniola,GBIF
Euptychia phocion,GBIF
Euptychia pyracmon,GBIF
Euptychia rubricata,GBIF
Eupyrrhoglossum sagra,GBIF
Eurema boisduvaliana,GBIF
Eurema daira,GBIF
Eurema lisa,GBIF
Eurema mexicana,GBIF
Eurema salome,GBIF
Eurhinosea flavaria,GBIF
Eurois nigra,GBIF
Euros cervina,GBIF
Euros osticollis,GBIF
Euros proprius,GBIF
Eurrhyparodes lygdamis,GBIF
Eurrhyparodes splendens,GBIF
Eurythmia angulella,GBIF
Eurythmia hospitella,GBIF
Eurythmia yavapaella,GBIF
Eurythmidia ignidorsella,GBIF
Eurytides phaon,GBIF
Eusarca falcata,GBIF
Eusarca fundaria,GBIF
Eusarca galbanaria,GBIF
Eusarca geniculata,GBIF
Eusarca lutzi,GBIF
Eusarca packardaria,GBIF
Eusarca subflavaria,GBIF
Eusarca terraria,GBIF
Eusarca tibiaria,GBIF
Eusarca venosaria,GBIF
Eusceptis flavifrimbriata,GBIF
Euscirrhopterus cosyra,GBIF
Euscirrhopterus gloveri,GBIF
Euscirrhopterus poeyi,GBIF
Eustixia pupula,GBIF
Eustroma atrifasciata,GBIF
Eustroma fasciata,GBIF
Eustroma semiatrata,GBIF
Eutelia furcata,GBIF
Eutelia pulcherrimus,GBIF
Euthlypis lachrymosa,eBird
Euthyatira lorata,GBIF
Euthyatira semicircularis,GBIF
Eutrepsia inconstans,GBIF
Euxoa aberrans,GBIF
Euxoa adumbrata,GBIF
Euxoa aequalis,GBIF
Euxoa agema,GBIF
Euxoa albipennis,GBIF
Euxoa altens,GBIF
Euxoa annulipes,GBIF
Euxoa antica,GBIF
Euxoa atomaris,GBIF
Euxoa atristrigata,GBIF
Euxoa aurantiaca,GBIF
Euxoa auripennis,GBIF
Euxoa aurulenta,GBIF
Euxoa austrina,GBIF
Euxoa auxiliaris,GBIF
Euxoa axiliodes,GBIF
Euxoa basalis,GBIF
Euxoa bicollaris,GBIF
Euxoa bifasciata,GBIF
Euxoa biformata,GBIF
Euxoa bochus,GBIF
Euxoa bostoniensis,GBIF
Euxoa brevipennis,GBIF
Euxoa brunneigera,GBIF
Euxoa camalpa,GBIF
Euxoa campestris,GBIF
Euxoa cana,GBIF
Euxoa castanea,GBIF
Euxoa catenula,GBIF
Euxoa choris,GBIF
Euxoa churchillensis,GBIF
Euxoa cicatricosa,GBIF
Euxoa cincta,GBIF
Euxoa cinereopallidus,GBIF
Euxoa citricolor,GBIF
Euxoa clausa,GBIF
Euxoa comosa,GBIF
Euxoa cona,GBIF
Euxoa conjuncta,GBIF
Euxoa costata,GBIF
Euxoa cryptica,GBIF
Euxoa cursoria,GBIF
Euxoa dargo,GBIF
Euxoa difformis,GBIF
Euxoa divergens,GBIF
Euxoa dodi,GBIF
Euxoa edictalis,GBIF
Euxoa excogita,GBIF
Euxoa extranea,GBIF
Euxoa faulkneri,GBIF
Euxoa flavicollis,GBIF
Euxoa flavidens,GBIF
Euxoa foeminalis,GBIF
Euxoa franclemonti,GBIF
Euxoa fumalis,GBIF
Euxoa furtiva,GBIF
Euxoa fuscigera,GBIF
Euxoa hardwicki,GBIF
Euxoa henrietta,GBIF
Euxoa hollemani,GBIF
Euxoa idahoensis,GBIF
Euxoa immixta,GBIF
Euxoa inconcinna,GBIF
Euxoa infausta,GBIF
Euxoa infracta,GBIF
Euxoa inscripta,GBIF
Euxoa intermontana,GBIF
Euxoa intrita,GBIF
Euxoa laetificans,GBIF
Euxoa lafontainei,GBIF
Euxoa latro,GBIF
Euxoa lewisi,GBIF
Euxoa lidia,GBIF
Euxoa lillooet,GBIF
Euxoa lineifrons,GBIF
Euxoa lucida,GBIF
Euxoa luctuosa,GBIF
Euxoa macleani,GBIF
Euxoa maimes,GBIF
Euxoa manitobana,GBIF
Euxoa medialis,GBIF
Euxoa melana,GBIF
Euxoa melura,GBIF
Euxoa mimallonis,GBIF
Euxoa misturata,GBIF
Euxoa mitis,GBIF
Euxoa moerens,GBIF
Euxoa montana,GBIF
Euxoa munis,GBIF
Euxoa murdocki,GBIF
Euxoa nevada,GBIF
Euxoa niveilinea,GBIF
Euxoa nostra,GBIF
Euxoa obeliscoides,GBIF
Euxoa oberfoelli,GBIF
Euxoa oblongistigma,GBIF
Euxoa occidentalis,GBIF
Euxoa ochrogaster,GBIF
Euxoa olivalis,GBIF
Euxoa olivia,GBIF
Euxoa pallidimacula,GBIF
Euxoa pallipennis,GBIF
Euxoa perexcellens,GBIF
Euxoa permixta,GBIF
Euxoa perolivalis,GBIF
Euxoa perpolita,GBIF
Euxoa pestula,GBIF
Euxoa pimensis,GBIF
Euxoa plagigera,GBIF
Euxoa pleuritica,GBIF
Euxoa pluralis,GBIF
Euxoa punctigera,GBIF
Euxoa quadridentata,GBIF
Euxoa quebecensis,GBIF
Euxoa recula,GBIF
Euxoa ridingsiana,GBIF
Euxoa rockburnei,GBIF
Euxoa rufula,GBIF
Euxoa satiens,GBIF
Euxoa satis,GBIF
Euxoa scholastica,GBIF
Euxoa scotogrammoides,GBIF
Euxoa sculptilis,GBIF
Euxoa selenis,GBIF
Euxoa septentrionalis,GBIF
Euxoa serotina,GBIF
Euxoa serricornis,GBIF
Euxoa servita,GBIF
Euxoa setonia,GBIF
Euxoa shasta,GBIF
Euxoa siccata,GBIF
Euxoa silens,GBIF
Euxoa simona,GBIF
Euxoa simulata,GBIF
Euxoa sinelinea,GBIF
Euxoa stigmatalis,GBIF
Euxoa stygialis,GBIF
Euxoa subandera,GBIF
Euxoa taura,GBIF
Euxoa teleboa,GBIF
Euxoa temera,GBIF
Euxoa terrealis,GBIF
Euxoa terrenus,GBIF
Euxoa tocoyae,GBIF
Euxoa trifasciata,GBIF
Euxoa tristicula,GBIF
Euxoa tronella,GBIF
Euxoa ustulata,GBIF
Euxoa vallus,GBIF
Euxoa velleripennis,GBIF
Euxoa vernalis,GBIF
Euxoa vetusta,GBIF
Euxoa violaris,GBIF
Euxoa xasta,GBIF
Euzophera habrella,GBIF
Euzophera nigricantella,GBIF
Euzophera vinnulella,GBIF
Evergestella evincalis,GBIF
Evergestis aenealis,GBIF
Evergestis angustalis,GBIF
Evergestis aridalis,GBIF
Evergestis columbialis,GBIF
Evergestis comstocki,GBIF
Evergestis eurekalis,GBIF
Evergestis extimalis,GBIF
Evergestis funalis,GBIF
Evergestis lunulalis,GBIF
Evergestis nolentis,GBIF
Evergestis obliqualis,GBIF
Evergestis obscuralis,GBIF
Evergestis pallidata,GBIF
Evergestis rimosalis,GBIF
Evergestis simulatilis,GBIF
Evergestis subterminalis,GBIF
Evergestis triangulalis,GBIF
Evergestis unimacula,GBIF
Evergestis vinctalis,GBIF
Eviridemas minuta,GBIF
Evita hyalinaria,GBIF
Exaeretia ciniflonella,GBIF
Exaeretia fulva,GBIF
Exaeretia gracilis,GBIF
Exaeretia nechlys,GBIF
Exaeretia nivalis,GBIF
Exaeretia scabella,GBIF
Exaeretia thoracefasciella,GBIF
Exaeretia umbraticostella,GBIF
Exceptia neopetrella,GBIF
Exelastis montischristi,GBIF
Exelastis pumilio,GBIF
Exelastis rhynchosiae,GBIF
Exelis ophiurus,GBIF
Exomalopsis analis,GBIF
Exomalopsis arcuata,GBIF
Exomalopsis birkmanni,GBIF
Exomalopsis dimidiata,GBIF
Exomalopsis mellipes,GBIF
Exomalopsis similis,GBIF
Exomalopsis snowi,GBIF
Exomalopsis solani,GBIF
Exomalopsis solidaginis,GBIF
Exoteleia anomala,GBIF
Exoteleia chillcotti,GBIF
Exoteleia dodecella,GBIF
Exoteleia graphicella,GBIF
Exyra fax,GBIF
Exyra ridingsii,GBIF
Exyra semicrocea,GBIF
Fabiola edithella,GBIF
Fabiola lucidella,GBIF
Fabiola quinqueferella,GBIF
Fabiola shalleriella,GBIF
Fabiola tecta,GBIF
Faculta inaequalis,GBIF
Faculta synthetica,GBIF
Faculta triangulella,GBIF
Fala ptychophora,GBIF
Falcaria bilineata,GBIF
Falco biarmicus,eBird
Falco cherrug,eBird
Falco columbarius,eBird
Falco femoralis,eBird
Falco mexicanus,eBird
Falco peregrinus,eBird
Falco rufigularis,eBird
Falco rusticolus,eBird
Falco sparverius,eBird
Falco subbuteo,eBird
Falco tinnunculus,eBird
Falco vespertinus,eBird
Fania nanus,GBIF
Fascista bimaculella,GBIF
Fascista quinella,GBIF
Faveria tritalis,GBIF
Feltia austrina,GBIF
Feltia floridensis,GBIF
Feltia geniculata,GBIF
Feltia herilis,GBIF
Feltia manifesta,GBIF
Feltia mollis,GBIF
Feltia repleta,GBIF
Feltia subterranea,GBIF
Feltia tricosa,GBIF
Feniseca tarquinius,GBIF
Feralia deceptiva,GBIF
Feralia februalis,GBIF
Fergusonix januaris,GBIF
Fernandocrambus harpipterus,GBIF
Ficedula albicilla,eBird
Ficedula mugimaki,eBird
Ficedula narcissina,eBird
Filatima abactella,GBIF
Filatima albicostella,GBIF
Filatima albilorella,GBIF
Filatima arizonella,GBIF
Filatima aulaea,GBIF
Filatima biforella,GBIF
Filatima bigella,GBIF
Filatima biminimaculella,GBIF
Filatima catacrossa,GBIF
Filatima demissae,GBIF
Filatima depuratella,GBIF
Filatima gomphopis,GBIF
Filatima hemicrossa,GBIF
Filatima isocrossa,GBIF
Filatima loowita,GBIF
Filatima monotaeniella,GBIF
Filatima natalis,GBIF
Filatima neotrophella,GBIF
Filatima nigripectus,GBIF
Filatima normifera,GBIF
Filatima nucifer,GBIF
Filatima obidenna,GBIF
Filatima pseudacaciella,GBIF
Filatima saliciphaga,GBIF
Filatima shastaella,GBIF
Filatima sperryi,GBIF
Filatima spinigera,GBIF
Filatima xanthuris,GBIF
Fishia connecta,GBIF
Fishia dispar,GBIF
Fishia illocata,GBIF
Fishia nigrescens,GBIF
Fishia yosemitae,GBIF
Fissicrambus fissiradiellus,GBIF
Fissicrambus hemiochrellus,GBIF
Fissicrambus hospition,GBIF
Fissicrambus intermedius,GBIF
Fissicrambus minuellus,GBIF
Fissicrambus profanellus,GBIF
Fissicrambus quadrinotellus,GBIF
Fixsenia polingi,GBIF
Fletcherana leucoxyla,GBIF
Focillidia texana,GBIF
Fomoria hypericella,GBIF
Fomoria pteliaeella,GBIF
Fomoria weaveri,GBIF
Forpus coelestis,eBird
Forpus passerinus,eBird
Forsebia perlaeta,GBIF
Fota armata,GBIF
Fota minorata,GBIF
Fotella notalis,GBIF
Foudia madagascariensis,eBird
Franclemontia interrogans,GBIF
Francolinus francolinus,eBird
Fratercula arctica,eBird
Fratercula cirrhata,eBird
Fratercula corniculata,eBird
Frechinia criddlealis,GBIF
Frechinia helianthiales,GBIF
Frechinia laetalis,GBIF
Frechinia lutosalis,GBIF
Frechinia texanalis,GBIF
Fregata ariel,eBird
Fregata magnificens,eBird
Fregata minor,eBird
Fregetta tropica,eBird
Fringilla coelebs,eBird
Fringilla montifringilla,eBird
Friseria acaciella,GBIF
Friseria caieta,GBIF
Friseria cockerelli,GBIF
Friseria nona,GBIF
Frumenta davidi,GBIF
Frumenta nephelomicta,GBIF
Frumenta nundinella,GBIF
Fulgoraecia exigua,GBIF
Fulica alai,eBird
Fulica americana,eBird
Fulica atra,eBird
Fulmarus glacialis,eBird
Fumibotys fumalis,GBIF
Fundella ignobilis,GBIF
Furcula furcula,GBIF
Furcula nivea,GBIF
Gabara distema,GBIF
Gabara gigantea,GBIF
Gabara obscura,GBIF
Gabara pulverosalis,GBIF
Gabara stygialis,GBIF
Gabara subnivosella,GBIF
Gabriola dyari,GBIF
Gabriola minima,GBIF
Gabriola regularia,GBIF
Gabriola sierrae,GBIF
Gaesischia exul,GBIF
Galasa nigrinodis,GBIF
Galasa nigripunctalis,GBIF
Galenara glaucaria,GBIF
Galenara lallata,GBIF
Galenara lixaria,GBIF
Galenara lixarioides,GBIF
Galenara olivacea,GBIF
Galenara stenomacra,GBIF
Galleria mellonella,GBIF
Gallinago delicata,eBird
Gallinago gallinago,eBird
Gallinago solitaria,eBird
Gallinago stenura,eBird
Gallinula chloropus,eBird
Gallinula galeata,eBird
Gallus gallus,eBird
Galtara extensa,GBIF
Ganyra howarthi,GBIF
Ganyra josephina,GBIF
Gardinia anopla,GBIF
Garella nilotica,GBIF
Garrulax canorus,eBird
Garrulax leucolophus,eBird
Garrulus glandarius,eBird
Gavia adamsii,eBird
Gavia arctica,eBird
Gavia immer,eBird
Gavia pacifica,eBird
Gavia stellata,eBird
Gazoryctra confusus,GBIF
Gazoryctra hyperboreus,GBIF
Gazoryctra mathewi,GBIF
Gazoryctra mcglashani,GBIF
Gazoryctra novigannus,GBIF
Gazoryctra pulcher,GBIF
Gazoryctra roseicaput,GBIF
Gazoryctra sciophanes,GBIF
Gazoryctra wielgusi,GBIF
Geina buscki,GBIF
Geina periscelidactylus,GBIF
Geina sheppardi,GBIF
Geina tenuidactylus,GBIF
Gelechia anarsiella,GBIF
Gelechia bianulella,GBIF
Gelechia desiliens,GBIF
Gelechia dromicella,GBIF
Gelechia gracula,GBIF
Gelechia lynceella,GBIF
Gelechia mandella,GBIF
Gelechia monella,GBIF
Gelechia panella,GBIF
Gelechia ribesella,GBIF
Gelechia sabinellus,GBIF
Gelechia versutella,GBIF
Gelochelidon nilotica,eBird
Genophantis iodora,GBIF
Genophantis leahi,GBIF
Geococcyx californianus,eBird
Geopelia cuneata,eBird
Geopelia striata,eBird
Geothlypis formosa,eBird
Geothlypis philadelphia,eBird
Geothlypis poliocephala,eBird
Geothlypis tolmiei,eBird
Geothlypis trichas,eBird
Geotrygon chrysia,eBird
Geotrygon montana,eBird
Geranoaetus albicaudatus,eBird
Geranoaetus polyosoma,eBird
Geranospiza caerulescens,eBird
Gerra radicalis,GBIF
Gerra sevorsa,GBIF
Gerrodes minatea,GBIF
Geshna cannalis,GBIF
Gesneria centuriella,GBIF
Gesta gesta,GBIF
Gillmeria pallidactyla,GBIF
Givira anna,GBIF
Givira arbeloides,GBIF
Givira cleopatra,GBIF
Givira delindae,GBIF
Givira francesca,GBIF
Givira lotta,GBIF
Givira marga,GBIF
Givira minuta,GBIF
Givira mucidus,GBIF
Givira theodori,GBIF
Glaphyria basiflavalis,GBIF
Glaphyria cappsi,GBIF
Glaphyria fulminalis,GBIF
Glaphyria glaphyralis,GBIF
Glaphyria invisalis,GBIF
Glaphyria peremptalis,GBIF
Glaphyria sequistrialis,GBIF
Glaphyria sesquistrialis,GBIF
Glareola maldivarum,eBird
Glauce pectenalaeella,GBIF
Glaucestrilda caerulescens,eBird
Glaucidium brasilianum,eBird
Glaucidium gnoma,eBird
Glaucina baea,GBIF
Glaucina denticularia,GBIF
Glaucina dispersa,GBIF
Glaucina elongata,GBIF
Glaucina epiphysaria,GBIF
Glaucina erroraria,GBIF
Glaucina escaria,GBIF
Glaucina eupetheciaria,GBIF
Glaucina eureka,GBIF
Glaucina golgolata,GBIF
Glaucina gonia,GBIF
Glaucina ignavaria,GBIF
Glaucina imperdata,GBIF
Glaucina incognitaria,GBIF
Glaucina infumataria,GBIF
Glaucina interruptaria,GBIF
Glaucina macdunnoughi,GBIF
Glaucina magnifica,GBIF
Glaucina nephos,GBIF
Glaucina nota,GBIF
Glaucina ochrofuscaria,GBIF
Glaucina platia,GBIF
Glaucina spaldingata,GBIF
Glaucina utahensis,GBIF
Glaucodontia pyraustoides,GBIF
Glaucopsyche piasus,GBIF
Glena furfuraria,GBIF
Glena grisearia,GBIF
Glena interpunctata,GBIF
Glena mcdunnougharia,GBIF
Glena nigricaria,GBIF
Glena quinquelinearia,GBIF
Glenoides lenticuligera,GBIF
Glenoides texanaria,GBIF
Gloanna hecate,GBIF
Globia alameda,GBIF
Globia laeta,GBIF
Globia oblonga,GBIF
Globia subflava,GBIF
Gloveria arizonensis,GBIF
Gloveria gargamelle,GBIF
Gloveria howardi,GBIF
Gloveria medusa,GBIF
Gloveria sphingiformis,GBIF
Gluphisia severa,GBIF
Gluphisia wrightii,GBIF
Glutophrissa drusilla,GBIF
Glympis concors,GBIF
Glyphidocera barythyma,GBIF
Glyphidocera democratica,GBIF
Glyphidocera dimorphella,GBIF
Glyphidocera floridanella,GBIF
Glyphidocera juniperella,GBIF
Glyphidocera lactiflosella,GBIF
Glyphidocera lithodoxa,GBIF
Glyphidocera meyrickella,GBIF
Glyphidocera septentrionella,GBIF
Glyphidocera wrightorum,GBIF
Glyphipterix bifasciata,GBIF
Glyphipterix californiae,GBIF
Glyphipterix circumscriptella,GBIF
Glyphipterix haworthana,GBIF
Glyphipterix juncivora,GBIF
Glyphipterix kimballi,GBIF
Glyphipterix minimella,GBIF
Glyphipterix montisella,GBIF
Glyphipterix quadragintapunctata,GBIF
Glyphipterix saurodonta,GBIF
Glyphipterix sistes,GBIF
Glyphipterix urticae,GBIF
Glyphodes cyanomichla,GBIF
Glyphodes onychinalis,GBIF
Glyphodes pyloalis,GBIF
Glyphodes sibillalis,GBIF
Gnamptonychia ventralis,GBIF
Gnophaela aequinoctialis,GBIF
Gnophaela clappiana,GBIF
Gnophaela discreta,GBIF
Gnophaela latipennis,GBIF
Gnophaela vermiculata,GBIF
Gnophos macguffini,GBIF
Gnorimoschema alaricella,GBIF
Gnorimoschema alaskense,GBIF
Gnorimoschema albimarginella,GBIF
Gnorimoschema assimile,GBIF
Gnorimoschema baccharisella,GBIF
Gnorimoschema bacchariselloides,GBIF
Gnorimoschema batanella,GBIF
Gnorimoschema brachiatum,GBIF
Gnorimoschema collinusella,GBIF
Gnorimoschema compsomorpha,GBIF
Gnorimoschema contraria,GBIF
Gnorimoschema coquillettella,GBIF
Gnorimoschema crypticum,GBIF
Gnorimoschema dudiella,GBIF
Gnorimoschema elatior,GBIF
Gnorimoschema ericameriae,GBIF
Gnorimoschema ferrugineum,GBIF
Gnorimoschema foliatum,GBIF
Gnorimoschema gallaeasterella,GBIF
Gnorimoschema gallaespeciosum,GBIF
Gnorimoschema geminum,GBIF
Gnorimoschema gracile,GBIF
Gnorimoschema grindeliae,GBIF
Gnorimoschema herbichii,GBIF
Gnorimoschema intermedium,GBIF
Gnorimoschema klotsi,GBIF
Gnorimoschema lateritium,GBIF
Gnorimoschema ligulatum,GBIF
Gnorimoschema nanulum,GBIF
Gnorimoschema obscurior,GBIF
Gnorimoschema octomaculella,GBIF
Gnorimoschema paternale,GBIF
Gnorimoschema pedmontella,GBIF
Gnorimoschema powelli,GBIF
Gnorimoschema salinaris,GBIF
Gnorimoschema saphirinella,GBIF
Gnorimoschema semicyclionella,GBIF
Gnorimoschema septentrionella,GBIF
Gnorimoschema serratipalpella,GBIF
Gnorimoschema shepherdiae,GBIF
Gnorimoschema sporomochla,GBIF
Gnorimoschema subterranea,GBIF
Gnorimoschema terracottella,GBIF
Gnorimoschema triforceps,GBIF
Gnorimoschema triocellella,GBIF
Goditha bumeliana,GBIF
Gondysia consobrina,GBIF
Gondysia similis,GBIF
Gondysia smithii,GBIF
Gondysia telma,GBIF
Goniapteryx servia,GBIF
Goniocarsia electrica,GBIF
Gonioterma mistrella,GBIF
Gonocausta sabinalis,GBIF
Gonodes liquida,GBIF
Gonodonta bidens,GBIF
Gonodonta fulvangula,GBIF
Gonodonta nitidimacula,GBIF
Gonodonta nutrix,GBIF
Gonodonta pyrgo,GBIF
Gonodonta sicheas,GBIF
Gonodonta sinaldus,GBIF
Gonodonta unica,GBIF
Gonodontodes dispar,GBIF
Gorgythion begga,GBIF
Goya stictella,GBIF
Gracillaria syringella,GBIF
Gracillariidae,GBIF
Gracula religiosa,eBird
Grais stigmaticus,GBIF
Grammia allectans,GBIF
Grammia anna,GBIF
Grammia behrii,GBIF
Grammia blakei,GBIF
Grammia bowmani,GBIF
Grammia brillians,GBIF
Grammia cervinoides,GBIF
Grammia doris,GBIF
Grammia elongata,GBIF
Grammia f-pallida,GBIF
Grammia favorita,GBIF
Grammia figurata,GBIF
Grammia franconia,GBIF
Grammia hewletti,GBIF
Grammia incorrupta,GBIF
Grammia nevadensis,GBIF
Grammia ornata,GBIF
Grammia quenseli,GBIF
Grammia speciosa,GBIF
Grammia ursina,GBIF
Grammia virguncula,GBIF
Grammia williamsii,GBIF
Grammia yavapai,GBIF
Graphium colonna,GBIF
Grapholita caeruleana,GBIF
Grapholita conversana,GBIF
Grapholita delineana,GBIF
Grapholita dyarana,GBIF
Grapholita eclipsana,GBIF
Grapholita edwardsiana,GBIF
Grapholita hieroglyphana,GBIF
Grapholita imitativa,GBIF
Grapholita interstinctana,GBIF
Grapholita lana,GBIF
Grapholita libertina,GBIF
Grapholita lunatana,GBIF
Grapholita molesta,GBIF
Grapholita thermopsidis,GBIF
Grapholita vitrana,GBIF
Greta morgane,GBIF
Gretchena amatana,GBIF
Gretchena delicatana,GBIF
Gretchena nymphana,GBIF
Gretchena semialba,GBIF
Greya mitellae,GBIF
Greya obscura,GBIF
Greya obscuromaculata,GBIF
Greya piperella,GBIF
Greya politella,GBIF
Greya punctiferella,GBIF
Greya reticulata,GBIF
Greya solenobiella,GBIF
Greya subalba,GBIF
Greya variabilis,GBIF
Grossbeckia semimaculata,GBIF
Grotella binda,GBIF
Grotella blanca,GBIF
Grotella blanchardi,GBIF
Grotella citronella,GBIF
Grotella dis,GBIF
Grotella grisescens,GBIF
Grotella harveyi,GBIF
Grotella olivacea,GBIF
Grotella parvipuncta,GBIF
Grotella sampita,GBIF
Grotella septempunctata,GBIF
Grotella soror,GBIF
Grotella stretchi,GBIF
Grotella tricolor,GBIF
Grotella vagans,GBIF
Grotella vauriae,GBIF
Grotellaforma lactea,GBIF
Grus americana,eBird
Grus grus,eBird
Grus monacha,eBird
Grus paradiseus,eBird
Grus virgo,eBird
Guaruba guarouba,eBird
Gueneria similaria,GBIF
Gygis candida,eBird
Gymnandrosoma desotanum,GBIF
Gymnandrosoma punctidiscanum,GBIF
Gymnogyps californianus,eBird
Gymnorhinus cyanocephalus,eBird
Gynnidomorpha romonana,GBIF
Gypsonoma aceriana,GBIF
Gypsonoma adjuncta,GBIF
Gypsonoma nebulosana,GBIF
Gyrocheilus patrobas,GBIF
Gyros muiri,GBIF
Habrodais grunus,GBIF
Habropoda cineraria,GBIF
Habropoda dammersi,GBIF
Habropoda depressa,GBIF
Habropoda excellens,GBIF
Habropoda miserabilis,GBIF
Habropoda morrisoni,GBIF
Habropoda pallida,GBIF
Habropoda tristissima,GBIF
Hada sutrina,GBIF
Hadena amabilis,GBIF
Hadena caelestis,GBIF
Hadena circumvadis,GBIF
Hadena ectrapela,GBIF
Hadena gabrieli,GBIF
Hadena glaciata,GBIF
Hadena lafontainei,GBIF
Hadena maccabei,GBIF
Hadena paulula,GBIF
Hadena plumasata,GBIF
Hadena siskiyou,GBIF
Hadena variolata,GBIF
Hadenella pergentilis,GBIF
Haematomis uniformis,GBIF
Haematopis grataria,GBIF
Haematopus bachmani,eBird
Haematopus ostralegus,eBird
Haematopus palliatus,eBird
Haemorhous cassinii,eBird
Haemorhous mexicanus,eBird
Hahncappsia alpinensis,GBIF
Hahncappsia cochisensis,GBIF
Hahncappsia coloradensis,GBIF
Hahncappsia fordi,GBIF
Hahncappsia huachucalis,GBIF
Hahncappsia jaralis,GBIF
Hahncappsia mancalis,GBIF
Hahncappsia mellinialis,GBIF
Hahncappsia neobliteralis,GBIF
Hahncappsia neomarculenta,GBIF
Hahncappsia pergilvalis,GBIF
Hahncappsia pseudobliteralis,GBIF
Hahncappsia ramsdenalis,GBIF
Haliaeetus albicilla,eBird
Haliaeetus leucocephalus,eBird
Haliaeetus pelagicus,eBird
Halictus confusus,GBIF
Halictus farinosus,GBIF
Halictus harmonius,GBIF
Halictus harveyi,GBIF
Halictus ligatus,GBIF
Halictus parallelus,GBIF
Halictus poeyi,GBIF
Halictus pollinosus,GBIF
Halictus rubicundus,GBIF
Halictus tectus,GBIF
Halictus tripartitus,GBIF
Halictus virgatellus,GBIF
Haliophyle connexa,GBIF
Halysidota cinctipes,GBIF
Halysidota davisii,GBIF
Halysidota intensa,GBIF
Halysidota schausi,GBIF
Hamadryas februa,GBIF
Hamadryas feronia,GBIF
Hamadryas fornax,GBIF
Hamadryas glauconome,GBIF
Hamadryas guatemalena,GBIF
Hamilcara atra,GBIF
Hammaptera parinotata,GBIF
Haploa contigua,GBIF
Haplochrois bipunctella,GBIF
Haplotinea insectella,GBIF
Harpagus bidentatus,eBird
Harrisina aversus,GBIF
Harrisina coracina,GBIF
Harrisina cyanea,GBIF
Harrisina metallica,GBIF
Hecatera dysodea,GBIF
Hedone vibex,GBIF
Hedya salicella,GBIF
Heinrichiessa sanpetella,GBIF
Helcystogramma badia,GBIF
Helcystogramma casca,GBIF
Helcystogramma chambersella,GBIF
Helcystogramma convolvuli,GBIF
Helcystogramma ectopon,GBIF
Helcystogramma fernaldella,GBIF
Helcystogramma melanocarpa,GBIF
Helcystogramma melantherella,GBIF
Helia agna,GBIF
Helia sueroides,GBIF
Heliades huachucalis,GBIF
Heliades lindae,GBIF
Heliconius charithonia,GBIF
Heliconius erato,GBIF
Heliconius ismenius,GBIF
Heliconius sara,GBIF
Helicoverpa armigera,GBIF
Helicoverpa hawaiiensis,GBIF
Heliocheilus julia,GBIF
Heliocheilus lupata,GBIF
Heliocheilus paradoxus,GBIF
Heliocheilus toralis,GBIF
Heliocheilus turbata,GBIF
Heliodines ciccella,GBIF
Heliodines extraneella,GBIF
Heliodines ionis,GBIF
Heliolonche carolus,GBIF
Heliolonche celeris,GBIF
Heliolonche joaquinensis,GBIF
Heliolonche modicella,GBIF
Heliolonche pictipennis,GBIF
Heliomaster constantii,eBird
Heliomata infulata,GBIF
Heliomata scintillata,GBIF
Heliopetes alana,GBIF
Heliopetes arsalte,GBIF
Heliopetes ericetorum,GBIF
Heliopetes laviana,GBIF
Heliopetes macaira,GBIF
Heliopetes sublinea,GBIF
Heliopyrgus domicella,GBIF
Heliornis fulica,eBird
Heliothelopsis arbutalis,GBIF
Heliothelopsis costipunctalis,GBIF
Heliothis acesias,GBIF
Heliothis australis,GBIF
Heliothis belladonna,GBIF
Heliothis borealis,GBIF
Heliothis melanoleuca,GBIF
Heliothis ononis,GBIF
Heliothis oregonica,GBIF
Heliothis prorupta,GBIF
Heliothis subflexa,GBIF
Heliothodes diminutiva,GBIF
Heliothodes maritinus,GBIF
Heliothodes puniceus,GBIF
Heliozela aesella,GBIF
Hellinsia albilobatus,GBIF
Hellinsia arion,GBIF
Hellinsia australis,GBIF
Hellinsia balanotes,GBIF
Hellinsia beneficus,GBIF
Hellinsia brucei,GBIF
Hellinsia chlorias,GBIF
Hellinsia citrites,GBIF
Hellinsia confusus,GBIF
Hellinsia corvus,GBIF
Hellinsia elliottii,GBIF
Hellinsia fieldi,GBIF
Hellinsia glenni,GBIF
Hellinsia grandis,GBIF
Hellinsia habecki,GBIF
Hellinsia hoguei,GBIF
Hellinsia homodactylus,GBIF
Hellinsia inconditus,GBIF
Hellinsia inquinatus,GBIF
Hellinsia integratus,GBIF
Hellinsia lacteodactylus,GBIF
Hellinsia longifrons,GBIF
Hellinsia paleaceus,GBIF
Hellinsia pan,GBIF
Hellinsia pectodactylus,GBIF
Hellinsia perditus,GBIF
Hellinsia phoebus,GBIF
Hellinsia pollux,GBIF
Hellinsia subochraceus,GBIF
Hellinsia sulphureodactylus,GBIF
Hellinsia unicolor,GBIF
Hellinsia venapunctus,GBIF
Hellinsia wrangeliensis,GBIF
Hellula aqualis,GBIF
Hellula kempae,GBIF
Hellula phidilealis,GBIF
Hellula rogatalis,GBIF
Hellula subbasalis,GBIF
Hellula undalis,GBIF
Helmitheros vermivorum,eBird
Helopsaltes certhiola,eBird
Helopsaltes ochotensis,eBird
Helotropha reniformis,GBIF
Helvibotys freemani,GBIF
Helvibotys pseudohelvialis,GBIF
Helvibotys pucilla,GBIF
Helvibotys subcostalis,GBIF
Hemaris thetis,GBIF
Hemeroblemma mexicana,GBIF
Hemeroblemma opigena,GBIF
Hemeroplanis finitima,GBIF
Hemeroplanis habitalis,GBIF
Hemeroplanis historialis,GBIF
Hemeroplanis immaculalis,GBIF
Hemeroplanis incusalis,GBIF
Hemeroplanis obliqualis,GBIF
Hemeroplanis parallela,GBIF
Hemeroplanis punitalis,GBIF
Hemeroplanis rectalis,GBIF
Hemeroplanis reversalis,GBIF
Hemeroplanis scopulepes,GBIF
Hemeroplanis secundalis,GBIF
Hemeroplanis trilineosa,GBIF
Hemibryomima chryselectra,GBIF
Hemieuxoa rudens,GBIF
Hemignathus hanapepe,eBird
Hemignathus wilsoni,eBird
Hemigrotella argenteostriata,GBIF
Hemihyalea ambigua,GBIF
Hemihyalea edwardsii,GBIF
Hemihyalea labecula,GBIF
Hemihyalea splendens,GBIF
Hemileuca annulata,GBIF
Hemileuca burnsi,GBIF
Hemileuca chinatiensis,GBIF
Hemileuca eglanterina,GBIF
Hemileuca electra,GBIF
Hemileuca griffini,GBIF
Hemileuca grotei,GBIF
Hemileuca hera,GBIF
Hemileuca hualapai,GBIF
Hemileuca juno,GBIF
Hemileuca magnifica,GBIF
Hemileuca neumoegeni,GBIF
Hemileuca nutalli,GBIF
Hemileuca oliviae,GBIF
Hemileuca peigleri,GBIF
Hemileuca slosseri,GBIF
Hemileuca stonei,GBIF
Hemileuca tricolor,GBIF
Hemimorina dissociata,GBIF
Heminocloa mirabilis,GBIF
Hemioslaria pima,GBIF
Hemiplatytes epia,GBIF
Hemiplatytes parallela,GBIF
Hemiplatytes prosenes,GBIF
Hemithea aestivaria,GBIF
Hemnypia baueri,GBIF
Henricus cognata,GBIF
Henricus comes,GBIF
Henricus edwardsiana,GBIF
Henricus fuscodorsana,GBIF
Henricus infernalis,GBIF
Henricus macrocarpana,GBIF
Henricus umbrabasana,GBIF
Heraclides pallas,GBIF
Heraclides ponceana,GBIF
Heriades carinata,GBIF
Heriades cressoni,GBIF
Heriades crucifera,GBIF
Heriades gracilior,GBIF
Heriades leavitti,GBIF
Heriades micheneri,GBIF
Heriades micropthalma,GBIF
Heriades occidentalis,GBIF
Heriades texana,GBIF
Heriades timberlakei,GBIF
Heriades truncorum,GBIF
Heriades variolosa,GBIF
Hermelycaena hermes,GBIF
Hermeuptychia gisella,GBIF
Hermeuptychia hermes,GBIF
Hermeuptychia hermybius,GBIF
Hermeuptychia intricata,GBIF
Herminiocala stigmaphiles,GBIF
Herpetogramma aeglealis,GBIF
Herpetogramma aquilonalis,GBIF
Herpetogramma centrostrigalis,GBIF
Herpetogramma fluctuosalis,GBIF
Herpetogramma licarsisalis,GBIF
Herpetogramma phaeopteralis,GBIF
Herpetogramma sphingealis,GBIF
Hesperapis carinata,GBIF
Hesperapis cockerelli,GBIF
Hesperapis elegantula,GBIF
Hesperapis fuchsi,GBIF
Hesperapis fulvipes,GBIF
Hesperapis ilicifoliae,GBIF
Hesperapis infuscata,GBIF
Hesperapis larreae,GBIF
Hesperapis laticeps,GBIF
Hesperapis oliviae,GBIF
Hesperapis oraria,GBIF
Hesperapis parva,GBIF
Hesperapis pellucida,GBIF
Hesperapis regularis,GBIF
Hesperapis rhodocerata,GBIF
Hesperapis rodecki,GBIF
Hesperapis rufipes,GBIF
Hesperapis trochanterata,GBIF
Hesperia columbia,GBIF
Hesperia comma,GBIF
Hesperia harpalus,GBIF
Hesperia juba,GBIF
Hesperia lindseyi,GBIF
Hesperia meskei,GBIF
Hesperia miriamae,GBIF
Hesperia nevada,GBIF
Hesperia ottoe,GBIF
Hesperia pahaska,GBIF
Hesperia pawnee,GBIF
Hesperia uncas,GBIF
Hesperia viridis,GBIF
Hesperia woodgatei,GBIF
Hesperiphona vespertina,eBird
Hesperoburhinus bistriatus,eBird
Hesperocharis costaricensis,GBIF
Hesperopsis alpheus,GBIF
Hesperumia fumida,GBIF
Hesperumia fumosaria,GBIF
Hesperumia latipennis,GBIF
Heterocampa amanda,GBIF
Heterocampa astartoides,GBIF
Heterocampa averna,GBIF
Heterocampa belfragei,GBIF
Heterocampa benitensis,GBIF
Heterocampa ditta,GBIF
Heterocampa geronimo,GBIF
Heterocampa incongrua,GBIF
Heterocampa lunata,GBIF
Heterocampa ruficornis,GBIF
Heterocampa rufinans,GBIF
Heterocampa secessionis,GBIF
Heterocampa zayasi,GBIF
Heterographis morrisonella,GBIF
Heterophleps refusaria,GBIF
Heterusia atalantata,GBIF
Hexepeolus rhodogyne,GBIF
Hexeris enhydris,GBIF
Hexorthodes accurata,GBIF
Hexorthodes agrotiformis,GBIF
Hexorthodes catalina,GBIF
Hexorthodes citeria,GBIF
Hexorthodes emendata,GBIF
Hexorthodes inconspicua,GBIF
Hexorthodes jocosa,GBIF
Hexorthodes nipana,GBIF
Hexorthodes senatoria,GBIF
Hexorthodes serrata,GBIF
Hexorthodes tuana,GBIF
Hileithia aplicalis,GBIF
Hileithia differentialis,GBIF
Hileithia magualis,GBIF
Hileithia rehamalis,GBIF
Hillia maida,GBIF
Himantopus himantopus,eBird
Himantopus mexicanus,eBird
Himatione sanguinea,eBird
Himmacia huachucella,GBIF
Hippia insularis,GBIF
Hippolais icterina,eBird
Hippotion rosetta,GBIF
Hirundapus caudacutus,eBird
Hirundo rustica,eBird
Historis odius,GBIF
Histrionicus histrionicus,eBird
Hodegia apatela,GBIF
Holcocera crassicornella,GBIF
Holcocera gigantella,GBIF
Holcocera iceryaeella,GBIF
Holcocera panurgella,GBIF
Holcocera paradoxa,GBIF
Holcocera titanella,GBIF
Holcocerina immaculella,GBIF
Holcopasites apacheorum,GBIF
Holcopasites arizonicus,GBIF
Holcopasites bigibbosus,GBIF
Holcopasites bohartorum,GBIF
Holcopasites calliopsidis,GBIF
Holcopasites eamia,GBIF
Holcopasites haematurus,GBIF
Holcopasites illinoiensis,GBIF
Holcopasites insoletus,GBIF
Holcopasites jerryrozeni,GBIF
Holcopasites pulchellus,GBIF
Holcopasites rozeni,GBIF
Holcopasites ruthae,GBIF
Holcopasites stevensi,GBIF
Holcopasites tegularis,GBIF
Holoarctia obliterata,GBIF
Holochroa dissociarius,GBIF
Holocola thalassinana,GBIF
Holophysis emblemella,GBIF
Homaledra heptathalama,GBIF
Homaledra knudsoni,GBIF
Homaledra octagonella,GBIF
Homaledra sabalella,GBIF
Homoanarta carneola,GBIF
Homoanarta falcata,GBIF
Homochlodes disconventa,GBIF
Homochlodes fritillaria,GBIF
Homochlodes lactispargaria,GBIF
Homoeosoma albescentella,GBIF
Homoeosoma ammonastes,GBIF
Homoeosoma ardaloniphas,GBIF
Homoeosoma deceptorium,GBIF
Homoeosoma elongatella,GBIF
Homoeosoma eremophasma,GBIF
Homoeosoma illuviella,GBIF
Homoeosoma impressalis,GBIF
Homoeosoma oslarellum,GBIF
Homoeosoma oxycercus,GBIF
Homoeosoma phaeoboreas,GBIF
Homoeosoma striatellum,GBIF
Homoeosoma stypticella,GBIF
Homoeosoma uncanale,GBIF
Homoglaea californica,GBIF
Homoglaea carbonaria,GBIF
Homoglaea dives,GBIF
Homohadena kappa,GBIF
Homolagoa grotelliformis,GBIF
Homophoberia apicosa,GBIF
Homophoberia australis,GBIF
Homorthodes carneola,GBIF
Homorthodes communis,GBIF
Homorthodes discreta,GBIF
Homorthodes dubia,GBIF
Homorthodes euxoiformis,GBIF
Homorthodes flosca,GBIF
Homorthodes fractura,GBIF
Homorthodes gigantoides,GBIF
Homorthodes hanhami,GBIF
Homorthodes lindseyi,GBIF
Homorthodes mania,GBIF
Homorthodes perturba,GBIF
Homorthodes rectiflava,GBIF
Homorthodes reliqua,GBIF
Homorthodes rubritincta,GBIF
Homosassa ella,GBIF
Homosetia argentinotella,GBIF
Homosetia bifasciella,GBIF
Homosetia chrysoadspersella,GBIF
Homosetia costisignella,GBIF
Homosetia fasciella,GBIF
Homosetia marginimaculella,GBIF
Homosetia tricingulatella,GBIF
Homostinea curviliniella,GBIF
Honora dotella,GBIF
Honora mellinella,GBIF
Honora montinatatella,GBIF
Honora subsciurella,GBIF
Hoplitis albifrons,GBIF
Hoplitis anthocopoides,GBIF
Hoplitis bidenticauda,GBIF
Hoplitis biscutellae,GBIF
Hoplitis boharti,GBIF
Hoplitis bullifacies,GBIF
Hoplitis colei,GBIF
Hoplitis cryptanthae,GBIF
Hoplitis deserticola,GBIF
Hoplitis elongaticeps,GBIF
Hoplitis emarginata,GBIF
Hoplitis fulgida,GBIF
Hoplitis grinnelli,GBIF
Hoplitis hamulicornis,GBIF
Hoplitis howardi,GBIF
Hoplitis hypocrita,GBIF
Hoplitis incanescens,GBIF
Hoplitis jacintana,GBIF
Hoplitis laevibullata,GBIF
Hoplitis linsdalei,GBIF
Hoplitis louisae,GBIF
Hoplitis micheneri,GBIF
Hoplitis mojavensis,GBIF
Hoplitis nanula,GBIF
Hoplitis nemophilae,GBIF
Hoplitis orthognatha,GBIF
Hoplitis paiute,GBIF
Hoplitis paroselae,GBIF
Hoplitis pilosifrons,GBIF
Hoplitis plagiostoma,GBIF
Hoplitis princeps,GBIF
Hoplitis producta,GBIF
Hoplitis pygmaea,GBIF
Hoplitis remotula,GBIF
Hoplitis robusta,GBIF
Hoplitis sambuci,GBIF
Hoplitis seminigra,GBIF
Hoplitis semirubra,GBIF
Hoplitis simplex,GBIF
Hoplitis spoliata,GBIF
Hoplitis torchioi,GBIF
Hoplitis tristis,GBIF
Hoplitis truncata,GBIF
Hoplitis uvulalis,GBIF
Hoplitis xerophila,GBIF
Hoplitis zuni,GBIF
Horama panthalon,GBIF
Horama plumipes,GBIF
Horisme incana,GBIF
Horisme rectilineata,GBIF
Horisme vitalbata,GBIF
Hormoschista latipalpis,GBIF
Horornis diphone,eBird
Hulda impudens,GBIF
Hulstina aridata,GBIF
Hulstina exhumata,GBIF
Hulstina formosata,GBIF
Hulstina imitatrix,GBIF
Hulstina xera,GBIF
Hyalophora euryalus,GBIF
Hyalophora gloveri,GBIF
Hyalophora kasloensis,GBIF
Hyalorista taeniolalis,GBIF
Hyaloscotes fumosa,GBIF
Hyaloscotes pithopoera,GBIF
Hyblaea puera,GBIF
Hybroma servulella,GBIF
Hydraecia columbia,GBIF
Hydraecia medialis,GBIF
Hydraecia obliqua,GBIF
Hydraecia pallescens,GBIF
Hydraecia perobliqua,GBIF
Hydraecia stramentosa,GBIF
Hydrelia brunneifasciata,GBIF
Hydrelia lucata,GBIF
Hydriomena albifasciata,GBIF
Hydriomena albimontanata,GBIF
Hydriomena arizonata,GBIF
Hydriomena barnesata,GBIF
Hydriomena bistriolata,GBIF
Hydriomena borussata,GBIF
Hydriomena californiata,GBIF
Hydriomena catalinata,GBIF
Hydriomena chiricahuata,GBIF
Hydriomena costipunctata,GBIF
Hydriomena crokeri,GBIF
Hydriomena cyriadoides,GBIF
Hydriomena edenata,GBIF
Hydriomena exculpata,GBIF
Hydriomena expurgata,GBIF
Hydriomena feminata,GBIF
Hydriomena furtivata,GBIF
Hydriomena glaucata,GBIF
Hydriomena gracillima,GBIF
Hydriomena henshawi,GBIF
Hydriomena irata,GBIF
Hydriomena macdunnoughi,GBIF
Hydriomena magnificata,GBIF
Hydriomena manzanita,GBIF
Hydriomena marinata,GBIF
Hydriomena morosata,GBIF
Hydriomena muscata,GBIF
Hydriomena nevadae,GBIF
Hydriomena nubilofasciata,GBIF
Hydriomena obliquilinea,GBIF
Hydriomena quinquefasciata,GBIF
Hydriomena rita,GBIF
Hydriomena septemberata,GBIF
Hydriomena shasta,GBIF
Hydriomena sierrae,GBIF
Hydriomena similaris,GBIF
Hydriomena speciosata,GBIF
Hydriomena sperryi,GBIF
Hydriomena tuolumne,GBIF
Hydriris ornatalis,GBIF
Hydrobates castro,eBird
Hydrobates cheimomnestes,eBird
Hydrobates furcatus,eBird
Hydrobates homochroa,eBird
Hydrobates hornbyi,eBird
Hydrobates leucorhous,eBird
Hydrobates melania,eBird
Hydrobates microsoma,eBird
Hydrobates monorhis,eBird
Hydrobates pelagicus,eBird
Hydrobates socorroensis,eBird
Hydrobates tethys,eBird
Hydrobates tristrami,eBird
Hydrocoloeus minutus,eBird
Hydroeciodes juvenilis,GBIF
Hydroeciodes repleta,GBIF
Hydroeciodes serrata,GBIF
Hydropionea fenestralis,GBIF
Hydroprogne caspia,eBird
Hylaeus affinis,GBIF
Hylaeus akoko,GBIF
Hylaeus albonitens,GBIF
Hylaeus andrenoides,GBIF
Hylaeus angustulus,GBIF
Hylaeus annulatus,GBIF
Hylaeus anomalus,GBIF
Hylaeus anthracinus,GBIF
Hylaeus asininus,GBIF
Hylaeus aztecus,GBIF
Hylaeus calvus,GBIF
Hylaeus chlorostictus,GBIF
Hylaeus coloradensis,GBIF
Hylaeus confluens,GBIF
Hylaeus coniceps,GBIF
Hylaeus connectens,GBIF
Hylaeus conspicuus,GBIF
Hylaeus cookii,GBIF
Hylaeus crabronoides,GBIF
Hylaeus difficilis,GBIF
Hylaeus dimidiatus,GBIF
Hylaeus dumetorum,GBIF
Hylaeus episcopalis,GBIF
Hylaeus euxanthus,GBIF
Hylaeus facilis,GBIF
Hylaeus fedorica,GBIF
Hylaeus filicum,GBIF
Hylaeus flavifrons,GBIF
Hylaeus flavipes,GBIF
Hylaeus floridanus,GBIF
Hylaeus fuscipennis,GBIF
Hylaeus gaigei,GBIF
Hylaeus georgicus,GBIF
Hylaeus graenicheri,GBIF
Hylaeus granulatus,GBIF
Hylaeus haleakalae,GBIF
Hylaeus hirsutulus,GBIF
Hylaeus hostilis,GBIF
Hylaeus hula,GBIF
Hylaeus hurdi,GBIF
Hylaeus hyalinatus,GBIF
Hylaeus illinoisensis,GBIF
Hylaeus inquilina,GBIF
Hylaeus kauaiensis,GBIF
Hylaeus kokeensis,GBIF
Hylaeus kukui,GBIF
Hylaeus laetus,GBIF
Hylaeus leptocephalus,GBIF
Hylaeus longiceps,GBIF
Hylaeus makaha,GBIF
Hylaeus mana,GBIF
Hylaeus megalotis,GBIF
Hylaeus mesillae,GBIF
Hylaeus mimicus,GBIF
Hylaeus modestus,GBIF
Hylaeus muranus,GBIF
Hylaeus mutatus,GBIF
Hylaeus nelumbonis,GBIF
Hylaeus nevadensis,GBIF
Hylaeus nivicola,GBIF
Hylaeus nunenmacheri,GBIF
Hylaeus ombrias,GBIF
Hylaeus ornatus,GBIF
Hylaeus paradoxicus,GBIF
Hylaeus personatellus,GBIF
Hylaeus pictipes,GBIF
Hylaeus polifolii,GBIF
Hylaeus psammobius,GBIF
Hylaeus pubescens,GBIF
Hylaeus punctatus,GBIF
Hylaeus rudbeckiae,GBIF
Hylaeus rugulosus,GBIF
Hylaeus saniculae,GBIF
Hylaeus schwarzii,GBIF
Hylaeus sejunctus,GBIF
Hylaeus setosifrons,GBIF
Hylaeus sonorensis,GBIF
Hylaeus sparsus,GBIF
Hylaeus specularis,GBIF
Hylaeus sphecodoides,GBIF
Hylaeus strenuus,GBIF
Hylaeus takumiae,GBIF
Hylaeus timberlakei,GBIF
Hylaeus ulaula,GBIF
Hylaeus unicus,GBIF
Hylaeus verticalis,GBIF
Hylaeus volatilis,GBIF
Hylaeus volcanicus,GBIF
Hylaeus wootoni,GBIF
Hylephila phylaeus,GBIF
Hylephila phyleus,GBIF
Hyles calida,GBIF
Hyles euphorbiae,GBIF
Hyles perkinsi,GBIF
Hyles wilsoni,GBIF
Hylesia lineata,GBIF
Hymenoclea palmii,GBIF
Hymenodria mediodentata,GBIF
Hypagyrtis brendae,GBIF
Hypargos niveoguttatus,eBird
Hypargyria slossonella,GBIF
Hyparpax aurostriata,GBIF
Hyparpax perophoroides,GBIF
Hyparpax venus,GBIF
Hypatima zesticopa,GBIF
Hypatopa binotella,GBIF
Hypatopa punctiferella,GBIF
Hypatopa simplicella,GBIF
Hypatopa spoliatella,GBIF
Hypatopa vestaliella,GBIF
Hypaurotis crysalus,GBIF
Hypena annulalis,GBIF
Hypena appalachiensis,GBIF
Hypena atomaria,GBIF
Hypena californica,GBIF
Hypena commixtalis,GBIF
Hypena decorata,GBIF
Hypena degesalis,GBIF
Hypena edictalis,GBIF
Hypena eductalis,GBIF
Hypena heuloa,GBIF
Hypena holophaea,GBIF
Hypena humuli,GBIF
Hypena lividalis,GBIF
Hypena manalis,GBIF
Hypena minualis,GBIF
Hypena modestoides,GBIF
Hypena opulenta,GBIF
Hypena porrectalis,GBIF
Hypena ramstadtii,GBIF
Hypena subidalis,GBIF
Hypena tenebrosa,GBIF
Hypena umbralis,GBIF
Hypena vega,GBIF
Hypena vetustalis,GBIF
Hypenodes caducus,GBIF
Hypenodes fractilinea,GBIF
Hypenodes franclemonti,GBIF
Hypenodes palustris,GBIF
Hypenodes sombrus,GBIF
Hypenula cacuminalis,GBIF
Hypenula caminalis,GBIF
Hyperaeschra tortuosa,GBIF
Hypercompe caudata,GBIF
Hypercompe extrema,GBIF
Hypercompe oslari,GBIF
Hypercompe permaculata,GBIF
Hypercompe suffusa,GBIF
Hyperdasysella cryptogamiellus,GBIF
Hyperepia jugifera,GBIF
Hyperstrotia aetheria,GBIF
Hyperstrotia nana,GBIF
Hypocala deflorata,GBIF
Hypocoena basistriga,GBIF
Hypocoena inquinata,GBIF
Hypocoena rufostrigata,GBIF
Hypocoena sofiae,GBIF
Hypocrisias minima,GBIF
Hypocrita celina,GBIF
Hypodryas gillettii,GBIF
Hypolimnas misippus,GBIF
Hypomecis gnopharia,GBIF
Hypomecis longipectinaria,GBIF
Hypopacha grisea,GBIF
Hypoplesia busckiella,GBIF
Hypoplesia dietziella,GBIF
Hypoprepia cadaverosa,GBIF
Hypoprepia inculta,GBIF
Hypoprepia lampyroides,GBIF
Hypopta ethela,GBIF
Hypopta palmata,GBIF
Hyposmochoma alliterata,GBIF
Hyposmochoma auropurpurea,GBIF
Hyposmochoma empedota,GBIF
Hyposmochoma exornata,GBIF
Hyposmochoma fractistriata,GBIF
Hyposmochoma mesorectis,GBIF
Hyposmochoma nebulifera,GBIF
Hyposmochoma nephelodes,GBIF
Hyposmochoma rubescens,GBIF
Hyposmochoma saccophora,GBIF
Hyposmochoma triptila,GBIF
Hyposmochoma turdella,GBIF
Hyposmochoma vinicolor,GBIF
Hyposmocoma cristata,GBIF
Hyposmocoma elegantula,GBIF
Hyposmocoma hooilo,GBIF
Hyposmocoma kahaiao,GBIF
Hyposmocoma kahamanoa,GBIF
Hyposmocoma kamaula,GBIF
Hyposmocoma kaupo,GBIF
Hyposmocoma pupumoehewa,GBIF
Hyposmocoma tantala,GBIF
Hyposmocoma waauhi,GBIF
Hypostrymon critola,GBIF
Hypotrix lactomellis,GBIF
Hypotrix naglei,GBIF
Hypotrix ocularis,GBIF
Hypotrix rubra,GBIF
Hyppa brunneicrista,GBIF
Hyppa indistincta,GBIF
Hypsipyla grandella,GBIF
Hypsopygia binodulalis,GBIF
Hypsopygia cohortalis,GBIF
Hypsopygia costalis,GBIF
Hypsopygia intermedialis,GBIF
Hypsopygia nostralis,GBIF
Hypsopygia olinalis,GBIF
Hypsopygia phoezalis,GBIF
Hypsopygia planalis,GBIF
Hypsopygia thymetusalis,GBIF
Hyptiharpa baboquavariana,GBIF
Hyssia degenerans,GBIF
Hystrichophora asphodelana,GBIF
Hystrichophora decorosa,GBIF
Hystrichophora leonana,GBIF
Hystrichophora loricana,GBIF
Hystrichophora ochreicostana,GBIF
Hystrichophora ostentatrix,GBIF
Hystrichophora stygiana,GBIF
Hystrichophora taleana,GBIF
Hystrichophora vestaliana,GBIF
Ianassa lignicolor,GBIF
Ianassa paradisus,GBIF
Ianius mosca,GBIF
Icaricia acmon,GBIF
Icaricia cotundra,GBIF
Icaricia icarioides,GBIF
Icaricia lupini,GBIF
Icaricia neurona,GBIF
Icaricia saepiolus,GBIF
Icaricia shasta,GBIF
Ichthyaetus ichthyaetus,eBird
Icteria virens,eBird
Icterus abeillei,eBird
Icterus bullockii,eBird
Icterus cayanensis,eBird
Icterus cucullatus,eBird
Icterus graduacauda,eBird
Icterus gularis,eBird
Icterus icterus,eBird
Icterus parisorum,eBird
Icterus pectoralis,eBird
Icterus pustulatus,eBird
Icterus spurius,eBird
Icterus wagleri,eBird
Ictinia mississippiensis,eBird
Idaea asceta,GBIF
Idaea basinta,GBIF
Idaea bonifata,GBIF
Idaea celtima,GBIF
Idaea demissaria,GBIF
Idaea furciferata,GBIF
Idaea gemmata,GBIF
Idaea hilliata,GBIF
Idaea insulensis,GBIF
Idaea kendallaria,GBIF
Idaea microphysa,GBIF
Idaea micropterata,GBIF
Idaea minuta,GBIF
Idaea oberthuriata,GBIF
Idaea obfusaria,GBIF
Idaea occidentaria,GBIF
Idaea ostentaria,GBIF
Idaea pervertipennis,GBIF
Idaea productata,GBIF
Idaea retractaria,GBIF
Idaea scintillularia,GBIF
Idaea seriata,GBIF
Idaea skinnerata,GBIF
Idaea tacturata,GBIF
Idaea violacearia,GBIF
Idia denticulalis,GBIF
Idia diminuendis,GBIF
Idia forbesii,GBIF
Idia gopheri,GBIF
Idia immaculalis,GBIF
Idia julia,GBIF
Idia laurentii,GBIF
Idia majoralis,GBIF
Idia occidentalis,GBIF
Idia parvulalis,GBIF
Idia rotundalis,GBIF
Idia scobialis,GBIF
Idia suffusalis,GBIF
Idia terrebralis,GBIF
Ilexia intractata,GBIF
Imma mylias,GBIF
Incisalia angustinus,GBIF
Incisalia augustus,GBIF
Incisalia doudoroffi,GBIF
Incisalia eryphon,GBIF
Incisalia hadros,GBIF
Incisalia irioides,GBIF
Incisalia lanoraieensis,GBIF
Incurvaria vetulella,GBIF
Inga canariella,GBIF
Inga ciliella,GBIF
Inga concolorella,GBIF
Inga cretacea,GBIF
Inga obscuromaculella,GBIF
Inga rimatrix,GBIF
Inga sparsiciliella,GBIF
Inguromorpha basalis,GBIF
Inopsis funerea,GBIF
Inopsis modulata,GBIF
Insuloschema barbarae,GBIF
Interjectio columbiella,GBIF
Interjectio denticulella,GBIF
Interjectio niviella,GBIF
Iodopepla ualbum,GBIF
Ipimorpha nanaimo,GBIF
Ipimorpha viridipallida,GBIF
Iridopsis clivinaria,GBIF
Iridopsis cypressaria,GBIF
Iridopsis dataria,GBIF
Iridopsis emasculatum,GBIF
Iridopsis fragilaria,GBIF
Iridopsis gemella,GBIF
Iridopsis jacumbaria,GBIF
Iridopsis obliquaria,GBIF
Iridopsis perfectaria,GBIF
Iridopsis pergracilis,GBIF
Iridopsis pseudoherse,GBIF
Iridopsis sancta,GBIF
Iridopsis sanctissima,GBIF
Isa schaefferana,GBIF
Iscadia aperta,GBIF
Isocorypha mediostriatella,GBIF
Isognathus menechus,GBIF
Isogona natatrix,GBIF
Isogona punctipennis,GBIF
Isogona scindens,GBIF
Isogona segura,GBIF
Isogona snowi,GBIF
Isogona texana,GBIF
Isophrictis actiella,GBIF
Isophrictis actinopa,GBIF
Isophrictis anteliella,GBIF
Isophrictis canicostella,GBIF
Isophrictis magnella,GBIF
Isophrictis modesta,GBIF
Isophrictis pennella,GBIF
Isophrictis rudbeckiella,GBIF
Isophrictis similiella,GBIF
Isophrictis striatella,GBIF
Isophrictis trimaculella,GBIF
Isturgia dislocaria,GBIF
Itaballia demophile,GBIF
Ithome aquila,GBIF
Ithome curvipunctella,GBIF
Ithome erransella,GBIF
Ithome lassula,GBIF
Ithome simulatrix,GBIF
Itomia multilinea,GBIF
Itomia opistographa,GBIF
Ixala desperaria,GBIF
Ixala proutearia,GBIF
Ixoreus naevius,eBird
Jabiru mycteria,eBird
Jacana spinosa,eBird
Janseodes melanospila,GBIF
Janzena pyraliformis,GBIF
Jativa castanealis,GBIF
Jerapowellia burnsorum,GBIF
Junco phaeonotus,eBird
Junonia evarete,GBIF
Junonia grisea,GBIF
Junonia lavinia,GBIF
Junonia neildi,GBIF
Junonia nigrosuffusa,GBIF
Junonia stemosa,GBIF
Junonia westermanni,GBIF
Jynx torquilla,eBird
Kakopoda progenies,GBIF
Kalkoma zapata,GBIF
Kauaiina alakaii,GBIF
Kauaiina ioxantha,GBIF
Kauaiina montgomeryi,GBIF
Kauaiina parva,GBIF
Kauaiina rubropulverula,GBIF
Kearfottia albifasciella,GBIF
Keiferia altisolani,GBIF
Keiferia elmorei,GBIF
Keiferia georgei,GBIF
Keiferia glochinella,GBIF
Keiferia inconspicuella,GBIF
Keiferia lycopersicella,GBIF
Keiferia powelli,GBIF
Ketapangia leucochorda,GBIF
Kocakina fidelis,GBIF
Kodiosoma fulvum,GBIF
Kricogonia lyside,GBIF
La cerveza,GBIF
Labdia semicoccinea,GBIF
Lacanobia grandis,GBIF
Lacinipolia agnata,GBIF
Lacinipolia aileenae,GBIF
Lacinipolia anguina,GBIF
Lacinipolia basiplaga,GBIF
Lacinipolia bucketti,GBIF
Lacinipolia buscki,GBIF
Lacinipolia circumcincta,GBIF
Lacinipolia comis,GBIF
Lacinipolia consimilis,GBIF
Lacinipolia cuneata,GBIF
Lacinipolia davena,GBIF
Lacinipolia delongi,GBIF
Lacinipolia dimocki,GBIF
Lacinipolia erecta,GBIF
Lacinipolia explicata,GBIF
Lacinipolia implicata,GBIF
Lacinipolia incurva,GBIF
Lacinipolia laudabilis,GBIF
Lacinipolia lepidula,GBIF
Lacinipolia leucogramma,GBIF
Lacinipolia longiclava,GBIF
Lacinipolia marinitincta,GBIF
Lacinipolia martini,GBIF
Lacinipolia mimula,GBIF
Lacinipolia naevia,GBIF
Lacinipolia palilis,GBIF
Lacinipolia parvula,GBIF
Lacinipolia patalis,GBIF
Lacinipolia pensilis,GBIF
Lacinipolia quadrilineata,GBIF
Lacinipolia rectilinea,GBIF
Lacinipolia rodora,GBIF
Lacinipolia roseosuffusa,GBIF
Lacinipolia runica,GBIF
Lacinipolia sharonae,GBIF
Lacinipolia spiculosa,GBIF
Lacinipolia stenotis,GBIF
Lacinipolia stricta,GBIF
Lacinipolia strigicollis,GBIF
Lacinipolia subalba,GBIF
Lacinipolia teligera,GBIF
Lacinipolia tricornuta,GBIF
Lacinipolia triplehorni,GBIF
Lacinipolia umbrosa,GBIF
Lacinipolia vicina,GBIF
Lacinipolia viridifera,GBIF
Lacinipolia vittula,GBIF
Lacosoma arizonicum,GBIF
Lactura atrolinea,GBIF
Lactura basistriga,GBIF
Lactura pupula,GBIF
Lactura subfervens,GBIF
Ladoga camilla,GBIF
Laetilia fiskeella,GBIF
Laetilia myersella,GBIF
Laetilia zamacrella,GBIF
Lagonosticta rubricata,eBird
Lagonosticta senegala,eBird
Lagopus lagopus,eBird
Lagopus leucura,eBird
Lagopus muta,eBird
Lambdina canitiaria,GBIF
Lambdina flavilinearia,GBIF
Lambdina laeta,GBIF
Lambdina phantoma,GBIF
Lambdina vitraria,GBIF
Lampides boeticus,GBIF
Lampornis amethystinus,eBird
Lampornis clemenciae,eBird
Lamprolophus lithella,GBIF
Lampronia aenescens,GBIF
Lampronia oregonella,GBIF
Lampronia russatella,GBIF
Lamprosema baracoalis,GBIF
Lamprosema canacealis,GBIF
Lamprosema iarchasalis,GBIF
Lamprosema victoriae,GBIF
Lamprotornis caudatus,eBird
Lamprotornis purpureus,eBird
Lamprotornis superbus,eBird
Landryia impositella,GBIF
Landryia matutella,GBIF
Landryia scintillifera,GBIF
Langessa nomophilalis,GBIF
Laniifera cyclades,GBIF
Lanius borealis,eBird
Lanius collurio,eBird
Lanius cristatus,eBird
Lanius ludovicianus,eBird
Lantanophaga pusillidactylus,GBIF
Lapara phaeobrachycerous,GBIF
Larisa subsolana,GBIF
Larosterna inca,eBird
Larus argentatus,eBird
Larus belcheri,eBird
Larus brachyrhynchus,eBird
Larus californicus,eBird
Larus canus,eBird
Larus crassirostris,eBird
Larus delawarensis,eBird
Larus dominicanus,eBird
Larus fuscus,eBird
Larus glaucescens,eBird
Larus glaucoides,eBird
Larus heermanni,eBird
Larus hyperboreus,eBird
Larus livens,eBird
Larus marinus,eBird
Larus michahellis,eBird
Larus occidentalis,eBird
Larus schistisagus,eBird
Larus smithsonianus,eBird
Larus vegae,eBird
Larvivora cyane,eBird
Larvivora sibilans,eBird
Lascelina canens,GBIF
Lascoria alucitalis,GBIF
Lascoria ambigualis,GBIF
Lascoria coma,GBIF
Lascoria orneodalis,GBIF
Lasioglossum,GBIF
Lasioglossum abanci,GBIF
Lasioglossum aberrans,GBIF
Lasioglossum absimile,GBIF
Lasioglossum abundipunctum,GBIF
Lasioglossum acarophilum,GBIF
Lasioglossum achilleae,GBIF
Lasioglossum actinosum,GBIF
Lasioglossum acuminatum,GBIF
Lasioglossum admirandum,GBIF
Lasioglossum alachuense,GBIF
Lasioglossum albipenne,GBIF
Lasioglossum albohirtum,GBIF
Lasioglossum albuquerquense,GBIF
Lasioglossum aliud,GBIF
Lasioglossum allonotum,GBIF
Lasioglossum amicum,GBIF
Lasioglossum angustius,GBIF
Lasioglossum anhypops,GBIF
Lasioglossum anomalum,GBIF
Lasioglossum apocyni,GBIF
Lasioglossum apopkense,GBIF
Lasioglossum arantium,GBIF
Lasioglossum arcanum,GBIF
Lasioglossum arenisaltans,GBIF
Lasioglossum argammon,GBIF
Lasioglossum argemonis,GBIF
Lasioglossum arizonense,GBIF
Lasioglossum ascheri,GBIF
Lasioglossum aspilurum,GBIF
Lasioglossum asteris,GBIF
Lasioglossum athabascense,GBIF
Lasioglossum atlanticum,GBIF
Lasioglossum atwoodi,GBIF
Lasioglossum aurora,GBIF
Lasioglossum avalonense,GBIF
Lasioglossum bardum,GBIF
Lasioglossum batya,GBIF
Lasioglossum birkmanni,GBIF
Lasioglossum boreale,GBIF
Lasioglossum bruneri,GBIF
Lasioglossum brunneiventre,GBIF
Lasioglossum buccale,GBIF
Lasioglossum cabrilli,GBIF
Lasioglossum cactorum,GBIF
Lasioglossum caducum,GBIF
Lasioglossum californiae,GBIF
Lasioglossum callidum,GBIF
Lasioglossum carlinvillense,GBIF
Lasioglossum cattellae,GBIF
Lasioglossum ceanothi,GBIF
Lasioglossum cephalotes,GBIF
Lasioglossum channelense,GBIF
Lasioglossum cinctipes,GBIF
Lasioglossum clarissimum,GBIF
Lasioglossum clematisellum,GBIF
Lasioglossum coactum,GBIF
Lasioglossum coeruleum,GBIF
Lasioglossum colatum,GBIF
Lasioglossum collegum,GBIF
Lasioglossum comagenense,GBIF
Lasioglossum comulum,GBIF
Lasioglossum concessum,GBIF
Lasioglossum connexum,GBIF
Lasioglossum cooleyi,GBIF
Lasioglossum cordleyi,GBIF
Lasioglossum coreopsis,GBIF
Lasioglossum coriaceum,GBIF
Lasioglossum costulatum,GBIF
Lasioglossum creberrimum,GBIF
Lasioglossum cressonii,GBIF
Lasioglossum cyaneonotum,GBIF
Lasioglossum daggetti,GBIF
Lasioglossum danforthi,GBIF
Lasioglossum dashwoodi,GBIF
Lasioglossum delectatum,GBIF
Lasioglossum deliense,GBIF
Lasioglossum desertum,GBIF
Lasioglossum diatretum,GBIF
Lasioglossum disparile,GBIF
Lasioglossum divergenoides,GBIF
Lasioglossum divergens,GBIF
Lasioglossum diversopunctatum,GBIF
Lasioglossum dreisbachi,GBIF
Lasioglossum droegei,GBIF
Lasioglossum ebmerellum,GBIF
Lasioglossum egregium,GBIF
Lasioglossum eickworti,GBIF
Lasioglossum eleutherense,GBIF
Lasioglossum ellisiae,GBIF
Lasioglossum eophilium,GBIF
Lasioglossum ephialtum,GBIF
Lasioglossum fattigi,GBIF
Lasioglossum fedorense,GBIF
Lasioglossum festinum,GBIF
Lasioglossum flaveriae,GBIF
Lasioglossum floridanum,GBIF
Lasioglossum forbesii,GBIF
Lasioglossum foveolatum,GBIF
Lasioglossum foxii,GBIF
Lasioglossum fratellum,GBIF
Lasioglossum fuscipenne,GBIF
Lasioglossum gaudiale,GBIF
Lasioglossum gemmatum,GBIF
Lasioglossum georgeickworti,GBIF
Lasioglossum giffardi,GBIF
Lasioglossum glabriventre,GBIF
Lasioglossum gotham,GBIF
Lasioglossum granosum,GBIF
Lasioglossum grinnelli,GBIF
Lasioglossum griswoldi,GBIF
Lasioglossum halophitum,GBIF
Lasioglossum hammondi,GBIF
Lasioglossum hartii,GBIF
Lasioglossum hemimelas,GBIF
Lasioglossum heterognathum,GBIF
Lasioglossum heterorhinum,GBIF
Lasioglossum hitchensi,GBIF
Lasioglossum hudsoniellum,GBIF
Lasioglossum hunteri,GBIF
Lasioglossum hyalinum,GBIF
Lasioglossum illinoense,GBIF
Lasioglossum imbrex,GBIF
Lasioglossum imitatum,GBIF
Lasioglossum immigrans,GBIF
Lasioglossum impavidum,GBIF
Lasioglossum incompletum,GBIF
Lasioglossum inconditum,GBIF
Lasioglossum izawsum,GBIF
Lasioglossum julipile,GBIF
Lasioglossum katherineae,GBIF
Lasioglossum kincaidii,GBIF
Lasioglossum knereri,GBIF
Lasioglossum kunzei,GBIF
Lasioglossum laevissimum,GBIF
Lasioglossum lampronotum,GBIF
Lasioglossum lazulis,GBIF
Lasioglossum lepidii,GBIF
Lasioglossum leucocomum,GBIF
Lasioglossum leucozonium,GBIF
Lasioglossum leviense,GBIF
Lasioglossum lilianae,GBIF
Lasioglossum lilliputense,GBIF
Lasioglossum lineatulum,GBIF
Lasioglossum lineatum,GBIF
Lasioglossum lionotum,GBIF
Lasioglossum longicorne,GBIF
Lasioglossum longifrons,GBIF
Lasioglossum lusorium,GBIF
Lasioglossum macoupinense,GBIF
Lasioglossum macroprosopum,GBIF
Lasioglossum manitouellum,GBIF
Lasioglossum marinense,GBIF
Lasioglossum marinum,GBIF
Lasioglossum megastictum,GBIF
Lasioglossum mellipes,GBIF
Lasioglossum mesillense,GBIF
Lasioglossum michiganense,GBIF
Lasioglossum microlepoides,GBIF
Lasioglossum miguelense,GBIF
Lasioglossum miltolepoides,GBIF
Lasioglossum minckleyi,GBIF
Lasioglossum miniatulum,GBIF
Lasioglossum mitchelli,GBIF
Lasioglossum morrilli,GBIF
Lasioglossum nelumbonis,GBIF
Lasioglossum nevadense,GBIF
Lasioglossum nigrescens,GBIF
Lasioglossum nigroviride,GBIF
Lasioglossum nigrum,GBIF
Lasioglossum noctivaga,GBIF
Lasioglossum novascotiae,GBIF
Lasioglossum nymphaearum,GBIF
Lasioglossum nymphale,GBIF
Lasioglossum oblongum,GBIF
Lasioglossum obnubilum,GBIF
Lasioglossum obscurior,GBIF
Lasioglossum obscurum,GBIF
Lasioglossum occidentale,GBIF
Lasioglossum occultum,GBIF
Lasioglossum oceanicum,GBIF
Lasioglossum oleosum,GBIF
Lasioglossum olympiae,GBIF
Lasioglossum orthocarpi,GBIF
Lasioglossum ovaliceps,GBIF
Lasioglossum pacatum,GBIF
Lasioglossum pacificum,GBIF
Lasioglossum packeri,GBIF
Lasioglossum pallidellum,GBIF
Lasioglossum paradmirandum,GBIF
Lasioglossum paraforbesii,GBIF
Lasioglossum parvum,GBIF
Lasioglossum pavoninum,GBIF
Lasioglossum pavonotum,GBIF
Lasioglossum pectorale,GBIF
Lasioglossum pectoraloides,GBIF
Lasioglossum pensitum,GBIF
Lasioglossum perdifficile,GBIF
Lasioglossum perichlarum,GBIF
Lasioglossum perparvum,GBIF
Lasioglossum perpunctatum,GBIF
Lasioglossum petrellum,GBIF
Lasioglossum pictum,GBIF
Lasioglossum pilosum,GBIF
Lasioglossum planatum,GBIF
Lasioglossum platyparium,GBIF
Lasioglossum potosi,GBIF
Lasioglossum prasinogaster,GBIF
Lasioglossum pruinosiforme,GBIF
Lasioglossum pruinosum,GBIF
Lasioglossum pseudotegulare,GBIF
Lasioglossum pulveris,GBIF
Lasioglossum punctatoventre,GBIF
Lasioglossum punctatum,GBIF
Lasioglossum puteulanum,GBIF
Lasioglossum pygmaeum,GBIF
Lasioglossum quebecense,GBIF
Lasioglossum quebecensis,GBIF
Lasioglossum raleighense,GBIF
Lasioglossum reasbeckae,GBIF
Lasioglossum reticulatum,GBIF
Lasioglossum rhodognathum,GBIF
Lasioglossum robertsoni,GBIF
Lasioglossum robustum,GBIF
Lasioglossum rohweri,GBIF
Lasioglossum rozeni,GBIF
Lasioglossum ruficorne,GBIF
Lasioglossum rufitarse,GBIF
Lasioglossum rufornatum,GBIF
Lasioglossum ruidosense,GBIF
Lasioglossum rupticristum,GBIF
Lasioglossum sablense,GBIF
Lasioglossum sagax,GBIF
Lasioglossum sandhousiellum,GBIF
Lasioglossum scobe,GBIF
Lasioglossum sedi,GBIF
Lasioglossum seillean,GBIF
Lasioglossum semibrunneum,GBIF
Lasioglossum semicaeruleum,GBIF
Lasioglossum sequoiae,GBIF
Lasioglossum sheffieldi,GBIF
Lasioglossum simplex,GBIF
Lasioglossum sisymbrii,GBIF
Lasioglossum sopinci,GBIF
Lasioglossum spivakae,GBIF
Lasioglossum stictaspis,GBIF
Lasioglossum stuartense,GBIF
Lasioglossum subobscurum,GBIF
Lasioglossum subversans,GBIF
Lasioglossum subviridatum,GBIF
Lasioglossum succinipenne,GBIF
Lasioglossum surianae,GBIF
Lasioglossum swenki,GBIF
Lasioglossum synthyridis,GBIF
Lasioglossum tamiamense,GBIF
Lasioglossum tarponense,GBIF
Lasioglossum taylorae,GBIF
Lasioglossum tegulare,GBIF
Lasioglossum tegulariforme,GBIF
Lasioglossum tenax,GBIF
Lasioglossum testaceum,GBIF
Lasioglossum texanum,GBIF
Lasioglossum timberlakei,GBIF
Lasioglossum timothyi,GBIF
Lasioglossum titusi,GBIF
Lasioglossum tridens,GBIF
Lasioglossum trigeminum,GBIF
Lasioglossum trizonatum,GBIF
Lasioglossum truncatum,GBIF
Lasioglossum tuolumnense,GBIF
Lasioglossum urbanum,GBIF
Lasioglossum veganum,GBIF
Lasioglossum versans,GBIF
Lasioglossum versatum,GBIF
Lasioglossum vierecki,GBIF
Lasioglossum villosulum,GBIF
Lasioglossum viridatum,GBIF
Lasioglossum viridipetrellum,GBIF
Lasioglossum weemsi,GBIF
Lasioglossum yukonae,GBIF
Lasioglossum zephyrum,GBIF
Lasioglossum zonulum,GBIF
Lasioglossum zophops,GBIF
Lasionycta benjamini,GBIF
Lasionycta brunnea,GBIF
Lasionycta coloradensis,GBIF
Lasionycta conjugata,GBIF
Lasionycta discolor,GBIF
Lasionycta dolosa,GBIF
Lasionycta fergusoni,GBIF
Lasionycta impingens,GBIF
Lasionycta leucocycla,GBIF
Lasionycta mutilata,GBIF
Lasionycta perplexa,GBIF
Lasionycta promulsa,GBIF
Lasionycta pulverea,GBIF
Lasionycta quadrilunata,GBIF
Lasionycta sasquatch,GBIF
Lasionycta secedens,GBIF
Lasionycta subalpina,GBIF
Lasionycta subfuscula,GBIF
Lasionycta taigata,GBIF
Lasionycta uniformis,GBIF
Latebraria amphipyroides,GBIF
Laterallus jamaicensis,eBird
Lateroligia ophiogramma,GBIF
Legatus leucophaius,eBird
Leiopodus singularis,GBIF
Leiothlypis celata,eBird
Leiothlypis crissalis,eBird
Leiothlypis luciae,eBird
Leiothlypis peregrina,eBird
Leiothlypis ruficapilla,eBird
Leiothlypis virginiae,eBird
Leiothrix lutea,eBird
Lemmeria digitalis,GBIF
Lepidomys irrenosa,GBIF
Lepidopoda rubripicta,GBIF
Lepidotarphius perornatella,GBIF
Lepipolys perscripta,GBIF
Leptarctia californiae,GBIF
Leptoptilos crumenifer,eBird
Leptostales crossii,GBIF
Leptostales ferruminaria,GBIF
Leptostales hepaticaria,GBIF
Leptostales laevitaria,GBIF
Leptostales pannaria,GBIF
Leptosteges flavifascialis,GBIF
Leptosteges vestaliella,GBIF
Leptotes cassius,GBIF
Leptotes theonus,GBIF
Leptotila verreauxi,eBird
Lerema ancillaris,GBIF
Lerina incarnata,GBIF
Lerodea arabus,GBIF
Lerodea dysaules,GBIF
Lesmone detrahens,GBIF
Lesmone formularis,GBIF
Lesmone fufius,GBIF
Lesmone griseipennis,GBIF
Lesmone hinna,GBIF
Lethe anthedon,GBIF
Lethe creola,GBIF
Lethe eurydice,GBIF
Lethe fumosus,GBIF
Letis xylia,GBIF
Leucanella leucane,GBIF
Leucania adjuta,GBIF
Leucania anteroclara,GBIF
Leucania calidior,GBIF
Leucania commoides,GBIF
Leucania dorsalis,GBIF
Leucania extincta,GBIF
Leucania farcta,GBIF
Leucania humidicola,GBIF
Leucania imperfecta,GBIF
Leucania incognita,GBIF
Leucania inconspicua,GBIF
Leucania inermis,GBIF
Leucania infatuans,GBIF
Leucania lapidaria,GBIF
Leucania latiuscula,GBIF
Leucania linda,GBIF
Leucania linita,GBIF
Leucania lobrega,GBIF
Leucania oaxacana,GBIF
Leucania pilipalpis,GBIF
Leucania scirpicola,GBIF
Leucania scottii,GBIF
Leucania senescens,GBIF
Leucania stenographa,GBIF
Leucania stolata,GBIF
Leucania striata,GBIF
Leucanopsis longa,GBIF
Leucanopsis lurida,GBIF
Leucanopsis perdentata,GBIF
Leucanthiza amphicarpeaefoliella,GBIF
Leucobrephos brephoides,GBIF
Leucochroma corope,GBIF
Leucocnemis nivalis,GBIF
Leucocnemis perfundis,GBIF
Leucocnemis variabilis,GBIF
Leucogoniella californica,GBIF
Leucogoniella distincta,GBIF
Leucomele miriamella,GBIF
Leuconotopicus albolarvatus,eBird
Leuconotopicus arizonae,eBird
Leuconotopicus borealis,eBird
Leuconotopicus villosus,eBird
Leuconycta lepidula,GBIF
Leucophaeus atricilla,eBird
Leucophaeus modestus,eBird
Leucophaeus pipixcan,eBird
Leucopsar rothschildi,eBird
Leucoptera coffeella,GBIF
Leucoptera erythrinella,GBIF
Leucoptera guettardella,GBIF
Leucoptera heinrichi,GBIF
Leucoptera laburnella,GBIF
Leucoptera pachystimella,GBIF
Leucoptera robiniella,GBIF
Leucosticte arctoa,eBird
Leucosticte atrata,eBird
Leucosticte australis,eBird
Leucosticte tephrocotis,eBird
Libytheana bachmanni,GBIF
Lichnoptera decora,GBIF
Ligdia wagneri,GBIF
Limenitis astyanax,GBIF
Limenitis bredowii,GBIF
Limenitis fessonia,GBIF
Limenitis lorquini,GBIF
Limenitis reducta,GBIF
Limenitis weidemeyerii,GBIF
Limenitis weidermeyerii,GBIF
Limnodromus griseus,eBird
Limnodromus scolopaceus,eBird
Limnothlypis swainsonii,eBird
Limochores sonora,GBIF
Limosa fedoa,eBird
Limosa haemastica,eBird
Limosa lapponica,eBird
Limosa limosa,eBird
Linaria cannabina,eBird
Lindera tessellatella,GBIF
Lineodes elcodes,GBIF
Lineodes fontella,GBIF
Lineodes integra,GBIF
Lineodes interrupta,GBIF
Lineodes triangulalis,GBIF
Lineodes vulnifica,GBIF
Lineostriastiria biundulalis,GBIF
Lineostriastiria hachita,GBIF
Lineostriastiria hutsoni,GBIF
Lineostriastiria olivalis,GBIF
Lineostriastiria sexseriata,GBIF
Lintneria eremitoides,GBIF
Lintneria eremitus,GBIF
Lintneria istar,GBIF
Lintneria separatus,GBIF
Lintneria smithi,GBIF
Lioptilodes albistriolatus,GBIF
Lipocosma adelalis,GBIF
Lipocosma albinibasalis,GBIF
Lipocosma intermedialis,GBIF
Lipocosma polingi,GBIF
Lipocosma septa,GBIF
Lipocosma sicalis,GBIF
Lipocosmodes fuliginosalis,GBIF
Lipographis fenestrella,GBIF
Lipographis leoninella,GBIF
Lipographis umbrella,GBIF
Lipotriches semihirta,GBIF
Lipotriches testacea,GBIF
Lirimiris truncata,GBIF
Lithacodes fiskeana,GBIF
Lithacodes gracea,GBIF
Lithacodes graefii,GBIF
Lithacodia costaricana,GBIF
Lithacodia musta,GBIF
Lithacodia phya,GBIF
Lithariapteryx abroniaeella,GBIF
Lithariapteryx jubarella,GBIF
Lithariapteryx mirabilinella,GBIF
Lithophane abita,GBIF
Lithophane adipel,GBIF
Lithophane atara,GBIF
Lithophane boogeri,GBIF
Lithophane contenta,GBIF
Lithophane contra,GBIF
Lithophane dilatocula,GBIF
Lithophane franclemonti,GBIF
Lithophane gausapata,GBIF
Lithophane itata,GBIF
Lithophane jefferyi,GBIF
Lithophane joannis,GBIF
Lithophane laceyi,GBIF
Lithophane lanei,GBIF
Lithophane longior,GBIF
Lithophane nasar,GBIF
Lithophane pertorrida,GBIF
Lithophane ponderosa,GBIF
Lithophane puella,GBIF
Lithophane scottae,GBIF
Lithophane subtilis,GBIF
Lithophane tarda,GBIF
Lithophane tephrina,GBIF
Lithophane thujae,GBIF
Lithophane torrida,GBIF
Lithostege deserticola,GBIF
Lithostege fuscata,GBIF
Lithurgopsis apicalis,GBIF
Lithurgopsis echinocacti,GBIF
Lithurgopsis gibbosa,GBIF
Lithurgopsis listrota,GBIF
Lithurgopsis littoralis,GBIF
Lithurgopsis planifrons,GBIF
Lithurgus chrysurus,GBIF
Lithurgus scabrosus,GBIF
Litocala sexsignata,GBIF
Litodonta aonides,GBIF
Litodonta contrasta,GBIF
Litodonta gigantea,GBIF
Litodonta hydromeli,GBIF
Litodonta wymola,GBIF
Litoprosopus bahamensis,GBIF
Litoprosopus coachella,GBIF
Litoprosopus confligens,GBIF
Litoprosopus futilis,GBIF
Litoprosopus linea,GBIF
Lobesia bicinctana,GBIF
Lobesia botrana,GBIF
Lobesia carduana,GBIF
Lobocleta granitaria,GBIF
Lobocleta griseata,GBIF
Lobocleta lanceolata,GBIF
Lobocleta peralbata,GBIF
Lobocleta quaesitata,GBIF
Lobophora canavestita,GBIF
Lobophora magnoliatoidata,GBIF
Lobophora montanata,GBIF
Lobophora simsata,GBIF
Lobotractus mysie,GBIF
Locustella fluviatilis,eBird
Locustella lanceolata,eBird
Lomographa elsinora,GBIF
Lon hobomok,GBIF
Lon melane,GBIF
Lon taxiles,GBIF
Lon zabulon,GBIF
Lonchura atricapilla,eBird
Lonchura maja,eBird
Lonchura malacca,eBird
Lonchura punctulata,eBird
Lonchura striata,eBird
Lophocampa annulosa,GBIF
Lophocampa argentata,GBIF
Lophocampa bicolor,GBIF
Lophocampa indistincta,GBIF
Lophocampa ingens,GBIF
Lophocampa mixta,GBIF
Lophocampa pura,GBIF
Lophocampa roseata,GBIF
Lophocampa significans,GBIF
Lophocampa sobrina,GBIF
Lophoceramica artega,GBIF
Lophodytes cucullatus,eBird
Lophonetta specularioides,eBird
Lophosis labeculata,GBIF
Lophura leucomelanos,eBird
Lophura nycthemera,eBird
Lophura swinhoii,eBird
Lorita baccharivora,GBIF
Lorita scarificata,GBIF
Lorius garrulus,eBird
Loryma recusata,GBIF
Loscopia velata,GBIF
Loxia sinesciuris,eBird
Loxioides bailleui,eBird
Loxocrambus awemensis,GBIF
Loxocrambus canellus,GBIF
Loxocrambus coloradellus,GBIF
Loxocrambus mohaviellus,GBIF
Loxofidonia acidaliata,GBIF
Loxomorpha flavidissimalis,GBIF
Loxops caeruleirostris,eBird
Loxops coccineus,eBird
Loxops mana,eBird
Loxops ochraceus,eBird
Loxostege albiceralis,GBIF
Loxostege allectalis,GBIF
Loxostege anartalis,GBIF
Loxostege annaphilalis,GBIF
Loxostege brunneitincta,GBIF
Loxostege cereralis,GBIF
Loxostege egregialis,GBIF
Loxostege ephippialis,GBIF
Loxostege floridalis,GBIF
Loxostege immerens,GBIF
Loxostege indentalis,GBIF
Loxostege kearfottalis,GBIF
Loxostege lepidalis,GBIF
Loxostege oberthuralis,GBIF
Loxostege quaestoralis,GBIF
Loxostege sierralis,GBIF
Loxostege typhonalis,GBIF
Loxostege unicoloralis,GBIF
Loxostegopsis curialis,GBIF
Loxostegopsis polle,GBIF
Loxostegopsis xanthocrypta,GBIF
Lozotaenia costinotana,GBIF
Lozotaenia exomilana,GBIF
Lozotaenia hesperia,GBIF
Lozotaenia rindgei,GBIF
Luperina venosa,GBIF
Luscinia svecica,eBird
Lycaeides anna,GBIF
Lycaeides idas,GBIF
Lycaena abbottii,GBIF
Lycaena annetta,GBIF
Lycaena arethusa,GBIF
Lycaena arota,GBIF
Lycaena cupreus,GBIF
Lycaena cyna,GBIF
Lycaena dione,GBIF
Lycaena editha,GBIF
Lycaena gorgon,GBIF
Lycaena heteronea,GBIF
Lycaena hyllus,GBIF
Lycaena hypophlaeas,GBIF
Lycaena mariposa,GBIF
Lycaena neurona,GBIF
Lycaena nivalis,GBIF
Lycaena phlaeas,GBIF
Lycaena rubidus,GBIF
Lycaena rustica,GBIF
Lycaena snowi,GBIF
Lycaena xanthoides,GBIF
Lychnosea helveolaria,GBIF
Lychnosea intermicata,GBIF
Lycia hirtaria,GBIF
Lycomorpha fulgens,GBIF
Lycomorpha grotei,GBIF
Lycomorpha pholus,GBIF
Lycomorpha regulus,GBIF
Lycomorpha splendens,GBIF
Lycophotia phyllophora,GBIF
Lycorea cleobaea,GBIF
Lycorea eva,GBIF
Lygephila exsiccata,GBIF
Lygephila lubrosa,GBIF
Lygephila victoria,GBIF
Lygropia fusalis,GBIF
Lygropia octonalis,GBIF
Lygropia rivulalis,GBIF
Lygropia tripunctata,GBIF
Lymantria dispar,GBIF
Lymantria umbrosa,GBIF
Lymire edwardsii,GBIF
Lymnocryptes minimus,eBird
Lyonetia alniella,GBIF
Lyonetia latistrigella,GBIF
Lyonetia ledi,GBIF
Lyonetia prunifoliella,GBIF
Lypotigris reginalis,GBIF
Lythrodes radiatus,GBIF
Lythrodes tripuncta,GBIF
Lythrodes venatus,GBIF
Lytrosis heitzmanorum,GBIF
Lytrosis permagnaria,GBIF
Lytrosis sinuosa,GBIF
Macalla glastianalis,GBIF
Macalla thyrsisalis,GBIF
Macalla zelleri,GBIF
Macaria abruptata,GBIF
Macaria abydata,GBIF
Macaria adonis,GBIF
Macaria aemulataria,GBIF
Macaria aequiferaria,GBIF
Macaria amboflava,GBIF
Macaria anataria,GBIF
Macaria andersoni,GBIF
Macaria argillacearia,GBIF
Macaria atrimacularia,GBIF
Macaria austrinata,GBIF
Macaria benigna,GBIF
Macaria bicolorata,GBIF
Macaria bisignata,GBIF
Macaria bitactata,GBIF
Macaria brunneata,GBIF
Macaria colata,GBIF
Macaria coloradensis,GBIF
Macaria confederata,GBIF
Macaria coortaria,GBIF
Macaria deceptrix,GBIF
Macaria decorata,GBIF
Macaria denticulodes,GBIF
Macaria distribuaria,GBIF
Macaria errata,GBIF
Macaria evagaria,GBIF
Macaria everiata,GBIF
Macaria exauspicata,GBIF
Macaria extemporata,GBIF
Macaria fissinotata,GBIF
Macaria flavicaria,GBIF
Macaria granitata,GBIF
Macaria graphidaria,GBIF
Macaria grossbecki,GBIF
Macaria guenearia,GBIF
Macaria inextricata,GBIF
Macaria loricaria,GBIF
Macaria lorquinaria,GBIF
Macaria marcescaria,GBIF
Macaria marmorata,GBIF
Macaria masquerata,GBIF
Macaria mendicata,GBIF
Macaria metanemaria,GBIF
Macaria minorata,GBIF
Macaria multilineata,GBIF
Macaria nervata,GBIF
Macaria notata,GBIF
Macaria nundinata,GBIF
Macaria occiduaria,GBIF
Macaria octolineata,GBIF
Macaria oweni,GBIF
Macaria pallipennata,GBIF
Macaria perplexata,GBIF
Macaria pinistrobata,GBIF
Macaria plumosata,GBIF
Macaria ponderosae,GBIF
Macaria promiscuata,GBIF
Macaria pustularia,GBIF
Macaria quadrilinearia,GBIF
Macaria ribearia,GBIF
Macaria sanfordi,GBIF
Macaria schatzeata,GBIF
Macaria sexmaculata,GBIF
Macaria signaria,GBIF
Macaria simplex,GBIF
Macaria simpliciata,GBIF
Macaria subcessaria,GBIF
Macaria submarmorata,GBIF
Macaria sulphurea,GBIF
Macaria tenebrosata,GBIF
Macaria transitaria,GBIF
Macaria truncataria,GBIF
Macaria ulsterata,GBIF
Macaria umbriferata,GBIF
Macaria unipunctaria,GBIF
Macaria varadaria,GBIF
Machetornis rixosa,eBird
Machimia tentoriferella,GBIF
Macristis geminipunctalis,GBIF
Macristis schausi,GBIF
Macrochilo bivittata,GBIF
Macrochilo hypocritalis,GBIF
Macrochilo litophora,GBIF
Macrochilo louisiana,GBIF
Macrochilo morbidalis,GBIF
Macrochilo orciferalis,GBIF
Macrochilo santerivalis,GBIF
Macrocneme chrysitis,GBIF
Macroglossum pyrrhosticta,GBIF
Macroglossum stellatarum,GBIF
Macronectes halli,eBird
Macronoctua dolens,GBIF
Macropis steironematis,GBIF
Macrorrhinia aureofasciella,GBIF
Macrorrhinia dryadella,GBIF
Macrorrhinia endonephele,GBIF
Macrorrhinia ochrella,GBIF
Macrorrhinia parvulella,GBIF
Macrosaccus coursetiae,GBIF
Macrosaccus gliricideae,GBIF
Macrosaccus morrisella,GBIF
Macrosaccus neomexicanus,GBIF
Macrosaccus robiniella,GBIF
Macrosaccus uhlerella,GBIF
Macrotera arcuata,GBIF
Macrotera crassa,GBIF
Macrotera echinocacti,GBIF
Macrotera haplura,GBIF
Macrotera laticauda,GBIF
Macrotera latior,GBIF
Macrotera magniceps,GBIF
Macrotera mellea,GBIF
Macrotera mortuaria,GBIF
Macrotera opacella,GBIF
Macrotera opuntiae,GBIF
Macrotera parkeri,GBIF
Macrotera portalis,GBIF
Macrotera texana,GBIF
Macrotera tristella,GBIF
Macrurocampa dorothea,GBIF
Madoryx pseudothyreus,GBIF
Magumma parva,eBird
Magusa divaricata,GBIF
Magusa orbifera,GBIF
Malacodea pulchraria,GBIF
Malacosoma americana,GBIF
Malacosoma constricta,GBIF
Malacosoma incurva,GBIF
Malacosoma tigris,GBIF
Maliattha concinnimacula,GBIF
Malthaca caelebs,GBIF
Malthaca dimidiata,GBIF
Mamestra configurata,GBIF
Mammifrontia rileyi,GBIF
Mammifrontia sarae,GBIF
Manataria hercyna,GBIF
Manataria maculata,GBIF
Manbuta pyraliformis,GBIF
Manduca blackburni,GBIF
Manduca brontes,GBIF
Manduca florestan,GBIF
Manduca lanuginosa,GBIF
Manduca muscosa,GBIF
Manduca occulta,GBIF
Manduca quinquemaculatus,GBIF
Manduca sexta,GBIF
Mantua fulvosericea,GBIF
Manulea bicolor,GBIF
Manulea japonica,GBIF
Maracayia chlorisalis,GBIF
Marasmia cochrusalis,GBIF
Marasmia trapezalis,GBIF
Marathyssa minus,GBIF
Mareca americana,eBird
Mareca falcata,eBird
Mareca penelope,eBird
Mareca sibilatrix,eBird
Mareca strepera,eBird
Margarops fuscatus,eBird
Maricopa lativittella,GBIF
Marilopteryx lutina,GBIF
Marimatha nigrofimbria,GBIF
Marimatha piscimala,GBIF
Marimatha quadrata,GBIF
Marimatha tripuncta,GBIF
Marmara arbutiella,GBIF
Marmara elotella,GBIF
Marmara guilandinella,GBIF
Marmara gulosa,GBIF
Marmara habecki,GBIF
Marmara oregonensis,GBIF
Marmara smilacisella,GBIF
Marmara viburnella,GBIF
Marmaronetta angustirostris,eBird
Maroga melanostigma,GBIF
Marpesia chiron,GBIF
Marpesia eleuchea,GBIF
Marpesia petreus,GBIF
Martia arizonella,GBIF
Martinapis luteicornis,GBIF
Martinapis occidentalis,GBIF
Martyringa latipennis,GBIF
Martyringa ravicapitis,GBIF
Martyringa xeraula,GBIF
Maruca vitrata,GBIF
Massala obvertens,GBIF
Mastor aenus,GBIF
Mastor aesculapius,GBIF
Mastor alternata,GBIF
Mastor carolina,GBIF
Mastor cassus,GBIF
Mastor celia,GBIF
Mastor elissa,GBIF
Mastor eos,GBIF
Mastor exoteria,GBIF
Mastor fimbriata,GBIF
Mastor hegon,GBIF
Mastor nereus,GBIF
Mastor nysa,GBIF
Mastor oslari,GBIF
Mastor phylace,GBIF
Mastor simius,GBIF
Mastor texanae,GBIF
Mastor tolteca,GBIF
Mastor vialis,GBIF
Mathildana flipria,GBIF
Mathildana newmanella,GBIF
Matigramma adoceta,GBIF
Matigramma emmilta,GBIF
Matigramma inopinata,GBIF
Matigramma necopina,GBIF
Matigramma obscurior,GBIF
Matigramma pulverilinea,GBIF
Matigramma repentina,GBIF
Matigramma rubrosuffusa,GBIF
Mea bipunctella,GBIF
Mea skinnerella,GBIF
Mechanitis polymnia,GBIF
Mecyna luscitialis,GBIF
Mecyna mustelinalis,GBIF
Mecyna submedialis,GBIF
Megaceryle alcyon,eBird
Megaceryle torquata,eBird
Megachile,GBIF
Megachile abacula,GBIF
Megachile addenda,GBIF
Megachile adelphodonta,GBIF
Megachile agustini,GBIF
Megachile albitarsis,GBIF
Megachile amica,GBIF
Megachile angelarum,GBIF
Megachile angularis,GBIF
Megachile anograe,GBIF
Megachile apicalis,GBIF
Megachile armaticeps,GBIF
Megachile astragali,GBIF
Megachile aurorea,GBIF
Megachile bahamensis,GBIF
Megachile binotulata,GBIF
Megachile bradleyi,GBIF
Megachile brevis,GBIF
Megachile browni,GBIF
Megachile carinata,GBIF
Megachile casadae,GBIF
Megachile centuncularis,GBIF
Megachile chichimeca,GBIF
Megachile chilopsidis,GBIF
Megachile chlorura,GBIF
Megachile chomskyi,GBIF
Megachile chrysopogon,GBIF
Megachile circumcincta,GBIF
Megachile cochisiana,GBIF
Megachile comata,GBIF
Megachile concinna,GBIF
Megachile coquilletti,GBIF
Megachile dakotensis,GBIF
Megachile davidsoni,GBIF
Megachile deflexa,GBIF
Megachile dentitarsus,GBIF
Megachile discorhina,GBIF
Megachile ericetorum,GBIF
Megachile exilis,GBIF
Megachile fidelis,GBIF
Megachile fortis,GBIF
Megachile frigida,GBIF
Megachile frugalis,GBIF
Megachile fucata,GBIF
Megachile fullawayi,GBIF
Megachile gemula,GBIF
Megachile gentilis,GBIF
Megachile georgica,GBIF
Megachile gravita,GBIF
Megachile inermis,GBIF
Megachile ingenua,GBIF
Megachile inimica,GBIF
Megachile integra,GBIF
Megachile integrella,GBIF
Megachile lanata,GBIF
Megachile lapponica,GBIF
Megachile laticeps,GBIF
Megachile latimanus,GBIF
Megachile legalis,GBIF
Megachile lippiae,GBIF
Megachile lobatifrons,GBIF
Megachile manifesta,GBIF
Megachile manni,GBIF
Megachile marginata,GBIF
Megachile melanderi,GBIF
Megachile melanogaster,GBIF
Megachile melanophaea,GBIF
Megachile mellitarsis,GBIF
Megachile mendica,GBIF
Megachile micheneri,GBIF
Megachile modesta,GBIF
Megachile mojavensis,GBIF
Megachile montivaga,GBIF
Megachile mucida,GBIF
Megachile mucorosa,GBIF
Megachile murina,GBIF
Megachile nevadensis,GBIF
Megachile newberryae,GBIF
Megachile occidentalis,GBIF
Megachile odontostoma,GBIF
Megachile onobrychidis,GBIF
Megachile oslari,GBIF
Megachile palmensis,GBIF
Megachile pankus,GBIF
Megachile pascoensis,GBIF
Megachile perihirta,GBIF
Megachile petulans,GBIF
Megachile policaris,GBIF
Megachile prosopidis,GBIF
Megachile pruina,GBIF
Megachile pseudobrevis,GBIF
Megachile pseudonigra,GBIF
Megachile pusilla,GBIF
Megachile relativa,GBIF
Megachile rossi,GBIF
Megachile rotundata,GBIF
Megachile rubi,GBIF
Megachile rugifrons,GBIF
Megachile sabinensis,GBIF
Megachile sculpturalis,GBIF
Megachile sidalceae,GBIF
Megachile snowi,GBIF
Megachile soledadensis,GBIF
Megachile spinotulata,GBIF
Megachile subexilis,GBIF
Megachile sublaurita,GBIF
Megachile subnigra,GBIF
Megachile texana,GBIF
Megachile texensis,GBIF
Megachile timberlakei,GBIF
Megachile toluca,GBIF
Megachile townsendiana,GBIF
Megachile umatillensis,GBIF
Megachile umbripennis,GBIF
Megachile wheeleri,GBIF
Megachile xerophila,GBIF
Megachile zapoteca,GBIF
Megachile zaptlana,GBIF
Megalopyge immaculata,GBIF
Megalopyge lapena,GBIF
Megalopyge opercilaris,GBIF
Megalopyge pixidifera,GBIF
Megalorhipida leucodactylus,GBIF
Megandrena enceliae,GBIF
Megandrena mentzeliae,GBIF
Meganola brunellus,GBIF
Meganola conspicua,GBIF
Meganola dentata,GBIF
Meganola fuscula,GBIF
Meganola georgei,GBIF
Meganola minor,GBIF
Meganola varia,GBIF
Megascops asio,eBird
Megascops kennicottii,eBird
Megascops trichopsis,eBird
Megasis pupillatella,GBIF
Megathymus cofaqui,GBIF
Megathymus streckeri,GBIF
Megathymus ursus,GBIF
Megathymus yuccae,GBIF
Melamprosops phaeosoma,eBird
Melanapamea mixta,GBIF
Melanchroia chephise,GBIF
Melanerpes aurifrons,eBird
Melanerpes erythrocephalus,eBird
Melanerpes formicivorus,eBird
Melanerpes lewis,eBird
Melanerpes uropygialis,eBird
Melanis pixe,GBIF
Melanitta americana,eBird
Melanitta deglandi,eBird
Melanitta nigra,eBird
Melanitta perspicillata,eBird
Melanitta stejnegeri,eBird
Melanocinclis gnoma,GBIF
Melanocinclis nigrilineella,GBIF
Melanocinclis sparsa,GBIF
Melanocinclis vibex,GBIF
Melanolophia centralis,GBIF
Melanolophia imitata,GBIF
Melanolophia imperfectaria,GBIF
Melanolophia signitaria,GBIF
Melanoptila glabrirostris,eBird
Melanospiza bicolor,eBird
Melanotis caerulescens,eBird
Melaporphyria immortua,GBIF
Melecta alexanderi,GBIF
Melecta bohartorum,GBIF
Melecta edwardsii,GBIF
Melecta pacifica,GBIF
Melecta separata,GBIF
Melecta thoracica,GBIF
Melemaea magdalena,GBIF
Melemaea virgata,GBIF
Meleneta antennata,GBIF
Melete lycimnia,GBIF
Melinaea lilis,GBIF
Melipotis acontioides,GBIF
Melipotis agrotoides,GBIF
Melipotis cellaris,GBIF
Melipotis contorta,GBIF
Melipotis famelica,GBIF
Melipotis fasciolaris,GBIF
Melipotis florida,GBIF
Melipotis indomita,GBIF
Melipotis januaris,GBIF
Melipotis nigrobasis,GBIF
Melipotis novanda,GBIF
Melipotis perpendicularis,GBIF
Melipotis prolata,GBIF
Melissodes ablusus,GBIF
Melissodes appressus,GBIF
Melissodes bicoloratus,GBIF
Melissodes bidentis,GBIF
Melissodes bimaculatus,GBIF
Melissodes bimatris,GBIF
Melissodes brevipygus,GBIF
Melissodes clarkiae,GBIF
Melissodes colliciatus,GBIF
Melissodes communis,GBIF
Melissodes compositus,GBIF
Melissodes comptoides,GBIF
Melissodes dagosus,GBIF
Melissodes fasciatellus,GBIF
Melissodes fimbratus,GBIF
Melissodes gelidus,GBIF
Melissodes gilensis,GBIF
Melissodes glenwoodensis,GBIF
Melissodes grindeliae,GBIF
Melissodes hymenoxidis,GBIF
Melissodes intortus,GBIF
Melissodes limbus,GBIF
Melissodes lupinus,GBIF
Melissodes lustrus,GBIF
Melissodes lutulentus,GBIF
Melissodes manipularis,GBIF
Melissodes menuachus,GBIF
Melissodes metenuus,GBIF
Melissodes micheneri,GBIF
Melissodes mitchelli,GBIF
Melissodes montanus,GBIF
Melissodes moorei,GBIF
Melissodes nigrocaudus,GBIF
Melissodes ochraeus,GBIF
Melissodes opuntiellus,GBIF
Melissodes pallidisignatus,GBIF
Melissodes paroselae,GBIF
Melissodes paucipunctus,GBIF
Melissodes paululus,GBIF
Melissodes perlusus,GBIF
Melissodes perpolitus,GBIF
Melissodes personatellus,GBIF
Melissodes plumosus,GBIF
Melissodes rivalis,GBIF
Melissodes robustior,GBIF
Melissodes rufipes,GBIF
Melissodes saponellus,GBIF
Melissodes scotti,GBIF
Melissodes snowii,GBIF
Melissodes sphaeralceae,GBIF
Melissodes stearnsi,GBIF
Melissodes subagilis,GBIF
Melissodes submenuachus,GBIF
Melissodes tepaneca,GBIF
Melissodes tepidus,GBIF
Melissodes tessellatus,GBIF
Melissodes thelypodii,GBIF
Melissodes tribas,GBIF
Melissodes tristis,GBIF
Melissodes tuckeri,GBIF
Melissodes utahensis,GBIF
Melissodes velutinus,GBIF
Melissodes verbesinarum,GBIF
Melissodes vernalis,GBIF
Melissodes wheeleri,GBIF
Melissoptila otomita,GBIF
Melitara apicigrammella,GBIF
Melitara dentata,GBIF
Melitara junctolineella,GBIF
Melitara subumbrella,GBIF
Melitoma grisella,GBIF
Melitoma marginella,GBIF
Melitta californica,GBIF
Melitta eickworti,GBIF
Melitta melittoides,GBIF
Melittia hampsoni,GBIF
Melittia oedipus,GBIF
Mellana eulogius,GBIF
Melopsittacus undulatus,eBird
Melopyrrha nigra,eBird
Melospiza georgiana,eBird
Melospiza lincolnii,eBird
Melozone aberti,eBird
Melozone crissalis,eBird
Melozone fusca,eBird
Memphis forreri,GBIF
Menelikornis leucotis,eBird
Menestomorpha kimballi,GBIF
Menestomorpha oblongata,GBIF
Mergellus albellus,eBird
Mergus merganser,eBird
Mergus serrator,eBird
Mericisca gracea,GBIF
Mericisca perpictaria,GBIF
Mericisca scobina,GBIF
Merimnetria elegantior,GBIF
Merimnetria homoxyla,GBIF
Meris alticola,GBIF
Meris paradoxa,GBIF
Meris patula,GBIF
Meropleon ambifusca,GBIF
Meropleon cosmion,GBIF
Meropleon linae,GBIF
Meropleon titan,GBIF
Meroptera abditiva,GBIF
Meroptera anaimella,GBIF
Meroptera cviatella,GBIF
Meroptera mirandella,GBIF
Mesapamea fractilinea,GBIF
Mesapamea secalis,GBIF
Mesepiola specca,GBIF
Meskea dyspteraria,GBIF
Mesogona olivata,GBIF
Mesogona rubra,GBIF
Mesogona subcuprea,GBIF
Mesoleuca gratulata,GBIF
Mesoleuca ruficilliata,GBIF
Mesolia baboquivariella,GBIF
Mesolia huachucaella,GBIF
Mesolia incertella,GBIF
Mesolia oraculella,GBIF
Mesophleps adustipennis,GBIF
Mesoplia dugesi,GBIF
Mesoxaea texana,GBIF
Mestolobes abnormis,GBIF
Mestolobes amethystias,GBIF
Mestolobes aphrias,GBIF
Mestolobes chrysomolybdoides,GBIF
Mestolobes minuscula,GBIF
Mestolobes olali,GBIF
Mestolobes perixantha,GBIF
Mestolobes quadrifascia,GBIF
Mestolobes quadrifasciata,GBIF
Mestra amymone,GBIF
Metalectra albilinea,GBIF
Metalectra bigallis,GBIF
Metalectra cinctus,GBIF
Metalectra diabolica,GBIF
Metalectra discalis,GBIF
Metalectra dixoni,GBIF
Metalectra edilis,GBIF
Metalectra geminicincta,GBIF
Metalectra miserulata,GBIF
Metalectra nigrior,GBIF
Metalectra richardsi,GBIF
Metalectra tantillus,GBIF
Metallata absumens,GBIF
Metaponpneumata rogenhoferi,GBIF
Metarranthis apiciaria,GBIF
Metarranthis homuraria,GBIF
Metarranthis hypocharia,GBIF
Metarranthis lateritiaria,GBIF
Metarranthis mestusata,GBIF
Metarranthis mollicularia,GBIF
Metaxaglaea australis,GBIF
Metaxmeste nubicola,GBIF
Metendothenia atropunctana,GBIF
Metopleura potosi,GBIF
Metria bilineata,GBIF
Metrica kuschea,GBIF
Metriochroa psychotriella,GBIF
Metzneria aestivella,GBIF
Metzneria lappella,GBIF
Metzneria paucipunctella,GBIF
Mexalictus arizonensis,GBIF
Michaelophorus indentatus,GBIF
Michaelus ira,GBIF
Micralictoides altadenae,GBIF
Micralictoides chaenactidis,GBIF
Micralictoides grossus,GBIF
Micralictoides ruficaudus,GBIF
Micrastur semitorquatus,eBird
Micrathene whitneyi,eBird
Micrathetis costiplaga,GBIF
Micrathetis tecnion,GBIF
Micrathetis triplex,GBIF
Microcausta bipunctalis,GBIF
Microcausta flavipunctalis,GBIF
Microcrambus biguttellus,GBIF
Microcrambus copelandi,GBIF
Microcrambus croesus,GBIF
Microcrambus discludellus,GBIF
Microcrambus elegans,GBIF
Microcrambus immunellus,GBIF
Microcrambus kimballi,GBIF
Microcrambus matheri,GBIF
Microcrambus polingi,GBIF
Microhelia angelica,GBIF
Microphysetica hermeasalis,GBIF
Microtheoris ophionalis,GBIF
Microtheoris vibicalis,GBIF
Microthyris prolongalis,GBIF
Microtia dymas,GBIF
Microtia elada,GBIF
Microtia elva,GBIF
Microtia perse,GBIF
Micrurapteryx occulta,GBIF
Micrurapteryx salicifoliella,GBIF
Milgithea alboplagialis,GBIF
Milgithea trilinealis,GBIF
Milvus migrans,eBird
Mimobarathra antonito,GBIF
Mimoides phaon,GBIF
Mimophisma delunaris,GBIF
Mimophisma forbesi,GBIF
Mimophobetron pyropsalis,GBIF
Mimorista subcostalis,GBIF
Mimorista trimaculalis,GBIF
Mimorista tristigmalis,GBIF
Mimoschinia rufofascialis,GBIF
Mimudea puralis,GBIF
Mimus gilvus,eBird
Mimus gundlachii,eBird
Mimus longicaudatus,eBird
Ministrymon clytie,GBIF
Ministrymon janevicroy,GBIF
Ministrymon leda,GBIF
Minofala instans,GBIF
Miodera eureka,GBIF
Miodera stigmata,GBIF
Miracavira brillians,GBIF
Mirificarma eburnella,GBIF
Mitoura nelsoni,GBIF
Mitoura siva,GBIF
Mitoura spinetorum,GBIF
Mitrephanes phaeocercus,eBird
Mnasilus allubita,GBIF
Mniotilta varia,eBird
Mniotype pallescens,GBIF
Mniotype tenera,GBIF
Mocis cubana,GBIF
Mocis disseverans,GBIF
Mocis texana,GBIF
Moeris crispinus,GBIF
Moho braccatus,eBird
Mojavia achemonalis,GBIF
Mojaviodes blanchardae,GBIF
Molothrus aeneus,eBird
Molothrus ater,eBird
Molothrus bonariensis,eBird
Molybdogompha polymygmata,GBIF
Mompha achlyognoma,GBIF
Mompha albapalpella,GBIF
Mompha albocapitella,GBIF
Mompha argentimaculella,GBIF
Mompha bottimeri,GBIF
Mompha brevivittella,GBIF
Mompha busckiella,GBIF
Mompha cephalanthiella,GBIF
Mompha circitor,GBIF
Mompha circumscriptella,GBIF
Mompha conturbatella,GBIF
Mompha definitella,GBIF
Mompha edithella,GBIF
Mompha epilobiella,GBIF
Mompha falcata,GBIF
Mompha idaei,GBIF
Mompha locupletella,GBIF
Mompha luciferella,GBIF
Mompha murtfeldtella,GBIF
Mompha passerella,GBIF
Mompha raschkiella,GBIF
Mompha ricina,GBIF
Mompha rufocristatella,GBIF
Mompha sexstrigella,GBIF
Mompha solomoni,GBIF
Mompha stellella,GBIF
Mompha subbistrigella,GBIF
Mompha terminella,GBIF
Mompha trithalama,GBIF
Mompha unifasciella,GBIF
Monema flavescens,GBIF
Monoceratuncus lantana,GBIF
Monochroa angustipennella,GBIF
Monochroa ferrea,GBIF
Monochroa fragariae,GBIF
Monochroa gilvolinella,GBIF
Monochroa harrisonella,GBIF
Monochroa placidella,GBIF
Monochroa quinquepunctella,GBIF
Monochroa robusta,GBIF
Monoleuca occidentalis,GBIF
Monoleuca subdentosa,GBIF
Monopis crocicapitella,GBIF
Monopis dorsistrigella,GBIF
Monopis laevigella,GBIF
Monopis longella,GBIF
Monopis marginistrigella,GBIF
Monopis meliorella,GBIF
Monopis monachella,GBIF
Monopis mycetophilella,GBIF
Monopis pavlovskii,GBIF
Monopis weaverella,GBIF
Monoptilota pergratialis,GBIF
Monostoecha semipectinata,GBIF
Montescardia fuscofasciella,GBIF
Monticola saxatilis,eBird
Monticola solitarius,eBird
Moodna bisinuella,GBIF
Morophagoides berkeleyella,GBIF
Morophagoides burkerella,GBIF
Morpheis clenchi,GBIF
Morpho helenor,GBIF
Morrisonia triangula,GBIF
Morus bassanus,eBird
Motacilla alba,eBird
Motacilla cinerea,eBird
Motacilla citreola,eBird
Motacilla tschutschensis,eBird
Motya abseuzalis,GBIF
Motya filifera,GBIF
Mouralia tinctoides,GBIF
Munroeodes thalesalis,GBIF
Munroessa gyralis,GBIF
Murgaria albociliatus,GBIF
Murgaria jalapus,GBIF
Mursa phtisialis,GBIF
Muscicapa dauurica,eBird
Muscicapa griseisticta,eBird
Muscicapa sibirica,eBird
Muscicapa striata,eBird
Mustelirallus erythrops,eBird
Myadestes lanaiensis,eBird
Myadestes myadestinus,eBird
Myadestes obscurus,eBird
Myadestes occidentalis,eBird
Myadestes palmeri,eBird
Myadestes townsendi,eBird
Mycteria americana,eBird
Mycterophora geometriformis,GBIF
Mycterophora inexplicata,GBIF
Mycterophora longipalpata,GBIF
Mycterophora monticola,GBIF
Mycterophora rubricans,GBIF
Myelopsis alatella,GBIF
Myelopsis minutularia,GBIF
Myelopsis subtetricella,GBIF
Myiarchus cinerascens,eBird
Myiarchus crinitus,eBird
Myiarchus nuttingi,eBird
Myiarchus sagrae,eBird
Myiarchus tuberculifer,eBird
Myiarchus tyrannulus,eBird
Myioborus miniatus,eBird
Myioborus pictus,eBird
Myiodynastes luteiventris,eBird
Myiopagis viridicata,eBird
Myiopsitta monachus,eBird
Myiozetetes similis,eBird
Mylon pelopidas,GBIF
Myscelia cyananthe,GBIF
Myscelia ethusa,GBIF
Mythimna chejela,GBIF
Mythimna oxygala,GBIF
Mythimna sequax,GBIF
Mythimna unipuncta,GBIF
Mythimna yukonensis,GBIF
Nacaduba dyopa,GBIF
Nacoleia charesalis,GBIF
Nacopa bistrigata,GBIF
Nacopa melanderi,GBIF
Nadata oregonensis,GBIF
Naera fuscocristatella,GBIF
Nannobotys commortalis,GBIF
Nannopterum auritum,eBird
Nannopterum brasilianum,eBird
Napata leucotelus,GBIF
Narraga fimetaria,GBIF
Narraga georgiana,GBIF
Narraga stalachtaria,GBIF
Narthecophora pulverea,GBIF
Nascia acutellus,GBIF
Nastra julia,GBIF
Nastra neamathla,GBIF
Nastra perigenes,GBIF
Nasusina inferior,GBIF
Nasusina mendicata,GBIF
Nasusina minuta,GBIF
Nasusina vallis,GBIF
Nasusina vaporata,GBIF
Nealyda bifidella,GBIF
Nealyda phytolaccae,GBIF
Nealyda pisoniae,GBIF
Neargyractis slossonalis,GBIF
Nedra hoeffleri,GBIF
Nedra stewarti,GBIF
Neelysia alveata,GBIF
Neelysia palmifera,GBIF
Negalasa fumalis,GBIF
Neleucania patricia,GBIF
Neleucania praegracilis,GBIF
Nemapogon acapnopennella,GBIF
Nemapogon angulifasciella,GBIF
Nemapogon auropulvella,GBIF
Nemapogon clematella,GBIF
Nemapogon defectella,GBIF
Nemapogon geniculatella,GBIF
Nemapogon granella,GBIF
Nemapogon interstitiella,GBIF
Nemapogon molybdanella,GBIF
Nemapogon multistriatella,GBIF
Nemapogon ophrionella,GBIF
Nemapogon picarella,GBIF
Nemapogon tylodes,GBIF
Nemapogon variatella,GBIF
Nematocampa baggettaria,GBIF
Nematocampa brehmeata,GBIF
Nemeris percne,GBIF
Nemeris speciosa,GBIF
Nemeris sternitzkyi,GBIF
Nemophora bellela,GBIF
Nemoria albaria,GBIF
Nemoria arizonaria,GBIF
Nemoria caerulescens,GBIF
Nemoria catachloa,GBIF
Nemoria daedalea,GBIF
Nemoria darwiniata,GBIF
Nemoria diamesa,GBIF
Nemoria extremaria,GBIF
Nemoria festaria,GBIF
Nemoria glaucomarginaria,GBIF
Nemoria intensaria,GBIF
Nemoria latirosaria,GBIF
Nemoria leptalea,GBIF
Nemoria obliqua,GBIF
Nemoria outina,GBIF
Nemoria pistaciaria,GBIF
Nemoria pulcherrima,GBIF
Nemoria rindgei,GBIF
Nemoria strigataria,GBIF
Nemoria subsequens,GBIF
Nemoria tuscarora,GBIF
Nemoria unitaria,GBIF
Nemoria viridicaria,GBIF
Nemoria yellowrosea,GBIF
Nemoria zelotes,GBIF
Nemoria zygotaria,GBIF
Neoalbertia constans,GBIF
Neoalcis californiaria,GBIF
Neoarctia beanii,GBIF
Neoarctia brucei,GBIF
Neocataclysta magnificalis,GBIF
Neochmia temporalis,eBird
Neococytius cluentius,GBIF
Neocrania bifasciata,GBIF
Neodactria cochisensis,GBIF
Neodactria luteolellus,GBIF
Neodactria murellus,GBIF
Neodactria zeellus,GBIF
Neodactylota liguritrix,GBIF
Neodactylota snellenella,GBIF
Neodavisia melusina,GBIF
Neodavisia singularis,GBIF
Neofelderia rata,GBIF
Neogalea caracara,GBIF
Neogalea sunia,GBIF
Neogrotella confusa,GBIF
Neogrotella macdunnoughi,GBIF
Neogrotella spaldingi,GBIF
Neoheliodines cliffordi,GBIF
Neoheliodines nyctaginella,GBIF
Neohelvibotys arizonensis,GBIF
Neohelvibotys neohelvialis,GBIF
Neohelvibotys polingi,GBIF
Neoilliberis fusca,GBIF
Neolarra batrae,GBIF
Neolarra californica,GBIF
Neolarra cockerelli,GBIF
Neolarra hurdi,GBIF
Neolarra penicula,GBIF
Neolarra pruinosa,GBIF
Neolarra rozeni,GBIF
Neolarra verbesinae,GBIF
Neolarra vigilans,GBIF
Neoleucinodes torvis,GBIF
Neoligia albirena,GBIF
Neoligia atlantica,GBIF
Neoligia canadensis,GBIF
Neoligia crytora,GBIF
Neoligia elephas,GBIF
Neoligia exhausta,GBIF
Neoligia inermis,GBIF
Neoligia invenusta,GBIF
Neoligia lancea,GBIF
Neoligia lillooet,GBIF
Neoligia rubirena,GBIF
Neoligia semicana,GBIF
Neoligia subjuncta,GBIF
Neoligia tonsa,GBIF
Neominois ridingsii,GBIF
Neomusotima conspurcatalis,GBIF
Neonympha helicta,GBIF
Neopalpa donaldtrumpi,GBIF
Neopalpa neonata,GBIF
Neopasites cressoni,GBIF
Neopasites fulviventris,GBIF
Neopasites mojavensis,GBIF
Neophaenis boucheri,GBIF
Neophasia menapia,GBIF
Neophasia terlooii,GBIF
Neoplynes eudora,GBIF
Neoprocris aversa,GBIF
Neoprocris floridana,GBIF
Neopsephotus bourkii,eBird
Neoschema klotsi,GBIF
Neoscythris confinis,GBIF
Neoscythris fissirostris,GBIF
Neotarache deserticola,GBIF
Neoterpes edwardsata,GBIF
Neoterpes ephelidaria,GBIF
Neoterpes graefiaria,GBIF
Neoterpes trianguliferata,GBIF
Neotuerta hemicycla,GBIF
Nephelodes adusta,GBIF
Nephelodes carminata,GBIF
Nephelodes demaculata,GBIF
Nepheloleuca floridata,GBIF
Nepheloleuca politia,GBIF
Nephrogramma reniculalis,GBIF
Nephrogramma separata,GBIF
Nepotula secura,GBIF
Nepterotaea diagonalis,GBIF
Nepterotaea furva,GBIF
Nepterotaea memoriata,GBIF
Nepytia disputata,GBIF
Nepytia freemani,GBIF
Nepytia janetae,GBIF
Nepytia juabata,GBIF
Nepytia lagunata,GBIF
Nepytia phantasmaria,GBIF
Nepytia regulata,GBIF
Nepytia swetti,GBIF
Nepytia umbrosaria,GBIF
Nesophlox evelynae,eBird
Netta erythrophthalma,eBird
Netta peposaca,eBird
Netta rufina,eBird
Neumoegenia poetica,GBIF
Neurobathra bohartiella,GBIF
Neurobathra curcassi,GBIF
Neurolipa randiella,GBIF
Neurostrota gunniella,GBIF
Nevadopalpa maculata,GBIF
Niasoma metallicana,GBIF
Niconiades nikko,GBIF
Niditinea fuscella,GBIF
Niditinea orleansella,GBIF
Niditinea sabroskyi,GBIF
Nigetia formosalis,GBIF
Ninox japonica,eBird
Niphograpta albiguttalis,GBIF
Niphonyx segregata,GBIF
Nocloa alcandra,GBIF
Nocloa aliaga,GBIF
Nocloa cordova,GBIF
Nocloa duplicatus,GBIF
Nocloa nanata,GBIF
Nocloa pallens,GBIF
Nocloa plagiata,GBIF
Nocloa rivulosa,GBIF
Noctueliopsis aridalis,GBIF
Noctueliopsis brunnealis,GBIF
Noctueliopsis bububattalis,GBIF
Noctueliopsis palmalis,GBIF
Noctueliopsis puertalis,GBIF
Noctueliopsis rhodoxanthinalis,GBIF
Noctueliopsis virula,GBIF
Nola cereella,GBIF
Nola cilicoides,GBIF
Nola involuta,GBIF
Nola lagunculariae,GBIF
Nola minna,GBIF
Nola pustulata,GBIF
Nomada,GBIF
Nomada adducta,GBIF
Nomada affabilis,GBIF
Nomada amorphae,GBIF
Nomada annulata,GBIF
Nomada armatella,GBIF
Nomada articulata,GBIF
Nomada astori,GBIF
Nomada augustiana,GBIF
Nomada australis,GBIF
Nomada banksi,GBIF
Nomada bella,GBIF
Nomada besseyi,GBIF
Nomada bethunei,GBIF
Nomada binotata,GBIF
Nomada bisignata,GBIF
Nomada ceanothi,GBIF
Nomada collinsiana,GBIF
Nomada composita,GBIF
Nomada cressonii,GBIF
Nomada crotchii,GBIF
Nomada crucis,GBIF
Nomada cuneata,GBIF
Nomada dentariae,GBIF
Nomada denticulata,GBIF
Nomada depressa,GBIF
Nomada edwardsii,GBIF
Nomada electa,GBIF
Nomada electella,GBIF
Nomada elegantula,GBIF
Nomada erigeronis,GBIF
Nomada fervida,GBIF
Nomada florilega,GBIF
Nomada formula,GBIF
Nomada fragariae,GBIF
Nomada gracilis,GBIF
Nomada graenicheri,GBIF
Nomada gutierreziae,GBIF
Nomada hesperia,GBIF
Nomada hydrophylli,GBIF
Nomada illinoensis,GBIF
Nomada imbricata,GBIF
Nomada inepta,GBIF
Nomada integerrima,GBIF
Nomada lehighensis,GBIF
Nomada lepida,GBIF
Nomada louisianae,GBIF
Nomada luteola,GBIF
Nomada luteoloides,GBIF
Nomada maculata,GBIF
Nomada maculiventer,GBIF
Nomada miniata,GBIF
Nomada minima,GBIF
Nomada munda,GBIF
Nomada mutans,GBIF
Nomada nitida,GBIF
Nomada nr,GBIF
Nomada obliterata,GBIF
Nomada ovata,GBIF
Nomada parkeri,GBIF
Nomada parva,GBIF
Nomada pascoensis,GBIF
Nomada pecosensis,GBIF
Nomada perplexa,GBIF
Nomada placida,GBIF
Nomada pygmaea,GBIF
Nomada quadrimaculata,GBIF
Nomada rhodalis,GBIF
Nomada rhodomelas,GBIF
Nomada rodecki,GBIF
Nomada rubi,GBIF
Nomada rubicunda,GBIF
Nomada ruficornis,GBIF
Nomada salicis,GBIF
Nomada sayi,GBIF
Nomada scita,GBIF
Nomada seneciophila,GBIF
Nomada snowii,GBIF
Nomada sphaerogaster,GBIF
Nomada suavis,GBIF
Nomada subrubi,GBIF
Nomada subrutila,GBIF
Nomada sulphurata,GBIF
Nomada superba,GBIF
Nomada texana,GBIF
Nomada tiftonensis,GBIF
Nomada tricurta,GBIF
Nomada utahensis,GBIF
Nomada utensis,GBIF
Nomada valida,GBIF
Nomada vegana,GBIF
Nomada verecunda,GBIF
Nomada vicina,GBIF
Nomada vierecki,GBIF
Nomada vincta,GBIF
Nomada xanthura,GBIF
Nomada ziziae,GBIF
Nomia angustitibialis,GBIF
Nomia fedorensis,GBIF
Nomia foxii,GBIF
Nomia maneei,GBIF
Nomia melanderi,GBIF
Nomia mesillensis,GBIF
Nomia nortoni,GBIF
Nomia rufitarsis,GBIF
Nomia tetrazonata,GBIF
Nomia universitatis,GBIF
Nomiades acis,GBIF
Nomonyx dominicus,eBird
Nomophila nearctica,GBIF
Nomophila noctuella,GBIF
Norape cretata,GBIF
Norape sorpresa,GBIF
Norape tener,GBIF
Norape tenera,GBIF
Norape virgo,GBIF
Notarctia arizoniensis,GBIF
Notarctia proxima,GBIF
Notela jaliscana,GBIF
Nothoprocta perdicaria,eBird
Notioplusia illustrata,GBIF
Notocelia cynosbatella,GBIF
Notocelia illotana,GBIF
Notocelia purpurissatana,GBIF
Notocelia rosaecolana,GBIF
Notodonta pacifica,GBIF
Notodonta torva,GBIF
Nucifraga columbiana,eBird
Nudorthodes molino,GBIF
Numata bipunctella,GBIF
Numenius americanus,eBird
Numenius arquata,eBird
Numenius borealis,eBird
Numenius hudsonicus,eBird
Numenius madagascariensis,eBird
Numenius minutus,eBird
Numenius phaeopus,eBird
Numenius tahitiensis,eBird
Numida meleagris,eBird
Nychioptera accola,GBIF
Nychioptera noctuidalis,GBIF
Nychioptera opada,GBIF
Nyctanassa violacea,eBird
Nyctelius nyctelius,GBIF
Nycteola fletcheri,GBIF
Nycteola metaspilella,GBIF
Nycthia pimana,GBIF
Nycticorax nycticorax,eBird
Nyctidromus albicollis,eBird
Nymphalis xanthomelas,GBIF
Nymphicus hollandicus,eBird
Nymphuliella daeckealis,GBIF
Nyridela xanthocera,GBIF
Nystalea ebalea,GBIF
Nystalea eutalanta,GBIF
Nystalea indiana,GBIF
Oarisma aurantiaca,GBIF
Oarisma edwardsii,GBIF
Oarisma garita,GBIF
Oarisma minima,GBIF
Oarisma powesheik,GBIF
Obithome punctiferella,GBIF
Obrima pyraloides,GBIF
Obrima rinconada,GBIF
Ocaria ocrisia,GBIF
Occidentalia comptulatalis,GBIF
Occidryas anicia,GBIF
Occidryas chalcedona,GBIF
Occidryas colon,GBIF
Occidryas editha,GBIF
Occidryas rubicunda,GBIF
Oceanites oceanicus,eBird
Ochlodes agricola,GBIF
Ochlodes snowi,GBIF
Ochlodes sylvanoides,GBIF
Ochromolopis ramapoella,GBIF
Ochropleura plecta,GBIF
Ochsenheimeria vacculella,GBIF
Ocnerostoma piniariella,GBIF
Ocnerostoma strobivorum,GBIF
Ocrasa nostralis,GBIF
Ocyphaps lophotes,eBird
Odontoptila obrimo,GBIF
Oecophora bractella,GBIF
Oegoconia quadripuncta,GBIF
Oena capensis,eBird
Oenanthe oenanthe,eBird
Oenanthe pleschanka,eBird
Oeneis alberta,GBIF
Oeneis alpina,GBIF
Oeneis bore,GBIF
Oeneis brucei,GBIF
Oeneis chryxus,GBIF
Oeneis daura,GBIF
Oeneis ivallda,GBIF
Oeneis jutta,GBIF
Oeneis katahdin,GBIF
Oeneis macounii,GBIF
Oeneis melissa,GBIF
Oeneis nevadensis,GBIF
Oeneis philipi,GBIF
Oeneis ridingsi,GBIF
Oeneis semidea,GBIF
Oeneis tanana,GBIF
Oeneis uhleri,GBIF
Oenobotys texanalis,GBIF
Oenobotys vinotinctalis,GBIF
Oenoe hybromella,GBIF
Oenomaus ortygnus,GBIF
Ofatulena duodecemstriata,GBIF
Ofatulena luminosa,GBIF
Ogdoconta altura,GBIF
Ogdoconta cinereola,GBIF
Ogdoconta moreno,GBIF
Ogdoconta pulvilinea,GBIF
Ogdoconta rufipenna,GBIF
Ogdoconta satana,GBIF
Ogdoconta sexta,GBIF
Ogdoconta tacna,GBIF
Oidaematophorus balsamorrhizae,GBIF
Oidaematophorus castor,GBIF
Oidaematophorus cineraceus,GBIF
Oidaematophorus grisescens,GBIF
Oidaematophorus guttatus,GBIF
Oidaematophorus lindseyi,GBIF
Oidaematophorus mathewianus,GBIF
Oidaematophorus occidentalis,GBIF
Oidaematophorus phaceliae,GBIF
Oiketicus townsendi,GBIF
Oinophila v-flava,GBIF
Olethreutes astrologana,GBIF
Olethreutes baccatana,GBIF
Olethreutes bicoloranum,GBIF
Olethreutes bipartitana,GBIF
Olethreutes brevirostratum,GBIF
Olethreutes brunneopurpurata,GBIF
Olethreutes buckellana,GBIF
Olethreutes carolana,GBIF
Olethreutes comandranum,GBIF
Olethreutes connectum,GBIF
Olethreutes coruscana,GBIF
Olethreutes costimaculana,GBIF
Olethreutes deprecatoria,GBIF
Olethreutes devotana,GBIF
Olethreutes diallacta,GBIF
Olethreutes exaeresimum,GBIF
Olethreutes exoletum,GBIF
Olethreutes ferrolineana,GBIF
Olethreutes fraternanum,GBIF
Olethreutes furfuranum,GBIF
Olethreutes galaxana,GBIF
Olethreutes griseoalbana,GBIF
Olethreutes hamameliana,GBIF
Olethreutes inquietana,GBIF
Olethreutes lacunana,GBIF
Olethreutes monetiferanum,GBIF
Olethreutes nitidana,GBIF
Olethreutes nordeggana,GBIF
Olethreutes obsoletana,GBIF
Olethreutes ochrosuffusanum,GBIF
Olethreutes polluxana,GBIF
Olethreutes punctanum,GBIF
Olethreutes rusticanum,GBIF
Olethreutes sordidana,GBIF
Olethreutes submissanum,GBIF
Olethreutes trinitana,GBIF
Olethreutes troglodanum,GBIF
Olethreutes turfosana,GBIF
Olethreutes versicolorana,GBIF
Olethreutes viburnanum,GBIF
Oligia bridghamii,GBIF
Oligia chlorostigma,GBIF
Oligia divesta,GBIF
Oligia egens,GBIF
Oligia latruncula,GBIF
Oligia minuscula,GBIF
Oligia modica,GBIF
Oligia obtusa,GBIF
Oligia rampartensis,GBIF
Oligia strigilis,GBIF
Oligia tusa,GBIF
Oligia violacea,GBIF
Oligocentria alpica,GBIF
Oligocentria coloradensis,GBIF
Oligocentria delicata,GBIF
Oligocentria pallida,GBIF
Oligocentria perangulata,GBIF
Oligoria percosius,GBIF
Olybria aliculella,GBIF
Olybria furciferella,GBIF
Olycella junctolineella,GBIF
Omiodes accepta,GBIF
Omiodes anastreptoides,GBIF
Omiodes antidoxa,GBIF
Omiodes blackburni,GBIF
Omiodes continuatalis,GBIF
Omiodes indicata,GBIF
Omiodes localis,GBIF
Omiodes monogona,GBIF
Omiodes monogramma,GBIF
Omiodes rufescens,GBIF
Omiodes simialis,GBIF
Omiodes stigmosalis,GBIF
Ommatospila narcaeusalis,GBIF
Omphalocera munroei,GBIF
Omphalocera occidentalis,GBIF
Omphisa anastomosalis,GBIF
Oncocera semirubella,GBIF
Oncocnemis senica,GBIF
Oneida grisiella,GBIF
Oneida luniferella,GBIF
Onychoprion aleuticus,eBird
Onychoprion anaethetus,eBird
Onychoprion fuscatus,eBird
Onychoprion lunatus,eBird
Operophtera brumata,GBIF
Operophtera danbyi,GBIF
Operophtera occidentalis,GBIF
Opharus muricolor,GBIF
Ophisma tropicalis,GBIF
Ophiusa disjungens,GBIF
Opogona arizonensis,GBIF
Opogona aurisquamosa,GBIF
Opogona omoscopa,GBIF
Opogona purpuriella,GBIF
Opogona sacchari,GBIF
Oporornis agilis,eBird
Opsigalea blanchardi,GBIF
Oraesia excavata,GBIF
Orenaia coloradalis,GBIF
Orenaia trivialis,GBIF
Oreomystis bairdi,eBird
Oreopasites arizonica,GBIF
Oreopasites barbarae,GBIF
Oreopasites favreauae,GBIF
Oreopasites linsleyi,GBIF
Oreopasites vanduzeei,GBIF
Oreortyx pictus,eBird
Oreoscoptes montanus,eBird
Oreothlypis superciliosa,eBird
Oressochen jubatus,eBird
Orgyia cana,GBIF
Orgyia falcata,GBIF
Orgyia leuschneri,GBIF
Orgyia magna,GBIF
Orgyia pseudotsugata,GBIF
Orgyia vetusta,GBIF
Oriturus superciliosus,eBird
Ornativalva erubescens,GBIF
Ornithoptera priamus,GBIF
Ortalis vetula,eBird
Orthodes adiastola,GBIF
Orthodes detracta,GBIF
Orthodes furtiva,GBIF
Orthodes goodelli,GBIF
Orthodes majuscula,GBIF
Orthodes noverca,GBIF
Orthodes obscura,GBIF
Ortholepis pasadamia,GBIF
Ortholepis rhodorella,GBIF
Orthomecyna alloptila,GBIF
Orthomecyna amphilyca,GBIF
Orthomecyna chrysophanes,GBIF
Orthomecyna epicausta,GBIF
Orthomecyna exigua,GBIF
Orthomoia bloomfieldi,GBIF
Orthonama evansi,GBIF
Orthonama gracea,GBIF
Orthosia annulimacula,GBIF
Orthosia arthrolita,GBIF
Orthosia behrensiana,GBIF
Orthosia cruda,GBIF
Orthosia erythrolita,GBIF
Orthosia ferrigera,GBIF
Orthosia mediomacula,GBIF
Orthosia mys,GBIF
Orthosia nongenerica,GBIF
Orthosia pacifica,GBIF
Orthosia pulchella,GBIF
Orthosia segregata,GBIF
Orthosia tenuimacula,GBIF
Orthosia terminata,GBIF
Orthosia transparens,GBIF
Ortygornis pondicerianus,eBird
Oruza albocostata,GBIF
Oryctometopia fossulatella,GBIF
Oslaria pura,GBIF
Oslaria viridifera,GBIF
Osmia,GBIF
Osmia aglaia,GBIF
Osmia albiventris,GBIF
Osmia albolateralis,GBIF
Osmia alpestris,GBIF
Osmia anasazi,GBIF
Osmia aquilonaria,GBIF
Osmia atriventris,GBIF
Osmia atrocyanea,GBIF
Osmia austromaritima,GBIF
Osmia bella,GBIF
Osmia bicornis,GBIF
Osmia botitena,GBIF
Osmia brevis,GBIF
Osmia bruneri,GBIF
Osmia bucephala,GBIF
Osmia caerulescens,GBIF
Osmia cahuilla,GBIF
Osmia calaminthae,GBIF
Osmia californica,GBIF
Osmia calla,GBIF
Osmia cara,GBIF
Osmia caraformis,GBIF
Osmia caulicola,GBIF
Osmia cerasi,GBIF
Osmia clarescens,GBIF
Osmia cobaltina,GBIF
Osmia collinsiae,GBIF
Osmia conjuncta,GBIF
Osmia conjunctoides,GBIF
Osmia cordata,GBIF
Osmia cornifrons,GBIF
Osmia crassa,GBIF
Osmia cyanella,GBIF
Osmia cyaneonitens,GBIF
Osmia cyanopoda,GBIF
Osmia dakotensis,GBIF
Osmia densa,GBIF
Osmia dolerosa,GBIF
Osmia ednae,GBIF
Osmia enixa,GBIF
Osmia exigua,GBIF
Osmia felti,GBIF
Osmia foxi,GBIF
Osmia gabrielis,GBIF
Osmia gaudiosa,GBIF
Osmia georgica,GBIF
Osmia giffardi,GBIF
Osmia giliarum,GBIF
Osmia glauca,GBIF
Osmia granulosa,GBIF
Osmia grindeliae,GBIF
Osmia grinnelli,GBIF
Osmia hemera,GBIF
Osmia illinoensis,GBIF
Osmia inermis,GBIF
Osmia inspergens,GBIF
Osmia integra,GBIF
Osmia inurbana,GBIF
Osmia iridis,GBIF
Osmia juxta,GBIF
Osmia kincaidii,GBIF
Osmia laeta,GBIF
Osmia laticeps,GBIF
Osmia latisulcata,GBIF
Osmia lignaria,GBIF
Osmia ligurica,GBIF
Osmia liogastra,GBIF
Osmia longula,GBIF
Osmia malina,GBIF
Osmia marginata,GBIF
Osmia marginipennis,GBIF
Osmia marilaunidii,GBIF
Osmia maritima,GBIF
Osmia melanopleura,GBIF
Osmia mertensiae,GBIF
Osmia mixta,GBIF
Osmia montana,GBIF
Osmia nanula,GBIF
Osmia nearctica,GBIF
Osmia nemoris,GBIF
Osmia nifoata,GBIF
Osmia nigricollis,GBIF
Osmia nigrifrons,GBIF
Osmia nigriventris,GBIF
Osmia nigrobarbata,GBIF
Osmia obliqua,GBIF
Osmia odontogaster,GBIF
Osmia palmula,GBIF
Osmia paradisica,GBIF
Osmia pentstemonis,GBIF
Osmia phenax,GBIF
Osmia pikei,GBIF
Osmia pinorum,GBIF
Osmia proxima,GBIF
Osmia prunorum,GBIF
Osmia pulsatillae,GBIF
Osmia pumila,GBIF
Osmia pusilla,GBIF
Osmia raritatis,GBIF
Osmia rawlinsi,GBIF
Osmia regulina,GBIF
Osmia ribifloris,GBIF
Osmia rostrata,GBIF
Osmia sandhouseae,GBIF
Osmia sanrafaelae,GBIF
Osmia sculleni,GBIF
Osmia sedula,GBIF
Osmia signata,GBIF
Osmia simillima,GBIF
Osmia subarctica,GBIF
Osmia subfasciata,GBIF
Osmia tanneri,GBIF
Osmia tarsata,GBIF
Osmia taurus,GBIF
Osmia tersula,GBIF
Osmia thysanisca,GBIF
Osmia trevoris,GBIF
Osmia trifoliama,GBIF
Osmia tristella,GBIF
Osmia unca,GBIF
Osmia vandykei,GBIF
Osmia virga,GBIF
Osmia watsoni,GBIF
Osminia donahueorum,GBIF
Osminia ruficornis,GBIF
Ostrinia marginalis,GBIF
Ostrinia nubilalis,GBIF
Otus sunia,eBird
Oxycilla malaca,GBIF
Oxycilla mitographa,GBIF
Oxycilla ondo,GBIF
Oxycilla tripla,GBIF
Oxycnemis acuna,GBIF
Oxycnemis advena,GBIF
Oxycnemis fusimacula,GBIF
Oxycnemis gracillinea,GBIF
Oxycnemis grandimacula,GBIF
Oxydia gueneei,GBIF
Oxydia vesulia,GBIF
Oxyelophila callista,GBIF
Oxyplax pallivitta,GBIF
Oxyptilus delawaricus,GBIF
Oxyptilus eleanerae,GBIF
Oxyura jamaicensis,eBird
Ozamia clarefacta,GBIF
Ozamia fuscomaculella,GBIF
Ozamia multistriatella,GBIF
Ozarba aeria,GBIF
Ozarba albocostaliata,GBIF
Ozarba bascura,GBIF
Ozarba catilina,GBIF
Ozarba nebula,GBIF
Ozarba propera,GBIF
Pachylia ficus,GBIF
Pachypolia atricornis,GBIF
Pachyramphus aglaiae,eBird
Pachyramphus major,eBird
Pachysphinx occidentalis,GBIF
Packardia albipunctata,GBIF
Padda oryzivora,eBird
Paectes acutangula,GBIF
Paectes arcigera,GBIF
Paectes asper,GBIF
Paectes declinata,GBIF
Paectes fuscescens,GBIF
Paectes hercules,GBIF
Paectes nubifera,GBIF
Pagara simplex,GBIF
Pagophila eburnea,eBird
Palatka nymphaeella,GBIF
Paleacrita longiciliata,GBIF
Paleacrita merriccata,GBIF
Palmeria dolei,eBird
Palmia praecedens,GBIF
Palpidia pallidior,GBIF
Palpita aenescentalis,GBIF
Palpita arsaltealis,GBIF
Palpita cincinnatalis,GBIF
Palpita euphaesalis,GBIF
Palpita flegia,GBIF
Palpita freemanalis,GBIF
Palpita gracilalis,GBIF
Palpita illibalis,GBIF
Palpita kimballi,GBIF
Palpita maritima,GBIF
Palpita persimilis,GBIF
Palpita quadristigmalis,GBIF
Pammene felicitana,GBIF
Pammene medioalbana,GBIF
Pammene ocliferia,GBIF
Pammene perstructana,GBIF
Panaphelix marmorata,GBIF
Pandemis cerasana,GBIF
Pandemis heparana,GBIF
Pandemis pyrusana,GBIF
Pandesma anysa,GBIF
Pandion haliaetus,eBird
Panopoda rigida,GBIF
Panoquina errans,GBIF
Panoquina fusina,GBIF
Panoquina hecebolus,GBIF
Panoquina panoquin,GBIF
Panoquina panoquinoides,GBIF
Panthea apanthea,GBIF
Panthea gigantea,GBIF
Panthea greyi,GBIF
Panthea judyae,GBIF
Panthea virginarius,GBIF
Panula inconstans,GBIF
Panurginus atramontensis,GBIF
Panurginus atriceps,GBIF
Panurginus beardsleyi,GBIF
Panurginus cressoniellus,GBIF
Panurginus gracilis,GBIF
Panurginus ineptus,GBIF
Panurginus melanocephalus,GBIF
Panurginus nigrellus,GBIF
Panurginus nigrihirtus,GBIF
Panurginus occidentalis,GBIF
Panurginus polytrichus,GBIF
Paota fultaria,GBIF
Papaipema appassionata,GBIF
Papaipema arctivorens,GBIF
Papaipema astuta,GBIF
Papaipema aweme,GBIF
Papaipema birdi,GBIF
Papaipema cerussata,GBIF
Papaipema depictata,GBIF
Papaipema duovata,GBIF
Papaipema duplicatus,GBIF
Papaipema eryngii,GBIF
Papaipema insulidens,GBIF
Papaipema limata,GBIF
Papaipema limpida,GBIF
Papaipema lysimachiae,GBIF
Papaipema maritima,GBIF
Papaipema necopina,GBIF
Papaipema pertincta,GBIF
Papaipema pterisii,GBIF
Papaipema sauzalitae,GBIF
Papaipema sulphurata,GBIF
Papestra biren,GBIF
Papestra brenda,GBIF
Papestra invalida,GBIF
Papestra quadrata,GBIF
Papilio,GBIF
Papilio anchisiades,GBIF
Papilio andraemon,GBIF
Papilio appalachiensis,GBIF
Papilio aristodemus,GBIF
Papilio astyalus,GBIF
Papilio demoleus,GBIF
Papilio eurymedon,GBIF
Papilio hesperus,GBIF
Papilio indra,GBIF
Papilio machaon,GBIF
Papilio multicaudata,GBIF
Papilio nina,GBIF
Papilio ornythion,GBIF
Papilio rogeri,GBIF
Papilio rumiko,GBIF
Papilio rutulus,GBIF
Papilio thoas,GBIF
Papilio ulysses,GBIF
Papilio xuthus,GBIF
Papilio zelicaon,GBIF
Parabagrotis cupidissima,GBIF
Parabagrotis exsertistigma,GBIF
Parabagrotis formalis,GBIF
Parabagrotis insularis,GBIF
Parabagrotis sulinaris,GBIF
Parabarrovia ogilviensis,GBIF
Parabuteo unicinctus,eBird
Parachma ochracealis,GBIF
Paracorsia repandalis,GBIF
Paraeschra georgica,GBIF
Paraeschra tortuosa,GBIF
Paragalasa exospinalis,GBIF
Paraglaucina hulstinoides,GBIF
Paragona multisignata,GBIF
Parahypenodes quadralis,GBIF
Paraleucoptera albella,GBIF
Paralobesia cyclopiana,GBIF
Paralobesia liriodendrana,GBIF
Paralobesia marilynae,GBIF
Paralobesia monotropana,GBIF
Paralobesia palliolana,GBIF
Paralobesia rhoifructana,GBIF
Paralobesia sambuci,GBIF
Paralobesia spiraeifoliana,GBIF
Paralobesia vernoniana,GBIF
Paralobesia yaracana,GBIF
Paralopostega filiforma,GBIF
Paralopostega serpentina,GBIF
Paramecera xicaque,GBIF
Paramiana marina,GBIF
Paramiana perissa,GBIF
Paramiana smaragdina,GBIF
Paranomada nitida,GBIF
Paranomada velutina,GBIF
Paranthrene fenestrata,GBIF
Paranthrene pellucida,GBIF
Paranthrene robiniae,GBIF
Parapediasia decorellus,GBIF
Parapediasia hulstellus,GBIF
Parapediasia ligonellus,GBIF
Parapediasia teterellus,GBIF
Parapheromia cassinoi,GBIF
Parapheromia falsata,GBIF
Parapheromia lichenaria,GBIF
Paraplatyptilia albiciliatus,GBIF
Paraplatyptilia albui,GBIF
Paraplatyptilia auriga,GBIF
Paraplatyptilia carolina,GBIF
Paraplatyptilia cooleyi,GBIF
Paraplatyptilia edwardsii,GBIF
Paraplatyptilia fragilis,GBIF
Paraplatyptilia glacialis,GBIF
Paraplatyptilia petrodactylus,GBIF
Paraplatyptilia shastae,GBIF
Paraponyx allionealis,GBIF
Paraponyx maculalis,GBIF
Parapoynx allionealis,GBIF
Parapoynx aptalis,GBIF
Parapoynx badiusalis,GBIF
Parapoynx curviferalis,GBIF
Parapoynx diminutalis,GBIF
Parapoynx obscuralis,GBIF
Parapoynx seminealis,GBIF
Pararctia lapponica,GBIF
Pararctia subnebulosa,GBIF
Pararctia yarrowii,GBIF
Pararge aegeria,GBIF
Pararrhaptica leopardellus,GBIF
Pararrhaptica leucostichas,GBIF
Pararrhaptica notocosma,GBIF
Pararrhaptica sublichenoides,GBIF
Parasa minima,GBIF
Parascotia fuliginaria,GBIF
Parasemia plantaginis,GBIF
Paraswammerdamia conspersella,GBIF
Paraswammerdamia lutarea,GBIF
Parategeticula pollenifera,GBIF
Paratetrapedia nigriceps,GBIF
Paratischeria neotropicana,GBIF
Paratrachea viridescens,GBIF
Pardirallus maculatus,eBird
Parectopa bumeliella,GBIF
Parectopa geraniella,GBIF
Parectopa lespedezaefoliella,GBIF
Parectopa plantaginisella,GBIF
Parectopa robiniella,GBIF
Pareuchaetes insulata,GBIF
Parexcelsa ultraria,GBIF
Parides alopius,GBIF
Parides eurimedes,GBIF
Parilexia nicetaria,GBIF
Parilexia proditata,GBIF
Parkesia motacilla,eBird
Parkesia noveboracensis,eBird
Parnassius clodius,GBIF
Parnassius eversmanni,GBIF
Parnassius phoebus,GBIF
Parnassius smintheus,GBIF
Paroaria capitata,eBird
Paroaria coronata,eBird
Parochromolopis floridana,GBIF
Paroreomyza montana,eBird
Parornix alta,GBIF
Parornix betulae,GBIF
Parornix dubitella,GBIF
Parornix loganella,GBIF
Parornix spiraeifoliella,GBIF
Parornix texanella,GBIF
Parus cinereus,eBird
Parus major,eBird
Pasiphila rectangulata,GBIF
Passadena flavidorsella,GBIF
Passadenoides montanus,GBIF
Passer domesticus,eBird
Passer luteus,eBird
Passer montanus,eBird
Passerculus sandwichensis,eBird
Passerella iliaca,eBird
Passerina amoena,eBird
Passerina caerulea,eBird
Passerina ciris,eBird
Passerina leclancherii,eBird
Passerina versicolor,eBird
Patagioenas fasciata,eBird
Patagioenas flavirostris,eBird
Patagioenas leucocephala,eBird
Patagioenas squamosa,eBird
Patissa xantholeucalis,GBIF
Patriciola semicana,GBIF
Pavo cristatus,eBird
Pavo muticus,eBird
Pediasia abnaki,GBIF
Pediasia aridella,GBIF
Pediasia browerellus,GBIF
Pediasia dorsipunctellus,GBIF
Pediasia laciniellus,GBIF
Pediasia trisecta,GBIF
Pediasia truncatellus,GBIF
Pelagodroma marina,eBird
Pelecanus erythrorhynchos,eBird
Pelecanus occidentalis,eBird
Pelecanus onocrotalus,eBird
Pelecanus rufescens,eBird
Pelecystola nearctica,GBIF
Pellicia costimacula,GBIF
Pelochrista abstemia,GBIF
Pelochrista adamantana,GBIF
Pelochrista agassizii,GBIF
Pelochrista agricolana,GBIF
Pelochrista ainsliei,GBIF
Pelochrista albiguttana,GBIF
Pelochrista argenteana,GBIF
Pelochrista argentialbana,GBIF
Pelochrista argentifurcatana,GBIF
Pelochrista artesiana,GBIF
Pelochrista atascosana,GBIF
Pelochrista aurantiaca,GBIF
Pelochrista aurilineana,GBIF
Pelochrista avalona,GBIF
Pelochrista biplagata,GBIF
Pelochrista biquadrana,GBIF
Pelochrista blanchardi,GBIF
Pelochrista bolanderana,GBIF
Pelochrista canana,GBIF
Pelochrista canariana,GBIF
Pelochrista caniceps,GBIF
Pelochrista cataclystiana,GBIF
Pelochrista comancheana,GBIF
Pelochrista comatulana,GBIF
Pelochrista consobrinana,GBIF
Pelochrista consociana,GBIF
Pelochrista conspiciendana,GBIF
Pelochrista corosana,GBIF
Pelochrista costastriata,GBIF
Pelochrista crabtreei,GBIF
Pelochrista crambitana,GBIF
Pelochrista curlewensis,GBIF
Pelochrista daemonicana,GBIF
Pelochrista dapsilis,GBIF
Pelochrista denverana,GBIF
Pelochrista derelicta,GBIF
Pelochrista dilatana,GBIF
Pelochrista dodana,GBIF
Pelochrista dorsisignatana,GBIF
Pelochrista eburata,GBIF
Pelochrista emaciatana,GBIF
Pelochrista exclusoriana,GBIF
Pelochrista fandana,GBIF
Pelochrista fernaldana,GBIF
Pelochrista fiskeana,GBIF
Pelochrista flava,GBIF
Pelochrista floridensis,GBIF
Pelochrista fratruelis,GBIF
Pelochrista fraudabilis,GBIF
Pelochrista fritillana,GBIF
Pelochrista fuscosparsa,GBIF
Pelochrista galenapunctana,GBIF
Pelochrista gelattana,GBIF
Pelochrista gilletteana,GBIF
Pelochrista gilligani,GBIF
Pelochrista graciliana,GBIF
Pelochrista grandiflavana,GBIF
Pelochrista graziella,GBIF
Pelochrista griselda,GBIF
Pelochrista guttulana,GBIF
Pelochrista hasseanthi,GBIF
Pelochrista hazelana,GBIF
Pelochrista heathiana,GBIF
Pelochrista heinrichi,GBIF
Pelochrista hohana,GBIF
Pelochrista hyponomeutana,GBIF
Pelochrista immaculana,GBIF
Pelochrista inquadrana,GBIF
Pelochrista invicta,GBIF
Pelochrista irroratana,GBIF
Pelochrista juncticiliana,GBIF
Pelochrista kandana,GBIF
Pelochrista kimballi,GBIF
Pelochrista lafontainei,GBIF
Pelochrista larana,GBIF
Pelochrista lathami,GBIF
Pelochrista laticurva,GBIF
Pelochrista lolana,GBIF
Pelochrista luridana,GBIF
Pelochrista lynxana,GBIF
Pelochrista maculatana,GBIF
Pelochrista maculosa,GBIF
Pelochrista matutina,GBIF
Pelochrista mediostriata,GBIF
Pelochrista mescalerana,GBIF
Pelochrista metariana,GBIF
Pelochrista milleri,GBIF
Pelochrista mirosignata,GBIF
Pelochrista mobilensis,GBIF
Pelochrista mojaveana,GBIF
Pelochrista momana,GBIF
Pelochrista morrisoni,GBIF
Pelochrista murina,GBIF
Pelochrista nandana,GBIF
Pelochrista navajoensis,GBIF
Pelochrista nordini,GBIF
Pelochrista notialis,GBIF
Pelochrista olivacea,GBIF
Pelochrista optimana,GBIF
Pelochrista oraria,GBIF
Pelochrista palabundana,GBIF
Pelochrista pallidipalpana,GBIF
Pelochrista palpana,GBIF
Pelochrista parapulveratana,GBIF
Pelochrista passerana,GBIF
Pelochrista persolita,GBIF
Pelochrista popana,GBIF
Pelochrista powelli,GBIF
Pelochrista primulana,GBIF
Pelochrista pulveratana,GBIF
Pelochrista quinquemaculana,GBIF
Pelochrista ragonoti,GBIF
Pelochrista reversana,GBIF
Pelochrista richersana,GBIF
Pelochrista ridingsana,GBIF
Pelochrista robinsonana,GBIF
Pelochrista rorana,GBIF
Pelochrista rosaocellana,GBIF
Pelochrista rufocostana,GBIF
Pelochrista russeola,GBIF
Pelochrista salaciana,GBIF
Pelochrista sandiego,GBIF
Pelochrista scintillana,GBIF
Pelochrista serapicana,GBIF
Pelochrista serpentana,GBIF
Pelochrista similiana,GBIF
Pelochrista snyderana,GBIF
Pelochrista spaldingana,GBIF
Pelochrista suadana,GBIF
Pelochrista subflavana,GBIF
Pelochrista subinvicta,GBIF
Pelochrista taosana,GBIF
Pelochrista totana,GBIF
Pelochrista vagana,GBIF
Pelochrista vandana,GBIF
Pelochrista wagneri,GBIF
Pelochrista wandana,GBIF
Pelochrista watertonana,GBIF
Pelochrista womonana,GBIF
Pelochrista zomonana,GBIF
Penestola simplicialis,GBIF
Penicillaria jocosatrix,GBIF
Pennisetia marginatum,GBIF
Penstemonia clarkei,GBIF
Penstemonia dammersi,GBIF
Penstemonia edwardsii,GBIF
Penstemonia hennei,GBIF
Penstemonia pappi,GBIF
Penthesilea difficilis,GBIF
Penthesilea sacculalis,GBIF
Peoria approximella,GBIF
Peoria bipartitella,GBIF
Peoria floridella,GBIF
Peoria gemmatella,GBIF
Peoria holoponerella,GBIF
Peoria johnstoni,GBIF
Peoria longipalpella,GBIF
Peoria luteicostella,GBIF
Peoria opacella,GBIF
Peoria roseotinctella,GBIF
Peoria santaritella,GBIF
Peoria tetradella,GBIF
Peponapis crassidentata,GBIF
Peraniana dissociata,GBIF
Perdita abbreviata,GBIF
Perdita abdominalis,GBIF
Perdita affinis,GBIF
Perdita ainsliei,GBIF
Perdita albomaculata,GBIF
Perdita albonotata,GBIF
Perdita albovittata,GBIF
Perdita amoena,GBIF
Perdita aperta,GBIF
Perdita aplopappi,GBIF
Perdita arenaria,GBIF
Perdita aridella,GBIF
Perdita ashmeadi,GBIF
Perdita asteris,GBIF
Perdita austini,GBIF
Perdita beameri,GBIF
Perdita beatula,GBIF
Perdita bellula,GBIF
Perdita bequaertiana,GBIF
Perdita biguttata,GBIF
Perdita blaisdelli,GBIF
Perdita bradleyana,GBIF
Perdita bradleyi,GBIF
Perdita bridwelli,GBIF
Perdita bruneri,GBIF
Perdita californica,GBIF
Perdita callicerata,GBIF
Perdita calloleuca,GBIF
Perdita calochorti,GBIF
Perdita cara,GBIF
Perdita celadona,GBIF
Perdita cephalotes,GBIF
Perdita chamaesarachae,GBIF
Perdita chihuahua,GBIF
Perdita chloris,GBIF
Perdita chrysophila,GBIF
Perdita cladothricis,GBIF
Perdita claypolei,GBIF
Perdita clypeata,GBIF
Perdita coldeniae,GBIF
Perdita coreopsidis,GBIF
Perdita covilleae,GBIF
Perdita cracens,GBIF
Perdita crassula,GBIF
Perdita croceipes,GBIF
Perdita crotonis,GBIF
Perdita dammersi,GBIF
Perdita dasylirii,GBIF
Perdita dentata,GBIF
Perdita depressa,GBIF
Perdita desdemona,GBIF
Perdita difficilis,GBIF
Perdita digressa,GBIF
Perdita discreta,GBIF
Perdita distropica,GBIF
Perdita diversa,GBIF
Perdita dolichocephala,GBIF
Perdita dubia,GBIF
Perdita duplonotata,GBIF
Perdita electa,GBIF
Perdita elegans,GBIF
Perdita eremica,GBIF
Perdita eriastri,GBIF
Perdita eriogoni,GBIF
Perdita eucnides,GBIF
Perdita euphorbiae,GBIF
Perdita euzonata,GBIF
Perdita exclamans,GBIF
Perdita fallax,GBIF
Perdita fallugiae,GBIF
Perdita festiva,GBIF
Perdita fieldi,GBIF
Perdita flavicauda,GBIF
Perdita florissantella,GBIF
Perdita fracticincta,GBIF
Perdita fulvicauda,GBIF
Perdita georgica,GBIF
Perdita giliae,GBIF
Perdita glabrescens,GBIF
Perdita graenicheri,GBIF
Perdita gutierreziae,GBIF
Perdita haigi,GBIF
Perdita heliophila,GBIF
Perdita heliotropii,GBIF
Perdita heterothecae,GBIF
Perdita hippolyta,GBIF
Perdita hirsuta,GBIF
Perdita hirticeps,GBIF
Perdita holoxantha,GBIF
Perdita hooki,GBIF
Perdita hurdi,GBIF
Perdita idonea,GBIF
Perdita ignota,GBIF
Perdita imbellis,GBIF
Perdita innotata,GBIF
Perdita inornata,GBIF
Perdita interrupta,GBIF
Perdita jucunda,GBIF
Perdita kiowi,GBIF
Perdita knowltoni,GBIF
Perdita koebelei,GBIF
Perdita labergei,GBIF
Perdita larreae,GBIF
Perdita lateralis,GBIF
Perdita laticincta,GBIF
Perdita layiae,GBIF
Perdita lenis,GBIF
Perdita lepachidis,GBIF
Perdita lepidosparti,GBIF
Perdita lingualis,GBIF
Perdita lucens,GBIF
Perdita luciae,GBIF
Perdita luteola,GBIF
Perdita maculosa,GBIF
Perdita malacothricis,GBIF
Perdita marcialis,GBIF
Perdita meconis,GBIF
Perdita melanochlora,GBIF
Perdita mentzeliae,GBIF
Perdita mentzeliarum,GBIF
Perdita mesillensis,GBIF
Perdita micheneri,GBIF
Perdita minima,GBIF
Perdita mitchelli,GBIF
Perdita moabensis,GBIF
Perdita mohavensis,GBIF
Perdita montereyensis,GBIF
Perdita mormonica,GBIF
Perdita morula,GBIF
Perdita multiflorae,GBIF
Perdita munda,GBIF
Perdita munita,GBIF
Perdita namatophila,GBIF
Perdita nasuta,GBIF
Perdita nevadensis,GBIF
Perdita nigridia,GBIF
Perdita nitens,GBIF
Perdita nubila,GBIF
Perdita nuda,GBIF
Perdita obscurata,GBIF
Perdita occlusa,GBIF
Perdita optiva,GBIF
Perdita oregonensis,GBIF
Perdita ovaliceps,GBIF
Perdita pallida,GBIF
Perdita pallidipennis,GBIF
Perdita pallidipes,GBIF
Perdita pectidis,GBIF
Perdita peculiaris,GBIF
Perdita pedernalensis,GBIF
Perdita percincta,GBIF
Perdita perpallida,GBIF
Perdita perpulchra,GBIF
Perdita phymatae,GBIF
Perdita pilonotata,GBIF
Perdita polycarpae,GBIF
Perdita polygonellae,GBIF
Perdita polytropica,GBIF
Perdita prosopidis,GBIF
Perdita punctosignata,GBIF
Perdita punctulata,GBIF
Perdita pusillissima,GBIF
Perdita quadrisignata,GBIF
Perdita rectangulata,GBIF
Perdita rehni,GBIF
Perdita reperta,GBIF
Perdita rhodogastra,GBIF
Perdita rhois,GBIF
Perdita rhondae,GBIF
Perdita rivalis,GBIF
Perdita robustula,GBIF
Perdita salicis,GBIF
Perdita scutellaris,GBIF
Perdita semicaerulea,GBIF
Perdita semicrocea,GBIF
Perdita sexmaculata,GBIF
Perdita similis,GBIF
Perdita snowii,GBIF
Perdita sonorensis,GBIF
Perdita speciosa,GBIF
Perdita sphaeralceae,GBIF
Perdita stathamae,GBIF
Perdita stottleri,GBIF
Perdita subfasciata,GBIF
Perdita thermophila,GBIF
Perdita tortifoliae,GBIF
Perdita transversa,GBIF
Perdita triangulifera,GBIF
Perdita trifasciata,GBIF
Perdita trinotata,GBIF
Perdita trisignata,GBIF
Perdita tularensis,GBIF
Perdita turgiceps,GBIF
Perdita utahensis,GBIF
Perdita vandykei,GBIF
Perdita verbesinae,GBIF
Perdita vespertina,GBIF
Perdita vestita,GBIF
Perdita vicina,GBIF
Perdita wasbaueri,GBIF
Perdita wilmattae,GBIF
Perdita wislizeniae,GBIF
Perdita wootonae,GBIF
Perdita wyomingensis,GBIF
Perdita xanthisma,GBIF
Perdita xanthochroa,GBIF
Perdita xerophila,GBIF
Perdita yanegai,GBIF
Perdita yosemitensis,GBIF
Perdita zebrata,GBIF
Perdita zonalis,GBIF
Perdix perdix,eBird
Perichares philetes,GBIF
Pericyma cruegeri,GBIF
Peridroma costalis,GBIF
Perigea bahamica,GBIF
Perigea berinda,GBIF
Perigea enixa,GBIF
Perigonia lusca,GBIF
Perigonica angulata,GBIF
Perigonica eldana,GBIF
Perigonica fulminans,GBIF
Perigonica pectinata,GBIF
Perigonica tertia,GBIF
Periploca juniperi,GBIF
Periploca orichalcella,GBIF
Periploca repanda,GBIF
Periploca serrulata,GBIF
Periporphyrus celaeno,eBird
Perisoreus canadensis,eBird
Perispasta caeculalis,GBIF
Perittia cygnodiella,GBIF
Perittia eremonoma,GBIF
Perittia herrichiella,GBIF
Perittia lonicerae,GBIF
Perittia passula,GBIF
Perittia serica,GBIF
Perizoma actuata,GBIF
Perizoma alchemillata,GBIF
Perizoma basaliata,GBIF
Perizoma costiguttata,GBIF
Perizoma curvilinea,GBIF
Perizoma custodiata,GBIF
Perizoma epictata,GBIF
Perizoma grandis,GBIF
Perizoma interrupta,GBIF
Perizoma oxygramma,GBIF
Pernis ptilorhynchus,eBird
Pero anceta,GBIF
Pero astapa,GBIF
Pero behrensaria,GBIF
Pero catalina,GBIF
Pero flavisaria,GBIF
Pero giganteus,GBIF
Pero hubneraria,GBIF
Pero inviolata,GBIF
Pero macdunnoughi,GBIF
Pero meskaria,GBIF
Pero mizon,GBIF
Pero modestus,GBIF
Pero occidentalis,GBIF
Pero radiosaria,GBIF
Pero washakiensis,GBIF
Perola clara,GBIF
Petrochelidon fulva,eBird
Petrochelidon pyrrhonota,eBird
Petrophila avernalis,GBIF
Petrophila bifascialis,GBIF
Petrophila canadensis,GBIF
Petrophila cappsi,GBIF
Petrophila confusalis,GBIF
Petrophila cronialis,GBIF
Petrophila daemonalis,GBIF
Petrophila fulicalis,GBIF
Petrophila heppneri,GBIF
Petrophila hodgesi,GBIF
Petrophila jaliscalis,GBIF
Petrophila kearfottalis,GBIF
Petrophila longipennis,GBIF
Petrophila santafealis,GBIF
Petrophila schaefferalis,GBIF
Petrophora divisata,GBIF
Petrophora subaequaria,GBIF
Peucaea aestivalis,eBird
Peucaea botterii,eBird
Peucaea carpalis,eBird
Peucaea cassinii,eBird
Peucedramus taeniatus,eBird
Phaecasiophora confixana,GBIF
Phaecasiophora inspersa,GBIF
Phaedropsis stictigramma,GBIF
Phaedrotes catalina,GBIF
Phaedrotes sagittigera,GBIF
Phaeolita extremalis,GBIF
Phaeolita pyramusalis,GBIF
Phaeoses sabinella,GBIF
Phaeostrymon alcestis,GBIF
Phaeoura aetha,GBIF
Phaeoura belua,GBIF
Phaeoura cana,GBIF
Phaeoura cristifera,GBIF
Phaeoura kirkwoodi,GBIF
Phaeoura mexicanaria,GBIF
Phaeoura perfidaria,GBIF
Phaeoura quernaria,GBIF
Phaeoura utahensis,GBIF
Phaethon aethereus,eBird
Phaethon lepturus,eBird
Phaethon rubricauda,eBird
Phaetusa simplex,eBird
Phainopepla nitens,eBird
Phalacrocorax carbo,eBird
Phalaenoptilus nuttallii,eBird
Phalaenostola eumelusalis,GBIF
Phalaenostola hanhami,GBIF
Phalaenostola larentioides,GBIF
Phalanta phalantha,GBIF
Phalaropus fulicarius,eBird
Phalaropus lobatus,eBird
Phalaropus tricolor,eBird
Phaloesia saucia,GBIF
Phalonia cephalanthana,GBIF
Phalonia grandis,GBIF
Phalonia pimana,GBIF
Phalonia yuccatana,GBIF
Phalonidia basiochreana,GBIF
Phalonidia lepidana,GBIF
Phalonidia memoranda,GBIF
Phaneta argenticostana,GBIF
Pharga pallens,GBIF
Phasianus colchicus,eBird
Phasianus versicolor,eBird
Pheosidea elegans,GBIF
Phereoeca allutella,GBIF
Phereoeca coprophaga,GBIF
Phereoeca praecox,GBIF
Phereoeca uterella,GBIF
Pherne parallelia,GBIF
Pherne placeraria,GBIF
Pherne sperryi,GBIF
Pherne subpunctata,GBIF
Phestinia costella,GBIF
Pheucticus chrysopeplus,eBird
Pheucticus melanocephalus,eBird
Phiaris turfosana,GBIF
Phidotricha erigens,GBIF
Phigalia plumogeraria,GBIF
Philagraula slossoniae,GBIF
Philedia punctomacularia,GBIF
Philodoria auromagnifica,GBIF
Philodoria basalis,GBIF
Philodoria costalis,GBIF
Philodoria hibiscella,GBIF
Philodoria kauaulaensis,GBIF
Philodoria lama,GBIF
Philodoria lysimachiella,GBIF
Philodoria marginestrigata,GBIF
Philodoria naenaeiella,GBIF
Philodoria pipturiella,GBIF
Philodoria splendida,GBIF
Philodoria succedanea,GBIF
Philonome nigrescens,GBIF
Philonome wielgusi,GBIF
Philotes bernardino,GBIF
Philotes intermedia,GBIF
Philotes pallescens,GBIF
Philotes sonorensis,GBIF
Philotiella leona,GBIF
Philotiella speciosa,GBIF
Philtraea elegantaria,GBIF
Philtraea latifoliae,GBIF
Philtraea monillata,GBIF
Philtraea paucimacula,GBIF
Philtraea surcaliforniae,GBIF
Philtraea utahensis,GBIF
Phlyctaina irrigualis,GBIF
Phoberia ingenua,GBIF
Phobetron dyari,GBIF
Phobolosia anfracta,GBIF
Phobolosia nr,GBIF
Phobus brucei,GBIF
Phobus curvatella,GBIF
Phobus funerella,GBIF
Phobus incertus,GBIF
Phocides batabano,GBIF
Phocides lilea,GBIF
Phocides pigmalion,GBIF
Phocides polybius,GBIF
Phoebastria albatrus,eBird
Phoebastria immutabilis,eBird
Phoebastria irrorata,eBird
Phoebastria nigripes,eBird
Phoebetria palpebrata,eBird
Phoebis agarithe,GBIF
Phoebis argante,GBIF
Phoebis marcellina,GBIF
Phoebis neocypris,GBIF
Phoeniconaias minor,eBird
Phoenicophanta bicolor,GBIF
Phoenicophanta modestula,GBIF
Phoenicoprocta hampsonii,GBIF
Phoenicoprocta lydia,GBIF
Phoenicopterus chilensis,eBird
Phoenicopterus roseus,eBird
Phoenicopterus ruber,eBird
Phoenicurus phoenicurus,eBird
Pholisora catullus,GBIF
Pholisora gracielae,GBIF
Pholisora libya,GBIF
Pholisora mejicanus,GBIF
Phonipara canora,eBird
Phormoestes palmettovora,GBIF
Phosphila turbulenta,GBIF
Phostria tedea,GBIF
Photedes defecta,GBIF
Photedes didonea,GBIF
Photedes enervata,GBIF
Photedes includens,GBIF
Photedes inops,GBIF
Photedes panatela,GBIF
Phrudocentra centrifugaria,GBIF
Phryganeopsis brunnea,GBIF
Phryganidia californica,GBIF
Phrygionis auriferaria,GBIF
Phrygionis paradoxata,GBIF
Phrygionis privignaria,GBIF
Phryxus caicus,GBIF
Phtheochroa aegrana,GBIF
Phtheochroa aureoalbida,GBIF
Phtheochroa baracana,GBIF
Phtheochroa canariana,GBIF
Phtheochroa fulviplicana,GBIF
Phtheochroa huachucana,GBIF
Phtheochroa modestana,GBIF
Phtheochroa perspicuana,GBIF
Phtheochroa riscana,GBIF
Phtheochroa terminana,GBIF
Phtheochroa villana,GBIF
Phtheochroa vitellinana,GBIF
Phtheochroa vulneratana,GBIF
Phtheochroa waracana,GBIF
Phthorimaea chiquitelloides,GBIF
Phthorimaea elaborata,GBIF
Phthorimaea insularis,GBIF
Phthorimaea spinosa,GBIF
Phthorimaea totalis,GBIF
Phuphena tura,GBIF
Phyciodes campestris,GBIF
Phyciodes montana,GBIF
Phyciodes orseis,GBIF
Phyciodes pallida,GBIF
Phyciodes phaon,GBIF
Phyciodes picta,GBIF
Phyciodes vesta,GBIF
Phycitodes mucidellus,GBIF
Phyllocnistis ampelopsiella,GBIF
Phyllocnistis citrella,GBIF
Phyllocnistis finitima,GBIF
Phyllocnistis hyperpersea,GBIF
Phyllocnistis intermediella,GBIF
Phyllocnistis meliacella,GBIF
Phyllocnistis vitegenella,GBIF
Phyllocnistis vitifoliella,GBIF
Phyllodesma coturnix,GBIF
Phyllodesma occidentis,GBIF
Phyllodonta peccataria,GBIF
Phyllodonta sarukhani,GBIF
Phyllonorycter alaskana,GBIF
Phyllonorycter alnicolella,GBIF
Phyllonorycter anderidae,GBIF
Phyllonorycter antiochella,GBIF
Phyllonorycter apicinigrella,GBIF
Phyllonorycter arbutusella,GBIF
Phyllonorycter caryaealbella,GBIF
Phyllonorycter deserticola,GBIF
Phyllonorycter diaphanella,GBIF
Phyllonorycter emberizaepenella,GBIF
Phyllonorycter holodisci,GBIF
Phyllonorycter intermixta,GBIF
Phyllonorycter inusitatella,GBIF
Phyllonorycter junoniella,GBIF
Phyllonorycter latus,GBIF
Phyllonorycter ledella,GBIF
Phyllonorycter maestingella,GBIF
Phyllonorycter manzanita,GBIF
Phyllonorycter mariaeella,GBIF
Phyllonorycter mespilella,GBIF
Phyllonorycter myricella,GBIF
Phyllonorycter obsoleta,GBIF
Phyllonorycter occitanica,GBIF
Phyllonorycter pernivalis,GBIF
Phyllonorycter platani,GBIF
Phyllonorycter rhododendrella,GBIF
Phyllonorycter sandraella,GBIF
Phyllonorycter symphoricarpaeella,GBIF
Phylloporia bistrigella,GBIF
Phylloscopus borealis,eBird
Phylloscopus collybita,eBird
Phylloscopus examinandus,eBird
Phylloscopus fuscatus,eBird
Phylloscopus inornatus,eBird
Phylloscopus proregulus,eBird
Phylloscopus sibilatrix,eBird
Phylloscopus trochilus,eBird
Phymatopus behrensi,GBIF
Phymatopus californicus,GBIF
Phymatopus hectoides,GBIF
Phyprosopus calligrapha,GBIF
Phyprosopus callitrichoides,GBIF
Physula albipunctilla,GBIF
Phytometra apicata,GBIF
Phytometra ernestinana,GBIF
Phytometra obliqualis,GBIF
Phytometra orgiae,GBIF
Phytometra rhodarialis,GBIF
Pica hudsonia,eBird
Pica nuttalli,eBird
Pica pica,eBird
Picoides arcticus,eBird
Picoides dorsalis,eBird
Pieriballia viardi,GBIF
Pieris angelika,GBIF
Pieris mannii,GBIF
Pieris marginalis,GBIF
Pieris rapae,GBIF
Pigritia fidella,GBIF
Pigritia laticapitella,GBIF
Pigritia murtfeldtella,GBIF
Piletocera bufalis,GBIF
Pilocrocis dryalis,GBIF
Pilocrocis gnamptoceralis,GBIF
Pilocrocis ramentalis,GBIF
Pima albiplagiatella,GBIF
Pima albocostalialis,GBIF
Pima boisduvaliella,GBIF
Pima fosterella,GBIF
Pima granitella,GBIF
Pimaphera percata,GBIF
Pimaphera sparsaria,GBIF
Pimodes insularis,GBIF
Pinicola enucleator,eBird
Pionites melanocephalus,eBird
Pionus maximiliani,eBird
Pionus menstruus,eBird
Pionus senilis,eBird
Pipilo chlorurus,eBird
Pipilo maculatus,eBird
Piranga bidentata,eBird
Piranga flava,eBird
Piranga ludoviciana,eBird
Piranga rubra,eBird
Piruna aea,GBIF
Piruna haferniki,GBIF
Piruna pirus,GBIF
Piruna polingii,GBIF
Pitangus sulphuratus,eBird
Plagiomimicus astigmatosum,GBIF
Plagiomimicus aureolum,GBIF
Plagiomimicus caesium,GBIF
Plagiomimicus curiosum,GBIF
Plagiomimicus dimidiata,GBIF
Plagiomimicus expallidus,GBIF
Plagiomimicus heitzmani,GBIF
Plagiomimicus hilli,GBIF
Plagiomimicus kathyae,GBIF
Plagiomimicus manti,GBIF
Plagiomimicus mimica,GBIF
Plagiomimicus navia,GBIF
Plagiomimicus ochoa,GBIF
Plagiomimicus olvello,GBIF
Plagiomimicus pityochromus,GBIF
Plagiomimicus spumosum,GBIF
Plagiomimicus tepperi,GBIF
Plagiomimicus triplagiatus,GBIF
Plagiomimicus yakama,GBIF
Plataea blanchardaria,GBIF
Plataea calcaria,GBIF
Plataea californiaria,GBIF
Plataea diva,GBIF
Plataea personaria,GBIF
Plataea trilinearia,GBIF
Plataea ursaria,GBIF
Platalea ajaja,eBird
Platalea leucorodia,eBird
Platphalonia campicolana,GBIF
Platphalonia dangi,GBIF
Platphalonia magdalenae,GBIF
Platphalonia plicana,GBIF
Platphalonidia felix,GBIF
Platphalonidia lavana,GBIF
Platphalonidia magdalenae,GBIF
Platphalonidia subolivacea,GBIF
Platycercus elegans,eBird
Platycercus eximius,eBird
Platyedra subcinerea,GBIF
Platynota blanchardi,GBIF
Platynota exasperatana,GBIF
Platynota labiosana,GBIF
Platynota larreana,GBIF
Platynota nigrocervina,GBIF
Platynota semiustana,GBIF
Platynota texana,GBIF
Platynota viridana,GBIF
Platynota wenzelana,GBIF
Platynota zapatana,GBIF
Platypolia anceps,GBIF
Platypolia contadina,GBIF
Platypolia loda,GBIF
Platypolia mactata,GBIF
Platyprepia virginalis,GBIF
Platyptilia albicans,GBIF
Platyptilia carduidactylus,GBIF
Platyptilia comstocki,GBIF
Platyptilia percnodactylus,GBIF
Platyptilia tesseradactyla,GBIF
Platyptilia washburnensis,GBIF
Platyptilia williamsii,GBIF
Platytes vobisne,GBIF
Plebeia emerina,GBIF
Plebeia frontalis,GBIF
Plebejus acmoin,GBIF
Plebejus acmon,GBIF
Plebejus aehaja,GBIF
Plebejus argus,GBIF
Plebejus fridayi,GBIF
Plebejus lepidus,GBIF
Plebejus lupini,GBIF
Plebejus monticola,GBIF
Plebejus saepiolus,GBIF
Plebejus samuelis,GBIF
Plebejus scudderii,GBIF
Plebejus shasta,GBIF
Plebulina emigdionis,GBIF
Plectrophenax hyperboreus,eBird
Plectrophenax nivalis,eBird
Plegadis chihi,eBird
Plegadis falcinellus,eBird
Pleromella opter,GBIF
Pleromelloida arizonata,GBIF
Pleromelloida bonuscula,GBIF
Pleromelloida cinerea,GBIF
Pleromelloida conserta,GBIF
Pleuroprucha asthenaria,GBIF
Pleuroptya silicalis,GBIF
Pleurota albastrigulella,GBIF
Pliniaca bakerella,GBIF
Ploceus bojeri,eBird
Ploceus castaneiceps,eBird
Ploceus cucullatus,eBird
Ploceus melanocephalus,eBird
Ploceus velatus,eBird
Ploceus vitellinus,eBird
Plodia interpunctella,GBIF
Plumegesta largalis,GBIF
Plusia contexta,GBIF
Plusia festucae,GBIF
Plusia nichollae,GBIF
Plusia venusta,GBIF
Plusiodonta amado,GBIF
Plusiodonta compressipalpis,GBIF
Plutella albidorsella,GBIF
Plutella armoraciae,GBIF
Plutella haasi,GBIF
Plutella interrupta,GBIF
Plutella porrectella,GBIF
Plutella vanella,GBIF
Plutella xylostella,GBIF
Pluvialis apricaria,eBird
Pluvialis dominica,eBird
Pluvialis fulva,eBird
Pluvialis squatarola,eBird
Pococera aplastella,GBIF
Pococera arizonella,GBIF
Pococera callipeplella,GBIF
Pococera euphemella,GBIF
Pococera fuscolotella,GBIF
Pococera griseella,GBIF
Pococera humerella,GBIF
Pococera maritimalis,GBIF
Pococera scortealis,GBIF
Pococera subcanalis,GBIF
Pococera texanella,GBIF
Pococera tiltella,GBIF
Podagra crassipes,GBIF
Podiasa chiococcella,GBIF
Podiceps auritus,eBird
Podiceps grisegena,eBird
Podiceps nigricollis,eBird
Podilymbus podiceps,eBird
Poecile carolinensis,eBird
Poecile cinctus,eBird
Poecile gambeli,eBird
Poecile hudsonicus,eBird
Poecile rufescens,eBird
Poecile sclateri,eBird
Pogonogenys proximalis,GBIF
Poicephalus flavifrons,eBird
Poicephalus meyeri,eBird
Poicephalus senegalus,eBird
Poladryas minuta,GBIF
Polia discalis,GBIF
Polia nugatis,GBIF
Polia piniae,GBIF
Polia propodea,GBIF
Polia richardsoni,GBIF
Polia rogenhoferi,GBIF
Policocnemis ungulatus,GBIF
Polioptila caerulea,eBird
Polioptila californica,eBird
Polioptila melanura,eBird
Polioptila nigriceps,eBird
Polites baracoa,GBIF
Polites coras,GBIF
Polites egeremet,GBIF
Polites otho,GBIF
Polites sabuleti,GBIF
Polites vibex,GBIF
Polopeustis arctiella,GBIF
Polychrysia esmeralda,GBIF
Polydesma boarmoides,GBIF
Polygonia c-album,GBIF
Polygonia haroldi,GBIF
Polygonia hylas,GBIF
Polygonia oreas,GBIF
Polygonia vaualbum,GBIF
Polygonia zephyrus,GBIF
Polygonus leo,GBIF
Polygrammodes elevata,GBIF
Polygrammodes langdonalis,GBIF
Polygrammodes sanguinalis,GBIF
Polyhymno acaciella,GBIF
Polyommatus icarus,GBIF
Polyplectron bicalcaratum,eBird
Polypogon obscuripennis,GBIF
Polysticta stelleri,eBird
Polytelis anthopeplus,eBird
Polythrix mexicanus,GBIF
Polythrix octomaculata,GBIF
Pompostolella charipepla,GBIF
Ponometia bruchi,GBIF
Ponometia elegantula,GBIF
Ponometia hutsoni,GBIF
Ponometia macdunnoughi,GBIF
Ponometia venustula,GBIF
Pontia beckerii,GBIF
Pontia occidentalis,GBIF
Pontia sisymbrii,GBIF
Porphyrio flavirostris,eBird
Porphyrio martinica,eBird
Porphyrio poliocephalus,eBird
Porphyrorhegma fortunata,GBIF
Porphyrosela minuta,GBIF
Portentomorpha xanthialis,GBIF
Porzana carolina,eBird
Povolnya quercinigrella,GBIF
Prays atomocella,GBIF
Prepona demophon,GBIF
Prepona laertes,GBIF
Prionapteryx achatina,GBIF
Prionapteryx cuneolalis,GBIF
Prionapteryx serpentella,GBIF
Prionomelia spododea,GBIF
Pristerognatha agilana,GBIF
Pristerognatha fuligana,GBIF
Problema bulenta,GBIF
Procellaria aequinoctialis,eBird
Procellaria parkinsoni,eBird
Prochalia pygmaea,GBIF
Prochoerodes amplicineraria,GBIF
Prochoerodes forficaria,GBIF
Prochoerodes olivata,GBIF
Prochoerodes truxaliata,GBIF
Proclossiana aphirape,GBIF
Procymbopteryx belialis,GBIF
Prodoxus aenescens,GBIF
Prodoxus cinereus,GBIF
Prodoxus coloradensis,GBIF
Prodoxus decipiens,GBIF
Prodoxus mapimiensis,GBIF
Prodoxus marginatus,GBIF
Prodoxus phylloryctus,GBIF
Prodoxus quinquepunctella,GBIF
Prodoxus sonorensis,GBIF
Prodoxus sordidus,GBIF
Prodoxus weethumpi,GBIF
Prodoxus y-inversa,GBIF
Progne chalybea,eBird
Progne cryptoleuca,eBird
Progne elegans,eBird
Progne subis,eBird
Progne tapera,eBird
Prognorisma substrigata,GBIF
Progonia oileusalis,GBIF
Prolimacodes trigona,GBIF
Prolita barnesiella,GBIF
Prolita dialis,GBIF
Prolita geniata,GBIF
Prolita incicur,GBIF
Prolita invariabilis,GBIF
Prolita jubata,GBIF
Prolita nefrens,GBIF
Prolita pagella,GBIF
Prolita princeps,GBIF
Prolita puertella,GBIF
Prolita recens,GBIF
Prolita rectistrigella,GBIF
Prolita sexpunctella,GBIF
Prolita sironae,GBIF
Prolita thaliae,GBIF
Prolita variabilis,GBIF
Promalactis suzukiella,GBIF
Promylea lunigerella,GBIF
Pronoctua craboi,GBIF
Pronoctua peabodyae,GBIF
Pronoctua pyrophiloides,GBIF
Pronoctua typica,GBIF
Properigea albimacula,GBIF
Properigea continens,GBIF
Properigea costa,GBIF
Properigea loculosa,GBIF
Properigea mephisto,GBIF
Properigea niveirena,GBIF
Properigea perolivalis,GBIF
Properigea seitzi,GBIF
Properigea suffusa,GBIF
Properigea tapeta,GBIF
Prorasea fernaldi,GBIF
Prorasea praeia,GBIF
Prorasea pulveralis,GBIF
Prorasea sideralis,GBIF
Prorasea simalis,GBIF
Prorella artestata,GBIF
Prorella discoidalis,GBIF
Prorella gypsata,GBIF
Prorella insipidata,GBIF
Prorella leucata,GBIF
Prorella mellisa,GBIF
Prorella opinata,GBIF
Proroblemma testa,GBIF
Proserpinus clarkiae,GBIF
Proserpinus flavofasciata,GBIF
Proserpinus gaurae,GBIF
Proserpinus juanita,GBIF
Proserpinus lucidus,GBIF
Proserpinus terlooii,GBIF
Proserpinus vega,GBIF
Prosoparia floridana,GBIF
Prosoparia perfuscaria,GBIF
Prostomeus brunneus,GBIF
Protambulyx carteri,GBIF
Protambulyx strigilis,GBIF
Protandrena atricornis,GBIF
Protandrena bancrofti,GBIF
Protandrena cockerelli,GBIF
Protandrena fratercula,GBIF
Protandrena heteromorpha,GBIF
Protandrena mexicanorum,GBIF
Protandrena occidua,GBIF
Protandrena pectidis,GBIF
Protandrena rugosa,GBIF
Protandrena sorocula,GBIF
Protandrena sphaeralceae,GBIF
Protandrena texana,GBIF
Protandrena tidestromiae,GBIF
Protandrena trifoliata,GBIF
Protandrena verbesinae,GBIF
Protapamea danieli,GBIF
Protapamea louisae,GBIF
Protasia mirabilicornella,GBIF
Proteides mercurius,GBIF
Proteoteras arizonae,GBIF
Proteoteras implicata,GBIF
Proteoteras obnigrana,GBIF
Prothrinax luteomedia,GBIF
Protitame albescens,GBIF
Protitame matilda,GBIF
Protitame subalbaria,GBIF
Protodeltote albidula,GBIF
Protodeltote muscosula,GBIF
Protodufourea eickworti,GBIF
Protographium marcellus,GBIF
Protographium philolaus,GBIF
Protogygia alberta,GBIF
Protogygia album,GBIF
Protogygia arena,GBIF
Protogygia biclavis,GBIF
Protogygia comstocki,GBIF
Protogygia elevata,GBIF
Protogygia enalaga,GBIF
Protogygia lagena,GBIF
Protogygia milleri,GBIF
Protogygia pallida,GBIF
Protogygia pectinata,GBIF
Protogygia polingi,GBIF
Protogygia postera,GBIF
Protogygia pryorensis,GBIF
Protogygia querula,GBIF
Protogygia rufescens,GBIF
Protogygia whitesandsensis,GBIF
Protohalonia amoena,GBIF
Protohalonia carinata,GBIF
Protohalonia venusta,GBIF
Protolithocolletis lathyri,GBIF
Protonotaria citrea,eBird
Protoperigea anotha,GBIF
Protoperigea calientensis,GBIF
Protoperigea parvulata,GBIF
Protoperigea posticata,GBIF
Protoperigea subterminata,GBIF
Protoperigea umbricata,GBIF
Protoproutia laredoata,GBIF
Protoproutia rusticaria,GBIF
Protorthodes alfkenii,GBIF
Protorthodes antennata,GBIF
Protorthodes argentoppida,GBIF
Protorthodes curtica,GBIF
Protorthodes eureka,GBIF
Protorthodes melanopis,GBIF
Protorthodes mulina,GBIF
Protorthodes orobia,GBIF
Protorthodes oviduca,GBIF
Protorthodes perforata,GBIF
Protorthodes rufula,GBIF
Protorthodes texana,GBIF
Protorthodes texicana,GBIF
Protorthodes ustulata,GBIF
Protorthodes variabilis,GBIF
Protosmia rubifloris,GBIF
Protoxaea gloriosa,GBIF
Provia argentata,GBIF
Proxenus mendosa,GBIF
Proxenus mindara,GBIF
Proxenus miranda,GBIF
Prunella montanella,eBird
Psaliodes fervescens,GBIF
Psaliodes interrupta,GBIF
Psaltriparus minimus,eBird
Psamatodes pallidata,GBIF
Psamatodes trientata,GBIF
Psammobotys alpinalis,GBIF
Psammobotys fordi,GBIF
Psammopolia arietis,GBIF
Psammopolia sala,GBIF
Psammopolia wyatti,GBIF
Psaphida damalis,GBIF
Psaphida grandis,GBIF
Psaphida grotei,GBIF
Psaphida thaxterianus,GBIF
Psara jasiusalis,GBIF
Psarocolius decumanus,eBird
Psectrotarsia hebardi,GBIF
Psectrotarsia suavis,GBIF
Pselnophorus belfragei,GBIF
Pselnophorus chihuahuaensis,GBIF
Pselnophorus hodgesi,GBIF
Pselnophorus kutisi,GBIF
Psephotus haematonotus,eBird
Pseudacontia crustaria,GBIF
Pseudalypia crotchii,GBIF
Pseudanarta actura,GBIF
Pseudanarta basivirida,GBIF
Pseudanarta caeca,GBIF
Pseudanarta crocea,GBIF
Pseudanarta daemonalis,GBIF
Pseudanarta damnata,GBIF
Pseudanarta exasperata,GBIF
Pseudanarta flava,GBIF
Pseudanarta flavidens,GBIF
Pseudanarta perplexa,GBIF
Pseudanarta pulverulenta,GBIF
Pseudanarta singula,GBIF
Pseudanthoecia tumida,GBIF
Pseudasopia cohortalis,GBIF
Pseudasopia intermedialis,GBIF
Pseudcaloreas extrincicella,GBIF
Pseuderotis obiterella,GBIF
Pseudethmia protuberans,GBIF
Pseudeustrotia indeterminata,GBIF
Pseudeva palligera,GBIF
Pseudexentera habrosana,GBIF
Pseudexentera kalmiana,GBIF
Pseudexentera knudsoni,GBIF
Pseudexentera oregonana,GBIF
Pseudexentera oreios,GBIF
Pseudexentera senatrix,GBIF
Pseudexentera sepia,GBIF
Pseudexentera vaccinii,GBIF
Pseudexentera virginiana,GBIF
Pseudhapigia brunnea,GBIF
Pseudoanthidium nanum,GBIF
Pseudobryomima distans,GBIF
Pseudobryomima fallax,GBIF
Pseudobryomima muscosa,GBIF
Pseudobulweria rostrata,eBird
Pseudocabima arizonensis,GBIF
Pseudocabotia balconiensis,GBIF
Pseudochelaria arbutina,GBIF
Pseudochelaria manzanitae,GBIF
Pseudochelaria pennsylvanica,GBIF
Pseudochelaria scabrella,GBIF
Pseudocopaeodes eunus,GBIF
Pseudocopivaleria anaverta,GBIF
Pseudocopivaleria sonoma,GBIF
Pseudogalleria inimicella,GBIF
Pseudohadena vulnerea,GBIF
Pseudohermonassa bicarnea,GBIF
Pseudohermonassa flavotincta,GBIF
Pseudohermonassa ononensis,GBIF
Pseudohermonassa tenuicula,GBIF
Pseudohyaleucerea minima,GBIF
Pseudomacrotera turgiceps,GBIF
Pseudomarimatha flava,GBIF
Pseudonestor xanthophrys,eBird
Pseudopanthea palata,GBIF
Pseudopanurgus aethiops,GBIF
Pseudopanurgus atricornis,GBIF
Pseudopanurgus californicus,GBIF
Pseudopanurgus clypeatus,GBIF
Pseudopanurgus fraterculus,GBIF
Pseudopanurgus illustris,GBIF
Pseudopanurgus irregularis,GBIF
Pseudopanurgus nanulus,GBIF
Pseudopanurgus parvus,GBIF
Pseudopanurgus passiflorae,GBIF
Pseudopanurgus renimaculatus,GBIF
Pseudopanurgus simulans,GBIF
Pseudopanurgus texanus,GBIF
Pseudopanurgus townsendi,GBIF
Pseudopanurgus virginicus,GBIF
Pseudopostega albogaleriella,GBIF
Pseudopostega cretea,GBIF
Pseudopostega quadristrigella,GBIF
Pseudopostega texana,GBIF
Pseudopyrausta marginalis,GBIF
Pseudopyrausta santatalis,GBIF
Pseudorgyia russula,GBIF
Pseudorgyia versuta,GBIF
Pseudorthodes irrorata,GBIF
Pseudorthodes keela,GBIF
Pseudorthodes puerilis,GBIF
Pseudorthodes virgula,GBIF
Pseudoschinia elautalis,GBIF
Pseudoschoenobius opalescalis,GBIF
Pseudoschrankia brevipalpis,GBIF
Pseudosphex leovazquezae,GBIF
Pseudosphinx tetrio,GBIF
Pseudotelphusa landryi,GBIF
Pseudotelphusa querciphaga,GBIF
Pseudothyris sepulchralis,GBIF
Psilocorsis arguta,GBIF
Psilocorsis cirrhoptera,GBIF
Psilocorsis fatula,GBIF
Psilogramma increta,GBIF
Psilopleura polia,GBIF
Psiloscops flammeolus,eBird
Psittacara chloropterus,eBird
Psittacara erythrogenys,eBird
Psittacara finschi,eBird
Psittacara holochlorus,eBird
Psittacara leucophthalmus,eBird
Psittacara mitratus,eBird
Psittacara wagleri,eBird
Psittacula alexandri,eBird
Psittacula columboides,eBird
Psittacula cyanocephala,eBird
Psittacula eques,eBird
Psittacula eupatria,eBird
Psittacula krameri,eBird
Psittacus erithacus,eBird
Psitteuteles pusillus,eBird
Psittirostra psittacea,eBird
Pternistis erckelii,eBird
Pterocles exustus,eBird
Pterocypha floridata,GBIF
Pterodroma alba,eBird
Pterodroma arminjoniana,eBird
Pterodroma cahow,eBird
Pterodroma cervicalis,eBird
Pterodroma cookii,eBird
Pterodroma deserta,eBird
Pterodroma externa,eBird
Pterodroma gouldi,eBird
Pterodroma hasitata,eBird
Pterodroma heraldica,eBird
Pterodroma hypoleuca,eBird
Pterodroma inexpectata,eBird
Pterodroma longirostris,eBird
Pterodroma madeira,eBird
Pterodroma neglecta,eBird
Pterodroma nigripennis,eBird
Pterodroma sandwichensis,eBird
Pterodroma solandri,eBird
Pterodroma ultima,eBird
Pteronymia cotytto,GBIF
Pterorhinus pectoralis,eBird
Pterospoda kunzei,GBIF
Pterospoda nigrescens,GBIF
Pterospoda opuscularia,GBIF
Pterotaea albescens,GBIF
Pterotaea cariosa,GBIF
Pterotaea comstocki,GBIF
Pterotaea lamiaria,GBIF
Pterotaea melanocarpa,GBIF
Pterotaea newcombi,GBIF
Pterotaea powelli,GBIF
Pterotaea sperryae,GBIF
Pterotaea succurva,GBIF
Pterourus appalachiensis,GBIF
Pterourus canadensis,GBIF
Pterourus eurymedon,GBIF
Pterourus garamas,GBIF
Pterourus glaucus,GBIF
Pterourus palamedes,GBIF
Pterourus pilumnus,GBIF
Pterourus rutulus,GBIF
Pterourus troilus,GBIF
Ptichodis bistrigata,GBIF
Ptichodis bucetum,GBIF
Ptichodis herbarum,GBIF
Ptichodis immunis,GBIF
Ptichodis ovalis,GBIF
Ptichodis pacalis,GBIF
Ptichodis vinculum,GBIF
Ptiliogonys cinereus,eBird
Ptiloglossa arizonensis,GBIF
Ptiloglossa hoplopoda,GBIF
Ptiloglossa jonesi,GBIF
Ptiloglossa mexicana,GBIF
Ptilopsaltis confusella,GBIF
Ptilopsaltis curvistrigella,GBIF
Ptilothrix chiricahua,GBIF
Ptilothrix sumichrasti,GBIF
Ptycerata busckella,GBIF
Ptychamalia dorneraria,GBIF
Ptychoglene coccinea,GBIF
Ptychoglene phrada,GBIF
Ptychoramphus aleuticus,eBird
Pubitelphusa latifasciella,GBIF
Puffinus baroli,eBird
Puffinus lherminieri,eBird
Puffinus nativitatis,eBird
Puffinus newelli,eBird
Puffinus opisthomelas,eBird
Puffinus puffinus,eBird
Purius superpulverea,GBIF
Pycnonotus cafer,eBird
Pycnonotus jocosus,eBird
Pycnonotus leucotis,eBird
Pygarctia abdominalis,GBIF
Pygarctia flavidorsalis,GBIF
Pygarctia lorula,GBIF
Pygarctia murina,GBIF
Pygarctia neomexicana,GBIF
Pygarctia pterygostigma,GBIF
Pygarctia roseicapitis,GBIF
Pygarctia spraguei,GBIF
Pygochelidon cyanoleuca,eBird
Pygoctenucha terminalis,GBIF
Pyla aeneoviridella,GBIF
Pyla aenigmatica,GBIF
Pyla aequivoca,GBIF
Pyla arenaeola,GBIF
Pyla impostor,GBIF
Pyla insinuatrix,GBIF
Pyla metalicella,GBIF
Pyla scintillans,GBIF
Pyla serrata,GBIF
Pyla viridisuffusella,GBIF
Pyralis farinalis,GBIF
Pyralis manihotalis,GBIF
Pyramidobela agyrtodes,GBIF
Pyramidobela angelarum,GBIF
Pyramidobela quinquecristata,GBIF
Pyrausta acrionalis,GBIF
Pyrausta andrei,GBIF
Pyrausta antisocialis,GBIF
Pyrausta arizonicalis,GBIF
Pyrausta atropurpuralis,GBIF
Pyrausta augustalis,GBIF
Pyrausta aurea,GBIF
Pyrausta bicoloralis,GBIF
Pyrausta californicalis,GBIF
Pyrausta cardinalis,GBIF
Pyrausta corinthalis,GBIF
Pyrausta dapalis,GBIF
Pyrausta demantrialis,GBIF
Pyrausta flavibrunnea,GBIF
Pyrausta flavofascialis,GBIF
Pyrausta fodinalis,GBIF
Pyrausta generosa,GBIF
Pyrausta grotei,GBIF
Pyrausta homonymalis,GBIF
Pyrausta inornatalis,GBIF
Pyrausta insignitalis,GBIF
Pyrausta inveterascalis,GBIF
Pyrausta klotsi,GBIF
Pyrausta laticlavia,GBIF
Pyrausta lethalis,GBIF
Pyrausta linealis,GBIF
Pyrausta merrickalis,GBIF
Pyrausta morenalis,GBIF
Pyrausta napaealis,GBIF
Pyrausta nexalis,GBIF
Pyrausta nicalis,GBIF
Pyrausta niveicilialis,GBIF
Pyrausta obtusanalis,GBIF
Pyrausta ochreicostalis,GBIF
Pyrausta onythesalis,GBIF
Pyrausta perrubralis,GBIF
Pyrausta phoenicealis,GBIF
Pyrausta pilatealis,GBIF
Pyrausta plagalis,GBIF
Pyrausta pseuderosnealis,GBIF
Pyrausta pseudonythesalis,GBIF
Pyrausta pythialis,GBIF
Pyrausta retidiscalis,GBIF
Pyrausta roseivestalis,GBIF
Pyrausta rubricalis,GBIF
Pyrausta sartotralis,GBIF
Pyrausta scurralis,GBIF
Pyrausta semirubralis,GBIF
Pyrausta shirleyae,GBIF
Pyrausta socialis,GBIF
Pyrausta subgenerosa,GBIF
Pyrausta tatalis,GBIF
Pyrausta testalis,GBIF
Pyrausta tuolumnalis,GBIF
Pyrausta tyralis,GBIF
Pyrausta volupialis,GBIF
Pyrausta zonalis,GBIF
Pyreferra slotteni,GBIF
Pyrgus communis,GBIF
Pyrgus oileus,GBIF
Pyrgus ruralis,GBIF
Pyrgus scriptura,GBIF
Pyrgus wyandot,GBIF
Pyrisitia dina,GBIF
Pyrisitia lisa,GBIF
Pyrisitia nise,GBIF
Pyrisitia proterpia,GBIF
Pyrocephalus rubinus,eBird
Pyroderces albistrigella,GBIF
Pyromorpha dyari,GBIF
Pyrrhia aurantiago,GBIF
Pyrrhia cilisca,GBIF
Pyrrhopyge araxes,GBIF
Pyrrhopyge haemon,GBIF
Pyrrhula aurantiaca,eBird
Pyrrhula pyrrhula,eBird
Pyrrhura frontalis,eBird
Pyrrhura molinae,eBird
Pyrrhura rupicola,eBird
Pytilia melba,eBird
Quadrina diazoma,GBIF
Quadrus cerialis,GBIF
Quadrus lugubris,GBIF
Quasisalebria admixta,GBIF
Quasisalebria atratella,GBIF
Quasisalebria fructetella,GBIF
Quiscalus major,eBird
Quiscalus mexicanus,eBird
Rachiplusia ou,GBIF
Radjah radjah,eBird
Ragonotia dotalis,GBIF
Rallus crepitans,eBird
Rallus elegans,eBird
Rallus limicola,eBird
Rallus obsoletus,eBird
Ramosomyia violiceps,eBird
Ramphastos sulfuratus,eBird
Ramphocelus carbo,eBird
Raphia cinderella,GBIF
Raphia pallula,GBIF
Raphiptera argillaceellus,GBIF
Rectiostoma fernaldella,GBIF
Recurvaria consimilis,GBIF
Recurvaria francisca,GBIF
Recurvirostra americana,eBird
Redectis pygmaea,GBIF
Redectis vitrea,GBIF
Redingtonia alba,GBIF
Regulus satrapa,eBird
Rejectaria albisinuata,GBIF
Rekoa palegon,GBIF
Renia discoloralis,GBIF
Renia factiosalis,GBIF
Renia flavipunctalis,GBIF
Renia fraternalis,GBIF
Renia hutsoni,GBIF
Renia mortualis,GBIF
Renia nemoralis,GBIF
Renia pulverosalis,GBIF
Renia rigida,GBIF
Renia salusalis,GBIF
Renia sobrialis,GBIF
Resapamea diluvius,GBIF
Resapamea enargia,GBIF
Resapamea innota,GBIF
Resapamea passer,GBIF
Resapamea stipata,GBIF
Retinia albicapitana,GBIF
Retinia arizonensis,GBIF
Retinia burkeana,GBIF
Retinia comstockiana,GBIF
Retinia edemoidana,GBIF
Retinia gemistrigulana,GBIF
Retinia houseri,GBIF
Retinia mafica,GBIF
Retinia metallica,GBIF
Retinia pallipennis,GBIF
Retinia picicolana,GBIF
Retinia sabiniana,GBIF
Retinia taedana,GBIF
Retinia virginiana,GBIF
Reynosa floscella,GBIF
Rhabdorthodes pattersoni,GBIF
Rhagea packardella,GBIF
Rhagea stigmella,GBIF
Rhea americana,eBird
Rhea pennata,eBird
Rhectocraspeda periusalis,GBIF
Rhigognostis interrupta,GBIF
Rhigognostis schmaltzella,GBIF
Rhigognostis senilella,GBIF
Rhinthon cubana,GBIF
Rhizagrotis albalis,GBIF
Rhizagrotis cloanthoides,GBIF
Rhizagrotis modesta,GBIF
Rhizagrotis stylata,GBIF
Rhizedra lutosa,GBIF
Rhodocantha diagonalis,GBIF
Rhodostethia rosea,eBird
Rhyacia clemens,GBIF
Rhyacia quadrangula,GBIF
Rhyacionia buoliana,GBIF
Rhyacionia bushnelli,GBIF
Rhyacionia fumosana,GBIF
Rhyacionia monophylliana,GBIF
Rhyacionia multilineata,GBIF
Rhyacionia neomexicana,GBIF
Rhyacionia pallifasciata,GBIF
Rhyacionia pasadenana,GBIF
Rhyacionia salmonicolor,GBIF
Rhyacionia subcervinana,GBIF
Rhyacionia zozana,GBIF
Rhynchagrotis adulta,GBIF
Rhynchephestia rhabdotis,GBIF
Rhynchophanes mccownii,eBird
Rhynchopsitta pachyrhyncha,eBird
Ribua droozi,GBIF
Richia chortalis,GBIF
Richia parentalis,GBIF
Richia praefixa,GBIF
Richia serano,GBIF
Ridgwayia pinicola,eBird
Rifargia bichorda,GBIF
Rifseria fuscotaeniaella,GBIF
Rindgea ballandrata,GBIF
Rindgea cyda,GBIF
Rindgea disparcata,GBIF
Rindgea parcata,GBIF
Rindgea prolificata,GBIF
Rindgea s-signata,GBIF
Rindgeria ornata,GBIF
Riparia riparia,eBird
Rissa brevirostris,eBird
Rissa tridactyla,eBird
Rivula propinqualis,GBIF
Rivula pusilla,GBIF
Rivula stepheni,GBIF
Rostrhamus sociabilis,eBird
Rostrolaetilia eureka,GBIF
Rostrolaetilia minimella,GBIF
Rostrolaetilia nigromaculella,GBIF
Rostrolaetilia placidella,GBIF
Rostrolaetilia placidissima,GBIF
Rothschildia cincta,GBIF
Rothschildia cinctus,GBIF
Rothschildia lebeau,GBIF
Ruacodes tela,GBIF
Rubroserrata mathewi,GBIF
Rudenia leguminana,GBIF
Rumatha bihinda,GBIF
Rumatha glaucatella,GBIF
Rumatha polingella,GBIF
Rupela segrega,GBIF
Rupela sejuncta,GBIF
Rupela tinctella,GBIF
Rupornis magnirostris,eBird
Rusicada privata,GBIF
Rynchops niger,eBird
Sabulodes aegrotata,GBIF
Sabulodes dissimilis,GBIF
Sabulodes edwardsata,GBIF
Sabulodes huachuca,GBIF
Sabulodes mabelata,GBIF
Sabulodes niveostriata,GBIF
Sabulodes olifata,GBIF
Sabulodes sericeata,GBIF
Sabulodes spoliata,GBIF
Sagenosoma elsa,GBIF
Salbia cassidalis,GBIF
Salbia haemorrhoidalis,GBIF
Salebriacus odiosella,GBIF
Salebriaria annulosella,GBIF
Salebriaria carolynae,GBIF
Salebriaria engeli,GBIF
Salebriaria fasciata,GBIF
Salebriaria fergusonella,GBIF
Salebriaria grandidentalis,GBIF
Salebriaria kanawha,GBIF
Salebriaria nubiferella,GBIF
Salebriaria pumilella,GBIF
Salebriaria roseopunctella,GBIF
Salebriaria rufimaculatella,GBIF
Salebriaria simpliciella,GBIF
Salebriaria squamopalpiella,GBIF
Salebriaria turpidella,GBIF
Salia lysizona,GBIF
Saliana esperi,GBIF
Salobrena recurvata,GBIF
Salobrena sincera,GBIF
Salobrena vacuana,GBIF
Salpinctes obsoletus,eBird
Samea baccatalis,GBIF
Samea druchachalis,GBIF
Samea ecclesialis,GBIF
Samea multiplicalis,GBIF
Sandia mcfarlandi,GBIF
Saphenista bartellae,GBIF
Saphenista nomonana,GBIF
Saphenista powelli,GBIF
Saphenista saxicolana,GBIF
Sarasota plumigerella,GBIF
Sarata caudellella,GBIF
Sarata dophnerella,GBIF
Sarata edwardsialis,GBIF
Sarata incanella,GBIF
Sarata nigrifasciella,GBIF
Sarata perfuscalis,GBIF
Sarata pullatella,GBIF
Sarata rubrithoracella,GBIF
Sarata tephrella,GBIF
Sathria internitalis,GBIF
Satole ligniperdalis,GBIF
Saturnia albofasciata,GBIF
Saturnia anona,GBIF
Saturnia galbina,GBIF
Saturnia homogena,GBIF
Saturnia mendocino,GBIF
Saturnia pyri,GBIF
Saturnia walterorum,GBIF
Satyrium alcestis,GBIF
Satyrium behrii,GBIF
Satyrium fuliginosa,GBIF
Saucerottia beryllina,eBird
Saurita mecrida,GBIF
Saxicola maurus,eBird
Saxicola stejnegeri,eBird
Sayornis nigricans,eBird
Sayornis phoebe,eBird
Sayornis saya,eBird
Scardia amurensis,GBIF
Scardia anatomella,GBIF
Scardiella approximatella,GBIF
Scelidacantha triseriata,GBIF
Scelorthus pisoniella,GBIF
Scevesia angustiora,GBIF
Schacontia themis,GBIF
Schinia accessa,GBIF
Schinia acutilinea,GBIF
Schinia albafascia,GBIF
Schinia alencis,GBIF
Schinia amaryllis,GBIF
Schinia amblys,GBIF
Schinia anabelleae,GBIF
Schinia angulilinea,GBIF
Schinia antonio,GBIF
Schinia arefacta,GBIF
Schinia argentifascia,GBIF
Schinia aurantiaca,GBIF
Schinia avemensis,GBIF
Schinia bicuspida,GBIF
Schinia biforma,GBIF
Schinia bimatris,GBIF
Schinia biundulata,GBIF
Schinia brunnea,GBIF
Schinia buta,GBIF
Schinia carminatra,GBIF
Schinia carmosina,GBIF
Schinia carolinensis,GBIF
Schinia carrizoensis,GBIF
Schinia chryselloides,GBIF
Schinia chrysellus,GBIF
Schinia ciliata,GBIF
Schinia citrinellus,GBIF
Schinia coercita,GBIF
Schinia crenilinea,GBIF
Schinia crotchii,GBIF
Schinia cumatilis,GBIF
Schinia cupes,GBIF
Schinia deserticola,GBIF
Schinia diffusa,GBIF
Schinia dobla,GBIF
Schinia edwardsii,GBIF
Schinia erosa,GBIF
Schinia errans,GBIF
Schinia felicitata,GBIF
Schinia ferricasta,GBIF
Schinia ferrisi,GBIF
Schinia fulleri,GBIF
Schinia gaurae,GBIF
Schinia gracilenta,GBIF
Schinia graefiana,GBIF
Schinia grandimedia,GBIF
Schinia hanga,GBIF
Schinia honesta,GBIF
Schinia hulstia,GBIF
Schinia illustra,GBIF
Schinia immaculata,GBIF
Schinia intermontana,GBIF
Schinia intrabilis,GBIF
Schinia jaegeri,GBIF
Schinia ligeae,GBIF
Schinia lucens,GBIF
Schinia luxa,GBIF
Schinia lynda,GBIF
Schinia lynx,GBIF
Schinia maculata,GBIF
Schinia masoni,GBIF
Schinia meadi,GBIF
Schinia mexicana,GBIF
Schinia miniana,GBIF
Schinia mitis,GBIF
Schinia mortua,GBIF
Schinia niveicosta,GBIF
Schinia nuchalis,GBIF
Schinia obliqua,GBIF
Schinia obscurata,GBIF
Schinia oculata,GBIF
Schinia oleagina,GBIF
Schinia olivacea,GBIF
Schinia parmeliana,GBIF
Schinia perminuta,GBIF
Schinia persimilis,GBIF
Schinia petulans,GBIF
Schinia poguei,GBIF
Schinia psamathea,GBIF
Schinia pulchripennis,GBIF
Schinia regia,GBIF
Schinia regina,GBIF
Schinia reniformis,GBIF
Schinia rivulosa,GBIF
Schinia roseitincta,GBIF
Schinia rufipenna,GBIF
Schinia sanrafaeli,GBIF
Schinia saturata,GBIF
Schinia scarletina,GBIF
Schinia scissoides,GBIF
Schinia sexplagiata,GBIF
Schinia simplex,GBIF
Schinia siren,GBIF
Schinia snowi,GBIF
Schinia sordida,GBIF
Schinia spinosae,GBIF
Schinia suetus,GBIF
Schinia tertia,GBIF
Schinia thoreaui,GBIF
Schinia tobia,GBIF
Schinia tuberculum,GBIF
Schinia ultima,GBIF
Schinia unimacula,GBIF
Schinia vacciniae,GBIF
Schinia varix,GBIF
Schinia velaris,GBIF
Schinia verna,GBIF
Schinia villosa,GBIF
Schinia volupia,GBIF
Schinia walsinghami,GBIF
Schinia wiklei,GBIF
Schinia zuni,GBIF
Schizura biedermani,GBIF
Schizura errucata,GBIF
Schizura ipomaeae,GBIF
Schrankia altivolans,GBIF
Schrankia howarthi,GBIF
Schrankia macula,GBIF
Schreckensteinia felicella,GBIF
Schreckensteinia festaliella,GBIF
Sciota basilaris,GBIF
Sciota bifasciella,GBIF
Sciota carneella,GBIF
Sciota celtidella,GBIF
Sciota crassifasciella,GBIF
Sciota dammersi,GBIF
Sciota fernaldi,GBIF
Sciota subcaesiella,GBIF
Sciota subfuscella,GBIF
Sciota termitalis,GBIF
Sciota uvinella,GBIF
Sciota vetustella,GBIF
Sciota virgatella,GBIF
Scirpophaga innotata,GBIF
Sclerocona acutella,GBIF
Scodes deflecta,GBIF
Scolecocampa atriluna,GBIF
Scolopax minor,eBird
Scolopax rusticola,eBird
Scoparia basalis,GBIF
Scoparia basalis-cineromedia,GBIF
Scoparia biplagialis,GBIF
Scoparia californialis,GBIF
Scoparia cinereomedia,GBIF
Scoparia dominicki,GBIF
Scoparia normalis,GBIF
Scoparia palloralis,GBIF
Scoparia penumbralis,GBIF
Scoparia rigidalis,GBIF
Scopula aemulata,GBIF
Scopula ancellata,GBIF
Scopula apparitaria,GBIF
Scopula benitaria,GBIF
Scopula cacuminaria,GBIF
Scopula cajanderi,GBIF
Scopula compensata,GBIF
Scopula frigidaria,GBIF
Scopula fuscata,GBIF
Scopula lautaria,GBIF
Scopula luteolata,GBIF
Scopula personata,GBIF
Scopula plantagenaria,GBIF
Scopula purata,GBIF
Scopula quadrilineata,GBIF
Scopula quinquelinearia,GBIF
Scopula rubraria,GBIF
Scopula sentinaria,GBIF
Scopula siccata,GBIF
Scopula sideraria,GBIF
Scopula timandrata,GBIF
Scopula umbilicata,GBIF
Scotogramma defessa,GBIF
Scotogramma densa,GBIF
Scotogramma fervida,GBIF
Scotogramma fieldi,GBIF
Scotogramma gatei,GBIF
Scotogramma harnardi,GBIF
Scotogramma orida,GBIF
Scotogramma ptilodonta,GBIF
Scotogramma stretchii,GBIF
Scotogramma submarina,GBIF
Scotogramma yakima,GBIF
Scotorythra artemidora,GBIF
Scotorythra corticea,GBIF
Scotorythra dissotis,GBIF
Scotorythra epixantha,GBIF
Scotorythra euryphaea,GBIF
Scotorythra gomphias,GBIF
Scotorythra hecataea,GBIF
Scotorythra kuschei,GBIF
Scotorythra pachyspila,GBIF
Scotorythra paludicola,GBIF
Scotorythra rara,GBIF
Scrobipalpa acuminatella,GBIF
Scrobipalpa arenaceariella,GBIF
Scrobipalpa macromaculata,GBIF
Scrobipalpopsis arnicella,GBIF
Scrobipalpopsis interposita,GBIF
Scrobipalpopsis tetradymiella,GBIF
Scrobipalpula antiochia,GBIF
Scrobipalpula diffluella,GBIF
Scrobipalpula henshawiella,GBIF
Scrobipalpula manierreorum,GBIF
Scrobipalpula potentella,GBIF
Scrobipalpula psilella,GBIF
Scrobipalpula radiatella,GBIF
Scrobipalpula sacculicola,GBIF
Scrobipalpulopsis lutescella,GBIF
Scybalistodes periculosalis,GBIF
Scybalistodes regularis,GBIF
Scybalistodes vermiculalis,GBIF
Scythris anthracina,GBIF
Scythris basilaris,GBIF
Scythris eboracensis,GBIF
Scythris eburnea,GBIF
Scythris fuscicomella,GBIF
Scythris immaculatella,GBIF
Scythris interrupta,GBIF
Scythris limbella,GBIF
Scythris mixaula,GBIF
Scythris noricella,GBIF
Scythris pilosella,GBIF
Scythris sinensis,GBIF
Scythris trivinctella,GBIF
Scythris ypsilon,GBIF
Scythropiodes issikii,GBIF
Seirarctia echo,GBIF
Seiurus aurocapilla,eBird
Selasphorus calliope,eBird
Selasphorus heloisa,eBird
Selasphorus platycercus,eBird
Selasphorus rufus,eBird
Selasphorus sasin,eBird
Selenisa sueroides,GBIF
Selga arizonella,GBIF
Selga californica,GBIF
Selicanis cinereola,GBIF
Semaeopus cantona,GBIF
Semaeopus ella,GBIF
Semaeopus gracilata,GBIF
Semaeopus marginata,GBIF
Semioscopis mcdunnoughi,GBIF
Semioscopis megamicrella,GBIF
Semioscopis merriccella,GBIF
Semiothisa parcata,GBIF
Sericoplaga externalis,GBIF
Sericoptera virginaria,GBIF
Sericosema juturnaria,GBIF
Sericosema simularia,GBIF
Sericosema wilsonensis,GBIF
Serinus canaria,eBird
Serinus serinus,eBird
Seryda constans,GBIF
Sesia spartani,GBIF
Sesia tibiale,GBIF
Setagrotis pallidicollis,GBIF
Setagrotis radiola,GBIF
Setagrotis vocalis,GBIF
Setophaga aestiva,eBird
Setophaga americana,eBird
Setophaga caerulescens,eBird
Setophaga castanea,eBird
Setophaga cerulea,eBird
Setophaga chrysoparia,eBird
Setophaga citrina,eBird
Setophaga discolor,eBird
Setophaga dominica,eBird
Setophaga fusca,eBird
Setophaga graciae,eBird
Setophaga kirtlandii,eBird
Setophaga magnolia,eBird
Setophaga nigrescens,eBird
Setophaga occidentalis,eBird
Setophaga palmarum,eBird
Setophaga pensylvanica,eBird
Setophaga petechia,eBird
Setophaga pinus,eBird
Setophaga pitiayumi,eBird
Setophaga ruticilla,eBird
Setophaga striata,eBird
Setophaga tigrina,eBird
Setophaga townsendi,eBird
Setophaga virens,eBird
Sexserrata hampsoni,GBIF
Sialia currucoides,eBird
Sialia mexicana,eBird
Sibirionetta formosa,eBird
Sicalis flaveola,eBird
Sicalis luteola,eBird
Sicya crocearia,GBIF
Sicya inquinata,GBIF
Sicya olivata,GBIF
Sicya pergilvaria,GBIF
Sicyopsis blanchardata,GBIF
Sideridis artesta,GBIF
Sideridis congermana,GBIF
Sideridis fuscolutea,GBIF
Sideridis maryx,GBIF
Sideridis ruisa,GBIF
Sideridis uscripta,GBIF
Sideridis vindemialis,GBIF
Sigela basipunctaria,GBIF
Sigela brauneata,GBIF
Sigela eoides,GBIF
Sigela incisa,GBIF
Sigela lynx,GBIF
Sigela minuta,GBIF
Sigela penumbrata,GBIF
Sigela rosea,GBIF
Sigela sordes,GBIF
Sigela subincisa,GBIF
Simanthedon linsleyi,GBIF
Simplicia cornicalis,GBIF
Simyra insularis,GBIF
Sinica sinica,GBIF
Sinoe chambersi,GBIF
Sinoe kwakae,GBIF
Sinoe robiniella,GBIF
Siproeta epaphus,GBIF
Siproeta stelenes,GBIF
Siskiwitia alticolans,GBIF
Siskiwitia falcata,GBIF
Sisyracera inabsconsalis,GBIF
Sitochroa chortalis,GBIF
Sitochroa palealis,GBIF
Sitotroga cerealella,GBIF
Sitta canadensis,eBird
Sitta pusilla,eBird
Sitta pygmaea,eBird
Slossonia rubrotincta,GBIF
Smerinthus saliceti,GBIF
Smyrna blomfildia,GBIF
Snowia montanaria,GBIF
Somateria fischeri,eBird
Somateria mollissima,eBird
Somateria spectabilis,eBird
Somatolophia ectrapelaria,GBIF
Somatolophia haydenata,GBIF
Somatolophia incana,GBIF
Somatolophia pallescens,GBIF
Sonia canadana,GBIF
Sonia comstocki,GBIF
Sonia constrictana,GBIF
Sonia divaricata,GBIF
Sonia filiana,GBIF
Sonia fulminana,GBIF
Sonia paraplesiana,GBIF
Sonia vovana,GBIF
Sophista bifasciata,GBIF
Sophona greenfieldi,GBIF
Sophona snellingi,GBIF
Sophronia primella,GBIF
Sophronia roseicrinella,GBIF
Sorhagenia nimbosus,GBIF
Sorhagenia pexa,GBIF
Sosipatra anthophila,GBIF
Sosipatra knudsoni,GBIF
Sosipatra nonparilella,GBIF
Sosipatra proximanthophila,GBIF
Sosipatra rileyella,GBIF
Sosipatra thurberiae,GBIF
Spaelotis bicava,GBIF
Spaelotis havilae,GBIF
Spaelotis quadricava,GBIF
Spaelotis unicava,GBIF
Spaelotis velicava,GBIF
Spargaloma perditalis,GBIF
Spargania aurata,GBIF
Spargania bellipicta,GBIF
Spargania viridescens,GBIF
Sparganothis azulispecca,GBIF
Sparganothis bistriata,GBIF
Sparganothis boweri,GBIF
Sparganothis caryae,GBIF
Sparganothis demissana,GBIF
Sparganothis flavibasana,GBIF
Sparganothis lindalinea,GBIF
Sparganothis lycopodiana,GBIF
Sparganothis mcguinnessi,GBIF
Sparganothis niteolinea,GBIF
Sparganothis pulcherrimana,GBIF
Sparganothis richersi,GBIF
Sparganothis robinsonana,GBIF
Sparganothis senecionana,GBIF
Sparganothis striata,GBIF
Sparganothis sullivani,GBIF
Sparganothis taracana,GBIF
Sparganothis tessellata,GBIF
Sparganothis tunicana,GBIF
Sparganothis violaceana,GBIF
Sparganothis vocaridorsana,GBIF
Sparganothis xanthoides,GBIF
Sparganothoides hydeana,GBIF
Sparganothoides lentiginosana,GBIF
Sparganothoides machimiana,GBIF
Sparkia immacula,GBIF
Spathilepia clonius,GBIF
Spatula clypeata,eBird
Spatula cyanoptera,eBird
Spatula discors,eBird
Spatula hottentota,eBird
Spatula querquedula,eBird
Spatula versicolor,eBird
Speocropia trichroma,GBIF
Speranza abruptata,GBIF
Speranza amboflava,GBIF
Speranza bitactata,GBIF
Speranza boreata,GBIF
Speranza coloradensis,GBIF
Speranza coortaria,GBIF
Speranza exonerata,GBIF
Speranza ribearia,GBIF
Speranza saphenata,GBIF
Speranza semivolata,GBIF
Speranza varadaria,GBIF
Spermestes bicolor,eBird
Spermestes cucullata,eBird
Spermestes fringilloides,eBird
Sperrya cervula,GBIF
Speyeria adiaste,GBIF
Speyeria callippe,GBIF
Speyeria coronis,GBIF
Speyeria edwardsii,GBIF
Speyeria egleis,GBIF
Speyeria electa,GBIF
Speyeria hydaspe,GBIF
Speyeria leto,GBIF
Speyeria mormonia,GBIF
Speyeria nevadensis,GBIF
Speyeria nitocris,GBIF
Speyeria nokomis,GBIF
Speyeria zerene,GBIF
Sphacelodes haitiaria,GBIF
Sphacelodes vulneraria,GBIF
Sphecodes,GBIF
Sphecodes antennariae,GBIF
Sphecodes aroniae,GBIF
Sphecodes arvensiformis,GBIF
Sphecodes atlanticus,GBIF
Sphecodes atlantis,GBIF
Sphecodes autumnalis,GBIF
Sphecodes banksii,GBIF
Sphecodes brachycephalus,GBIF
Sphecodes carolinus,GBIF
Sphecodes clematidis,GBIF
Sphecodes columbiae,GBIF
Sphecodes confertus,GBIF
Sphecodes coronus,GBIF
Sphecodes cressonii,GBIF
Sphecodes davisii,GBIF
Sphecodes dichrous,GBIF
Sphecodes eustictus,GBIF
Sphecodes fattigi,GBIF
Sphecodes galerus,GBIF
Sphecodes heraclei,GBIF
Sphecodes illinoensis,GBIF
Sphecodes johnsonii,GBIF
Sphecodes kincaidii,GBIF
Sphecodes lautipennis,GBIF
Sphecodes levis,GBIF
Sphecodes mandibularis,GBIF
Sphecodes manni,GBIF
Sphecodes minor,GBIF
Sphecodes pecosensis,GBIF
Sphecodes pimpinellae,GBIF
Sphecodes prosphorus,GBIF
Sphecodes pycnanthemi,GBIF
Sphecodes ranunculi,GBIF
Sphecodes rhois,GBIF
Sphecodes smilacinae,GBIF
Sphecodes solonis,GBIF
Sphecodes sophiae,GBIF
Sphecodes stygius,GBIF
Sphecodes townesi,GBIF
Sphecodes wheeleri,GBIF
Sphecodosoma beameri,GBIF
Sphecodosoma dicksoni,GBIF
Sphecodosoma pratti,GBIF
Sphenarches anisodactylus,GBIF
Sphenarches ontario,GBIF
Spheterista flavocincta,GBIF
Spheterista flavopicta,GBIF
Spheterista glaucoviridana,GBIF
Spheterista pleonectes,GBIF
Spheterista reynoldsiana,GBIF
Spheterista tetraplasandra,GBIF
Spheterista variabilis,GBIF
Sphingomorpha chlorea,GBIF
Sphinx asellus,GBIF
Sphinx dollii,GBIF
Sphinx leucophaeata,GBIF
Sphinx libocedrus,GBIF
Sphinx perelegans,GBIF
Sphinx poecila,GBIF
Sphinx sequoiae,GBIF
Sphinx vanbuskirki,GBIF
Sphinx vashti,GBIF
Sphyrapicus nuchalis,eBird
Sphyrapicus ruber,eBird
Sphyrapicus thyroideus,eBird
Spialia galba,GBIF
Spilopelia chinensis,eBird
Spilopelia senegalensis,eBird
Spilosoma congrua,GBIF
Spilosoma dubia,GBIF
Spilosoma pteridis,GBIF
Spilosoma vagans,GBIF
Spilosoma vestalis,GBIF
Spindalis zena,eBird
Spinipogon harmozones,GBIF
Spinitibia hodgesi,GBIF
Spinus atratus,eBird
Spinus cucullatus,eBird
Spinus lawrencei,eBird
Spinus magellanicus,eBird
Spinus notatus,eBird
Spinus psaltria,eBird
Spinus spinus,eBird
Spiza americana,eBird
Spizella atrogularis,eBird
Spizella breweri,eBird
Spizella pallida,eBird
Spizella passerina,eBird
Spizella pusilla,eBird
Spizella wortheni,eBird
Spizelloides arborea,eBird
Spodolepis danbyi,GBIF
Spodolepis substriataria,GBIF
Spodoptera albula,GBIF
Spodoptera androgea,GBIF
Spodoptera exempta,GBIF
Spodoptera hipparis,GBIF
Spodoptera latifascia,GBIF
Spodoptera littoralis,GBIF
Spodoptera mauritia,GBIF
Spodoptera praefica,GBIF
Spodoptera pulchella,GBIF
Spoladea recurvalis,GBIF
Sporophila lineola,eBird
Sporophila minuta,eBird
Sporophila morelleti,eBird
Sporophila peruviana,eBird
Sporophila telasco,eBird
Sporophila torqueola,eBird
Spragueia apicalis,GBIF
Spragueia funeralis,GBIF
Spragueia guttata,GBIF
Spragueia jaguaralis,GBIF
Spragueia magnifica,GBIF
Spragueia perstructana,GBIF
Sriferia cockerella,GBIF
Stagmatophora enchrysa,GBIF
Stagmatophora iridella,GBIF
Stagmatophora wyattella,GBIF
Stagonopleura guttata,eBird
Stallingsia maculosus,GBIF
Stamnoctenis morrisata,GBIF
Stamnoctenis pearsalli,GBIF
Stamnoctenis rubrosuffusa,GBIF
Stamnodes affiliata,GBIF
Stamnodes albiapicata,GBIF
Stamnodes animata,GBIF
Stamnodes annellata,GBIF
Stamnodes artemis,GBIF
Stamnodes blackmorei,GBIF
Stamnodes cassinoi,GBIF
Stamnodes coenonymphata,GBIF
Stamnodes costimacula,GBIF
Stamnodes deceptiva,GBIF
Stamnodes eldridgensis,GBIF
Stamnodes fergusoni,GBIF
Stamnodes fervefactaria,GBIF
Stamnodes formosata,GBIF
Stamnodes franckata,GBIF
Stamnodes gibbicostata,GBIF
Stamnodes lampra,GBIF
Stamnodes marinata,GBIF
Stamnodes marmorata,GBIF
Stamnodes modocata,GBIF
Stamnodes reckseckeri,GBIF
Stamnodes seiferti,GBIF
Stamnodes splendorata,GBIF
Stamnodes tessellata,GBIF
Stamnodes topazata,GBIF
Stamnodes ululata,GBIF
Stamnodes watsoni,GBIF
Staphylus ceos,GBIF
Staphylus ecos,GBIF
Staphylus floridus,GBIF
Staphylus mazans,GBIF
Stathmopoda aenea,GBIF
Stathmopoda elyella,GBIF
Staudingeria albipennella,GBIF
Stegasta capitella,GBIF
Stegea eripalis,GBIF
Stegea minutalis,GBIF
Stegea salutalis,GBIF
Stegea simplicialis,GBIF
Stegea sola,GBIF
Stelgidopteryx serripennis,eBird
Stelis acutiventris,GBIF
Stelis alta,GBIF
Stelis anasazi,GBIF
Stelis anthidioides,GBIF
Stelis anthocopae,GBIF
Stelis anthracina,GBIF
Stelis ashmeadiellae,GBIF
Stelis ater,GBIF
Stelis australis,GBIF
Stelis broemelingi,GBIF
Stelis calliphorina,GBIF
Stelis callura,GBIF
Stelis carnifex,GBIF
Stelis coarctatus,GBIF
Stelis cockerelli,GBIF
Stelis costalis,GBIF
Stelis diversicolor,GBIF
Stelis elegans,GBIF
Stelis elongativentris,GBIF
Stelis foederalis,GBIF
Stelis grossa,GBIF
Stelis hemirhoda,GBIF
Stelis herberti,GBIF
Stelis holocyanea,GBIF
Stelis hurdi,GBIF
Stelis imperialis,GBIF
Stelis interrupta,GBIF
Stelis joanae,GBIF
Stelis labiata,GBIF
Stelis lamelliterga,GBIF
Stelis lateralis,GBIF
Stelis laticincta,GBIF
Stelis linsleyi,GBIF
Stelis louisae,GBIF
Stelis micheneri,GBIF
Stelis montana,GBIF
Stelis monticola,GBIF
Stelis nitida,GBIF
Stelis occidentalis,GBIF
Stelis paiute,GBIF
Stelis palmarum,GBIF
Stelis pavonina,GBIF
Stelis permaculata,GBIF
Stelis perpulchra,GBIF
Stelis robertsoni,GBIF
Stelis rudbeckiarum,GBIF
Stelis semirubra,GBIF
Stelis shoshone,GBIF
Stelis subcaerulea,GBIF
Stelis subemarginata,GBIF
Stelis subglauca,GBIF
Stelis trichopyga,GBIF
Stemorrhages exuala,GBIF
Stenaspilatodes antidiscaria,GBIF
Steniodes declivalis,GBIF
Steniodes mendica,GBIF
Stenoma irenias,GBIF
Stenopaschia trichopteris,GBIF
Stenoporpia anastomosaria,GBIF
Stenoporpia anellula,GBIF
Stenoporpia badia,GBIF
Stenoporpia dionaria,GBIF
Stenoporpia dissonaria,GBIF
Stenoporpia glaucomarginaria,GBIF
Stenoporpia graciella,GBIF
Stenoporpia insipidaria,GBIF
Stenoporpia lea,GBIF
Stenoporpia margueritae,GBIF
Stenoporpia mcdunnoughi,GBIF
Stenoporpia pulchella,GBIF
Stenoporpia pulmonaria,GBIF
Stenoporpia purpuraria,GBIF
Stenoporpia separataria,GBIF
Stenoporpia vernata,GBIF
Stenoptilia coloradensis,GBIF
Stenoptilia pallistriga,GBIF
Stenoptilia zophodactylus,GBIF
Stenoptilodes antirrhina,GBIF
Stenoptilodes brevipennis,GBIF
Stenoptilodes crenulata,GBIF
Stenoptilodes littoralis,GBIF
Stenoptilodes taprobanes,GBIF
Stenoptinea auriferella,GBIF
Stenoptinea cyaneimarmorella,GBIF
Stephensia major,GBIF
Stercorarius longicaudus,eBird
Stercorarius maccormicki,eBird
Stercorarius parasiticus,eBird
Stercorarius pomarinus,eBird
Stercorarius skua,eBird
Stergamataea delicatum,GBIF
Stergamataea inornata,GBIF
Sterna dougallii,eBird
Sterna forsteri,eBird
Sterna hirundo,eBird
Sterna paradisaea,eBird
Sternula antillarum,eBird
Sthenopis pretiosus,GBIF
Sthenopis purpurascens,GBIF
Stibaera thyatiroides,GBIF
Stictoptera cucullioides,GBIF
Stigmella alba,GBIF
Stigmella altella,GBIF
Stigmella amelanchierella,GBIF
Stigmella anomalella,GBIF
Stigmella aromella,GBIF
Stigmella betulicola,GBIF
Stigmella braunella,GBIF
Stigmella caryaefoliella,GBIF
Stigmella ceanothi,GBIF
Stigmella centifoliella,GBIF
Stigmella condaliafoliella,GBIF
Stigmella diffasciae,GBIF
Stigmella gossypii,GBIF
Stigmella heteromelis,GBIF
Stigmella inconspicuella,GBIF
Stigmella lapponica,GBIF
Stigmella lemniscella,GBIF
Stigmella longisacca,GBIF
Stigmella macrocarpae,GBIF
Stigmella microtheriella,GBIF
Stigmella multispicata,GBIF
Stigmella myrtillella,GBIF
Stigmella nigriverticella,GBIF
Stigmella oxyacanthella,GBIF
Stigmella plumosetaeella,GBIF
Stigmella purpuratella,GBIF
Stigmella resplendensella,GBIF
Stigmella rhamnella,GBIF
Stigmella rhamnicola,GBIF
Stigmella salicis,GBIF
Stigmella scintillans,GBIF
Stigmella stigmaciella,GBIF
Stigmella taeniola,GBIF
Stigmella ulmivora,GBIF
Stigmella unifasciella,GBIF
Stigmella variella,GBIF
Stilbosis lonchocarpella,GBIF
Stilbosis nubila,GBIF
Stilbosis ornatrix,GBIF
Stilbosis quadricustatella,GBIF
Stilbosis tesquella,GBIF
Stinga morrisoni,GBIF
Stiria blanchardi,GBIF
Stiria consuela,GBIF
Stiria dyari,GBIF
Stiria intermixta,GBIF
Stiria rugifrons,GBIF
Stiria satana,GBIF
Stiria sulphurea,GBIF
Stizoptera bichenovii,eBird
Stoeberhinus testaceus,GBIF
Strephonota tephraeus,GBIF
Streptopalpia minusculalis,GBIF
Streptopelia capicola,eBird
Streptopelia decaocto,eBird
Streptopelia orientalis,eBird
Streptopelia roseogrisea,eBird
Streptopelia turtur,eBird
Streptoprocne zonaris,eBird
Stretchia inferior,GBIF
Stretchia muricina,GBIF
Stretchia pacifica,GBIF
Stretchia pictipennis,GBIF
Stretchia plusiaeformis,GBIF
Stretchia prima,GBIF
Striacosta albicosta,GBIF
Strix nebulosa,eBird
Strix occidentalis,eBird
Strix varia,eBird
Strix virgata,eBird
Strobisia iridipennella,GBIF
Strobisia proserpinella,GBIF
Struthio camelus,eBird
Strymon acadica,GBIF
Strymon acis,GBIF
Strymon albata,GBIF
Strymon alea,GBIF
Strymon avalona,GBIF
Strymon bazochii,GBIF
Strymon caryaevorus,GBIF
Strymon falacer,GBIF
Strymon kingi,GBIF
Strymon saepium,GBIF
Strymon strigosa,GBIF
Strymon sylvinus,GBIF
Sturnella lilianae,eBird
Sturnella magna,eBird
Sturnella neglecta,eBird
Sturnia pagodarum,eBird
Sturnus vulgaris,eBird
Stylopalpia luniferella,GBIF
Stylopalpia scobiella,GBIF
Stylopoda cephalica,GBIF
Stylopoda groteana,GBIF
Stylopoda modestella,GBIF
Sufetula diminutalis,GBIF
Sula brewsteri,eBird
Sula dactylatra,eBird
Sula granti,eBird
Sula leucogaster,eBird
Sula nebouxii,eBird
Sula sula,eBird
Suleima baracana,GBIF
Suleima cinerodorsana,GBIF
Suleima daracana,GBIF
Suleima lagopana,GBIF
Suleima mendaciana,GBIF
Suleima skinnerana,GBIF
Supralathosea baboquivariensis,GBIF
Supralathosea obtusa,GBIF
Supralathosea pronuba,GBIF
Surnia ulula,eBird
Suthora webbiana,eBird
Sutyna privata,GBIF
Svastra atripes,GBIF
Svastra compta,GBIF
Svastra cressonii,GBIF
Svastra helianthelli,GBIF
Svastra machaerantherae,GBIF
Svastra nevadensis,GBIF
Svastra sabinensis,GBIF
Svastra sila,GBIF
Svastra texana,GBIF
Swammerdamia heroldella,GBIF
Swammerdamia lutarea,GBIF
Swammerdamia pyrella,GBIF
Syllectra erycata,GBIF
Syllepis marialis,GBIF
Syllepte elegans,GBIF
Syllepte obscuralis,GBIF
Symmerista schmidti,GBIF
Symmerista solistella,GBIF
Symmerista suavis,GBIF
Symmerista zacualpana,GBIF
Symmetrischema apache,GBIF
Symmetrischema bloomfieldi,GBIF
Symmetrischema costaricanum,GBIF
Symmetrischema fercularia,GBIF
Symmetrischema lectulifera,GBIF
Symmetrischema pallidochrella,GBIF
Symmetrischema russoi,GBIF
Symmetrischema striatella,GBIF
Symmetrischema tangolias,GBIF
Symmetrischema yuma,GBIF
Symmoca signatella,GBIF
Sympistis,GBIF
Sympistis acheron,GBIF
Sympistis albifasciata,GBIF
Sympistis amenthes,GBIF
Sympistis amun,GBIF
Sympistis anweileri,GBIF
Sympistis apep,GBIF
Sympistis apis,GBIF
Sympistis apposita,GBIF
Sympistis aqualis,GBIF
Sympistis arizonensis,GBIF
Sympistis astrigata,GBIF
Sympistis aterrima,GBIF
Sympistis atricollaris,GBIF
Sympistis augustus,GBIF
Sympistis babi,GBIF
Sympistis badistriga,GBIF
Sympistis bakeri,GBIF
Sympistis balteata,GBIF
Sympistis barnesii,GBIF
Sympistis basifugens,GBIF
Sympistis behrensi,GBIF
Sympistis benjamini,GBIF
Sympistis buchis,GBIF
Sympistis buto,GBIF
Sympistis californiae,GBIF
Sympistis chalybdis,GBIF
Sympistis chandleri,GBIF
Sympistis cherti,GBIF
Sympistis chionanthi,GBIF
Sympistis chons,GBIF
Sympistis chorda,GBIF
Sympistis cibalis,GBIF
Sympistis ciliata,GBIF
Sympistis cleopatra,GBIF
Sympistis cocytus,GBIF
Sympistis collaris,GBIF
Sympistis columbia,GBIF
Sympistis coprocolor,GBIF
Sympistis corusca,GBIF
Sympistis cottami,GBIF
Sympistis curvicollis,GBIF
Sympistis dayi,GBIF
Sympistis deceptiva,GBIF
Sympistis definita,GBIF
Sympistis dentata,GBIF
Sympistis deserta,GBIF
Sympistis dinalda,GBIF
Sympistis dischorda,GBIF
Sympistis doris,GBIF
Sympistis dunbari,GBIF
Sympistis duplex,GBIF
Sympistis euta,GBIF
Sympistis extranea,GBIF
Sympistis extremis,GBIF
Sympistis fasciata,GBIF
Sympistis fifia,GBIF
Sympistis figurata,GBIF
Sympistis forbesi,GBIF
Sympistis fortis,GBIF
Sympistis glennyi,GBIF
Sympistis goedeni,GBIF
Sympistis greyi,GBIF
Sympistis griseicollis,GBIF
Sympistis hapi,GBIF
Sympistis hathor,GBIF
Sympistis hayesi,GBIF
Sympistis heliophila,GBIF
Sympistis heterogena,GBIF
Sympistis homogena,GBIF
Sympistis horus,GBIF
Sympistis ibapahensis,GBIF
Sympistis incubus,GBIF
Sympistis induta,GBIF
Sympistis infixa,GBIF
Sympistis insanina,GBIF
Sympistis intruda,GBIF
Sympistis iricolor,GBIF
Sympistis isis,GBIF
Sympistis jenniferae,GBIF
Sympistis jocelynae,GBIF
Sympistis kelloggi,GBIF
Sympistis kelsoensis,GBIF
Sympistis khem,GBIF
Sympistis lachrymosa,GBIF
Sympistis lacticollis,GBIF
Sympistis laticosta,GBIF
Sympistis levis,GBIF
Sympistis linda,GBIF
Sympistis mackiei,GBIF
Sympistis major,GBIF
Sympistis meadiana,GBIF
Sympistis melalutea,GBIF
Sympistis min,GBIF
Sympistis minor,GBIF
Sympistis mirificalis,GBIF
Sympistis modesta,GBIF
Sympistis nenun,GBIF
Sympistis nigrita,GBIF
Sympistis nigrocaput,GBIF
Sympistis occata,GBIF
Sympistis orbicularis,GBIF
Sympistis pallida,GBIF
Sympistis pallidior,GBIF
Sympistis parvacana,GBIF
Sympistis parvanigra,GBIF
Sympistis pernotata,GBIF
Sympistis perscripta,GBIF
Sympistis picina,GBIF
Sympistis piffardi,GBIF
Sympistis poliafascies,GBIF
Sympistis polingii,GBIF
Sympistis poliochroa,GBIF
Sympistis ptah,GBIF
Sympistis punctilinea,GBIF
Sympistis ragani,GBIF
Sympistis regina,GBIF
Sympistis richersi,GBIF
Sympistis riparia,GBIF
Sympistis rosea,GBIF
Sympistis sakhmet,GBIF
Sympistis sandaraca,GBIF
Sympistis sanina,GBIF
Sympistis satanella,GBIF
Sympistis sectilis,GBIF
Sympistis sectiloides,GBIF
Sympistis semicollaris,GBIF
Sympistis septu,GBIF
Sympistis sesmu,GBIF
Sympistis seth,GBIF
Sympistis shirleyae,GBIF
Sympistis sierrablanca,GBIF
Sympistis simplex,GBIF
Sympistis singularis,GBIF
Sympistis sokar,GBIF
Sympistis sorapis,GBIF
Sympistis stabilis,GBIF
Sympistis subsimplex,GBIF
Sympistis tenuifascia,GBIF
Sympistis terminalis,GBIF
Sympistis tetrops,GBIF
Sympistis toddi,GBIF
Sympistis umbrifascia,GBIF
Sympistis utahensis,GBIF
Sympistis viriditincta,GBIF
Sympistis wilsonensis,GBIF
Sympistis wilsoni,GBIF
Sympistis youngi,GBIF
Synalocha gutierreziae,GBIF
Synanthedon alleri,GBIF
Synanthedon arctica,GBIF
Synanthedon arizonensis,GBIF
Synanthedon arkansasensis,GBIF
Synanthedon canadensis,GBIF
Synanthedon chrysidipennis,GBIF
Synanthedon culiciformis,GBIF
Synanthedon formicaeformis,GBIF
Synanthedon geliformis,GBIF
Synanthedon hela,GBIF
Synanthedon helenis,GBIF
Synanthedon mellinipennis,GBIF
Synanthedon novaroensis,GBIF
Synanthedon polygoni,GBIF
Synanthedon refulgens,GBIF
Synanthedon resplendens,GBIF
Synanthedon richardsi,GBIF
Synanthedon rileyana,GBIF
Synanthedon sapygaeformis,GBIF
Synanthedon saxifragae,GBIF
Synanthedon sequoiae,GBIF
Synapte malitiosa,GBIF
Synapte salenus,GBIF
Synapte syraces,GBIF
Synargis mycone,GBIF
Synaxis barnesii,GBIF
Synaxis brunneilinearia,GBIF
Synaxis cervinaria,GBIF
Synaxis formosa,GBIF
Synaxis fuscata,GBIF
Synaxis hirsutaria,GBIF
Synaxis jubararia,GBIF
Synaxis mosesiani,GBIF
Synaxis pallulata,GBIF
Synaxis triangulata,GBIF
Synchlora bistriaria,GBIF
Synchlora cupedinaria,GBIF
Synchlora faseolaria,GBIF
Synchlora gerularia,GBIF
Synchlora graefiaria,GBIF
Synchlora herbaria,GBIF
Synchlora irregularia,GBIF
Synchlora noel,GBIF
Synchlora pectinaria,GBIF
Synchlora xysteraria,GBIF
Synclera traducalis,GBIF
Syngamia florella,GBIF
Synglochis perumbraria,GBIF
Syngrapha alticola,GBIF
Syngrapha angulidens,GBIF
Syngrapha borea,GBIF
Syngrapha celsa,GBIF
Syngrapha cryptica,GBIF
Syngrapha diasema,GBIF
Syngrapha hochenwarthi,GBIF
Syngrapha ignea,GBIF
Syngrapha montana,GBIF
Syngrapha octoscripta,GBIF
Syngrapha orophila,GBIF
Syngrapha sackenii,GBIF
Syngrapha u-aureum,GBIF
Synnoma lynosyrana,GBIF
Synoicus chinensis,eBird
Synoicus ypsilophorus,eBird
Synorthodes auriginea,GBIF
Synorthodes typhedana,GBIF
Synploca gumia,GBIF
Synthliboramphus antiquus,eBird
Synthliboramphus craveri,eBird
Synthliboramphus hypoleucus,eBird
Synthliboramphus scrippsi,eBird
Syntomeida epilais,GBIF
Syntomeida ipomoeae,GBIF
Syntomeida melanthus,GBIF
Syntomeida syntomoides,GBIF
Syntrichalonia exquisita,GBIF
Syricoris lacunana,GBIF
Syrmaticus reevesii,eBird
Syssphinx albolineata,GBIF
Syssphinx bicolor,GBIF
Syssphinx bisecta,GBIF
Syssphinx blanchardi,GBIF
Syssphinx heiligbrodti,GBIF
Syssphinx hubbardi,GBIF
Syssphinx montana,GBIF
Syssphinx raspa,GBIF
Systasea pulverulenta,GBIF
Systasea zampa,GBIF
Tachornis phoenicobia,eBird
Tachybaptus dominicus,eBird
Tachycineta albilinea,eBird
Tachycineta bicolor,eBird
Tachycineta cyaneoviridis,eBird
Tachycineta thalassina,eBird
Tachyphonus rufus,eBird
Tachyspiza soloensis,eBird
Tachystola hemisema,GBIF
Tacoma feriella,GBIF
Tacparia zalissaria,GBIF
Tadorna cana,eBird
Tadorna ferruginea,eBird
Tadorna tadorna,eBird
Tadorna variegata,eBird
Taeniopygia guttata,eBird
Tallula atrifascialis,GBIF
Tallula fieldi,GBIF
Tallula watsoni,GBIF
Tampa dimediatella,GBIF
Tamsica hyacinthina,GBIF
Tangara chilensis,eBird
Taniva albolineana,GBIF
Tanygona lignicolorella,GBIF
Tanysaccus sublustris,GBIF
Tarache abdominalis,GBIF
Tarache areloides,GBIF
Tarache augustipennis,GBIF
Tarache axendra,GBIF
Tarache bella,GBIF
Tarache cora,GBIF
Tarache expolita,GBIF
Tarache flavipennis,GBIF
Tarache lactipennis,GBIF
Tarache lanceolata,GBIF
Tarache sedata,GBIF
Tarache tenuicula,GBIF
Tarache terminimaculata,GBIF
Tarache tetragona,GBIF
Targalla delatrix,GBIF
Tarsiger cyanurus,eBird
Tathorhynchus exsiccata,GBIF
Taygete attributella,GBIF
Taygete citrinella,GBIF
Taygete decemmaculella,GBIF
Taygetis virgilia,GBIF
Tebenna balsamorrhizella,GBIF
Tebenna gemmalis,GBIF
Tebenna onustana,GBIF
Tebenna piperella,GBIF
Tecia solanivora,GBIF
Tegeticula altiplanella,GBIF
Tegeticula antithetica,GBIF
Tegeticula corruptrix,GBIF
Tegeticula elatella,GBIF
Tegeticula intermedia,GBIF
Tegeticula maculata,GBIF
Tegeticula mexicana,GBIF
Tegeticula mojavella,GBIF
Tegeticula paradoxa,GBIF
Tegeticula rostratella,GBIF
Tegeticula yuccasella,GBIF
Tehama bonifatellus,GBIF
Teladoma helianthi,GBIF
Teladoma murina,GBIF
Teladoma nebula,GBIF
Telamoptilia hibiscivora,GBIF
Teleiopsis baldiana,GBIF
Telespiza cantans,eBird
Telespiza ultima,eBird
Telphusa perspicua,GBIF
Telphusa sedulitella,GBIF
Temenis laothoe,GBIF
Terastia meticulosalis,GBIF
Tesagrotis amia,GBIF
Tesagrotis atrifrons,GBIF
Tesagrotis corrodera,GBIF
Tesagrotis piscipellis,GBIF
Tesuquea hawleyana,GBIF
Tetanolita floridana,GBIF
Tetanolita mynesalis,GBIF
Tetanolita palligera,GBIF
Tetracis australis,GBIF
Tetracis cervinaria,GBIF
Tetracis formosa,GBIF
Tetraclonia dyari,GBIF
Tetraclonia latercula,GBIF
Tetraloniella balluca,GBIF
Tetraloniella cacuminis,GBIF
Tetraloniella cressoniana,GBIF
Tetraloniella davidsoni,GBIF
Tetraloniella eriocarpi,GBIF
Tetraloniella incana,GBIF
Tetraloniella lippiae,GBIF
Tetraloniella michoacanensis,GBIF
Tetraloniella paenalbata,GBIF
Tetraloniella perconcinna,GBIF
Tetraloniella pomonae,GBIF
Tetraloniella spissa,GBIF
Tetraloniella vandykei,GBIF
Tetraloniella wilmattae,GBIF
Tetraogallus himalayensis,eBird
Texola elada,GBIF
Thalassarche cauta,eBird
Thalassarche chlororhynchos,eBird
Thalassarche eremita,eBird
Thalassarche melanophris,eBird
Thalassarche salvini,eBird
Thalasseus bergii,eBird
Thalasseus elegans,eBird
Thalasseus maximus,eBird
Thalasseus sandvicensis,eBird
Thalera pistasciaria,GBIF
Thallophaga hyperborea,GBIF
Thallophaga nigroseriata,GBIF
Thallophaga taylorata,GBIF
Thamnophilus doliatus,eBird
Tharsalea arota,GBIF
Tharsalea dione,GBIF
Tharsalea dorcas,GBIF
Tharsalea editha,GBIF
Tharsalea epixanthe,GBIF
Tharsalea gorgon,GBIF
Tharsalea helloides,GBIF
Tharsalea heteronea,GBIF
Tharsalea hyllus,GBIF
Tharsalea mariposa,GBIF
Tharsalea nivalis,GBIF
Tharsalea rubidus,GBIF
Tharsalea xanthoides,GBIF
Thaumatographa jonesi,GBIF
Thaumatographa regalis,GBIF
Thaumatographa youngiella,GBIF
Thaumatopsis actuellus,GBIF
Thaumatopsis atomosella,GBIF
Thaumatopsis bolterellus,GBIF
Thaumatopsis crenulatella,GBIF
Thaumatopsis edonis,GBIF
Thaumatopsis fernaldella,GBIF
Thaumatopsis floridalis,GBIF
Thaumatopsis floridella,GBIF
Thaumatopsis magnificus,GBIF
Thaumatopsis pectinifer,GBIF
Thaumatopsis pexellus,GBIF
Thaumatopsis repandus,GBIF
Thaumatopsis solutellus,GBIF
Thecla angelia,GBIF
Thecla autolycus,GBIF
Thecla azia,GBIF
Thecla bathildis,GBIF
Thecla bebrycia,GBIF
Thecla cestri,GBIF
Thecla chalcis,GBIF
Thecla citima,GBIF
Thecla cygnus,GBIF
Thecla dryope,GBIF
Thecla empusa,GBIF
Thecla gnosia,GBIF
Thecla goodsoni,GBIF
Thecla herodotus,GBIF
Thecla ilavia,GBIF
Thecla iroides,GBIF
Thecla irus,GBIF
Thecla itys,GBIF
Thecla johnsoni,GBIF
Thecla loki,GBIF
Thecla maesites,GBIF
Thecla marius,GBIF
Thecla martialis,GBIF
Thecla oslari,GBIF
Thecla pudica,GBIF
Thecla putnami,GBIF
Thecla rufofusca,GBIF
Thecla sangala,GBIF
Thecla sarita,GBIF
Thecla schryveri,GBIF
Thecla serapio,GBIF
Thecla sheridanii,GBIF
Thecla spadix,GBIF
Thecla strophius,GBIF
Thecla syllis,GBIF
Thecla tetra,GBIF
Thecla yojoa,GBIF
Thectocercus acuticaudatus,eBird
Theisoa multifasciella,GBIF
Thera latens,GBIF
Thera otisi,GBIF
Theretra nessus,GBIF
Theretra orpheus,GBIF
Theroa zethus,GBIF
Thessalia leanira,GBIF
Thessalia theona,GBIF
Thinornis dubius,eBird
Thiotricha laterestriata,GBIF
Tholera americana,GBIF
Thoon taxes,GBIF
Thopeutis forbesellus,GBIF
Thorybes casica,GBIF
Thorybes daunus,GBIF
Thorybes diversus,GBIF
Thorybes drusius,GBIF
Thorybes lyciades,GBIF
Thorybes mexicana,GBIF
Thorybes pseudocellus,GBIF
Thorybes valeriana,GBIF
Thraupis episcopus,eBird
Threskiornis aethiopicus,eBird
Thryomanes bewickii,eBird
Thryophilus sinaloa,eBird
Thryothorus ludovicianus,eBird
Thurberiphaga diffusa,GBIF
Thursania lycimnia,GBIF
Thyatira mexicana,GBIF
Thymelicus lineola,GBIF
Thyraylia bana,GBIF
Thyraylia bunteana,GBIF
Thyraylia discana,GBIF
Thyraylia hollandana,GBIF
Thyraylia nana,GBIF
Thyraylia voxcana,GBIF
Thyridopteryx meadii,GBIF
Thyridopyralis gallaerandialis,GBIF
Thyrinteina arnobia,GBIF
Thyris maculata,GBIF
Thyrocopa alterna,GBIF
Thyrocopa indecora,GBIF
Thyrocopa kikaelekea,GBIF
Thyrocopa kokeensis,GBIF
Thysania zenobia,GBIF
Tiaris olivaceus,eBird
Tigrisoma mexicanum,eBird
Timandra amaturaria,GBIF
Timochares ruptifasciata,GBIF
Tinacrucis noroesta,GBIF
Tinagma californicum,GBIF
Tinagma gigantea,GBIF
Tinagma pulverilinea,GBIF
Tinea apicimaculella,GBIF
Tinea carnariella,GBIF
Tinea croceoverticella,GBIF
Tinea irrepta,GBIF
Tinea mandarinella,GBIF
Tinea niveocapitella,GBIF
Tinea occidentella,GBIF
Tinea pallescentella,GBIF
Tinea pellionella,GBIF
Tinea unomaculella,GBIF
Tinea xanthostictella,GBIF
Tineola bisselliella,GBIF
Tiquadra inscitella,GBIF
Tirista argentifrons,GBIF
Tirista praxila,GBIF
Tirumala petiverana,GBIF
Tischeria ambigua,GBIF
Tischeria ceanothi,GBIF
Tityra semifasciata,eBird
Tmolus echion,GBIF
Tockus erythrorhynchus,eBird
Tockus kempi,eBird
Tolype austella,GBIF
Tolype dayi,GBIF
Tolype distincta,GBIF
Tolype glenwoodi,GBIF
Tolype lowriei,GBIF
Tolype mayelisae,GBIF
Tolype minta,GBIF
Tolype nigricaria,GBIF
Tolype notialis,GBIF
Toripalpus breviornatalis,GBIF
Toripalpus trabalis,GBIF
Tornos abjectarius,GBIF
Tornos benjamini,GBIF
Tornos cinctarius,GBIF
Tornos erectarius,GBIF
Tornos hoffmanni,GBIF
Tornos punctata,GBIF
Tornos scolopacinaria,GBIF
Tortyra slossonia,GBIF
Tosale aucta,GBIF
Tosale oviplagalis,GBIF
Tosca plutonella,GBIF
Townsendiella californica,GBIF
Townsendiella pulchra,GBIF
Townsendiella rufiventris,GBIF
Toxonprucha clientis,GBIF
Toxonprucha crudelis,GBIF
Toxonprucha excavata,GBIF
Toxonprucha killamae,GBIF
Toxonprucha pardalis,GBIF
Toxonprucha psegmapteryx,GBIF
Toxonprucha repentis,GBIF
Toxonprucha strigalis,GBIF
Toxonprucha volucris,GBIF
Toxostoma bendirei,eBird
Toxostoma cinereum,eBird
Toxostoma crissale,eBird
Toxostoma curvirostre,eBird
Toxostoma lecontei,eBird
Toxostoma longirostre,eBird
Toxostoma redivivum,eBird
Trachea delicata,GBIF
Tracheops bolteri,GBIF
Trachusa autumnalis,GBIF
Trachusa bequaerti,GBIF
Trachusa cordaticeps,GBIF
Trachusa crassipes,GBIF
Trachusa dorsalis,GBIF
Trachusa fontemvitae,GBIF
Trachusa interdisciplinaris,GBIF
Trachusa larreae,GBIF
Trachusa manni,GBIF
Trachusa occidentalis,GBIF
Trachusa perdita,GBIF
Trachusa ridingsii,GBIF
Trachusa timberlakei,GBIF
Trachusa zebrata,GBIF
Trachycera caliginella,GBIF
Trachylepidia fructicassiella,GBIF
Trichocerapoda comstocki,GBIF
Trichocerapoda oblita,GBIF
Trichocerapoda oceanis,GBIF
Trichocerapoda strigata,GBIF
Trichocosmia inornata,GBIF
Trichodezia californiata,GBIF
Trichofeltia circumdata,GBIF
Trichoglossus borneus,eBird
Trichoglossus moluccanus,eBird
Tricholita baranca,GBIF
Tricholita bisulca,GBIF
Tricholita chipeta,GBIF
Tricholita elsinora,GBIF
Tricholita ferrisi,GBIF
Tricholita fistula,GBIF
Tricholita knudsoni,GBIF
Tricholita palmillo,GBIF
Trichophaga tapetzella,GBIF
Trichopolia dentatella,GBIF
Trichopolia suspicionis,GBIF
Trichopteryx veritata,GBIF
Trichoptilus pygmaeus,GBIF
Trichordestra beanii,GBIF
Trichordestra dodii,GBIF
Trichordestra liquida,GBIF
Trichordestra prodeniformis,GBIF
Triclonella antidectis,GBIF
Triclonella bicoloripennis,GBIF
Triclonella determinatella,GBIF
Triclonella xuthocelis,GBIF
Tridentaforma fuscoleuca,GBIF
Tridepia nova,GBIF
Triepeolus argus,GBIF
Triepeolus argyreus,GBIF
Triepeolus atripes,GBIF
Triepeolus balteatus,GBIF
Triepeolus bimorulus,GBIF
Triepeolus californicus,GBIF
Triepeolus circumculus,GBIF
Triepeolus concavus,GBIF
Triepeolus cressonii,GBIF
Triepeolus dacotensis,GBIF
Triepeolus denverensis,GBIF
Triepeolus diffusus,GBIF
Triepeolus distinctus,GBIF
Triepeolus diversipes,GBIF
Triepeolus donatus,GBIF
Triepeolus edwardi,GBIF
Triepeolus eldoradensis,GBIF
Triepeolus eliseae,GBIF
Triepeolus flavipennis,GBIF
Triepeolus georgicus,GBIF
Triepeolus grandis,GBIF
Triepeolus grindeliae,GBIF
Triepeolus helianthi,GBIF
Triepeolus intrepidus,GBIF
Triepeolus isohedrus,GBIF
Triepeolus kathrynae,GBIF
Triepeolus laticaudus,GBIF
Triepeolus lectiformis,GBIF
Triepeolus loomisorum,GBIF
Triepeolus lunatus,GBIF
Triepeolus martini,GBIF
Triepeolus matildae,GBIF
Triepeolus melanarius,GBIF
Triepeolus mexicanus,GBIF
Triepeolus michiganensis,GBIF
Triepeolus micropygius,GBIF
Triepeolus monardae,GBIF
Triepeolus nevadensis,GBIF
Triepeolus norae,GBIF
Triepeolus obliteratus,GBIF
Triepeolus occidentalis,GBIF
Triepeolus paenepectoralis,GBIF
Triepeolus partitus,GBIF
Triepeolus parvus,GBIF
Triepeolus pectoralis,GBIF
Triepeolus penicilliferus,GBIF
Triepeolus quadrifasciatus,GBIF
Triepeolus remigatus,GBIF
Triepeolus rhododontus,GBIF
Triepeolus robustus,GBIF
Triepeolus rohweri,GBIF
Triepeolus rufithorax,GBIF
Triepeolus rufoclypeus,GBIF
Triepeolus sarothrinus,GBIF
Triepeolus saturninus,GBIF
Triepeolus segregatus,GBIF
Triepeolus simplex,GBIF
Triepeolus subalpinus,GBIF
Triepeolus subnitens,GBIF
Triepeolus tanneri,GBIF
Triepeolus texanus,GBIF
Triepeolus timberlakei,GBIF
Triepeolus utahensis,GBIF
Triepeolus verbesinae,GBIF
Trigrammia quadrinotaria,GBIF
Tringa brevipes,eBird
Tringa erythropus,eBird
Tringa flavipes,eBird
Tringa glareola,eBird
Tringa incana,eBird
Tringa melanoleuca,eBird
Tringa nebularia,eBird
Tringa ochropus,eBird
Tringa semipalmata,eBird
Tringa solitaria,eBird
Tringa stagnatilis,eBird
Tringa totanus,eBird
Triocnemis saporis,GBIF
Triopasites penniger,GBIF
Triozosneura dorsonotata,GBIF
Triphosa bipectinata,GBIF
Triphosa californiata,GBIF
Triprocris lustrans,GBIF
Triprocris smithsonianus,GBIF
Triprocris yampai,GBIF
Tripudia balteata,GBIF
Tripudia calusa,GBIF
Tripudia chihuahua,GBIF
Tripudia damozela,GBIF
Tripudia dimidata,GBIF
Tripudia flavofasciata,GBIF
Tripudia goyanensis,GBIF
Tripudia lamina,GBIF
Tripudia limbatus,GBIF
Tripudia luda,GBIF
Tripudia luxuriosa,GBIF
Tripudia munna,GBIF
Tripudia paraplesia,GBIF
Tripudia quadrifera,GBIF
Tripudia rectangula,GBIF
Tripudia versutus,GBIF
Trischistognatha pyrenealis,GBIF
Trissodoris honorariella,GBIF
Tristyla alboplagiata,GBIF
Triuncidia eupalusalis,GBIF
Trocodima fuscipes,GBIF
Troglodytes aedon,eBird
Troglodytes hiemalis,eBird
Troglodytes pacificus,eBird
Trogon ambiguus,eBird
Trosia obsolescens,GBIF
Trotorhombia metachromata,GBIF
Trudestra hadeniformis,GBIF
Truncaptera inopinata,GBIF
Tsinilla lineana,GBIF
Turdus assimilis,eBird
Turdus eunomus,eBird
Turdus grayi,eBird
Turdus iliacus,eBird
Turdus merula,eBird
Turdus naumanni,eBird
Turdus obscurus,eBird
Turdus philomelos,eBird
Turdus pilaris,eBird
Turdus plumbeus,eBird
Turdus rufopalliatus,eBird
Turesis lucas,GBIF
Tympanuchus cupido,eBird
Tympanuchus pallidicinctus,eBird
Tympanuchus phasianellus,eBird
Typhedanus undulatus,GBIF
Tyrannus caudifasciatus,eBird
Tyrannus couchii,eBird
Tyrannus crassirostris,eBird
Tyrannus dominicensis,eBird
Tyrannus forficatus,eBird
Tyrannus melancholicus,eBird
Tyrannus savana,eBird
Tyrannus verticalis,eBird
Tyrannus vociferans,eBird
Tyria jacobaeae,GBIF
Tyrissa multilinea,GBIF
Tyta luctuosa,GBIF
Tyto furcata,eBird
Udara blackburni,GBIF
Udea abstrusa,GBIF
Udea brevipalpis,GBIF
Udea calliastra,GBIF
Udea caminopis,GBIF
Udea dracontias,GBIF
Udea endopyra,GBIF
Udea heterodoxa,GBIF
Udea inquinatalis,GBIF
Udea itysalis,GBIF
Udea liopis,GBIF
Udea nigrescens,GBIF
Udea octosignalis,GBIF
Udea ommatias,GBIF
Udea platyleuca,GBIF
Udea profundalis,GBIF
Udea radiosalis,GBIF
Udea stellata,GBIF
Udea turmalis,GBIF
Udea vacunalis,GBIF
Udea washingtonalis,GBIF
Ufa lithosella,GBIF
Ufa rubedinella,GBIF
Ufa senta,GBIF
Ufeus faunus,GBIF
Ufeus felsensteini,GBIF
Ufeus hulsti,GBIF
Ulolonche consopita,GBIF
Ulolonche dilecta,GBIF
Ulolonche disticha,GBIF
Ulolonche fasciata,GBIF
Ulolonche modesta,GBIF
Ulolonche niveiguttata,GBIF
Ulolonche orbiculata,GBIF
Ulophora groteii,GBIF
Ulosyneda valens,GBIF
Unadilla erronella,GBIF
Unadilla maturella,GBIF
Unciella flagrantis,GBIF
Unciella primula,GBIF
Undulambia polystichalis,GBIF
Undulambia rarissima,GBIF
Undulambia striatalis,GBIF
Untomia albistrigella,GBIF
Upupa epops,eBird
Uraeginthus angolensis,eBird
Uraeginthus bengalus,eBird
Uraeginthus cyanocephalus,eBird
Urania fulgens,GBIF
Uranophora leucotela,GBIF
Urbanus dorantes,GBIF
Urbanus doryssus,GBIF
Urbanus esmeraldus,GBIF
Urbanus evona,GBIF
Urbanus procne,GBIF
Urbanus tanna,GBIF
Urbanus teleus,GBIF
Urbanus viterboana,GBIF
Uresiphita polygonalis,GBIF
Uria aalge,eBird
Uria lomvia,eBird
Urile pelagicus,eBird
Urile penicillatus,eBird
Urile urile,eBird
Urocissa erythroryncha,eBird
Urolestes melanoleucus,eBird
Ursia noctuiformis,GBIF
Usingeriessa brunnildalis,GBIF
Usingeriessa onyxalis,GBIF
Vacciniina optilete,GBIF
Vanellus chilensis,eBird
Vanellus vanellus,eBird
Vanessa annabella,GBIF
Vanessa atalanta,GBIF
Vanessa tameamea,GBIF
Varneria atrifasciella,GBIF
Varneria postremella,GBIF
Vaxi critica,GBIF
Venusia duodecemlineata,GBIF
Venusia obsoleta,GBIF
Venusia pearsalli,GBIF
Vermivora bachmanii,eBird
Vermivora chrysoptera,eBird
Vermivora cyanoptera,eBird
Vernia verna,GBIF
Vespina quercivora,GBIF
Vettius fantasos,GBIF
Vidius perigenes,GBIF
Vidua chalybeata,eBird
Vidua macroura,eBird
Vidua obtusa,eBird
Vidua paradisaea,eBird
Vidua togoensis,eBird
Vinemina catalina,GBIF
Vinemina opacaria,GBIF
Virbia aurantiaca,GBIF
Virbia costata,GBIF
Virbia fergusoni,GBIF
Virbia ferruginosa,GBIF
Virbia fragilis,GBIF
Virbia immaculata,GBIF
Virbia laeta,GBIF
Virbia lamae,GBIF
Virbia opella,GBIF
Virbia ostenta,GBIF
Virbia rindgei,GBIF
Virbia rubicundaria,GBIF
Vireo altiloquus,eBird
Vireo atricapilla,eBird
Vireo bellii,eBird
Vireo cassinii,eBird
Vireo crassirostris,eBird
Vireo flavifrons,eBird
Vireo flavoviridis,eBird
Vireo gilvus,eBird
Vireo griseus,eBird
Vireo gundlachii,eBird
Vireo huttoni,eBird
Vireo magister,eBird
Vireo philadelphicus,eBird
Vireo plumbeus,eBird
Vireo swainsoni,eBird
Vireo vicinior,eBird
Viridemas galena,GBIF
Vitacea admirandus,GBIF
Vitacea cupressi,GBIF
Vitacea polistiformis,GBIF
Vitula aegerella,GBIF
Vitula broweri,GBIF
Vitula coconinoana,GBIF
Vitula edmandsii,GBIF
Vitula insula,GBIF
Vitula lugubrella,GBIF
Vitula pinei,GBIF
Vitula serratilineella,GBIF
Volatinia jacarina,eBird
Wakulla carneella,GBIF
Wallengrenia otho,GBIF
Walshia dispar,GBIF
Walshia similis,GBIF
Walterella ocellata,GBIF
Welderella parvella,GBIF
Wockia asperipunctella,GBIF
Xamia xami,GBIF
Xanthocephalus xanthocephalus,eBird
Xanthopastis regnatrix,GBIF
Xanthophysa psychialis,GBIF
Xanthophysa psychicalis,GBIF
Xanthorhoe alticola,GBIF
Xanthorhoe alticolata,GBIF
Xanthorhoe btsp,GBIF
Xanthorhoe collumelloides,GBIF
Xanthorhoe decoloraria,GBIF
Xanthorhoe defensaria,GBIF
Xanthorhoe dentilinea,GBIF
Xanthorhoe fossaria,GBIF
Xanthorhoe iduata,GBIF
Xanthorhoe incursata,GBIF
Xanthorhoe labradorensis,GBIF
Xanthorhoe lagganata,GBIF
Xanthorhoe macdunnoughi,GBIF
Xanthorhoe mirabilata,GBIF
Xanthorhoe offensaria,GBIF
Xanthorhoe packardata,GBIF
Xanthorhoe pontiaria,GBIF
Xanthorhoe ramaria,GBIF
Xanthostege plana,GBIF
Xanthostege roseiterminalis,GBIF
Xanthothrix neumoegeni,GBIF
Xanthothrix ranunculi,GBIF
Xanthotype attenuaria,GBIF
Xanthotype barnesi,GBIF
Xanthotype rufaria,GBIF
Xantippe beatifica,GBIF
Xema sabini,eBird
Xenoglossa angustior,GBIF
Xenoglossa kansensis,GBIF
Xenoglossa patricia,GBIF
Xenolechia ceanothiae,GBIF
Xenolechia ceanothiella,GBIF
Xenolechia ontariensis,GBIF
Xenolechia querciphaga,GBIF
Xenolechia taphiopis,GBIF
Xenolechia velatella,GBIF
Xenophanes tryxus,GBIF
Xenosoma flaviceps,GBIF
Xenus cinereus,eBird
Xeralictus bicuspidariae,GBIF
Xeralictus timberlakei,GBIF
Xerochlora inveterascaria,GBIF
Xerochlora martinaria,GBIF
Xerochlora masonaria,GBIF
Xerochlora mesotheides,GBIF
Xerochlora viridipallens,GBIF
Xerociris wilsonii,GBIF
Xeroheriades micheneri,GBIF
Xeromelecta californica,GBIF
Xeromelecta interrupta,GBIF
Xeromelecta larreae,GBIF
Xestia alaskae,GBIF
Xestia albuncula,GBIF
Xestia bolteri,GBIF
Xestia bryanti,GBIF
Xestia cinerascens,GBIF
Xestia colorado,GBIF
Xestia conchis,GBIF
Xestia elimita,GBIF
Xestia fabulosa,GBIF
Xestia finatimis,GBIF
Xestia homogena,GBIF
Xestia imperita,GBIF
Xestia infimatis,GBIF
Xestia lupa,GBIF
Xestia lyngei,GBIF
Xestia mixta,GBIF
Xestia mustelina,GBIF
Xestia normaniana,GBIF
Xestia plebeia,GBIF
Xestia rhaetica,GBIF
Xestia scropulana,GBIF
Xestia tecta,GBIF
Xestia vernilis,GBIF
Xestia xanthographa,GBIF
Xubida linearellus,GBIF
Xubida panalope,GBIF
Xubida punctilineella,GBIF
Xubida relovae,GBIF
Xylena brucei,GBIF
Xylena cineritia,GBIF
Xylena germana,GBIF
Xylesthia albicans,GBIF
Xylocopa,GBIF
Xylocopa californica,GBIF
Xylocopa fimbriata,GBIF
Xylocopa griswoldi,GBIF
Xylocopa loripes,GBIF
Xylocopa mexicanorum,GBIF
Xylocopa micans,GBIF
Xylocopa micheneri,GBIF
Xylocopa sonorina,GBIF
Xylocopa strandi,GBIF
Xylocopa tabaniformis,GBIF
Xylocopa varipuncta,GBIF
Xylomoia chagnoni,GBIF
Xylomoia indirecta,GBIF
Xylophanes falco,GBIF
Xylophanes libya,GBIF
Xylophanes pluto,GBIF
Xystrologa acantha,GBIF
Xystrologa grenadella,GBIF
Xystrologa wielgusi,GBIF
Ymeldia janae,GBIF
Yosemitia graciella,GBIF
Yponomeuta cagnagellus,GBIF
Ypsolopha arizonella,GBIF
Ypsolopha barberella,GBIF
Ypsolopha canariella,GBIF
Ypsolopha cervella,GBIF
Ypsolopha cockerella,GBIF
Ypsolopha delicatella,GBIF
Ypsolopha dentella,GBIF
Ypsolopha dorsimaculella,GBIF
Ypsolopha flavistrigella,GBIF
Ypsolopha gerdanella,GBIF
Ypsolopha querciella,GBIF
Ypsolopha rubrella,GBIF
Ypsolopha schwarziella,GBIF
Ypsolopha senex,GBIF
Ypsolopha striatella,GBIF
Ypsolopha undulatella,GBIF
Ypsolopha unicipunctella,GBIF
Ypsolopha vintrella,GBIF
Ypsolopha walsinghamiella,GBIF
Ypsolophus ustella,GBIF
Ypthima doleta,GBIF
Yvretta carus,GBIF
Yvretta rhesus,GBIF
Zaboba mitchelli,GBIF
Zacosmia maculata,GBIF
Zale buchholzi,GBIF
Zale chisosensis,GBIF
Zale clandestina,GBIF
Zale colorado,GBIF
Zale coracias,GBIF
Zale declarans,GBIF
Zale edusina,GBIF
Zale exhausta,GBIF
Zale fictilis,GBIF
Zale insuda,GBIF
Zale intenta,GBIF
Zale lafontainei,GBIF
Zale obsita,GBIF
Zale perculta,GBIF
Zale peruncta,GBIF
Zale rubi,GBIF
Zale rubiata,GBIF
Zale sabena,GBIF
Zale smithi,GBIF
Zale squamularis,GBIF
Zale strigimacula,GBIF
Zale termina,GBIF
Zale unilineata,GBIF
Zale vargoi,GBIF
Zaleops umbrina,GBIF
Zamagiria australella,GBIF
Zamagiria laidion,GBIF
Zanclognatha atrilineella,GBIF
Zanclognatha dentata,GBIF
Zanclognatha lituralis,GBIF
Zanclognatha lutalba,GBIF
Zanclognatha marcidilinea,GBIF
Zanclognatha martha,GBIF
Zanclognatha obscuripennis,GBIF
Zanclognatha ochreipennis,GBIF
Zanclognatha pedipilalis,GBIF
Zanclognatha theralis,GBIF
Zapornia pusilla,eBird
Zeiraphera claypoleana,GBIF
Zeiraphera hesperiana,GBIF
Zelicodes linearis,GBIF
Zelleria arizonica,GBIF
Zelleria pyri,GBIF
Zelleria retiniella,GBIF
Zelleria semitincta,GBIF
Zenaida asiatica,eBird
Zenaida aurita,eBird
Zenodoxus canescens,GBIF
Zenodoxus heucherae,GBIF
Zenodoxus maculipes,GBIF
Zenodoxus mexicanus,GBIF
Zenodoxus palmii,GBIF
Zenodoxus rubens,GBIF
Zenodoxus sidalceae,GBIF
Zenophleps alpinata,GBIF
Zenophleps obscurata,GBIF
Zenophleps pallescens,GBIF
Zerene eurydice,GBIF
Zestusa dorus,GBIF
Zeuzera masoni,GBIF
Ziegleria guzanta,GBIF
Ziegleria hesperitis,GBIF
Ziegleria syllis,GBIF
Zikanapis elegans,GBIF
Zimmermannia bosquella,GBIF
Zimmermannia grandisella,GBIF
Zimmermannia mesoloba,GBIF
Zimmermannia obrutella,GBIF
Zizina otis,GBIF
Zomaria andromedana,GBIF
Zomaria rosaochreana,GBIF
Zonotrichia atricapilla,eBird
Zonotrichia capensis,eBird
Zonotrichia leucophrys,eBird
Zonotrichia querula,eBird
Zophodia convolutella,GBIF
Zophodia dentata,GBIF
Zosteropoda clementei,GBIF
Zosteropoda hirtipes,GBIF
Zosterops japonicus,eBird
Zosterops palpebrosus,eBird
Zosterops simplex,eBird
Zotheca tranquilla,GBIF
